CASEID,PSU,CASENO,CASENUMBER,CATEGORY,VEHNO,VIN,VINLENGTH,MAKE,MODEL,MODELYR,BODYTYPE,BODYCAT,VEHCLASS,SPECUSE,TRANSTAT,DAMPLANE,DAMSEV,CURBWT,CURBSRC,CARGOWT,CARGOSRC,INSPTYPE,INSPLAG,TOWED,SPEEDLIMIT,DRPRESENT,PARALCOHOL,ALCTEST,ALCTESTRESULT,ALCTESTSRC,PARDRUG,DRUGTEST,ZIP,RACE,ETHNICITY,RELTOJUNCT,TRAFFLOW,RDLANES,INITLANE,SURFTYPE,SURFCOND,ALIGNMENT,PROFILE,LINERIGHT,LINELEFT,RUMBINIT,RUMBROAD,LIGHTCOND,WEATHER,TRAFDEV,TRAFFUNCT,DISTRACT,PREFHE,PREMOVE,CRITCAT,CRITEVENT,MANEUVER,PRESTAB,PRELOC,CRASHCAT,CRASHCONF,CRASHTYPE,ROLLTYPE,ROLLTURN,ROLLINTRPT,ROLLPREMAN,ROLLINITYP,ROLLINLOC,ROLLOBJ,ROLLTRIP,ROLLDIR,ROLLDIST,DVANGTHIS,DVANGOTH,TOWHITCH,TRAJDOC,TREEPOLE,DVEVENT,DVBASIS,DVTOTAL,DVLONG,DVLAT,DVENERGY,DVSPEED,DVMOMENT,DVBES,DVEST,DVCONF,VAIS,VISS,VINJURED,VTREAT,INITOBJCLASS,HEADANGLECAT,SHLDRWIDTH,STRKLENGTH,STRKWIDTH,STRKHEIGHT,EDGEDISTX,EDGEDISTY,EDGEDISTZ,CASEWGT,PSUSTRAT,VERSION
16047,19,2,1-19-2020-002-05,5,2,1FUJGLDR6JLJ,17,82,881,2018,66,8,68,0,1,L,9,,,,,,,2,105,1,0,0,995,0,0,0,30253,9,9,0,1,2,1,2,1,1,1,1,3,2,3,1,1,0,0,1,0,1,4,62,4,1,2,3,I,65,,,,,,,,,,,,,,,,,,,,,,,,,,,95,95,95,95,,,9.8,998,998,998,99.8,99.8,99.8,63.4268226368887,9,5
16047,19,2,1-19-2020-002-05,5,3,4T1B11HK7KU1,17,49,40,2019,4,1,4,0,1,R,9,1495,5,9999,9,0,998,5,105,1,0,0,995,0,0,0,35907,9,9,0,1,2,2,2,1,1,1,3,2,1,3,1,1,0,0,9,0,1,8,98,99,1,1,6,M,98,0,0,0,0,0,0,0,0,0,0,998,998,0,0,0,2,0,999,999,999,9999999,999,999,999,9,0,95,95,95,95,0,998,9.8,998,998,998,99.8,99.8,99.8,63.4268226368887,9,5
16048,19,3,1-19-2020-003-08,8,1,3VWSE69M75M0,17,30,40,2005,4,1,1,0,1,F,3,1442,5,0,1,1,12,2,40,1,9,0,995,0,9,0,35961,9,9,0,4,2,1,2,2,2,1,0,2,0,0,2,8,0,0,9,1,14,2,12,99,1,4,1,B,6,0,0,0,0,0,0,0,0,0,0,998,998,0,1,0,1,1,61,-61,0,237792,998,0,61,0,1,2,5,0,3,0,998,0.0,120,120,120,52.7,7.5,51.0,394.310796222892,9,5
16052,26,3,1-26-2020-003-09,9,1,1N4AL11D96N3,17,35,47,2006,4,1,4,0,1,F,2,1378,5,0,1,1,8,2,105,1,0,1,0,2,0,0,95842,2,2,0,2,4,3,2,1,3,1,3,3,0,0,1,1,0,0,1,1,6,1,6,3,2,4,1,B,7,0,0,0,0,0,0,0,0,0,0,998,998,0,0,0,2,1,34,-32,12,73774,998,37,34,0,1,1,3,0,4,0,998,2.7,999,999,999,99.9,2.7,99.9,2062.72047005187,10,5
16054,31,1,1-31-2020-001-04,4,1,1N4AL3AP1HN3,17,35,47,2017,4,1,4,0,1,F,2,1453,5,0,1,5,10,2,56,1,0,0,995,0,0,0,62837,9,9,2,4,2,1,2,1,1,1,0,4,0,0,1,1,0,0,3,0,1,3,50,99,1,1,2,D,20,0,0,0,0,0,0,0,0,0,0,270,270,0,0,0,1,12,999,999,999,9999999,999,999,999,7,0,0,0,0,0,0,995,9.8,998,998,998,99.8,99.8,99.8,9939.54630849305,6,5
16054,31,1,1-31-2020-001-04,4,2,2GNALAEK8F11,17,20,404,2015,14,3,14,0,1,B,2,1706,5,0,1,5,10,2,56,1,0,0,995,0,0,0,62821,9,9,2,4,2,1,2,1,1,1,0,4,0,0,1,1,0,0,9,0,5,3,53,99,1,1,2,D,22,0,0,0,0,0,0,0,0,0,0,270,270,0,0,0,1,12,999,999,999,9999999,999,999,999,7,0,2,4,0,4,0,995,9.8,998,998,998,99.8,99.8,99.8,9939.54630849305,6,5
16055,29,2,1-29-2020-002-04,4,1,58ABK1GG2HU0,17,59,31,2017,4,1,4,0,1,F,9,1610,5,0,2,0,998,2,105,1,0,0,995,0,0,0,02914,3,2,0,2,3,3,2,3,1,9,3,2,0,2,2,4,0,0,1,1,1,1,6,4,4,4,1,B,7,0,0,0,0,0,0,0,0,0,0,998,998,0,0,0,1,0,999,999,999,9999999,999,999,999,9,0,1,1,0,0,0,998,9.9,999,999,999,99.9,99.9,99.9,524.679008520761,2,5
16056,29,3,1-29-2020-003-04,4,1,2HNYD2H23DH5,17,54,421,2013,15,3,15,0,1,F,1,2076,5,0,1,1,27,2,32,1,8,0,995,0,7,0,02747,3,2,2,4,2,1,2,1,1,1,0,2,0,0,1,1,4,2,2,0,11,2,15,4,1,1,4,J,68,0,0,0,0,0,0,0,0,0,0,30,210,0,0,0,1,3,14,-14,2,19755,998,-28,15,0,4,0,0,0,4,0,995,9.8,998,998,998,99.8,99.8,99.8,524.679008617509,2,5
16056,29,3,1-29-2020-003-04,4,2,NMTKHMBX8KR0,17,49,405,2019,14,3,14,0,1,F,1,1497,5,0,1,1,8,2,32,1,8,0,995,0,7,0,02747,1,1,2,4,2,1,2,1,1,1,0,2,0,0,1,1,4,2,1,0,1,4,62,4,1,1,4,J,69,0,0,0,0,0,0,0,0,0,0,210,30,0,0,0,1,3,18,-18,3,19955,998,35,17,0,4,0,0,0,6,0,995,9.8,998,998,998,99.8,99.8,99.8,524.679008617509,2,5
16057,29,4,1-29-2020-004-05,5,1,1FTFW1EF5BFC,17,12,481,2011,34,5,31,0,1,F,2,2658,5,0,2,1,5,2,56,1,8,0,995,0,7,0,02740,1,2,0,4,2,1,2,1,2,1,0,2,0,0,3,8,0,0,9,1,14,2,13,1,1,4,1,A,1,0,0,0,0,0,0,0,0,0,0,998,998,0,1,7,1,10,999,999,999,9999999,999,999,999,7,0,2,5,0,4,0,998,0.0,999,999,999,7.3,1.0,7.4,18.5076989386944,2,5
16059,10,2,1-10-2020-002-03,3,1,1G4HD57247U1,17,18,23,2007,4,1,5,0,1,B,1,1810,5,0,1,1,13,2,56,1,0,0,995,0,0,0,45410,9,9,0,4,5,2,2,2,1,1,3,2,0,0,1,2,0,0,1,1,1,2,10,2,4,2,3,G,50,0,0,0,0,0,0,0,0,0,0,0,0,0,0,0,2,1,23,23,-4,58958,998,92,24,0,4,0,0,0,0,0,995,9.8,998,998,998,99.8,99.8,99.8,502.963479097298,4,5
16059,10,2,1-10-2020-002-03,3,2,KNAFE1211855,17,63,33,2008,4,1,2,0,1,F,9,1225,5,9999,9,0,998,2,56,1,0,0,995,0,0,0,45401,9,9,0,4,5,2,2,2,1,1,1,2,0,0,1,2,0,0,1,0,1,4,62,99,9,3,3,G,51,0,0,0,0,0,0,0,0,0,0,0,195,9,0,0,1,0,999,999,999,9999999,999,999,999,9,0,0,0,0,0,0,995,9.8,998,998,998,99.8,99.8,99.8,502.963479097298,4,5
16059,10,2,1-10-2020-002-03,3,3,1FMCU0G90HUC,17,12,402,2017,14,3,14,0,1,F,2,1611,5,0,1,1,12,2,56,1,0,1,0,2,0,0,45424,9,9,0,4,5,2,2,2,1,1,1,2,0,0,1,2,0,0,1,0,1,4,62,4,1,3,6,M,98,0,0,0,0,0,0,0,0,0,0,0,0,0,0,0,2,1,26,-25,4,40139,998,35,24,0,4,1,1,0,4,0,995,9.8,998,998,998,99.8,99.8,99.8,502.963479097298,4,5
16060,28,2,1-28-2020-002-10,10,1,1FTCR11U7VTA,17,12,471,1997,34,5,30,0,1,F,2,1510,5,0,1,1,4,2,89,1,0,0,995,0,0,0,15834,9,9,0,4,2,1,2,5,1,1,1,2,0,0,4,2,0,0,9,1,1,1,5,99,2,4,1,A,2,0,0,0,0,0,0,0,0,0,0,998,998,0,0,1,3,11,999,999,999,9999999,999,999,999,7,0,0,0,0,0,0,998,1.5,120,42,70,0.0,0.0,0.0,69.7305941082568,3,5
16061,15,1,1-15-2020-001-04,4,1,5XXGT4L32JG2,17,63,34,2018,4,1,4,0,1,F,2,1463,5,0,1,1,12,2,48,1,8,9,998,8,7,9,11501,9,9,2,4,4,1,2,2,1,1,1,3,0,0,1,2,0,0,9,0,1,3,52,99,1,1,2,D,28,0,0,0,0,0,0,0,0,0,0,305,305,0,0,0,1,3,25,-25,0,30338,998,0,23,0,4,0,0,0,0,0,995,9.8,998,998,998,99.8,99.8,99.8,90.4349871217542,1,5
16061,15,1,1-15-2020-001-04,4,2,WBAJA7C32HG9,17,34,35,2017,4,1,5,0,1,B,1,1670,5,9999,9,0,998,5,48,1,8,9,998,8,7,9,11357,9,9,2,4,4,1,2,2,1,1,1,3,0,0,1,2,0,0,9,0,2,3,53,99,1,1,2,D,29,0,0,0,0,0,0,0,0,0,0,305,305,0,0,0,1,3,23,23,0,42409,998,0,26,0,4,95,95,95,95,0,995,9.8,998,998,998,99.8,99.8,99.8,90.4349871217542,1,5
16065,25,1,1-25-2020-001-07,7,1,5TEWN72NX2Z0,17,49,472,2002,34,5,30,0,1,F,1,1594,5,0,1,5,2,2,64,1,8,0,995,0,7,0,04106,9,9,2,1,2,2,2,5,2,1,3,2,0,0,3,99,0,0,9,1,14,1,6,99,4,4,1,B,7,0,0,0,0,0,0,0,0,0,0,330,170,0,0,0,2,3,11,-10,6,5959,998,113,8,0,4,0,0,0,5,0,995,0.0,14,14,91,3.2,3.7,4.9,2264.06567324114,2,5
16065,25,1,1-25-2020-001-07,7,2,JA4AR4AU0CZ0,17,52,47,2012,6,1,3,0,1,L,1,1600,5,0,1,1,9,2,64,1,8,0,995,0,7,0,04106,9,9,0,1,2,2,2,5,1,1,3,2,0,0,3,99,0,0,1,0,1,4,62,99,1,1,6,M,98,0,0,0,0,0,0,0,0,0,0,170,330,0,0,0,2,3,11,-7,8,14093,998,18,15,0,4,0,0,0,0,0,995,9.8,998,998,998,99.8,99.8,99.8,2264.06567324114,2,5
16065,25,1,1-25-2020-001-07,7,3,5TFUX4EN6FX0,17,49,472,2015,34,5,30,0,1,L,9,1814,5,9999,9,0,998,5,64,1,8,0,995,0,7,0,04107,9,9,0,1,2,1,2,5,1,1,1,3,0,0,3,99,0,0,1,0,1,4,60,99,1,1,6,M,98,0,0,0,0,0,0,0,0,0,0,175,175,0,0,0,3,0,999,999,999,9999999,999,999,999,9,0,95,95,95,95,0,995,9.8,998,998,998,99.8,99.8,99.8,2264.06567324114,2,5
16065,25,1,1-25-2020-001-07,7,4,4T1BE32K03U6,17,49,40,2003,4,1,3,0,1,L,9,1435,5,9999,9,0,998,5,64,1,8,0,995,0,7,0,04074,9,9,0,1,2,1,2,5,1,1,1,3,0,0,3,99,0,0,1,0,1,4,60,99,1,1,6,M,98,0,0,0,0,0,0,0,0,0,0,175,175,0,0,0,4,0,999,999,999,9999999,999,999,999,9,0,95,95,95,95,0,995,9.8,998,998,998,99.8,99.8,99.8,2264.06567324114,2,5
16067,30,1,1-30-2020-001-03,3,1,KNDJP3A56G73,17,63,37,2016,6,1,2,0,1,F,1,1492,5,0,1,1,30,2,72,1,0,0,995,0,0,0,85022,9,9,0,1,3,3,2,1,1,1,3,0,0,0,3,1,0,0,1,0,1,3,52,2,1,1,2,D,28,0,0,0,0,0,0,0,0,0,0,135,135,0,0,0,1,5,999,999,999,9999999,999,999,999,2,0,1,1,0,4,0,995,9.8,998,998,998,99.8,99.8,99.8,353.977100385149,10,5
16067,30,1,1-30-2020-001-03,3,2,3GYFNBE3XGS5,17,19,20,2016,6,1,4,0,1,B,9,1940,5,9999,9,0,998,5,72,1,0,0,995,0,0,0,85307,9,9,0,1,3,3,2,1,1,1,3,0,0,0,3,1,0,0,1,0,2,3,53,1,1,1,2,D,29,0,0,0,0,0,0,0,0,0,0,135,135,0,0,0,1,0,999,999,999,9999999,999,999,999,9,0,95,95,95,95,0,995,9.8,998,998,998,99.8,99.8,99.8,353.977100385149,10,5
16068,22,2,1-22-2020-002-06,6,1,2HGFC4B08GH3,17,37,31,2016,2,1,3,0,1,F,1,1256,5,9999,9,0,998,5,56,1,8,0,995,0,0,0,83501,9,9,2,4,2,1,2,1,1,1,0,0,0,0,1,8,0,0,2,0,11,2,15,99,1,1,4,K,82,0,0,0,0,0,0,0,0,0,0,100,255,0,0,0,1,3,15,-14,5,12271,998,66,14,0,4,95,95,95,95,0,995,9.8,998,998,998,99.8,99.8,99.8,113.091614665227,12,5
16068,22,2,1-22-2020-002-06,6,2,1G6AX5S3XE01,17,19,18,2014,4,1,5,0,1,F,1,1795,5,0,1,1,15,2,40,1,8,0,995,0,7,0,83501,1,2,2,4,2,1,2,1,1,1,0,0,0,0,1,8,2,2,1,0,2,4,67,1,1,1,4,K,83,0,0,0,0,0,0,0,0,0,0,255,100,0,0,0,1,3,10,-10,0,9856,998,-47,11,0,4,0,0,0,6,0,995,9.8,998,998,998,99.8,99.8,99.8,113.091614665227,12,5
16069,22,3,1-22-2020-003-06,6,1,1FMZU63E02UA,17,12,401,2002,14,3,14,0,1,R,2,1970,5,0,1,1,11,2,97,1,0,1,0,2,0,0,99163,9,9,0,4,2,1,2,5,2,4,1,4,1,0,2,8,0,0,9,1,14,1,6,99,4,2,3,I,64,1,1,2,2,1,2,61,1,1,5,290,180,0,0,0,1,1,38,-24,-29,113235,998,-30,36,0,4,3,27,1,3,3,995,9.8,998,998,998,99.8,99.8,99.8,113.091614705108,12,5
16069,22,3,1-22-2020-003-06,6,2,JTMBFREVXFD1,17,49,402,2015,14,3,14,0,1,F,3,1600,5,0,1,1,13,2,97,1,8,0,995,0,0,0,99113,1,2,0,4,2,1,2,5,1,2,1,4,1,0,2,8,0,0,1,0,1,4,62,4,1,1,3,I,65,0,0,0,0,0,0,0,0,0,0,180,290,0,0,0,1,1,42,-39,14,170343,998,63,43,0,4,3,14,1,3,0,995,1.5,100,120,-110,3.0,3.4,4.7,113.091614705108,12,5
16071,33,1,1-33-2020-001-06,6,1,1G1PE5SB4D73,17,20,25,2013,4,1,3,0,1,U,1,1407,5,0,1,1,16,2,89,1,9,0,995,0,9,0,95988,1,2,2,4,2,1,2,1,1,1,1,2,0,0,2,1,2,2,3,0,1,2,14,2,1,4,1,C,14,0,0,0,0,0,0,0,0,0,0,998,998,0,1,0,3,7,999,999,999,9999999,999,999,999,6,0,1,1,0,0,0,998,1.5,999,999,120,3.6,0.0,3.6,81.6297120340833,12,5
16073,15,2,1-15-2020-002-04,4,1,1N6BD0CT5GN9,17,35,472,2016,34,5,30,0,1,F,9,2073,5,0,2,4,11,2,89,1,8,9,998,8,7,9,11377,1,1,0,2,5,3,2,1,3,9,3,3,0,3,3,1,0,0,1,0,14,3,52,1,1,1,2,D,28,0,0,0,0,0,0,0,0,0,0,105,105,0,0,0,1,12,999,999,999,9999999,999,999,999,9,0,0,0,0,0,0,995,9.8,998,998,998,99.8,99.8,99.8,90.4349871295391,1,5
16073,15,2,1-15-2020-002-04,4,2,1C4BJWDG4GL2,17,2,403,2016,14,3,14,0,1,B,9,1717,5,9999,9,0,998,5,89,1,8,9,998,8,7,9,11554,9,9,0,2,5,3,2,1,3,9,3,3,0,3,3,1,0,0,9,0,2,3,53,1,1,1,2,D,29,0,0,0,0,0,0,0,0,0,0,105,105,0,0,0,1,0,999,999,999,9999999,999,999,999,9,0,95,95,95,95,0,995,9.8,998,998,998,99.8,99.8,99.8,90.4349871295391,1,5
16074,76,2,1-76-2020-002-07,7,1,4JGCB2FE3BA1,17,42,50,2011,6,1,5,0,1,F,1,2335,5,0,1,1,25,2,89,1,8,9,998,8,7,9,12414,9,9,0,4,2,1,2,1,2,2,0,0,0,0,2,1,0,0,9,1,14,2,13,99,1,4,1,A,3,0,0,0,0,0,0,0,0,0,0,998,998,0,0,1,1,1,15,-15,0,22954,998,33,15,0,1,0,0,0,0,0,998,0.0,92,92,69,11.3,1.8,11.5,109.702620646299,3,5
16076,21,2,1-21-2020-002-07,7,1,999999999999,99,12,481,9999,34,5,31,0,1,R,9,9999,9,9999,9,0,998,5,113,1,9,0,995,0,9,0,99999,9,9,0,1,2,2,2,1,1,9,3,2,1,3,4,1,0,0,9,1,6,2,11,99,9,2,2,F,46,0,0,0,0,0,0,0,0,0,0,75,75,0,0,0,1,0,999,999,999,9999999,999,999,999,9,0,95,95,95,95,0,995,9.8,998,998,998,99.8,99.8,99.8,610.509608798637,11,5
16076,21,2,1-21-2020-002-07,7,2,2T1BU4EEXCC7,17,49,32,2012,4,1,2,0,1,F,3,1255,5,0,1,1,16,2,113,1,0,0,995,0,0,0,89123,2,9,0,1,2,1,2,1,1,9,1,3,2,3,4,1,0,0,1,0,1,4,60,2,1,1,2,F,45,0,0,0,0,0,0,0,0,0,0,998,998,0,0,0,3,98,999,999,999,9999999,999,999,999,8,0,0,0,0,0,0,998,3.1,999,999,999,45.5,2.6,45.6,610.509608798637,11,5
16077,21,3,1-21-2020-003-03,3,1,KMHDH4AE7CU2,17,55,35,2012,4,1,3,0,1,F,9,1207,5,9999,9,0,998,2,48,1,0,0,995,0,0,0,92331,2,9,2,1,3,2,2,1,1,1,1,1,0,0,1,1,1,2,3,0,1,2,17,1,1,1,5,L,86,0,0,0,0,0,0,0,0,0,0,175,270,0,0,0,1,0,999,999,999,9999999,999,999,999,9,0,0,0,0,0,0,995,9.8,998,998,998,99.8,99.8,99.8,123.853894759668,11,5
16077,21,3,1-21-2020-003-03,3,2,3N1CN7AP1GL8,17,35,50,2016,4,1,2,0,1,R,1,1132,5,0,2,4,23,2,48,1,0,0,995,0,0,0,92401,9,9,2,2,3,2,2,1,1,1,1,1,0,0,1,1,1,2,1,0,1,4,66,2,1,1,5,L,87,0,0,0,0,0,0,0,0,0,0,270,175,0,0,0,1,12,999,999,999,9999999,999,999,999,2,0,1,2,0,6,0,995,9.8,998,998,998,99.8,99.8,99.8,123.853894759668,11,5
16078,13,2,1-13-2020-002-03,3,1,3KPA24AB0KE1,17,63,32,2019,4,1,2,0,1,F,1,1156,5,0,1,1,21,2,72,1,0,0,995,0,0,0,76021,1,2,2,4,5,3,2,1,1,1,1,2,0,0,3,1,1,2,9,0,11,2,15,99,1,1,4,J,68,0,0,0,0,0,0,0,0,0,0,230,90,0,0,0,1,3,24,-21,-12,30033,998,-97,20,0,4,1,1,0,4,0,995,9.8,998,998,998,99.8,99.8,99.8,572.968640577782,7,5
16078,13,2,1-13-2020-002-03,3,2,1NXBR32E46Z6,17,49,32,2006,4,1,2,0,1,F,2,1135,5,0,1,1,25,2,72,1,0,0,995,0,0,0,76021,1,9,2,1,3,2,2,1,1,1,5,5,0,0,3,1,1,2,9,0,1,4,62,99,1,1,4,J,69,0,0,0,0,0,0,0,0,0,0,90,230,0,0,0,1,3,26,-26,5,50594,998,32,32,0,1,99,99,0,99,0,995,9.8,998,998,998,99.8,99.8,99.8,572.968640577782,7,5
16080,20,2,1-20-2020-002-06,6,1,1G1PF5SC4C73,17,20,25,2012,5,1,3,0,1,L,9,1407,5,9999,9,0,998,3,40,1,0,0,995,0,0,0,93944,1,9,2,4,2,1,2,1,1,2,0,0,0,0,1,1,0,0,9,0,8,8,98,1,1,7,2,F,49,0,0,0,0,0,0,0,0,0,0,160,180,0,0,0,1,0,999,999,999,9999999,999,999,999,9,0,0,0,0,0,0,995,9.8,998,998,998,99.8,99.8,99.8,83.5243692232002,11,5
16080,20,2,1-20-2020-002-06,6,2,2T2BK1BA3DC1,17,59,403,2013,14,3,14,0,1,F,2,1970,5,0,1,1,15,2,40,1,0,0,995,0,0,0,93923,1,2,2,4,2,1,2,1,1,2,0,0,0,0,1,1,0,0,1,0,1,4,64,4,1,1,2,F,49,0,0,0,0,0,0,0,0,0,0,190,180,0,0,0,2,12,999,999,999,9999999,999,999,999,7,0,1,1,0,0,0,995,9.8,998,998,998,99.8,99.8,99.8,83.5243692232002,11,5
16080,20,2,1-20-2020-002-06,6,3,1N4BU31D0VC1,17,35,47,1997,4,1,2,0,2,B,9,1315,5,9999,9,0,998,,,,,,,,,,,,,,,,,,,,,,,,,,,,,,,,,,,,,,,,,,,,,,,,,,,,,,,,,,,,,,,,,,95,95,95,95,,,,,,,,,,83.5243692232002,11,5
16083,14,2,1-14-2020-002-02,2,1,1N4AL11D25C2,17,35,47,2005,4,1,4,0,1,F,2,1378,5,9999,9,0,998,2,97,1,0,0,995,0,0,0,78070,1,9,2,4,3,1,2,1,1,1,0,1,0,0,1,1,0,0,9,0,1,2,19,99,1,1,5,L,88,0,0,0,0,0,0,0,0,0,0,285,180,0,0,0,1,3,39,-39,0,54251,998,0,31,0,4,0,0,0,0,0,995,9.8,998,998,998,99.8,99.8,99.8,427.877200388596,8,5
16083,14,2,1-14-2020-002-02,2,2,JTJDGKCA0J20,17,59,403,2018,14,3,14,0,1,L,2,2150,5,0,1,1,18,2,97,1,0,0,995,0,0,0,78132,1,2,2,4,2,1,2,1,1,4,0,0,0,0,1,1,2,2,1,0,5,4,68,1,1,1,5,L,89,0,0,0,0,0,0,0,0,0,0,180,285,0,0,0,1,3,25,-4,25,87706,998,-30,31,0,4,2,4,0,4,0,995,9.8,998,998,998,99.8,99.8,99.8,427.877200388596,8,5
16085,77,4,1-77-2020-004-02,2,1,JF2GPADC8FH2,17,48,403,2015,14,3,14,0,1,F,1,1410,5,9999,9,0,998,2,24,1,0,0,995,0,0,0,20132,1,2,2,4,2,1,2,1,2,2,0,0,0,0,1,1,2,2,2,0,11,2,15,4,1,1,4,K,82,0,0,0,0,0,0,0,0,0,0,260,50,0,0,0,1,3,24,-22,8,48111,998,70,26,0,4,0,0,0,0,0,995,9.8,998,998,998,99.8,99.8,99.8,109.994664150683,9,5
16085,77,4,1-77-2020-004-02,2,2,3VWD17AJ6GM2,17,30,40,2016,4,1,3,0,1,F,1,1364,5,0,1,1,7,2,48,1,0,0,995,0,0,0,20132,1,2,2,4,2,1,2,1,3,1,0,2,0,0,1,1,0,0,1,0,14,4,67,2,1,1,4,K,83,0,0,0,0,0,0,0,0,0,0,50,260,0,0,0,1,3,24,-24,-4,24688,998,-17,21,0,4,2,4,0,4,0,995,9.8,998,998,998,99.8,99.8,99.8,109.994664150683,9,5
16086,77,5,1-77-2020-005-02,2,1,19XFC2F72HE0,17,37,31,2017,4,1,3,0,1,F,1,1244,5,0,1,1,12,2,105,1,0,0,995,0,0,0,22844,1,2,0,2,2,2,2,1,2,9,3,2,1,3,1,1,0,0,1,0,14,3,50,1,1,1,2,D,20,0,0,0,0,0,0,0,0,0,0,260,250,0,0,0,1,3,16,-16,3,14737,998,36,16,0,4,1,1,0,4,0,995,9.8,998,998,998,99.8,99.8,99.8,109.994664150683,9,5
16086,77,5,1-77-2020-005-02,2,2,2T3P1RFV7KW0,17,49,402,2019,14,3,14,0,1,B,1,1583,5,9999,9,4,41,2,105,1,0,0,995,0,0,0,22405,9,9,0,2,2,2,2,1,2,9,3,2,1,3,1,1,0,0,1,0,5,3,53,1,1,1,2,D,21,0,0,0,0,0,0,0,0,0,0,250,260,0,0,0,1,3,13,13,0,11138,998,0,13,0,4,0,0,0,4,0,995,0.6,999,999,999,99.9,99.9,99.9,109.994664150683,9,5
16086,77,5,1-77-2020-005-02,2,3,2FMDK4JC9DBE,17,12,24,2013,6,1,4,0,1,B,9,1993,5,9999,9,0,998,5,105,1,0,0,995,0,0,0,24401,9,9,0,2,2,2,2,1,2,9,3,2,1,3,1,1,0,0,1,0,5,3,53,99,1,1,6,M,98,0,0,0,0,0,0,0,0,0,0,250,250,0,0,0,2,0,999,999,999,9999999,999,999,999,9,0,95,95,95,95,0,995,9.8,998,998,998,99.8,99.8,99.8,109.994664150683,9,5
16087,13,3,1-13-2020-003-01,1,1,3D4GG47B69T5,17,7,27,2009,6,1,4,0,1,F,9,1724,5,9999,9,0,998,2,56,1,0,1,0,3,0,2,76019,2,9,0,4,4,2,1,1,2,4,3,5,0,0,2,1,0,0,9,1,14,2,12,99,1,4,1,B,6,0,0,0,0,0,0,0,0,0,0,998,998,0,0,7,1,0,999,999,999,9999999,999,999,999,9,0,6,75,1,1,0,998,0.0,28,28,999,6.1,1.7,6.2,42.3705012497086,7,5
16090,24,4,1-24-2020-004-03,3,1,2T3ZFREV3HW3,17,49,402,2017,14,3,14,0,1,F,1,1568,5,0,1,1,22,2,56,1,0,0,995,0,0,0,08401,3,2,2,4,2,1,2,1,1,1,1,2,0,0,1,1,2,2,1,0,10,2,16,1,1,1,4,K,78,0,0,0,0,0,0,0,0,0,0,270,325,0,0,0,1,1,19,-12,15,32822,998,154,15,0,1,1,3,0,6,0,995,9.8,998,998,998,99.8,99.8,99.8,288.434709100764,1,5
16090,24,4,1-24-2020-004-03,3,2,WAUDF78E16A1,17,32,43,2006,4,1,3,0,1,R,1,1555,5,0,1,1,22,2,56,1,0,0,995,0,0,0,08225,1,2,2,4,2,1,2,1,1,1,1,2,0,0,1,1,0,0,9,0,1,4,65,99,1,1,4,K,79,0,0,0,0,0,0,0,0,0,0,325,270,0,0,0,1,1,19,-3,-19,43006,998,2,26,0,1,2,4,0,3,0,995,9.8,998,998,998,99.8,99.8,99.8,288.434709100764,1,5
16091,24,5,1-24-2020-005-09,9,1,2FMDK3JC7ABB,17,12,24,2010,6,1,4,0,1,F,1,1853,5,0,1,1,12,2,72,1,0,0,995,0,0,0,08245,9,9,2,4,2,1,2,1,1,1,1,2,1,0,2,1,0,0,9,0,1,4,66,2,1,1,5,L,86,0,0,0,0,0,0,0,0,0,0,355,85,0,0,0,1,3,10,-10,4,6750,998,37,9,0,4,9,97,0,6,0,995,9.8,998,998,998,99.8,99.8,99.8,1227.410706975,1,5
16091,24,5,1-24-2020-005-09,9,2,JTDKB20U4530,17,49,46,2005,5,1,3,0,1,R,1,1335,5,0,1,1,19,2,40,1,0,0,995,0,0,0,08205,9,9,2,1,2,1,2,1,1,1,0,0,0,0,2,1,2,2,9,0,3,2,17,99,1,1,5,L,87,0,0,0,0,0,0,0,0,0,0,85,355,0,0,0,1,3,15,-5,-14,15724,998,-53,16,0,4,99,99,0,99,0,995,9.8,998,998,998,99.8,99.8,99.8,1227.410706975,1,5
16091,24,5,1-24-2020-005-09,9,3,1FTNE24W16DB,17,12,461,2006,21,4,21,0,1,L,9,2268,5,9999,9,0,998,5,40,1,0,0,995,0,0,0,08234,9,9,2,1,2,1,2,1,1,1,0,0,0,0,2,1,2,2,1,0,5,4,68,1,1,1,6,M,98,0,0,0,0,0,0,0,0,0,0,265,30,0,0,0,3,0,999,999,999,9999999,999,999,999,9,0,95,95,95,95,0,995,9.8,998,998,998,99.8,99.8,99.8,1227.410706975,1,5
16095,52,3,1-52-2020-003-03,3,1,2G2WP5524611,17,22,20,2006,4,1,4,0,1,R,1,1577,5,9999,9,0,998,2,56,1,0,0,995,0,0,0,59105,9,9,2,4,6,2,2,3,1,1,1,1,0,0,1,1,1,2,9,0,1,2,17,99,1,1,5,L,87,0,0,0,0,0,0,0,0,0,0,270,180,0,0,0,1,3,15,-7,-13,23042,998,75,17,0,4,0,0,0,0,0,995,9.8,998,998,998,99.8,99.8,99.8,58.6212378435929,12,5