CASEID,PSU,CASENO,CASENUMBER,CATEGORY,VEHNO,VIN,VINLENGTH,MAKE,MODEL,MODELYR,BODYTYPE,BODYCAT,VEHCLASS,SPECUSE,TRANSTAT,DAMPLANE,DAMSEV,CURBWT,CURBSRC,CARGOWT,CARGOSRC,INSPTYPE,INSPLAG,TOWED,SPEEDLIMIT,DRPRESENT,PARALCOHOL,ALCTEST,ALCTESTRESULT,ALCTESTSRC,PARDRUG,DRUGTEST,ZIP,RACE,ETHNICITY,RELTOJUNCT,TRAFFLOW,RDLANES,INITLANE,SURFTYPE,SURFCOND,ALIGNMENT,PROFILE,LINERIGHT,LINELEFT,RUMBINIT,RUMBROAD,LIGHTCOND,WEATHER,TRAFDEV,TRAFFUNCT,DISTRACT,PREFHE,PREMOVE,CRITCAT,CRITEVENT,MANEUVER,PRESTAB,PRELOC,CRASHCAT,CRASHCONF,CRASHTYPE,ROLLTYPE,ROLLTURN,ROLLINTRPT,ROLLPREMAN,ROLLINITYP,ROLLINLOC,ROLLOBJ,ROLLTRIP,ROLLDIR,ROLLDIST,DVANGTHIS,DVANGOTH,TOWHITCH,TRAJDOC,TREEPOLE,DVEVENT,DVBASIS,DVTOTAL,DVLONG,DVLAT,DVENERGY,DVSPEED,DVMOMENT,DVBES,DVEST,DVCONF,VAIS,VISS,VINJURED,VTREAT,INITOBJCLASS,HEADANGLECAT,SHLDRWIDTH,STRKLENGTH,STRKWIDTH,STRKHEIGHT,EDGEDISTX,EDGEDISTY,EDGEDISTZ,CASEWGT,PSUSTRAT,VERSION
16185,73,4,1-73-2020-004-01,1,1,4V3SZBZZ1NU5,17,51,881,1992,78,8,78,0,1,F,9,,,,,,,2,80,1,0,0,995,0,0,0,04434,9,9,0,4,2,1,2,1,1,1,1,2,0,0,1,1,0,0,1,0,1,4,62,99,1,1,3,G,51,,,,,,,,,,,,,,,,,,,,,,,,,,,95,95,95,95,,,2.4,999,999,999,22.5,8.5,24.3,39.290329933404,3,5
16185,73,4,1-73-2020-004-01,1,2,1GTEK39J99Z1,17,23,481,2009,34,5,31,0,1,F,3,2496,5,136,1,4,13,2,80,1,0,8,997,8,7,2,04401,9,9,0,4,2,1,2,1,1,1,1,2,0,0,1,1,0,0,3,1,1,2,10,99,1,2,3,G,50,0,0,0,0,0,0,0,0,0,0,270,90,0,0,0,1,5,999,999,999,9999999,999,999,999,8,0,1,1,0,1,0,995,9.8,998,998,998,99.8,99.8,99.8,39.290329933404,3,5
16186,25,4,1-25-2020-004-03,3,1,3N1AB7AP8KY2,17,35,43,2019,4,1,3,0,1,F,1,1315,5,0,1,1,20,2,89,1,8,0,995,0,7,0,04086,9,9,1,3,1,1,2,1,2,9,1,2,0,0,1,8,3,2,9,0,14,3,50,4,1,1,2,D,20,0,0,0,0,0,0,0,0,0,0,75,70,0,0,0,1,3,13,-13,0,9880,998,-29,13,0,4,0,0,0,5,0,995,9.8,998,998,998,99.8,99.8,99.8,187.002456936965,2,5
16186,25,4,1-25-2020-004-03,3,2,2HKRW6H39HH2,17,37,402,2017,14,3,14,0,1,B,1,1580,5,9999,9,0,998,5,89,1,8,0,995,0,7,0,04086,9,9,1,3,1,1,2,1,2,9,1,2,0,0,1,8,3,2,1,0,5,3,53,1,1,1,2,D,21,0,0,0,0,0,0,0,0,0,0,70,75,0,0,0,1,3,11,11,2,7467,998,-44,11,0,4,95,95,95,95,0,995,9.8,998,998,998,99.8,99.8,99.8,187.002456936965,2,5
16188,12,6,1-12-2020-006-03,3,1,1FTWS4XV4FKA,17,12,462,2015,21,4,21,0,1,R,9,2318,5,9999,9,0,998,5,56,1,0,0,995,0,0,0,74556,9,9,2,1,3,3,2,1,1,1,1,2,0,0,4,5,0,0,9,0,11,2,15,1,1,1,4,J,68,0,0,0,0,0,0,0,0,0,0,195,75,1,0,0,1,0,999,999,999,9999999,999,999,999,9,0,95,95,95,95,0,995,9.8,998,998,998,99.8,99.8,99.8,215.144928295839,9,5
16188,12,6,1-12-2020-006-03,3,2,3FADP4BJ2HM1,17,12,32,2017,4,1,1,0,1,F,9,1169,5,0,1,5,15,2,105,1,0,0,995,0,0,0,73439,9,9,2,1,2,1,2,1,1,1,1,3,0,0,4,5,0,0,9,0,1,4,62,3,1,2,4,J,69,0,0,0,0,0,0,0,0,0,0,75,195,0,0,0,1,12,999,999,999,9999999,999,999,999,9,0,99,99,0,99,0,995,9.8,998,998,998,99.8,99.8,99.8,215.144928295839,9,5
16189,12,7,1-12-2020-007-04,4,1,1FA6P8CF4K52,17,12,3,2019,2,1,3,0,1,L,1,1681,5,0,1,1,19,2,56,1,0,0,995,0,0,0,73443,1,2,2,4,2,1,2,1,1,1,0,0,0,0,1,1,2,2,1,0,1,2,17,1,1,1,5,L,89,0,0,0,0,0,0,0,0,0,0,355,85,0,0,0,1,3,5,-1,5,3221,998,-152,5,0,4,0,0,0,0,0,995,9.8,998,998,998,99.8,99.8,99.8,353.310242789341,9,5
16189,12,7,1-12-2020-007-04,4,2,1FTEW1EG9HFC,17,12,481,2017,34,5,31,0,1,F,1,2130,5,9999,9,0,998,5,56,1,0,0,995,0,0,0,75238,9,9,2,5,5,2,2,1,1,1,3,2,0,0,1,1,0,0,9,0,1,4,66,1,1,1,5,L,88,0,0,0,0,0,0,0,0,0,0,85,355,0,0,0,1,3,4,-4,-1,1362,998,-46,4,0,4,95,95,95,95,0,995,9.8,998,998,998,99.8,99.8,99.8,353.310242789341,9,5
16190,31,3,1-31-2020-003-07,7,1,1GKS2EEFXDR3,17,23,421,2013,15,3,15,0,1,F,1,2583,5,0,2,1,11,2,89,1,0,0,995,0,0,0,62821,1,2,0,4,2,1,2,1,1,1,1,4,0,0,1,1,0,0,1,0,1,6,87,1,1,1,1,C,13,0,0,0,0,0,0,0,0,0,0,998,998,0,0,0,1,12,999,999,999,9999999,999,999,999,6,0,0,0,0,0,0,998,9.8,998,998,998,99.8,99.8,99.8,657.767878247104,6,5
16191,31,4,1-31-2020-004-04,4,1,1C4RJFBG8JC4,17,2,422,2018,15,3,15,0,1,F,1,1788,5,0,2,1,5,2,113,1,0,0,995,0,0,0,62837,1,2,0,1,2,1,2,2,1,1,1,3,2,3,2,2,0,0,1,0,1,6,87,1,1,1,1,C,13,0,0,0,0,0,0,0,0,0,0,998,998,0,0,0,1,12,999,999,999,9999999,999,999,999,6,0,0,0,0,0,0,998,9.8,998,998,998,99.8,99.8,99.8,371.208334650674,6,5
16194,76,5,1-76-2020-005-07,7,1,4S4BSAAC3F32,17,48,45,2015,6,1,3,0,1,L,1,1614,5,0,1,1,12,2,89,1,8,9,998,8,7,9,00001,9,9,0,2,2,2,2,3,3,1,3,2,1,3,1,4,0,0,9,1,14,1,6,8,2,4,1,B,7,0,0,0,0,0,0,0,0,0,0,998,998,0,0,0,2,10,999,999,999,9999999,999,-179,6,1,0,0,0,0,0,0,998,3.6,999,999,999,0.0,0.0,0.0,49.159516094823,3,5
16195,27,2,1-27-2020-002-09,9,1,1FTEX1E81AFA,17,12,481,2010,34,5,31,0,1,F,2,2454,5,0,1,1,9,2,32,1,1,0,995,0,9,9,01201,1,9,0,4,2,1,2,1,3,1,1,2,0,0,3,1,5,2,1,1,14,2,13,1,1,4,1,A,1,0,0,0,0,0,0,0,0,0,0,998,998,0,1,0,2,11,999,999,999,9999999,999,999,999,7,0,1,2,0,4,0,998,1.0,120,40,70,0.6,1.6,1.6,221.545237697047,3,5
16196,27,3,1-27-2020-003-08,8,1,1G2AS18H8971,17,22,19,2009,2,1,2,0,1,L,1,1295,5,0,1,1,1,2,64,1,8,9,998,8,7,9,01201,9,9,3,4,2,1,2,1,1,1,0,0,0,0,1,1,0,0,9,0,11,2,15,2,1,1,4,K,82,0,0,0,0,0,0,0,0,0,0,310,55,0,0,0,1,1,8,-3,8,5546,998,-200,6,0,4,0,0,0,0,0,995,9.8,998,998,998,99.8,99.8,99.8,28.1085292685117,3,5
16196,27,3,1-27-2020-003-08,8,2,KMHWF35H23A8,17,55,33,2003,4,1,3,0,1,F,1,1476,5,0,1,1,1,2,64,1,8,9,998,8,7,9,01201,1,2,3,4,4,2,2,1,1,1,3,2,0,0,1,1,0,0,1,0,1,4,72,99,1,1,4,K,83,0,0,0,0,0,0,0,0,0,0,55,310,0,0,0,1,1,8,-8,-1,11928,998,-80,12,0,4,2,4,0,3,0,995,9.8,998,998,998,99.8,99.8,99.8,28.1085292685117,3,5
16197,26,6,1-26-2020-006-03,3,1,1J8FF47W97D3,17,2,1,2007,6,1,2,0,1,F,2,1441,8,9999,9,0,998,2,105,1,0,0,995,0,0,0,95838,2,9,0,2,5,2,2,1,1,9,3,3,0,0,2,1,0,0,9,0,1,3,52,2,1,1,2,D,28,0,0,0,0,0,0,0,0,0,0,160,160,0,0,0,1,3,33,-33,0,63853,998,0,33,0,4,99,99,0,8,0,995,9.8,998,998,998,99.8,99.8,99.8,242.106339758728,10,5
16197,26,6,1-26-2020-006-03,3,2,JTEBU5JR3J54,17,49,401,2018,14,3,14,0,1,B,1,2111,5,0,1,1,18,2,105,1,0,0,995,0,0,0,95826,9,1,0,2,5,2,2,1,1,9,3,3,0,0,2,1,0,0,1,0,2,3,53,1,1,1,2,D,29,0,0,0,0,0,0,0,0,0,0,160,160,0,0,0,1,3,23,23,0,48261,998,0,24,0,4,99,99,0,8,0,995,9.8,998,998,998,99.8,99.8,99.8,242.106339758728,10,5
16198,26,7,1-26-2020-007-06,6,1,WBAXG5C58DDY,17,34,35,2013,4,1,5,0,1,R,1,1720,5,0,1,1,17,2,40,1,0,0,995,0,0,0,95829,9,9,2,4,2,1,2,1,1,1,0,0,0,0,1,1,0,0,1,0,1,4,67,3,1,1,4,K,83,0,0,0,0,0,0,0,0,0,0,115,355,0,0,0,1,3,8,-6,-5,9299,998,64,11,0,4,99,99,0,99,0,995,9.8,998,998,998,99.8,99.8,99.8,380.626286464822,10,5
16198,26,7,1-26-2020-007-06,6,2,1G4HC5EM1BU1,17,18,23,2011,4,1,5,0,1,F,1,1707,5,9999,9,4,21,5,40,1,0,0,995,0,0,0,95829,9,9,2,4,2,1,2,1,1,1,0,0,0,0,1,1,0,0,2,0,11,2,15,1,1,1,4,K,82,0,0,0,0,0,0,0,0,0,0,355,115,0,0,0,1,3,8,-8,3,3744,998,130,6,0,4,95,95,95,95,0,995,9.8,998,998,998,99.8,99.8,99.8,380.626286464822,10,5
16199,26,8,1-26-2020-008-04,4,1,WDCTG4EB2JJ4,17,42,55,2018,5,1,3,0,1,L,1,1505,5,0,1,1,18,2,40,1,0,0,995,0,0,0,95641,2,2,2,4,2,1,2,1,3,1,1,2,0,0,1,1,2,2,2,0,11,2,15,1,1,1,4,K,82,0,0,0,0,0,0,0,0,0,0,160,300,0,0,0,1,3,7,-7,2,7842,998,-139,7,0,4,0,0,0,0,0,995,9.8,998,998,998,99.8,99.8,99.8,944.058378610454,10,5
16199,26,8,1-26-2020-008-04,4,2,2FMDK38C28BB,17,12,24,2008,6,1,4,0,1,F,1,1853,5,9999,9,4,39,5,89,1,0,0,995,0,0,0,95376,9,9,2,4,4,2,2,1,1,1,1,2,0,3,1,1,0,0,1,0,1,4,67,2,1,1,4,K,83,0,0,0,0,0,0,0,0,0,0,300,160,0,0,0,1,3,7,-6,-2,3366,998,-71,6,0,4,95,95,95,95,0,995,9.8,998,998,998,99.8,99.8,99.8,944.058378610454,10,5
16200,26,9,1-26-2020-009-06,6,1,2T1BU4EE8DC1,17,49,32,2013,4,1,2,0,1,R,2,1260,5,0,1,1,14,2,89,1,0,1,0,2,0,2,95632,2,9,0,4,2,1,2,1,3,1,1,4,0,0,1,1,0,0,9,1,14,2,13,3,4,4,1,A,1,1,3,1,2,6,4,31,2,1,14,998,998,0,1,7,1,10,999,999,999,9999999,999,72,25,3,0,1,2,0,4,2,998,4.3,25,25,999,18.9,2.4,19.2,380.626286464822,10,5
16204,29,8,1-29-2020-008-07,7,1,YV1SW6123525,17,51,43,2005,4,1,3,0,1,F,1,1485,5,9999,9,0,998,5,56,1,8,9,998,8,7,9,02740,9,9,2,1,2,1,2,1,1,1,1,3,0,0,1,8,1,2,3,0,1,2,17,99,1,1,4,K,83,0,0,0,0,0,0,0,0,0,0,90,315,0,0,0,1,3,3,-3,-1,686,998,-38,3,0,4,95,95,95,95,0,995,9.8,998,998,998,99.8,99.8,99.8,240.481327688699,2,5
16204,29,8,1-29-2020-008-07,7,2,4T1BF1FK7FU9,17,49,40,2015,4,1,4,0,1,L,1,1467,5,0,1,1,4,2,56,1,8,9,998,8,7,9,02719,9,9,2,4,2,1,2,1,1,1,0,2,0,0,1,8,1,2,9,0,11,4,66,99,1,1,4,K,82,0,0,0,0,0,0,0,0,0,0,315,90,0,0,0,1,3,3,-2,2,1592,998,-205,3,0,4,0,0,0,0,0,995,9.8,998,998,998,99.8,99.8,99.8,240.481327688699,2,5
16205,29,9,1-29-2020-009-06,6,1,JTHBD1829100,17,59,35,2001,4,1,3,0,1,F,1,1485,5,9999,9,5,7,2,105,1,0,9,998,8,0,9,02720,9,9,0,2,2,2,2,1,1,9,3,2,0,2,5,1,0,0,2,0,1,3,52,2,1,1,2,D,28,0,0,0,0,0,0,0,0,0,0,180,180,0,0,0,1,3,19,-19,0,20365,998,0,18,0,4,0,0,0,0,0,995,9.8,998,998,998,99.8,99.8,99.8,74.5926074439466,2,5
16205,29,9,1-29-2020-009-06,6,2,5FNRL5H20CB1,17,37,441,2012,20,4,20,0,1,B,1,1969,5,0,1,1,7,2,105,1,0,9,998,8,0,9,02720,9,9,0,2,2,2,2,1,1,9,3,2,0,2,5,1,0,0,1,0,2,3,53,99,1,1,2,D,29,0,0,0,0,0,0,0,0,0,0,180,180,0,0,0,1,3,15,15,0,20218,998,-17,16,0,4,1,2,0,4,0,995,9.8,998,998,998,99.8,99.8,99.8,74.5926074439466,2,5
16206,29,10,1-29-2020-010-06,6,1,1FTRX12W86NB,17,12,481,2006,34,5,30,0,1,T,1,2320,5,91,2,1,5,2,105,1,0,9,998,8,0,9,02721,1,2,0,1,3,1,2,1,1,9,1,3,2,3,1,8,0,0,1,1,15,2,10,1,1,2,2,F,47,1,2,2,5,7,1,2,2,2,16,997,997,0,0,0,2,6,999,999,999,9999999,999,999,999,6,0,1,1,0,0,1,997,9.8,998,998,998,99.8,99.8,99.8,74.5926074439466,2,5
16206,29,10,1-29-2020-010-06,6,2,KMHTC6AD7EU2,17,55,42,2014,3,1,3,0,1,T,2,1323,5,0,1,1,5,2,105,1,0,9,998,8,0,9,02779,1,2,0,1,3,3,2,1,1,9,3,2,1,3,1,8,0,0,1,0,1,4,61,1,1,1,2,F,45,1,6,2,5,1,1,61,1,1,40,997,997,0,0,0,3,6,999,999,999,9999999,999,999,999,7,0,1,1,0,4,3,997,1.0,999,999,999,99.9,99.9,99.9,74.5926074439466,2,5
16207,29,11,1-29-2020-011-04,4,1,JA32U2FU3HU0,17,52,46,2017,4,1,2,0,1,R,1,1310,5,0,1,1,4,2,48,1,0,9,998,8,0,9,02740,9,9,3,4,3,1,2,2,1,1,0,2,0,0,5,2,0,0,2,0,11,2,15,99,1,1,4,J,68,0,0,0,0,0,0,0,0,0,0,110,10,0,0,0,1,3,7,-2,-7,3854,998,-63,8,0,4,0,0,0,0,0,995,9.8,998,998,998,99.8,99.8,99.8,145.226483420192,2,5
16207,29,11,1-29-2020-011-04,4,2,2C4GP44312R6,17,6,441,2002,20,4,20,0,1,F,1,1935,5,9999,9,0,998,5,48,1,0,9,998,8,0,9,02744,9,9,3,4,3,1,2,2,1,1,0,1,0,0,5,2,1,2,1,0,1,4,62,99,1,1,4,J,69,0,0,0,0,0,0,0,0,0,0,10,110,0,0,0,1,3,5,-5,1,1599,998,39,4,0,4,95,95,95,95,0,995,9.8,998,998,998,99.8,99.8,99.8,145.226483420192,2,5
16209,16,4,1-16-2020-004-09,9,1,2T1BR12E7XC1,17,49,32,1999,4,1,1,0,1,R,2,1095,5,0,1,1,11,2,89,1,0,0,995,0,0,0,45225,2,9,0,2,4,1,2,1,3,9,1,3,2,3,1,8,0,0,1,1,15,2,10,99,1,2,2,F,47,0,0,0,0,0,0,0,0,0,0,998,998,0,0,0,2,12,999,999,999,9999999,999,999,999,7,0,9,97,0,8,0,998,3.8,999,999,999,1.3,3.8,4.3,1094.3215733387,5,5
16209,16,4,1-16-2020-004-09,9,2,1FUJGLD59GLH,17,82,881,2016,66,8,68,0,1,R,9,,,,,,,5,89,1,0,0,995,0,0,0,45069,9,9,1,2,4,2,2,1,3,9,1,1,0,3,1,8,0,0,1,0,14,4,61,99,1,1,2,F,45,,,,,,,,,,,,,,,,,,,,,,,,,,,95,95,95,95,,,9.8,998,998,998,99.8,99.8,99.8,1094.3215733387,5,5
16210,16,5,1-16-2020-005-06,6,1,5UXFE43588L0,17,34,401,2008,14,3,14,0,1,F,2,2260,5,0,1,1,7,2,40,1,0,0,995,0,0,0,45211,9,9,2,4,3,1,2,1,1,1,0,1,0,0,1,1,1,2,1,0,1,2,17,1,1,1,5,L,86,0,0,0,0,0,0,0,0,0,0,10,100,0,0,0,1,12,999,999,999,9999999,999,999,999,7,0,9,97,0,99,0,995,0.0,59,24,120,1.8,0.8,2.0,310.940704326152,5,5
16210,16,5,1-16-2020-005-06,6,2,2G1FA1E31E92,17,20,9,2014,2,1,4,0,1,R,2,1700,5,0,1,1,6,2,40,1,0,0,995,0,0,0,45211,1,2,2,4,4,1,2,1,1,1,0,3,0,0,1,1,1,2,1,0,4,4,66,1,1,1,5,L,87,0,0,0,0,0,0,0,0,0,0,100,10,0,0,0,1,12,999,999,999,9999999,999,999,999,7,0,1,1,0,0,0,995,0.0,30,30,999,2.4,2.5,0.6,310.940704326152,5,5
16211,16,6,1-16-2020-006-01,1,1,1G1AS58H0971,17,20,22,2009,4,1,2,0,1,R,3,1261,5,0,1,1,23,2,56,1,0,1,97,3,0,1,45002,1,9,0,4,2,1,2,2,3,4,1,2,0,0,2,2,0,0,9,1,14,1,6,1,4,2,3,I,64,0,0,0,0,0,0,0,0,0,0,70,320,0,0,0,1,1,41,-26,-31,26128,998,-37,22,0,4,4,34,1,1,0,995,0.4,13,13,65,5.3,2.0,5.8,19.5951062192473,5,5
16211,16,6,1-16-2020-006-01,1,2,1FTRW08603KB,17,12,481,2003,34,5,31,0,1,F,1,2265,5,0,1,1,12,2,56,1,0,0,995,0,0,0,45052,9,9,0,4,2,1,2,2,1,2,1,2,0,0,2,2,0,0,1,0,1,4,62,99,1,1,3,I,65,0,0,0,0,0,0,0,0,0,0,320,70,0,0,0,1,1,23,-22,8,112273,998,17,35,0,4,9,97,0,99,0,995,9.8,998,998,998,99.8,99.8,99.8,19.5951062192473,5,5
16212,76,6,1-76-2020-006-07,7,1,1C3CCCAB5FN5,17,6,18,2015,4,1,3,0,1,L,1,1575,5,0,1,1,18,2,89,1,8,9,998,8,7,9,13733,9,9,0,4,2,1,2,3,3,4,0,0,0,0,1,4,0,0,9,0,14,4,62,99,1,1,3,I,65,0,0,0,0,0,0,0,0,0,0,145,310,0,0,0,1,3,9,-9,3,9206,998,-111,9,0,4,0,0,0,0,0,995,9.8,998,998,998,99.8,99.8,99.8,49.159516094823,3,5
16212,76,6,1-76-2020-006-07,7,2,1GCHK49K29E1,17,20,481,2009,34,5,31,0,1,F,1,2649,5,113,2,6,16,2,64,1,8,9,998,8,7,9,13856,1,2,0,4,2,1,2,3,2,2,0,0,0,0,1,4,0,0,1,1,14,1,6,2,1,2,3,I,64,0,0,0,0,0,0,0,0,0,0,310,145,0,0,0,1,3,6,-6,0,3893,998,0,6,0,4,0,0,0,0,0,995,9.8,998,998,998,99.8,99.8,99.8,49.159516094823,3,5
16213,18,4,1-18-2020-004-07,7,1,1C3CDFBAXDD2,17,7,29,2013,4,1,3,0,1,T,1,1471,5,0,1,1,11,2,105,1,0,0,995,0,0,0,54729,9,9,0,1,2,1,1,3,1,4,1,3,2,1,4,4,0,0,9,1,1,1,5,99,3,4,1,A,2,1,2,2,2,1,4,61,1,2,11,997,997,0,0,0,1,6,999,999,999,9999999,999,999,999,6,0,0,0,0,0,3,997,9.8,998,998,998,99.8,99.8,99.8,1208.66991657914,6,5
16214,18,5,1-18-2020-005-06,6,1,1YVHP81A195M,17,41,50,2009,4,1,4,0,1,F,1,1489,5,9999,9,0,998,2,89,1,0,0,995,0,0,0,54727,1,9,2,4,2,1,2,4,3,1,1,4,0,0,1,8,0,0,9,1,14,2,13,99,9,4,5,L,88,0,0,0,0,0,0,0,0,0,0,255,155,0,0,0,1,3,15,-15,0,10160,998,0,13,0,4,0,0,0,4,0,995,9.8,998,998,998,99.8,99.8,99.8,413.510314437393,6,5
16214,18,5,1-18-2020-005-06,6,2,3FAHP0HA0BR1,17,12,23,2011,4,1,3,0,1,L,1,1490,5,0,1,1,8,2,89,1,0,0,995,0,0,0,54729,1,2,2,4,2,1,2,4,2,1,0,0,0,0,1,8,2,2,1,0,5,4,66,1,1,1,5,L,89,0,0,0,0,0,0,0,0,0,0,155,255,0,0,0,1,3,14,-2,14,23570,998,121,15,0,4,1,1,0,0,0,995,9.8,998,998,998,99.8,99.8,99.8,413.510314437393,6,5
16215,15,4,1-15-2020-004-07,7,1,1HGCR2F82GA1,17,37,32,2016,4,1,4,0,1,F,1,1615,5,9999,9,0,998,5,48,1,8,9,998,8,7,9,11553,9,9,1,4,3,1,2,3,1,1,0,2,0,0,1,4,0,0,9,0,11,2,15,99,1,1,4,J,68,0,0,0,0,0,0,0,0,0,0,330,185,0,0,0,1,3,11,-10,-6,12106,998,-102,11,0,4,95,95,95,95,0,995,9.8,998,998,998,99.8,99.8,99.8,187.668137076941,1,5
16215,15,4,1-15-2020-004-07,7,2,JM1BM1V79E11,17,41,51,2014,4,1,3,0,1,F,1,1306,5,0,1,1,13,2,48,1,8,9,998,8,7,9,11756,9,9,1,4,2,1,2,3,1,4,1,2,0,0,1,4,0,0,9,0,1,4,62,2,1,1,4,J,69,0,0,0,0,0,0,0,0,0,0,185,330,0,0,0,1,3,13,-13,2,9195,998,35,13,0,4,0,0,0,0,0,995,0.4,999,999,999,3.1,0.5,3.2,187.668137076941,1,5
16216,15,5,1-15-2020-005-03,3,1,1GNEVGKW7KJ2,17,20,423,2019,15,3,15,0,1,F,1,2132,5,0,1,1,6,2,48,1,8,9,998,8,7,9,11590,9,9,2,4,6,2,2,2,1,1,1,1,0,0,1,2,1,2,9,0,1,4,67,2,1,1,4,K,83,0,0,0,0,0,0,0,0,0,0,290,180,0,0,0,1,1,16,-16,-3,25180,998,-41,16,0,4,99,99,0,8,0,995,9.8,998,998,998,99.8,99.8,99.8,40.0332508932291,1,5
16216,15,5,1-15-2020-005-03,3,2,1GKS2CKJ2JR1,17,23,422,2018,15,3,15,0,1,L,1,2606,5,0,1,1,25,2,48,1,8,9,998,8,7,9,11530,9,9,2,4,5,3,2,2,1,1,1,2,0,0,1,2,1,2,9,0,11,2,15,2,1,1,4,K,82,0,0,0,0,0,0,0,0,0,0,180,290,0,0,0,1,1,14,-7,12,18881,998,-12,13,0,4,0,0,0,0,0,995,9.8,998,998,998,99.8,99.8,99.8,40.0332508932291,1,5
16217,33,2,1-33-2020-002-03,3,1,1FMNU41S8YEC,17,12,423,2000,16,3,16,0,1,F,1,3261,5,104,1,1,17,2,105,1,0,0,995,0,0,0,96003,1,2,2,1,4,3,2,1,1,1,3,1,0,0,1,1,1,2,9,1,1,3,52,3,1,2,2,D,28,0,0,0,0,0,0,0,0,0,0,310,310,0,0,0,1,11,999,999,999,9999999,999,999,999,6,0,0,0,0,0,0,995,3.0,999,999,999,0.0,0.0,0.0,66.5024396810546,12,5
16217,33,2,1-33-2020-002-03,3,2,2T1BURHE1JC0,17,49,32,2018,4,1,3,0,1,B,1,1265,5,0,1,1,16,2,105,1,0,0,995,0,0,0,95991,1,2,2,1,4,3,2,1,1,1,3,1,0,0,1,1,1,2,1,0,2,3,53,1,1,1,2,D,29,0,0,0,0,0,0,0,0,0,0,310,310,0,0,0,1,12,999,999,999,9999999,999,999,999,6,0,0,0,0,4,0,995,9.8,998,998,998,99.8,99.8,99.8,66.5024396810546,12,5
16218,33,3,1-33-2020-003-08,8,1,1GNEK13T91R1,17,20,421,2001,15,3,15,0,1,F,1,2317,5,91,1,1,14,2,89,1,0,1,0,2,1,2,95916,1,2,0,4,2,1,2,1,1,4,1,2,0,0,1,8,0,0,3,1,1,2,13,3,4,4,1,B,7,1,8,2,2,6,4,44,3,1,24,998,998,0,0,0,1,7,999,999,999,9999999,999,999,999,6,0,2,9,0,3,3,998,3.0,120,120,120,0.0,0.0,0.0,53.4278758747199,12,5
16221,13,6,1-13-2020-006-07,7,1,3FA6P0HD6ER2,17,12,23,2014,4,1,4,0,1,F,9,1554,5,9999,9,0,998,2,80,1,8,0,995,0,7,0,76010,9,1,0,3,2,2,1,2,3,1,3,2,0,0,1,2,0,0,9,1,14,2,12,99,1,4,1,C,11,0,0,0,0,0,0,0,0,0,0,330,345,0,0,0,1,0,999,999,999,9999999,999,999,999,9,0,0,0,0,0,0,995,9.8,998,998,998,99.8,99.8,99.8,5140.50845855242,7,5
16221,13,6,1-13-2020-006-07,7,2,1HGCR3F82HA0,17,37,32,2017,4,1,4,0,2,B,9,1615,5,9999,9,0,998,,,,,,,,,,,,,,,,,,,,,,,,,,,,,,,,,,,,,,,,,,,,,,,,,,,,,,,,,,,,,,,,,,95,95,95,95,,,,,,,,,,5140.50845855242,7,5
16222,22,4,1-22-2020-004-05,5,1,JF2SJAFC8FH5,17,48,401,2015,14,3,14,0,1,F,2,1498,5,0,1,1,24,2,105,1,0,0,995,0,0,0,83520,9,9,0,1,2,2,2,2,1,1,3,2,0,3,1,2,8,2,9,1,1,2,13,1,1,4,1,A,1,1,4,1,2,1,4,68,1,2,26,998,998,0,0,0,1,1,26,-26,0,40553,998,11,26,0,4,2,5,0,3,3,998,3.0,999,999,999,26.0,2.8,27.4,41.0444250400204,12,5
16223,22,5,1-22-2020-005-04,4,1,3VWFD7AT7KM7,17,30,47,2019,3,1,2,0,1,F,1,1337,5,0,1,1,15,2,56,1,0,0,995,0,0,0,83501,1,2,2,4,3,1,2,3,2,1,0,1,0,0,1,4,1,2,3,0,14,2,17,1,1,1,5,L,88,0,0,0,0,0,0,0,0,0,0,40,310,0,0,0,1,5,999,999,999,9999999,999,999,13,2,0,1,1,0,6,0,995,9.8,998,998,998,99.8,99.8,99.8,387.288888872717,12,5
16223,22,5,1-22-2020-005-04,4,2,3FRWX6FC7CV1,17,12,898,2012,62,8,60,0,1,L,9,,,,,,,5,56,1,0,0,995,0,0,0,83501,9,9,2,4,5,1,2,3,1,1,0,3,0,0,1,4,1,2,9,0,1,4,66,2,1,1,5,L,89,,,,,,,,,,,,,,,,,,,,,,,,,,,95,95,95,95,,,9.8,998,998,998,99.8,99.8,99.8,387.288888872717,12,5
16224,21,6,1-21-2020-006-05,5,1,5FNYF4H90BB0,17,37,421,2011,15,3,15,0,1,F,2,2058,5,0,1,1,20,2,89,1,0,0,995,0,0,0,92078,1,9,0,4,2,1,2,1,1,1,1,2,3,3,1,1,0,0,9,1,6,2,10,3,1,4,3,G,50,0,0,0,0,0,0,0,0,0,0,325,165,0,1,0,1,3,26,-26,-5,90626,998,28,32,0,4,2,5,0,3,0,995,9.8,998,998,998,99.8,99.8,99.8,70.2602294429001,11,5
16224,21,6,1-21-2020-006-05,5,2,JTMZFREV5DD0,17,49,402,2013,14,3,14,0,1,F,2,1545,5,9999,9,0,998,2,89,1,0,0,995,0,0,0,93555,9,9,0,4,2,1,2,1,3,9,1,4,3,3,1,1,0,0,1,1,14,4,62,4,1,4,3,G,51,0,0,0,0,0,0,0,0,0,0,165,325,0,1,0,1,3,35,-34,6,55020,998,37,28,0,4,3,10,1,3,0,995,9.8,998,998,998,99.8,99.8,99.8,70.2602294429001,11,5