CASEID,PSU,CASENO,CASENUMBER,CATEGORY,VEHNO,VIN,VINLENGTH,MAKE,MODEL,MODELYR,BODYTYPE,BODYCAT,VEHCLASS,SPECUSE,TRANSTAT,DAMPLANE,DAMSEV,CURBWT,CURBSRC,CARGOWT,CARGOSRC,INSPTYPE,INSPLAG,TOWED,SPEEDLIMIT,DRPRESENT,PARALCOHOL,ALCTEST,ALCTESTRESULT,ALCTESTSRC,PARDRUG,DRUGTEST,ZIP,RACE,ETHNICITY,RELTOJUNCT,TRAFFLOW,RDLANES,INITLANE,SURFTYPE,SURFCOND,ALIGNMENT,PROFILE,LINERIGHT,LINELEFT,RUMBINIT,RUMBROAD,LIGHTCOND,WEATHER,TRAFDEV,TRAFFUNCT,DISTRACT,PREFHE,PREMOVE,CRITCAT,CRITEVENT,MANEUVER,PRESTAB,PRELOC,CRASHCAT,CRASHCONF,CRASHTYPE,ROLLTYPE,ROLLTURN,ROLLINTRPT,ROLLPREMAN,ROLLINITYP,ROLLINLOC,ROLLOBJ,ROLLTRIP,ROLLDIR,ROLLDIST,DVANGTHIS,DVANGOTH,TOWHITCH,TRAJDOC,TREEPOLE,DVEVENT,DVBASIS,DVTOTAL,DVLONG,DVLAT,DVENERGY,DVSPEED,DVMOMENT,DVBES,DVEST,DVCONF,VAIS,VISS,VINJURED,VTREAT,INITOBJCLASS,HEADANGLECAT,SHLDRWIDTH,STRKLENGTH,STRKWIDTH,STRKHEIGHT,EDGEDISTX,EDGEDISTY,EDGEDISTZ,CASEWGT,PSUSTRAT,VERSION
16225,21,7,1-21-2020-007-05,5,1,JH4CL96917C0,17,54,39,2007,4,1,3,0,1,F,3,1488,5,9999,9,4,17,2,89,1,0,1,0,2,0,0,92345,9,1,0,4,2,1,2,1,3,9,1,2,0,0,1,1,0,0,9,1,14,2,13,3,2,6,3,I,64,0,0,0,0,0,0,0,0,0,0,355,210,0,0,0,2,3,47,-47,-8,167055,998,-35,51,0,4,3,17,1,3,0,995,9.8,998,998,998,99.8,99.8,99.8,70.2602294420719,11,5
16225,21,7,1-21-2020-007-05,5,2,1N6DD26S91C3,17,35,472,2001,34,5,30,0,1,L,9,1445,5,9999,9,0,998,5,89,1,0,0,995,0,0,0,92340,9,9,0,4,2,1,2,1,1,9,1,2,0,0,1,1,0,0,1,0,1,4,62,1,1,1,3,I,65,0,0,0,0,0,0,0,0,0,0,210,5,0,0,0,1,0,999,999,999,9999999,999,999,999,9,0,95,95,95,95,0,995,9.8,998,998,998,99.8,99.8,99.8,70.2602294420719,11,5
16225,21,7,1-21-2020-007-05,5,3,1FADP3F25DL2,17,12,37,2013,4,1,3,0,1,F,3,1340,5,0,1,1,27,2,89,1,0,1,0,2,0,0,92395,1,9,0,4,2,1,2,1,1,9,1,2,0,0,1,1,0,0,1,0,1,4,62,4,1,1,6,M,98,0,0,0,0,0,0,0,0,0,0,210,355,0,0,0,2,3,53,-46,26,152960,998,53,49,0,4,3,22,1,3,0,995,9.8,998,998,998,99.8,99.8,99.8,70.2602294420719,11,5
16225,21,7,1-21-2020-007-05,5,4,JN8AS58V48W1,17,35,51,2008,6,1,3,0,1,F,1,1485,5,9999,9,4,17,2,89,1,0,0,995,0,0,0,92308,1,9,0,4,2,1,2,1,1,9,1,2,0,0,1,1,0,0,1,1,1,4,62,99,1,2,6,M,98,0,0,0,0,0,0,0,0,0,0,210,80,0,0,0,3,98,999,999,999,9999999,999,999,999,6,0,9,97,0,99,0,995,9.8,998,998,998,99.8,99.8,99.8,70.2602294420719,11,5
16225,21,7,1-21-2020-007-05,5,5,2HGFB2F87EH5,17,37,31,2014,4,1,3,0,1,F,9,1284,5,9999,9,0,998,5,89,1,0,0,995,0,0,0,92345,9,9,0,4,2,1,2,1,1,9,1,2,0,0,1,1,0,0,1,1,1,3,50,3,1,2,6,M,98,0,0,0,0,0,0,0,0,0,0,205,335,0,0,0,4,0,999,999,999,9999999,999,999,999,9,0,95,95,95,95,0,995,9.8,998,998,998,99.8,99.8,99.8,70.2602294420719,11,5
16226,20,4,1-20-2020-004-09,9,1,1GCDC14K3JZ1,17,20,481,1988,34,5,31,0,1,F,1,1664,5,9999,9,0,998,2,105,1,0,0,995,0,0,0,93955,2,9,0,2,2,2,2,1,2,9,3,2,0,0,2,1,0,0,9,0,2,3,52,2,1,1,2,D,28,0,0,0,0,0,0,0,0,0,0,180,180,0,0,0,1,3,16,-16,0,18789,998,0,17,0,4,0,0,0,0,0,995,9.8,998,998,998,99.8,99.8,99.8,1755.33551369303,11,5
16226,20,4,1-20-2020-004-09,9,2,1GTEC19J08Z2,17,23,481,2008,34,5,31,0,1,B,1,2233,5,0,1,2,13,5,105,1,0,0,995,0,0,0,93933,9,9,0,2,2,2,2,1,2,9,3,2,0,0,2,1,0,0,1,0,2,3,53,1,1,1,2,D,29,0,0,0,0,0,0,0,0,0,0,180,180,0,0,0,1,3,13,13,0,12889,998,8,12,0,4,95,95,95,95,0,995,9.8,998,998,998,99.8,99.8,99.8,1755.33551369303,11,5
16226,20,4,1-20-2020-004-09,9,3,JHMCM56353C0,17,37,32,2003,4,1,3,0,1,B,1,1389,5,0,1,1,19,2,105,1,0,0,995,0,0,0,93955,9,1,0,2,2,2,2,1,2,9,3,2,0,0,2,1,0,0,1,0,5,3,53,1,1,1,6,M,98,0,0,0,0,0,0,0,0,0,0,180,180,0,0,0,2,1,15,15,0,7680,998,-18,11,0,4,99,99,0,99,0,995,9.8,998,998,998,99.8,99.8,99.8,1755.33551369303,11,5
16227,30,5,1-30-2020-005-07,7,1,1C3CDZCB7CN2,17,7,26,2012,4,1,3,0,1,L,2,1539,5,9999,9,4,9,2,72,1,0,0,995,0,0,0,85213,9,9,2,4,2,1,2,1,1,2,0,0,0,0,1,1,2,2,1,0,11,2,15,99,1,1,4,K,82,0,0,0,0,0,0,0,0,0,0,125,265,0,0,0,1,12,999,999,999,9999999,999,999,999,7,0,0,0,0,0,0,995,9.8,998,998,998,99.8,99.8,99.8,504.017595995819,10,5
16227,30,5,1-30-2020-005-07,7,2,4T3ZF13CXXU1,17,49,442,1999,20,4,20,0,1,F,9,1760,5,9999,9,0,998,5,72,1,0,0,995,0,0,0,85041,9,9,2,5,5,2,2,1,1,1,3,2,0,0,1,1,0,0,1,0,1,4,67,99,1,1,4,K,83,0,0,0,0,0,0,0,0,0,0,265,125,0,0,0,1,0,999,999,999,9999999,999,999,999,9,0,95,95,95,95,0,995,9.8,998,998,998,99.8,99.8,99.8,504.017595995819,10,5
16228,30,6,1-30-2020-006-04,4,1,1HGCR3F81HA0,17,37,32,2017,4,1,4,0,1,F,1,1615,5,0,1,1,14,2,64,1,0,0,995,0,0,0,85345,3,2,0,4,5,2,2,1,3,1,3,2,0,0,3,1,0,0,1,1,14,2,10,1,1,2,1,C,12,0,0,0,0,0,0,0,0,0,0,998,998,0,0,0,1,10,999,999,999,9999999,999,-20,14,2,0,1,1,0,0,0,998,0.0,120,55,68,13.9,0.7,13.9,300.930186044268,10,5
16229,13,7,1-13-2020-007-10,10,1,999999999999,99,99,399,9999,4,1,9,99,1,R,9,9999,9,9999,9,0,998,5,105,1,9,0,995,0,7,0,99999,9,9,1,2,5,2,1,2,1,9,1,1,0,0,3,2,0,0,9,1,15,2,11,99,1,2,2,F,46,0,0,0,0,0,0,0,0,0,0,300,290,0,0,0,1,0,999,999,999,9999999,999,999,999,9,0,95,95,95,95,0,995,9.8,998,998,998,99.8,99.8,99.8,19840.3313289495,7,5
16229,13,7,1-13-2020-007-10,10,2,1FAFP38343W2,17,12,37,2003,4,1,2,0,1,B,9,1163,5,9999,9,0,998,2,105,1,0,0,995,0,0,0,76112,2,9,1,2,5,1,1,2,3,9,1,1,0,0,3,2,0,0,9,0,14,4,60,99,1,1,2,F,45,0,0,0,0,0,0,0,0,0,0,290,300,0,0,0,2,0,999,999,999,9999999,999,999,999,9,0,0,0,0,0,0,995,3.8,999,999,999,0.0,0.0,0.0,19840.3313289495,7,5
16230,30,7,1-30-2020-007-10,10,1,2G1WT58K9892,17,20,2,2008,4,1,4,0,1,R,1,1630,5,0,1,1,23,2,64,1,0,0,995,0,0,0,85202,9,9,2,4,7,4,2,1,1,1,1,1,0,0,3,1,1,2,1,0,11,2,15,1,1,1,4,J,68,0,0,0,0,0,0,0,0,0,0,320,170,0,0,0,1,5,999,999,999,9999999,999,999,15,2,0,0,0,0,0,0,995,9.8,998,998,998,99.8,99.8,99.8,2020.89412942835,10,5
16230,30,7,1-30-2020-007-10,10,2,999999999999,99,99,499,9999,48,6,48,99,1,F,9,9999,9,9999,9,0,998,5,72,1,9,9,998,8,9,9,99999,9,9,2,1,5,3,2,1,1,1,1,1,0,0,3,1,1,2,9,1,1,4,62,7,1,1,4,J,69,0,0,0,0,0,0,0,0,0,0,170,320,0,0,0,1,0,999,999,999,9999999,999,999,999,9,0,95,95,95,95,0,995,9.8,998,998,998,99.8,99.8,99.8,2020.89412942835,10,5
16231,19,11,1-19-2020-011-09,9,1,1FTYR44U94PA,17,12,471,2004,34,5,30,0,1,F,2,1502,5,0,1,1,9,2,89,1,0,0,995,0,0,0,35960,1,2,0,4,2,1,2,1,1,1,1,4,2,3,1,1,0,0,3,0,1,3,52,99,1,1,2,D,28,0,0,0,0,0,0,0,0,0,0,45,40,0,1,0,1,1,25,-25,0,14762,998,-32,15,0,1,9,97,0,8,0,995,9.8,998,998,998,99.8,99.8,99.8,686.42190472094,9,5
16231,19,11,1-19-2020-011-09,9,2,4T1BF1FK4EU8,17,49,40,2014,4,1,3,0,1,B,2,1441,5,0,1,1,9,2,89,1,0,0,995,0,0,0,35960,1,2,0,4,2,1,2,1,1,1,1,4,2,3,1,1,0,0,1,0,2,3,53,10,1,1,2,D,29,0,0,0,0,0,0,0,0,0,0,40,45,0,1,0,1,1,25,25,0,63147,998,-27,32,0,1,0,0,0,0,0,995,9.8,998,998,998,99.8,99.8,99.8,686.42190472094,9,5
16232,25,6,1-25-2020-006-07,7,1,2GNFLFEK3E61,17,20,404,2014,14,3,14,0,1,F,9,1782,5,9999,9,0,998,2,64,1,8,0,995,0,7,0,04064,9,9,2,4,5,1,2,1,1,1,1,3,0,0,1,1,0,0,1,0,1,4,65,99,1,1,4,K,79,0,0,0,0,0,0,0,0,0,0,70,5,0,0,0,1,0,999,999,999,9999999,999,999,999,9,0,0,0,0,0,0,995,9.8,998,998,998,99.8,99.8,99.8,938.651112880614,2,5
16232,25,6,1-25-2020-006-07,7,2,JH4DC53012C0,17,54,38,2002,3,1,2,0,1,L,9,1257,5,9999,9,0,998,5,40,1,8,0,995,0,7,0,04072,9,9,2,4,2,1,2,1,2,1,0,0,0,0,1,1,2,2,1,0,10,2,16,99,1,1,4,K,78,0,0,0,0,0,0,0,0,0,0,5,70,0,0,0,1,0,999,999,999,9999999,999,999,999,9,0,95,95,95,95,0,995,9.8,998,998,998,99.8,99.8,99.8,938.651112880614,2,5
16235,10,9,1-10-2020-009-04,4,1,1GNKRHKD8HJ2,17,20,423,2017,15,3,15,99,1,L,9,2107,5,9999,9,0,998,2,56,1,0,0,995,0,0,0,45426,9,9,2,4,2,1,2,1,1,1,0,4,0,0,1,8,2,2,1,0,11,2,15,99,9,9,4,K,82,0,0,0,0,0,0,0,0,0,0,250,0,9,0,0,1,0,999,999,999,9999999,999,999,999,9,0,0,0,0,0,0,995,9.8,998,998,998,99.8,99.8,99.8,345.161615029676,4,5
16235,10,9,1-10-2020-009-04,4,2,1GCWGAFG3K12,17,20,461,2019,22,4,28,99,1,F,9,2497,5,9999,9,0,998,2,56,1,0,0,995,0,0,0,45503,9,9,2,4,2,1,2,1,2,1,0,4,0,0,1,8,0,0,1,0,14,4,67,99,9,9,4,K,83,0,0,0,0,0,0,0,0,0,0,0,250,9,0,0,1,0,999,999,999,9999999,999,999,999,9,0,0,0,0,0,0,995,9.8,998,998,998,99.8,99.8,99.8,345.161615029676,4,5
16236,10,10,1-10-2020-010-06,6,1,1N4AL3AP7DC2,17,35,47,2013,4,1,4,0,1,F,1,1420,5,0,1,5,21,2,89,1,0,0,995,0,0,0,45371,9,9,0,2,3,1,2,1,1,1,1,3,2,1,1,8,0,0,9,1,1,2,13,99,9,4,1,A,1,0,0,0,0,0,0,0,0,0,0,998,998,0,0,0,1,98,999,999,999,9999999,999,999,999,6,0,9,97,0,8,0,998,2.5,999,999,999,1.1,0.4,1.2,189.459615641659,4,5
16239,14,5,1-14-2020-005-08,8,1,1D7HA18N95J6,17,7,482,2005,34,5,31,0,1,F,9,9999,9,9999,9,0,998,2,113,1,1,1,268,2,1,2,78717,1,2,0,2,4,4,2,1,1,1,3,2,1,3,3,8,0,0,9,0,1,3,51,99,1,1,2,D,24,0,0,0,0,0,0,0,0,0,0,65,65,0,0,0,1,0,999,999,999,9999999,999,999,999,9,0,3,14,1,3,0,995,9.8,998,998,998,99.8,99.8,99.8,679.824262462184,8,5
16239,14,5,1-14-2020-005-08,8,2,1FUJHHDR7KLK,17,82,881,2019,66,8,68,0,1,B,9,,,,,,,5,113,1,0,0,995,0,0,0,78045,9,9,0,2,4,4,2,1,1,1,3,2,1,3,3,8,0,0,9,0,1,3,53,99,1,1,2,D,25,,,,,,,,,,,,,,,,,,,,,,,,,,,95,95,95,95,,,9.8,998,998,998,99.8,99.8,99.8,679.824262462184,8,5
16240,14,6,1-14-2020-006-06,6,1,1GNDS13S3621,17,20,403,2006,14,3,14,0,1,F,1,2004,5,9999,9,5,34,2,80,1,0,0,995,0,0,0,78210,9,1,3,5,3,2,2,1,1,1,4,4,0,0,1,1,0,0,9,0,11,2,15,99,1,1,4,J,68,0,0,0,0,0,0,0,0,0,0,200,60,0,0,0,1,1,17,-16,-6,51134,998,-74,22,0,4,0,0,0,0,0,995,9.8,998,998,998,99.8,99.8,99.8,1676.54894673421,8,5
16240,14,6,1-14-2020-006-06,6,2,2HGFB2F82EH5,17,37,31,2014,4,1,3,0,1,F,2,1284,5,0,1,1,15,2,80,1,0,0,995,0,0,0,78258,1,2,2,5,3,1,2,1,1,1,1,2,0,0,1,1,0,0,1,0,1,4,62,4,1,1,4,J,69,0,0,0,0,0,0,0,0,0,0,60,200,0,0,0,1,1,26,-24,9,16459,998,17,17,0,4,1,2,0,4,0,995,9.8,998,998,998,99.8,99.8,99.8,1676.54894673421,8,5
16241,17,9,1-17-2020-009-03,3,1,YV4102PK3J13,17,51,401,2018,14,3,14,0,1,T,1,2030,5,0,1,1,10,2,89,1,9,0,995,0,9,0,52803,1,2,0,4,2,1,2,5,1,1,1,2,0,0,1,1,0,0,1,1,1,1,6,4,2,4,1,B,7,1,6,2,2,1,3,61,1,1,17,997,997,0,0,0,2,6,999,999,999,9999999,999,999,999,6,0,1,1,0,4,3,997,0.4,999,999,999,99.9,99.9,99.9,303.570229451433,4,5
16242,17,10,1-17-2020-010-02,2,1,3N1AB7APXGY2,17,35,43,2016,4,1,3,0,1,F,1,1306,5,0,1,1,7,2,89,1,1,8,997,8,9,0,61270,9,9,2,4,2,1,4,1,1,1,0,0,0,0,1,1,3,2,9,1,10,2,14,4,3,4,1,C,14,0,0,0,0,0,0,0,0,0,0,998,998,0,0,0,2,1,10,-9,5,8393,998,99,10,0,1,1,2,0,4,0,998,2.1,120,120,-6,2.9,3.3,4.4,60.0793896237542,4,5
16243,12,8,1-12-2020-008-03,3,1,1N4AL3AP7FC4,17,35,47,2015,4,1,4,0,1,L,9,1416,5,9999,9,0,998,5,113,1,0,0,995,0,0,0,73030,9,9,0,2,2,1,2,1,2,1,1,3,2,3,1,1,0,0,9,1,15,2,10,1,1,2,2,F,47,0,0,0,0,0,0,0,0,0,0,15,15,0,0,0,1,0,999,999,999,9999999,999,999,999,9,0,95,95,95,95,0,995,9.8,998,998,998,99.8,99.8,99.8,301.539476035742,9,5
16243,12,8,1-12-2020-008-03,3,2,4T1BF1FK0GU5,17,49,40,2016,4,1,4,0,1,T,1,1467,5,0,1,1,4,2,113,1,0,0,995,0,0,0,75248,9,9,0,2,2,2,2,1,2,1,3,2,1,3,1,1,0,0,9,0,14,4,61,1,1,1,2,F,45,1,4,2,2,1,3,61,1,2,999,997,997,0,0,0,3,6,999,999,999,9999999,999,999,999,6,0,2,4,0,4,3,997,1.4,999,999,999,99.9,99.9,99.9,301.539476035742,9,5
16244,12,9,1-12-2020-009-07,7,1,3VWHX7AT9DM6,17,30,47,2013,3,1,2,0,1,F,1,1353,5,0,1,1,11,2,72,1,0,0,995,0,0,0,73443,9,9,0,4,2,1,2,1,1,4,0,2,0,0,2,1,0,0,9,1,1,2,12,1,9,4,1,B,7,0,0,0,0,0,0,0,0,0,0,998,998,0,0,1,2,1,9,-7,-6,7995,998,-106,9,0,4,0,0,0,0,0,998,0.0,30,30,44,8.5,4.1,9.3,1980.30186553666,9,5
16245,77,10,1-77-2020-010-02,2,1,1C4NJCBA5HD1,17,2,1,2017,6,1,2,0,1,R,1,1405,5,0,1,1,14,2,89,1,0,1,0,2,0,0,22960,9,9,2,2,4,4,2,1,1,9,1,2,0,0,1,1,2,2,1,0,11,2,15,1,1,1,4,J,68,0,0,0,0,0,0,0,0,0,0,310,210,0,0,0,1,3,22,-8,-21,38351,998,-27,25,0,4,2,8,0,3,0,995,9.8,998,998,998,99.8,99.8,99.8,82.8182922699722,9,5
16245,77,10,1-77-2020-010-02,2,2,5FNYF4H52BB0,17,37,421,2011,15,3,15,0,1,F,1,2058,5,0,1,5,29,2,89,1,0,0,995,0,0,0,22968,9,9,2,2,4,1,2,1,1,9,1,1,0,0,1,1,0,0,1,0,1,4,62,99,1,1,4,J,69,0,0,0,0,0,0,0,0,0,0,210,310,0,0,0,1,3,16,-15,3,14499,998,39,13,0,4,99,99,0,99,0,995,9.8,998,998,998,99.8,99.8,99.8,82.8182922699722,9,5
16247,77,12,1-77-2020-012-02,2,1,JTEBU5JRXH54,17,49,401,2017,14,3,14,0,1,R,1,2111,5,0,1,1,4,2,72,1,0,0,995,0,0,0,22901,9,9,2,1,4,4,2,3,1,1,1,2,0,0,1,4,0,0,2,0,12,2,21,99,1,1,6,M,98,0,0,0,0,0,0,0,0,0,0,160,70,0,0,0,1,1,12,-2,-12,17644,998,88,12,0,4,99,99,0,99,0,995,9.8,998,998,998,99.8,99.8,99.8,82.8182922699722,9,5
16247,77,12,1-77-2020-012-02,2,2,5NMZUDLB2HH0,17,55,401,2017,14,3,14,0,1,F,1,1640,5,0,1,1,5,2,72,1,0,0,995,0,0,0,22903,1,2,2,1,3,2,2,3,1,1,1,3,0,0,1,4,0,0,1,0,1,4,62,2,1,1,6,M,98,0,0,0,0,0,0,0,0,0,0,70,160,0,0,0,1,1,15,-15,3,17254,998,37,15,0,4,1,1,0,0,0,995,9.8,998,998,998,99.8,99.8,99.8,82.8182922699722,9,5
16248,77,13,1-77-2020-013-05,5,1,5NPEB4AC8CH3,17,55,33,2012,4,1,4,0,1,F,2,1454,5,0,1,1,10,2,56,1,1,1,220,1,1,9,22920,9,9,0,4,2,1,2,1,1,4,0,2,0,0,3,1,0,0,1,1,1,2,13,99,1,4,1,C,11,0,0,0,0,0,0,0,0,0,0,230,230,0,0,0,1,12,999,999,999,9999999,999,999,999,7,0,9,97,0,99,0,995,9.8,998,998,998,99.8,99.8,99.8,105.02908712643,9,5
16248,77,13,1-77-2020-013-05,5,2,WP1AC29P48LA,17,45,421,2008,15,3,15,99,2,B,9,2355,5,9999,9,0,998,,,,,,,,,,,,,,,,,,,,,,,,,,,,,,,,,,,,,,,,,,,,,,,,,,,,,,,,,,,,,,,,,,95,95,95,95,,,,,,,,,,105.02908712643,9,5
16249,11,4,1-11-2020-004-08,8,1,3B7HC13Y1TM1,17,7,482,1996,34,5,31,0,1,F,2,2111,5,0,1,1,15,2,40,1,0,0,995,0,0,0,22546,1,2,2,4,2,1,2,1,1,1,0,0,0,0,1,1,0,0,3,1,1,2,10,8,1,2,3,G,50,0,0,0,0,0,0,0,0,0,0,25,210,0,0,0,1,3,31,-31,5,132636,998,29,38,0,4,2,12,0,3,0,995,9.8,998,998,998,99.8,99.8,99.8,532.337490898282,8,5
16249,11,4,1-11-2020-004-08,8,2,3C6TRVAG4KE5,17,7,463,2019,21,4,21,0,2,F,2,2104,5,9999,9,0,998,,,,,,,,,,,,,,,,,,,,,,,,,,,,,,,,,,,,,,,,,,,,,,,,,,,,,,,,,,,,,,,,,,95,95,95,95,,,,,,,,,,532.337490898282,8,5
16249,11,4,1-11-2020-004-08,8,3,2C4JRGAGXDR6,17,7,443,2013,20,4,20,0,2,B,9,2050,5,9999,9,0,998,,,,,,,,,,,,,,,,,,,,,,,,,,,,,,,,,,,,,,,,,,,,,,,,,,,,,,,,,,,,,,,,,,95,95,95,95,,,,,,,,,,532.337490898282,8,5
16250,11,5,1-11-2020-005-04,4,1,1FADP3K26JL3,17,12,37,2018,5,1,3,0,1,F,2,1327,5,0,1,1,14,2,72,1,0,0,995,0,0,0,23002,9,9,2,2,6,2,2,1,1,1,1,1,0,0,1,1,1,2,1,0,1,3,52,4,1,1,2,D,28,0,0,0,0,0,0,0,0,0,0,255,255,0,0,0,1,1,33,-33,0,54000,998,3,32,0,4,0,0,0,0,0,995,9.8,998,998,998,99.8,99.8,99.8,2417.01694393773,8,5
16250,11,5,1-11-2020-005-04,4,2,5N1AR2MMXDC6,17,35,401,2013,14,3,14,0,1,B,1,1987,5,0,1,1,15,2,72,1,0,0,995,0,0,0,23831,1,2,2,2,6,2,2,1,1,1,1,1,0,0,1,1,1,2,1,0,2,3,53,99,1,1,2,D,29,0,0,0,0,0,0,0,0,0,0,255,255,0,0,0,1,1,21,21,0,43908,998,-3,23,0,4,2,5,0,4,0,995,9.8,998,998,998,99.8,99.8,99.8,2417.01694393773,8,5
16250,11,5,1-11-2020-005-04,4,3,1XPXD49X38N7,17,87,881,2008,66,8,68,0,1,B,9,,,,,,,5,72,1,0,0,995,0,0,0,24534,9,9,2,2,6,2,2,1,1,1,1,1,0,0,1,1,1,2,1,0,5,3,53,99,1,1,6,M,98,,,,,,,,,,,,,,,,,,,,,,,,,,,95,95,95,95,,,9.8,998,998,998,99.8,99.8,99.8,2417.01694393773,8,5
16251,66,4,1-66-2020-004-07,7,1,JHLRD68525C0,17,37,402,2005,14,3,14,0,1,F,2,1480,5,0,1,1,28,2,72,1,0,0,995,0,7,0,65723,9,9,0,4,2,1,2,1,1,3,0,0,0,0,1,1,0,0,1,0,1,4,62,99,1,1,3,G,51,0,0,0,0,0,0,0,0,0,0,0,190,0,0,0,1,98,999,999,999,9999999,999,999,999,7,0,0,0,0,0,0,995,9.8,998,998,998,99.8,99.8,99.8,138.754407815887,6,5
16251,66,4,1-66-2020-004-07,7,2,3FA6P0K99ER3,17,12,23,2014,4,1,4,0,1,F,2,1775,5,0,1,1,31,2,72,1,0,0,995,0,7,0,65723,1,2,0,4,2,1,2,1,1,3,0,0,0,0,1,1,0,0,1,1,1,2,10,4,1,2,3,G,50,0,0,0,0,0,0,0,0,0,0,190,0,0,0,0,1,8,999,999,999,9999999,999,999,999,7,0,1,1,0,0,0,995,9.8,998,998,998,99.8,99.8,99.8,138.754407815887,6,5
16252,66,5,1-66-2020-005-09,9,1,5TBBT44102S2,17,49,482,2002,34,5,31,0,1,F,1,2060,5,9999,9,0,998,5,0,1,0,0,995,0,7,0,65605,9,9,3,4,4,2,2,1,1,2,2,2,0,0,1,8,0,0,9,0,10,2,16,1,1,1,4,K,78,0,0,0,0,0,0,0,0,0,0,225,330,0,0,0,1,3,3,-3,0,733,998,0,3,0,4,95,95,95,95,0,995,9.8,998,998,998,99.8,99.8,99.8,141.917212372304,6,5
16252,66,5,1-66-2020-005-09,9,2,2G1WF55E0293,17,20,2,2002,4,1,4,0,1,R,1,1552,5,0,1,1,32,3,56,1,0,0,995,0,7,0,65712,9,9,3,4,3,1,2,1,1,1,1,2,0,0,1,8,0,0,1,0,1,4,70,1,1,1,4,K,79,0,0,0,0,0,0,0,0,0,0,330,225,0,0,0,1,3,3,-1,-3,1848,998,190,3,0,4,99,99,0,99,0,995,9.8,998,998,998,99.8,99.8,99.8,141.917212372304,6,5
16253,24,10,1-24-2020-010-02,2,1,1FM5K8AR8HGE,17,12,401,2017,14,3,14,5,1,F,2,2067,5,9999,9,5,13,2,40,1,0,0,995,0,0,0,08401,2,2,2,2,2,2,2,1,1,1,1,0,0,0,2,1,1,2,9,0,11,2,15,99,1,1,4,J,68,0,0,0,0,0,0,0,0,0,0,180,20,0,0,0,1,12,999,999,999,9999999,999,999,999,7,0,2,4,0,3,0,995,9.8,998,998,998,99.8,99.8,99.8,80.9838303797317,1,5
16253,24,10,1-24-2020-010-02,2,2,1FBVU4XG3JKA,17,12,462,2018,21,4,21,0,1,F,9,3016,5,9999,9,0,998,2,40,1,0,0,995,0,0,0,08401,2,2,2,4,2,1,2,1,1,1,0,0,0,0,2,1,1,2,9,0,1,4,62,99,1,1,4,J,69,0,0,0,0,0,0,0,0,0,0,20,180,0,0,0,1,0,999,999,999,9999999,999,999,999,9,0,1,1,0,3,0,995,9.8,998,998,998,99.8,99.8,99.8,80.9838303797317,1,5
16254,24,11,1-24-2020-011-03,3,1,JTMBFREV9HJ1,17,49,402,2017,14,3,14,0,1,F,2,1568,5,0,1,1,10,2,40,1,0,0,995,0,0,0,08055,1,2,2,4,2,1,2,1,1,1,0,0,0,0,2,1,2,2,1,0,1,2,17,1,1,1,5,L,86,0,0,0,0,0,0,0,0,0,0,100,210,0,0,0,1,1,30,-26,15,105492,998,96,31,0,4,0,0,0,0,0,995,9.8,998,998,998,99.8,99.8,99.8,226.423017888067,1,5
16254,24,11,1-24-2020-011-03,3,2,2C3CDXHG1GH1,17,7,24,2016,4,1,5,0,1,R,2,1785,5,0,1,1,10,2,80,1,0,0,995,0,0,0,08330,1,2,2,4,4,1,2,1,1,1,1,3,0,0,2,1,0,0,1,0,1,4,66,3,1,1,5,L,87,0,0,0,0,0,0,0,0,0,0,210,100,0,0,0,1,1,29,-22,-19,59169,998,60,26,0,4,0,0,0,4,0,995,9.8,998,998,998,99.8,99.8,99.8,226.423017888067,1,5
16255,24,12,1-24-2020-012-06,6,1,KMHWF35HX4A0,17,55,33,2004,4,1,3,0,1,L,1,1476,5,0,1,1,20,2,80,1,0,0,995,0,0,0,08030,9,9,2,4,2,1,2,1,1,1,0,0,0,0,1,1,2,2,2,0,4,2,15,99,1,1,4,K,82,0,0,0,0,0,0,0,0,0,0,290,40,0,0,0,1,1,19,-3,19,16271,998,-67,15,0,4,0,0,0,0,0,995,9.8,998,998,998,99.8,99.8,99.8,355.969829380749,1,5
16255,24,12,1-24-2020-012-06,6,2,WDCGG8JB1DG0,17,42,403,2013,14,3,14,0,1,F,1,1845,5,0,1,1,20,2,80,1,0,0,995,0,0,0,08344,2,2,2,1,2,2,2,1,1,1,1,3,0,0,1,1,0,0,9,0,1,4,67,99,1,1,4,K,83,0,0,0,0,0,0,0,0,0,0,40,290,0,0,0,1,1,16,-16,3,31674,998,-7,21,0,4,1,1,0,4,0,995,9.8,998,998,998,99.8,99.8,99.8,355.969829380749,1,5
16256,24,13,1-24-2020-013-04,4,1,KMHD84LF3LU9,17,55,35,2020,4,1,3,0,1,F,1,1290,8,0,1,1,14,2,80,1,0,0,995,0,0,0,08330,1,1,2,4,2,1,2,1,1,1,1,2,0,0,5,1,1,2,1,0,1,3,50,2,1,1,2,D,20,0,0,0,0,0,0,0,0,0,0,240,240,0,0,0,1,3,14,-14,0,11067,998,-15,14,0,4,0,0,0,0,0,995,9.8,998,998,998,99.8,99.8,99.8,735.355962215073,1,5