CASEID,PSU,CASENO,CASENUMBER,CATEGORY,VEHNO,VIN,VINLENGTH,MAKE,MODEL,MODELYR,BODYTYPE,BODYCAT,VEHCLASS,SPECUSE,TRANSTAT,DAMPLANE,DAMSEV,CURBWT,CURBSRC,CARGOWT,CARGOSRC,INSPTYPE,INSPLAG,TOWED,SPEEDLIMIT,DRPRESENT,PARALCOHOL,ALCTEST,ALCTESTRESULT,ALCTESTSRC,PARDRUG,DRUGTEST,ZIP,RACE,ETHNICITY,RELTOJUNCT,TRAFFLOW,RDLANES,INITLANE,SURFTYPE,SURFCOND,ALIGNMENT,PROFILE,LINERIGHT,LINELEFT,RUMBINIT,RUMBROAD,LIGHTCOND,WEATHER,TRAFDEV,TRAFFUNCT,DISTRACT,PREFHE,PREMOVE,CRITCAT,CRITEVENT,MANEUVER,PRESTAB,PRELOC,CRASHCAT,CRASHCONF,CRASHTYPE,ROLLTYPE,ROLLTURN,ROLLINTRPT,ROLLPREMAN,ROLLINITYP,ROLLINLOC,ROLLOBJ,ROLLTRIP,ROLLDIR,ROLLDIST,DVANGTHIS,DVANGOTH,TOWHITCH,TRAJDOC,TREEPOLE,DVEVENT,DVBASIS,DVTOTAL,DVLONG,DVLAT,DVENERGY,DVSPEED,DVMOMENT,DVBES,DVEST,DVCONF,VAIS,VISS,VINJURED,VTREAT,INITOBJCLASS,HEADANGLECAT,SHLDRWIDTH,STRKLENGTH,STRKWIDTH,STRKHEIGHT,EDGEDISTX,EDGEDISTY,EDGEDISTZ,CASEWGT,PSUSTRAT,VERSION
16256,24,13,1-24-2020-013-04,4,2,5XYPG4A32KG5,17,63,402,2019,14,3,14,0,1,B,1,1728,5,9999,9,0,998,5,80,1,0,0,995,0,0,0,08215,9,9,2,4,2,1,2,1,1,1,1,2,0,0,5,1,1,2,9,0,5,3,53,1,1,1,2,D,21,0,0,0,0,0,0,0,0,0,0,240,240,0,0,0,1,3,11,11,0,8365,998,0,11,0,4,95,95,95,95,0,995,9.8,998,998,998,99.8,99.8,99.8,735.355962215073,1,5
16257,59,2,1-59-2020-002-03,3,1,1N4AA5APXAC8,17,35,39,2010,4,1,4,0,1,F,1,1630,5,0,1,1,5,2,48,1,0,0,995,0,0,0,47804,1,2,2,4,2,1,2,2,1,1,0,1,0,0,4,9,1,2,1,0,1,2,17,99,1,1,5,L,88,0,0,0,0,0,0,0,0,0,0,190,100,0,0,0,1,3,16,-14,-8,10891,998,-110,10,0,1,0,0,0,5,0,995,9.8,998,998,998,99.8,99.8,99.8,159.639638944111,6,5
16257,59,2,1-59-2020-002-03,3,2,1FTEW1EG9HKD,17,12,481,2017,34,5,31,0,1,L,1,2130,5,0,1,1,7,2,48,1,0,0,995,0,0,0,47803,1,1,2,3,3,1,2,2,1,1,0,1,0,0,4,9,1,2,1,0,1,4,66,4,1,2,5,L,89,0,0,0,0,0,0,0,0,0,0,100,190,0,0,0,1,3,12,-6,10,28543,998,-57,17,0,1,1,1,0,6,0,995,0.0,25,25,120,1.6,1.2,2.1,159.639638944111,6,5
16258,28,5,1-28-2020-005-04,4,1,1C4RJFBG4GC4,17,2,422,2016,15,3,15,0,1,R,1,2211,5,0,1,1,21,2,72,1,0,0,995,0,0,0,16915,1,2,0,4,2,1,2,3,3,1,0,2,0,0,1,4,6,2,1,1,14,1,5,2,2,4,1,A,2,0,0,0,0,0,0,0,0,0,0,998,998,0,0,1,2,12,999,999,999,9999999,999,999,999,1,0,0,0,0,0,0,998,0.0,18,18,118,57.0,6.6,57.7,123.963031646329,3,5
16259,28,6,1-28-2020-006-09,9,1,1FAFP56285A2,17,12,17,2005,4,1,3,0,1,R,1,1500,5,0,1,1,9,2,89,1,0,0,995,0,0,0,16912,9,9,0,4,2,1,5,5,3,4,0,0,0,0,1,1,0,0,1,1,14,1,5,99,4,4,1,B,7,0,0,0,0,0,0,0,0,0,0,998,998,0,0,1,2,1,20,0,-20,26363,998,-26,20,0,1,99,99,0,99,0,998,0.0,49,49,120,5.3,18.9,19.4,210.343740541914,3,5
16261,10,12,1-10-2020-012-02,2,1,1HGCR2F1XHA0,17,37,32,2017,4,1,4,99,1,F,2,1496,5,9999,9,4,12,2,89,1,1,1,210,1,0,0,45458,9,9,0,4,2,1,2,2,2,1,1,2,0,0,2,2,0,0,9,1,14,2,13,99,9,4,1,A,1,0,0,0,0,0,0,0,0,0,0,998,998,9,0,1,1,12,999,999,999,9999999,999,999,999,7,0,9,97,0,8,0,998,9.9,35,35,999,75.0,3.3,76.2,22.4086761209608,4,5
16262,10,13,1-10-2020-013-10,10,1,1GCESCD99A81,17,20,473,2010,34,5,30,0,1,F,2,1636,5,9999,9,4,6,2,56,1,0,0,995,0,0,0,45429,9,9,2,4,4,3,2,1,1,1,1,2,0,0,3,1,1,2,1,1,11,2,13,99,1,4,1,A,1,0,0,0,0,0,0,0,0,0,0,998,998,0,0,7,1,12,999,999,999,9999999,999,999,999,7,0,0,0,0,0,0,998,9.9,999,999,999,99.9,99.9,99.9,1183.35390278888,4,5
16264,48,4,1-48-2020-004-10,10,1,KMHDU46D88U3,17,55,35,2008,4,1,3,0,1,F,2,1313,5,0,1,1,9,2,129,1,0,0,995,0,0,0,84020,9,9,0,2,2,2,1,4,2,1,3,2,1,3,2,4,0,0,9,1,14,1,6,99,4,4,1,B,7,0,0,0,0,0,0,0,0,0,0,998,998,0,0,0,1,10,999,999,999,9999999,999,999,999,7,0,0,0,0,0,0,998,3.3,10,10,36,20.8,6.8,22.8,796.084093565936,12,5
16265,48,5,1-48-2020-005-07,7,1,1HGCR3F85DA0,17,37,32,2013,4,1,4,0,1,F,1,1615,5,0,1,1,5,2,48,1,0,1,0,2,0,1,84010,1,2,0,5,3,1,2,1,1,1,0,2,0,0,1,8,0,0,3,1,1,1,8,1,1,4,1,C,11,0,0,0,0,0,0,0,0,0,0,998,998,0,0,0,3,11,999,999,999,9999999,999,999,999,6,0,1,1,0,3,0,998,0.0,999,999,999,13.4,9.4,16.7,175.541860572733,12,5
16265,48,5,1-48-2020-005-07,7,2,3TMLU4EN7AM0,17,49,472,2010,34,5,30,0,2,L,1,1791,5,9999,9,0,998,,,,,,,,,,,,,,,,,,,,,,,,,,,,,,,,,,,,,,,,,,,,,,,,,,,,,,,,,,,,,,,,,,95,95,95,95,,,,,,,,,,175.541860572733,12,5
16266,52,9,1-52-2020-009-03,3,1,1J8HG58216C3,17,2,406,2006,14,3,14,0,1,F,1,2289,5,0,1,1,11,2,40,1,0,0,995,0,0,0,82414,1,2,2,4,4,2,2,1,1,1,1,2,0,0,1,1,1,2,1,0,1,2,17,99,1,1,5,L,86,0,0,0,0,0,0,0,0,0,0,320,50,0,0,0,1,1,12,-9,8,24551,998,122,12,0,4,0,0,0,0,0,995,9.8,998,998,998,99.8,99.8,99.8,46.1185560485767,12,5
16266,52,9,1-52-2020-009-03,3,2,4S4WMAJD3K34,17,48,421,2019,15,3,15,0,1,R,1,2073,5,0,1,1,10,2,40,1,0,0,995,0,0,0,59102,1,2,2,3,3,2,2,1,1,1,1,1,0,0,1,1,1,2,1,0,1,4,66,3,1,1,5,L,87,0,0,0,0,0,0,0,0,0,0,50,320,0,0,0,1,1,14,-9,-10,14366,998,5,13,0,4,1,1,0,6,0,995,9.8,998,998,998,99.8,99.8,99.8,46.1185560485767,12,5
16266,52,9,1-52-2020-009-03,3,3,3HGCM56343G7,17,37,32,2003,4,1,3,0,1,R,9,1389,5,9999,9,0,998,5,40,1,0,0,995,0,0,0,59105,9,9,2,3,3,3,2,1,1,1,1,0,0,0,1,1,1,2,9,0,1,4,61,99,1,1,6,M,98,0,0,0,0,0,0,0,0,0,0,60,45,0,0,0,2,0,999,999,999,9999999,999,999,999,9,0,95,95,95,95,0,995,9.8,998,998,998,99.8,99.8,99.8,46.1185560485767,12,5
16267,52,10,1-52-2020-010-04,4,1,2C4RC1DGXHR5,17,6,443,2017,20,4,20,0,1,F,1,1964,5,0,1,1,11,2,40,1,0,0,995,0,0,0,59101,1,1,2,4,3,1,2,1,1,1,1,1,0,0,3,1,1,2,1,0,1,2,17,3,1,1,5,L,88,0,0,0,0,0,0,0,0,0,0,85,0,0,0,0,1,1,10,-7,-6,12190,998,-146,9,0,1,0,0,0,6,0,995,9.8,998,998,998,99.8,99.8,99.8,149.628936216712,12,5
16267,52,10,1-52-2020-010-04,4,2,1GYS3HEF5CR1,17,19,421,2012,15,3,15,0,1,L,1,2695,5,0,1,1,11,2,40,1,0,0,995,0,0,0,59101,9,9,2,4,3,1,2,1,1,1,0,1,0,0,3,1,1,2,9,0,1,4,66,1,1,1,5,L,89,1,1,2,9,1,4,63,1,1,3,0,85,0,1,0,1,1,7,-5,5,10203,998,-102,8,0,1,1,1,0,4,3,995,9.8,998,998,998,99.8,99.8,99.8,149.628936216712,12,5
16268,52,11,1-52-2020-011-04,4,1,5XYZGDAB0CG0,17,55,401,2012,14,3,14,0,1,R,1,1868,5,9999,9,0,998,2,40,1,0,0,995,0,0,0,59044,9,9,2,4,2,1,2,1,1,1,0,0,0,0,1,1,2,2,9,0,1,2,17,99,1,1,5,L,87,0,0,0,0,0,0,0,0,0,0,265,175,0,0,0,1,3,14,-2,-14,21962,998,35,17,0,4,0,0,0,0,0,995,9.8,998,998,998,99.8,99.8,99.8,149.628936216712,12,5
16268,52,11,1-52-2020-011-04,4,2,1C4PJMBN8KD1,17,2,404,2019,14,3,14,0,1,F,1,1797,5,46,1,1,13,2,40,1,0,0,995,0,0,0,59102,9,9,2,4,2,1,2,1,1,1,0,2,0,0,1,1,0,0,9,0,1,4,66,4,1,1,5,L,86,0,0,0,0,0,0,0,0,0,0,175,265,0,0,0,1,3,14,-14,2,11915,998,64,12,0,4,0,0,0,0,0,995,9.8,998,998,998,99.8,99.8,99.8,149.628936216712,12,5
16269,52,12,1-52-2020-012-03,3,1,KNDPMCAC8J74,17,63,401,2018,14,3,14,0,1,F,2,1696,5,0,1,1,20,2,80,1,0,0,995,0,0,0,59105,1,2,2,4,2,1,2,1,1,1,1,2,0,0,2,1,2,2,9,0,1,2,17,99,1,1,5,L,88,0,0,0,0,0,0,0,0,0,0,90,0,0,0,0,1,1,30,-20,-23,169933,998,-139,34,0,4,2,8,0,3,0,995,9.8,998,998,998,99.8,99.8,99.8,46.1185560485767,12,5
16269,52,12,1-52-2020-012-03,3,2,1GYS4JKJ3KR2,17,19,421,2019,15,3,15,0,1,L,1,2740,5,0,1,1,20,2,80,1,0,0,995,0,0,0,59105,1,2,2,4,2,1,2,1,1,1,1,2,0,0,2,1,0,0,1,0,1,4,66,1,1,1,5,L,89,0,0,0,0,0,0,0,0,0,0,0,90,0,0,0,1,1,20,-15,13,8960,998,29,9,0,4,1,2,0,6,0,995,0.2,15,15,120,12.2,5.5,14.0,46.1185560485767,12,5
16270,23,3,1-23-2020-003-01,1,1,1J4HR58226C3,17,2,404,2006,14,3,14,0,1,F,2,2116,5,91,1,1,17,2,89,1,1,1,73,1,1,2,43334,1,9,2,4,2,1,2,3,1,2,0,0,0,0,2,4,2,2,9,0,1,2,14,4,1,4,1,C,14,0,0,0,0,0,0,0,0,0,0,998,998,0,0,0,2,10,999,999,999,9999999,999,0,34,3,0,4,16,1,1,0,998,1.0,6,86,1,0.8,0.3,0.8,82.9187711280704,5,5
16271,32,9,1-32-2020-009-05,5,1,3N1CN7AP1EL8,17,35,50,2014,4,1,2,0,1,L,3,1132,5,0,1,1,15,2,64,1,1,1,297,2,0,1,75252,1,1,2,4,3,2,1,1,1,1,3,4,0,0,3,1,2,2,9,0,11,2,15,8,1,1,4,K,82,0,0,0,0,0,0,0,0,0,0,40,140,0,0,0,1,3,45,-8,44,110605,998,9,48,0,4,2,6,0,3,0,995,9.8,998,998,998,99.8,99.8,99.8,110.852467602174,7,5
16271,32,9,1-32-2020-009-05,5,2,2GTEK19T5213,17,23,481,2002,34,5,31,0,1,F,2,1787,5,9999,9,0,998,5,64,1,0,0,995,0,0,0,75150,9,9,2,1,3,2,1,1,1,1,3,1,0,0,3,1,0,0,9,0,1,4,67,99,1,1,4,K,83,0,0,0,0,0,0,0,0,0,0,140,40,0,0,0,1,3,30,-30,0,46768,998,0,26,0,4,95,95,95,95,0,995,9.8,998,998,998,99.8,99.8,99.8,110.852467602174,7,5
16272,32,10,1-32-2020-010-06,6,1,2G1WA5EK3B11,17,20,2,2011,4,1,4,0,1,F,1,1613,5,0,1,1,20,2,48,1,0,0,995,0,0,0,75227,2,9,2,1,4,1,2,2,1,1,0,1,0,0,3,2,1,2,9,0,1,2,17,99,1,1,5,L,86,0,0,0,0,0,0,0,0,0,0,50,130,0,0,0,1,12,999,999,999,9999999,999,999,999,2,0,99,99,0,0,0,995,9.8,998,998,998,99.8,99.8,99.8,1629.03992121204,7,5
16272,32,10,1-32-2020-010-06,6,2,5GTDN13E2782,17,3,431,2007,16,3,16,0,1,F,1,2909,5,9999,9,0,998,2,48,1,0,0,995,0,0,0,75115,2,9,2,4,4,2,1,2,1,1,1,2,0,0,3,2,1,2,9,0,1,4,66,99,1,1,5,L,87,0,0,0,0,0,0,0,0,0,0,90,310,0,0,0,3,3,23,-21,-8,140529,998,-78,31,0,4,99,99,0,0,0,995,9.8,998,998,998,99.8,99.8,99.8,1629.03992121204,7,5
16272,32,10,1-32-2020-010-06,6,3,1FMCU0GX9EUB,17,12,402,2014,14,3,14,0,1,F,2,1635,5,0,1,1,20,2,48,1,0,1,0,2,0,0,75215,2,9,2,4,3,2,1,2,1,1,1,2,0,0,3,2,1,2,9,0,5,4,62,1,1,1,6,M,98,0,0,0,0,0,0,0,0,0,0,310,90,0,0,0,3,3,37,-35,13,77350,998,90,27,0,4,1,1,0,3,0,995,9.8,998,998,998,99.8,99.8,99.8,1629.03992121204,7,5
16273,32,11,1-32-2020-011-02,2,1,JN8AY2NF2H93,17,35,421,2017,15,3,15,0,1,F,2,2684,5,0,1,1,11,2,113,1,1,1,160,1,0,0,75025,1,2,1,2,4,1,1,1,1,1,1,3,0,0,3,1,0,0,1,1,1,2,13,98,1,4,1,A,1,0,0,0,0,0,0,0,0,0,0,998,998,0,0,0,1,10,999,999,999,9999999,999,999,999,7,0,2,5,0,4,0,998,0.0,999,999,999,9.7,3.4,10.4,49.9308978016946,7,5
16274,32,12,1-32-2020-012-02,2,1,ZACCJABB1JPJ,17,2,408,2018,14,3,14,0,1,F,2,1372,5,0,1,1,9,2,113,1,0,0,995,0,0,0,75231,1,2,0,2,4,3,1,1,1,2,3,3,0,0,4,8,0,0,3,0,1,3,51,1,1,1,2,D,24,0,0,0,0,0,0,0,0,0,0,70,70,0,0,0,1,3,26,-26,0,30004,998,0,23,0,4,2,5,0,4,0,995,3.4,999,999,999,0.0,0.0,0.0,41.6863174651544,7,5
16274,32,12,1-32-2020-012-02,2,2,1GCFG15X0611,17,20,461,2006,21,4,21,0,1,B,1,2102,5,9999,9,0,998,5,113,1,0,0,995,0,0,0,75253,9,9,0,2,4,3,1,1,1,2,3,3,0,0,4,8,0,0,9,0,1,3,53,1,1,1,2,D,25,0,0,0,0,0,0,0,0,0,0,70,70,0,0,0,1,3,18,18,0,35587,998,0,20,0,4,95,95,95,95,0,995,9.8,998,998,998,99.8,99.8,99.8,41.6863174651544,7,5
16277,27,4,1-27-2020-004-04,4,1,5FRYD4H45GB0,17,54,421,2016,15,3,15,0,1,R,1,1970,5,0,1,1,5,2,40,1,0,0,995,0,0,0,01201,1,2,2,3,1,1,2,1,1,1,0,0,0,0,3,1,5,2,1,0,1,2,17,7,1,1,5,L,87,0,0,0,0,0,0,0,0,0,0,125,40,0,0,0,1,1,14,-5,-13,10627,998,64,10,0,1,0,0,0,0,0,995,9.8,998,998,998,99.8,99.8,99.8,91.1500544173635,3,5
16277,27,4,1-27-2020-004-04,4,2,JM3KE4DY0E03,17,41,403,2014,14,3,14,0,1,F,1,1604,5,0,1,1,6,2,40,1,0,0,995,0,0,0,01201,1,2,2,4,2,1,2,1,2,1,1,2,0,0,3,1,0,0,1,0,14,4,66,4,1,1,5,L,86,0,0,0,0,0,0,0,0,0,0,40,125,0,0,0,1,1,17,-16,6,33513,998,58,20,0,1,1,1,0,4,0,995,9.8,998,998,998,99.8,99.8,99.8,91.1500544173635,3,5
16278,27,5,1-27-2020-005-06,6,1,3N1AB7AP2FY3,17,35,43,2015,4,1,3,0,1,F,1,1293,5,0,1,1,22,2,56,1,0,1,0,2,9,2,01201,9,9,2,4,2,1,2,1,1,1,0,2,0,0,3,1,2,2,9,1,1,6,87,4,1,4,1,C,14,0,0,0,0,0,0,0,0,0,0,998,998,0,1,2,1,10,999,999,999,9999999,999,27,20,2,0,1,2,0,4,0,998,0.7,30,30,92,0.0,1.3,1.3,54.4857147149833,3,5
16279,76,8,1-76-2020-008-10,10,1,3C6UR5CL6GG1,17,7,482,2016,34,5,31,0,1,F,9,3090,5,9999,9,0,998,5,89,1,8,9,998,8,7,9,13750,9,9,2,4,2,1,2,1,3,1,1,2,0,0,1,1,0,0,9,0,14,4,67,99,1,1,4,K,83,0,0,0,0,0,0,0,0,0,0,60,280,0,0,0,1,0,999,999,999,9999999,999,999,999,9,0,95,95,95,95,0,995,9.8,998,998,998,99.8,99.8,99.8,304.777838145323,3,5
16279,76,8,1-76-2020-008-10,10,2,5TEPX42N69Z6,17,49,472,2009,34,5,31,0,1,F,1,1662,8,0,1,1,20,2,89,1,8,9,998,8,7,9,13740,9,9,2,4,2,1,2,1,2,2,0,0,0,0,1,1,2,2,9,0,11,2,15,99,1,1,4,K,82,0,0,0,0,0,0,0,0,0,0,280,60,0,0,0,1,5,999,999,999,9999999,999,999,999,6,0,0,0,0,0,0,995,9.8,998,998,998,99.8,99.8,99.8,304.777838145323,3,5
16280,77,14,1-77-2020-014-09,9,1,1GKEK13Z04J1,17,23,421,2004,15,3,15,0,1,R,1,2506,5,9999,9,0,998,5,72,1,0,0,995,0,0,0,24590,9,9,2,1,4,4,2,2,1,9,1,2,0,0,3,8,1,2,1,0,11,2,15,99,1,1,4,J,68,0,0,0,0,0,0,0,0,0,0,170,40,0,0,0,1,3,19,-16,-9,84520,998,90,25,0,4,95,95,95,95,0,995,9.8,998,998,998,99.8,99.8,99.8,1022.65808921567,9,5
16280,77,14,1-77-2020-014-09,9,2,5J6YH28573L0,17,37,403,2003,14,3,14,0,1,F,2,1631,5,0,1,1,10,2,72,1,0,0,995,0,0,0,22901,9,9,2,1,4,2,2,2,1,9,1,3,0,0,3,8,1,2,1,0,1,2,17,7,1,1,4,J,69,0,0,0,0,0,0,0,0,0,0,40,170,0,0,0,1,3,27,-26,9,46005,998,111,20,0,4,99,99,0,0,0,995,9.8,998,998,998,99.8,99.8,99.8,1022.65808921567,9,5
16282,19,12,1-19-2020-012-06,6,1,JM1BL1V74C16,17,41,51,2012,4,1,2,0,1,F,2,1378,5,0,1,1,4,2,80,1,0,1,146,2,0,0,35952,1,9,0,4,3,1,2,1,3,2,1,3,2,3,2,8,0,0,9,1,14,2,13,2,2,4,1,A,1,1,4,1,2,1,4,61,1,2,29,998,998,0,1,3,1,10,999,999,999,9999999,999,999,999,7,0,1,1,0,4,3,998,0.5,60,60,60,25.4,1.3,25.4,197.2422890012,9,5
16283,19,13,1-19-2020-013-03,3,1,1G4HP52K05U1,17,18,2,2005,4,1,4,0,1,F,1,1618,5,0,1,1,9,2,72,1,0,0,995,0,0,0,35954,1,2,2,1,4,4,2,1,1,1,1,2,0,0,1,1,1,2,1,0,11,4,66,1,1,1,4,K,82,0,0,0,0,0,0,0,0,0,0,20,160,0,0,0,1,1,15,-14,5,21474,998,73,16,0,1,0,0,0,0,0,995,9.8,998,998,998,99.8,99.8,99.8,97.5054468791012,9,5
16283,19,13,1-19-2020-013-03,3,2,3CZRM3H5XGG7,17,37,402,2016,14,3,14,0,1,F,1,1531,5,0,1,1,8,2,72,1,0,0,995,0,0,0,35901,2,2,2,4,2,1,2,1,1,2,0,4,0,0,1,1,1,2,1,0,1,2,17,1,1,1,4,K,83,0,0,0,0,0,0,0,0,0,0,160,20,0,0,0,1,1,15,-14,-5,10606,998,-19,13,0,1,1,1,0,4,0,995,9.8,998,998,998,99.8,99.8,99.8,97.5054468791012,9,5
16284,19,14,1-19-2020-014-03,3,1,2FMPK3J94KBB,17,12,424,2019,15,3,15,0,1,R,1,1800,5,0,1,1,8,2,72,1,0,0,995,0,0,0,35906,1,2,0,4,4,1,2,1,1,1,1,3,0,0,3,1,0,0,1,0,1,6,87,1,1,1,1,C,13,0,0,0,0,0,0,0,0,0,0,998,998,0,0,0,2,10,999,999,999,9999999,999,999,999,6,0,1,1,0,5,0,998,9.8,998,998,998,99.8,99.8,99.8,97.5054468791012,9,5
16285,19,15,1-19-2020-015-03,3,1,4JGDA5HB7HA8,17,42,404,2017,14,3,14,0,1,B,1,2155,8,9999,9,0,998,5,999,1,0,0,995,0,0,0,35904,9,9,0,1,2,2,2,1,1,1,3,2,0,0,1,1,0,0,9,0,2,3,53,99,1,1,2,D,29,0,0,0,0,0,0,0,0,0,0,30,30,0,0,0,1,3,10,10,0,8153,998,0,10,0,4,95,95,95,95,0,995,9.8,998,998,998,99.8,99.8,99.8,97.5054468791012,9,5
16285,19,15,1-19-2020-015-03,3,2,1N4AL3AP3HN3,17,35,47,2017,4,1,4,0,1,F,1,1453,5,0,1,1,8,2,999,1,0,0,995,0,0,0,35901,1,9,0,1,2,2,2,1,1,1,3,2,0,0,1,1,0,0,1,0,1,3,52,4,1,1,2,D,28,0,0,0,0,0,0,0,0,0,0,30,30,0,0,0,1,3,14,-14,0,10787,998,-26,13,0,4,1,2,0,4,0,995,9.8,998,998,998,99.8,99.8,99.8,97.5054468791012,9,5
16286,31,5,1-31-2020-005-04,4,1,1G1ZD5ST3JF1,17,20,37,2018,4,1,4,0,1,F,1,1400,5,0,2,1,15,2,89,1,1,0,995,0,0,0,62821,1,2,0,4,2,1,4,5,1,1,0,0,0,0,2,1,0,0,1,0,1,1,5,2,8,1,1,C,15,0,0,0,0,0,0,0,0,0,0,999,999,0,0,0,1,12,999,999,999,9999999,999,999,999,6,0,0,0,0,0,0,999,9.8,998,998,998,99.8,99.8,99.8,237.357218467692,6,5
16287,31,6,1-31-2020-006-04,4,1,5NMS33AD8KH0,17,55,401,2019,14,3,14,0,1,F,1,1629,5,0,2,5,9,2,89,1,0,0,995,0,0,0,42431,1,2,0,4,2,1,2,1,3,1,1,2,0,0,1,1,0,0,1,0,14,6,88,2,1,1,1,C,13,0,0,0,0,0,0,0,0,0,0,998,998,0,0,0,1,12,999,999,999,9999999,999,999,999,6,0,0,0,0,0,0,998,9.8,998,998,998,99.8,99.8,99.8,237.357218467692,6,5
16290,25,8,1-25-2020-008-06,6,1,4S4BRBCC8E33,17,48,45,2014,5,1,3,0,1,F,1,1621,5,0,1,1,7,2,56,1,8,0,995,0,7,0,04105,9,9,0,4,2,1,2,1,2,2,1,2,0,0,3,1,0,0,9,1,14,2,10,99,1,2,3,I,64,0,0,0,0,0,0,0,0,0,0,20,220,0,0,0,1,8,999,999,999,9999999,999,999,999,6,0,0,0,0,0,0,995,9.8,998,998,998,99.8,99.8,99.8,399.137094456167,2,5
16290,25,8,1-25-2020-008-06,6,2,JF2SJAEC3EH4,17,48,401,2014,14,3,14,0,1,L,2,1550,5,0,1,1,7,2,56,1,8,0,995,0,7,0,04105,9,9,0,4,2,1,2,1,3,2,1,2,0,0,3,1,0,0,1,0,14,4,62,99,1,1,3,I,65,0,0,0,0,0,0,0,0,0,0,220,20,0,0,0,1,8,999,999,999,9999999,999,999,999,7,0,0,0,0,5,0,995,1.1,10,10,999,2.2,3.8,4.3,399.137094456167,2,5
16291,73,5,1-73-2020-005-06,6,1,3VW4T7AJ9DM2,17,30,40,2013,4,1,3,0,1,F,1,1441,5,0,1,1,21,2,40,1,0,0,995,0,0,0,04426,9,9,3,4,2,1,2,4,1,1,0,2,0,0,1,8,1,2,1,0,1,4,72,99,1,1,4,K,83,0,0,0,0,0,0,0,0,0,0,185,50,0,0,0,1,12,999,999,999,9999999,999,999,999,6,0,99,99,0,99,0,995,9.8,998,998,998,99.8,99.8,99.8,166.576306288964,3,5
16291,73,5,1-73-2020-005-06,6,2,JF1GD29682G5,17,48,38,2002,4,1,1,0,1,L,9,1399,5,9999,9,0,998,5,40,1,0,0,995,0,0,0,04426,9,9,3,3,1,1,2,4,1,1,0,0,0,0,1,8,1,2,1,0,11,4,72,99,1,1,4,K,82,0,0,0,0,0,0,0,0,0,0,50,185,0,0,0,1,0,999,999,999,9999999,999,999,999,9,0,95,95,95,95,0,995,9.8,998,998,998,99.8,99.8,99.8,166.576306288964,3,5
16292,73,6,1-73-2020-006-07,7,1,1FAHP24W38G1,17,12,17,2008,4,1,4,0,1,F,1,1653,5,9999,9,0,998,5,40,1,0,0,995,0,7,0,04976,9,9,2,4,2,1,2,1,1,1,0,2,0,0,1,1,1,2,9,0,11,2,15,99,1,1,4,J,68,0,0,0,0,0,0,0,0,0,0,45,270,0,0,0,1,3,13,-13,-2,9450,998,-38,12,0,4,95,95,95,95,0,995,9.8,998,998,998,99.8,99.8,99.8,562.738116861972,3,5
16292,73,6,1-73-2020-006-07,7,2,1FAHP3F20CL1,17,12,37,2012,4,1,3,0,1,L,1,1340,5,0,1,1,15,2,40,1,0,0,995,0,0,0,04976,9,9,2,4,2,1,2,1,1,1,0,2,0,0,1,1,1,2,9,0,1,4,62,99,1,1,4,J,69,0,0,0,0,0,0,0,0,0,0,270,45,0,0,0,1,3,15,-12,10,22014,998,-107,16,0,4,1,2,0,4,0,995,9.8,998,998,998,99.8,99.8,99.8,562.738116861972,3,5
16294,16,8,1-16-2020-008-03,3,1,1FMEU73E36UA,17,12,401,2006,14,3,14,0,1,F,2,2100,5,0,1,1,26,2,56,1,0,0,995,0,0,0,45140,9,9,0,4,3,2,2,1,1,1,3,2,0,0,1,1,0,0,1,1,1,2,10,1,1,2,3,G,50,0,0,0,0,0,0,0,0,0,0,80,260,0,0,0,1,12,999,999,999,9999999,999,999,999,7,0,0,0,0,0,0,995,0.5,102,12,67,3.6,2.1,3.6,221.583905876562,5,5
16294,16,8,1-16-2020-008-03,3,2,3VW2B7AJ3HM3,17,30,40,2017,4,1,3,0,1,F,2,1364,5,0,1,1,26,2,56,1,0,0,995,0,0,0,45111,9,9,0,4,3,1,2,1,1,1,1,2,0,0,1,1,0,0,1,0,1,4,62,1,1,1,3,G,51,0,0,0,0,0,0,0,0,0,0,260,80,0,0,0,1,12,999,999,999,9999999,999,999,999,7,0,9,97,0,8,0,995,9.8,998,998,998,99.8,99.8,99.8,221.583905876562,5,5
16295,16,9,1-16-2020-009-06,6,1,1G1PC5SH2C72,17,20,25,2012,4,1,3,0,1,R,1,1407,5,0,1,1,19,2,64,1,8,0,995,0,7,0,45118,9,9,3,5,5,3,2,1,1,1,4,4,0,0,1,8,0,0,1,0,11,2,15,1,1,2,4,J,68,0,0,0,0,0,0,0,0,0,0,185,60,0,0,0,1,1,9,-8,-5,6979,998,129,8,0,4,99,99,0,8,0,995,9.8,998,998,998,99.8,99.8,99.8,367.273493059865,5,5
16295,16,9,1-16-2020-009-06,6,2,1FADP3L94DL1,17,12,37,2013,5,1,3,0,1,F,1,1475,5,0,1,1,19,2,64,1,8,0,995,0,7,0,45230,9,9,3,5,5,1,2,1,1,1,1,3,0,0,1,8,0,0,1,0,1,4,62,3,1,1,4,J,69,0,0,0,0,0,0,0,0,0,0,60,185,0,0,0,1,1,9,-8,5,12703,998,134,10,0,4,0,0,0,0,0,995,9.8,998,998,998,99.8,99.8,99.8,367.273493059865,5,5
16296,15,6,1-15-2020-006-03,3,1,1GNKVGKD7HJ3,17,20,423,2017,15,3,15,0,1,F,1,2197,5,9999,9,0,998,5,40,1,8,9,998,8,7,9,11501,9,9,2,4,2,1,2,1,1,1,0,0,0,0,1,1,2,2,9,0,1,2,17,99,1,1,5,L,88,0,0,0,0,0,0,0,0,0,0,265,175,0,0,0,1,3,10,-8,-5,7784,998,-119,8,0,4,95,95,95,95,0,995,9.8,998,998,998,99.8,99.8,99.8,30.2372475676727,1,5