CASEID,PSU,CASENO,CASENUMBER,CATEGORY,VEHNO,VIN,VINLENGTH,MAKE,MODEL,MODELYR,BODYTYPE,BODYCAT,VEHCLASS,SPECUSE,TRANSTAT,DAMPLANE,DAMSEV,CURBWT,CURBSRC,CARGOWT,CARGOSRC,INSPTYPE,INSPLAG,TOWED,SPEEDLIMIT,DRPRESENT,PARALCOHOL,ALCTEST,ALCTESTRESULT,ALCTESTSRC,PARDRUG,DRUGTEST,ZIP,RACE,ETHNICITY,RELTOJUNCT,TRAFFLOW,RDLANES,INITLANE,SURFTYPE,SURFCOND,ALIGNMENT,PROFILE,LINERIGHT,LINELEFT,RUMBINIT,RUMBROAD,LIGHTCOND,WEATHER,TRAFDEV,TRAFFUNCT,DISTRACT,PREFHE,PREMOVE,CRITCAT,CRITEVENT,MANEUVER,PRESTAB,PRELOC,CRASHCAT,CRASHCONF,CRASHTYPE,ROLLTYPE,ROLLTURN,ROLLINTRPT,ROLLPREMAN,ROLLINITYP,ROLLINLOC,ROLLOBJ,ROLLTRIP,ROLLDIR,ROLLDIST,DVANGTHIS,DVANGOTH,TOWHITCH,TRAJDOC,TREEPOLE,DVEVENT,DVBASIS,DVTOTAL,DVLONG,DVLAT,DVENERGY,DVSPEED,DVMOMENT,DVBES,DVEST,DVCONF,VAIS,VISS,VINJURED,VTREAT,INITOBJCLASS,HEADANGLECAT,SHLDRWIDTH,STRKLENGTH,STRKWIDTH,STRKHEIGHT,EDGEDISTX,EDGEDISTY,EDGEDISTZ,CASEWGT,PSUSTRAT,VERSION
16296,15,6,1-15-2020-006-03,3,2,5N1AT2MV1JC7,17,35,51,2018,6,1,3,0,1,L,1,1610,5,0,1,1,14,2,40,1,8,9,998,8,7,9,11735,9,9,2,4,2,1,2,1,1,1,0,0,0,0,1,1,0,0,9,0,1,4,66,99,1,1,5,L,89,0,0,0,0,0,0,0,0,0,0,175,265,0,0,0,1,3,13,-6,11,20590,998,96,15,0,4,99,99,0,8,0,995,9.8,998,998,998,99.8,99.8,99.8,30.2372475676727,1,5
16297,15,7,1-15-2020-007-03,3,1,1HGCV1F47KA1,17,37,32,2019,4,1,4,0,1,F,1,1532,5,0,1,1,21,2,48,1,8,1,0,2,7,1,11520,1,2,0,4,2,1,2,1,1,1,1,2,0,0,3,1,0,0,9,1,1,2,13,7,1,4,1,A,1,1,3,2,2,6,4,51,3,2,999,998,998,0,0,7,1,10,999,999,999,9999999,999,31,17,2,0,0,0,0,4,3,998,0.3,999,999,999,3.2,0.3,3.2,30.2372475676727,1,5
16298,26,10,1-26-2020-010-06,6,1,1N4AL3AP4FN8,17,35,47,2015,4,1,4,0,1,F,9,1416,5,9999,9,0,998,2,56,1,0,0,995,0,0,0,95662,2,9,2,1,5,3,2,1,1,1,3,1,0,0,1,1,1,2,9,0,1,2,17,99,1,1,4,J,69,0,0,0,0,0,0,0,0,0,0,345,115,0,0,0,1,0,999,999,999,9999999,999,999,999,9,0,1,1,0,0,0,995,9.8,998,998,998,99.8,99.8,99.8,1060.58416132565,10,5
16298,26,10,1-26-2020-010-06,6,2,JN1AJ0HP9BM8,17,58,40,2011,6,1,4,0,1,R,2,1776,5,9999,9,4,50,2,64,1,0,0,995,0,0,0,95757,1,9,2,1,4,4,2,1,1,1,1,0,0,0,1,1,1,2,1,0,11,4,63,1,1,1,4,J,68,0,0,0,0,0,0,0,0,0,0,115,345,0,0,0,1,12,999,999,999,9999999,999,999,999,7,0,1,1,0,4,0,995,9.8,998,998,998,99.8,99.8,99.8,1060.58416132565,10,5
16299,26,11,1-26-2020-011-02,2,1,WBA8B9G36HNU,17,34,34,2017,4,1,4,0,1,B,1,1606,8,0,1,1,19,2,72,1,0,0,995,0,0,0,95843,7,9,3,1,3,1,2,1,1,1,1,3,0,0,3,1,0,0,1,0,2,3,53,1,1,1,2,D,29,0,0,0,0,0,0,0,0,0,0,85,80,0,0,0,1,1,22,21,-4,6080,998,10,10,0,1,1,1,0,4,0,995,9.8,998,998,998,99.8,99.8,99.8,33.4719774603125,10,5
16299,26,11,1-26-2020-011-02,2,2,19UUA66204A0,17,54,35,2004,4,1,3,0,1,F,1,1623,5,0,1,1,19,2,72,1,1,1,294,2,0,1,95843,2,9,3,1,3,1,2,1,1,1,1,3,0,0,3,1,0,0,9,0,1,3,52,99,1,1,2,D,28,0,0,0,0,0,0,0,0,0,0,80,85,0,0,0,1,1,21,-21,4,53765,998,7,29,0,1,0,0,0,3,0,995,9.8,998,998,998,99.8,99.8,99.8,33.4719774603125,10,5
16300,26,12,1-26-2020-012-08,8,1,WV2YB0258MG0,17,30,441,1991,20,4,20,99,1,T,9,1572,5,9999,9,0,998,2,105,1,9,1,268,2,9,1,95662,1,9,1,2,7,3,2,1,1,1,3,1,0,0,2,8,0,0,9,1,1,2,12,99,9,4,1,B,6,1,2,2,1,4,4,56,4,2,13,998,998,0,0,0,99,0,999,999,999,9999999,999,999,999,9,0,2,5,0,3,3,998,1.7,999,999,999,3.4,2.6,4.5,468.830071890233,10,5
16301,26,13,1-26-2020-013-03,3,1,4T1BF1FK0EU8,17,49,40,2014,4,1,3,0,1,L,1,1441,5,9999,9,4,11,2,56,1,1,8,997,8,0,0,95673,1,9,2,4,2,1,2,1,1,1,0,2,0,0,1,1,2,2,9,0,4,2,17,99,1,1,5,L,89,0,0,0,0,0,0,0,0,0,0,250,340,0,0,0,1,3,20,-10,17,50898,998,-69,26,0,4,0,0,0,4,0,995,9.8,998,998,998,99.8,99.8,99.8,674.609606418669,10,5
16301,26,13,1-26-2020-013-03,3,2,KNADM4A34H60,17,63,32,2017,4,1,2,0,1,F,2,1131,5,0,1,1,10,2,80,1,0,0,995,0,0,0,95673,9,1,2,4,2,1,2,1,1,1,0,2,0,0,1,1,0,0,1,0,1,4,66,99,1,1,5,L,88,0,0,0,0,0,0,0,0,0,0,340,250,0,0,0,1,3,26,-22,-13,21424,998,-86,18,0,4,0,0,0,0,0,995,2.3,80,55,42,3.4,3.5,5.1,674.609606418669,10,5
16302,29,12,1-29-2020-012-07,7,1,5NPDH4AE4BH0,17,55,35,2011,4,1,3,0,1,L,1,1265,5,0,1,1,8,2,64,1,0,0,995,0,0,0,02904,1,1,3,4,2,1,2,1,1,1,0,0,0,0,1,1,0,0,1,0,10,2,16,1,1,1,4,K,78,0,0,0,0,0,0,0,0,0,0,265,345,0,0,0,1,8,999,999,999,9999999,999,999,999,6,0,0,0,0,0,0,995,9.8,998,998,998,99.8,99.8,99.8,253.706080744172,2,5
16302,29,12,1-29-2020-012-07,7,2,1FTPW145X6KB,17,12,481,2006,34,5,30,0,1,9,9,2543,5,9999,9,0,998,5,64,1,0,0,995,0,0,0,02790,9,9,0,4,2,1,2,1,1,1,1,2,0,0,1,1,0,0,9,0,1,4,70,99,1,1,4,K,79,0,0,0,0,0,0,0,0,0,0,345,265,0,0,0,1,0,999,999,999,9999999,999,999,999,9,0,95,95,95,95,0,995,9.8,998,998,998,99.8,99.8,99.8,253.706080744172,2,5
16303,29,13,1-29-2020-013-05,5,1,2GNFLCEK4C63,17,20,404,2012,14,3,14,0,1,F,3,1782,5,0,1,1,2,2,56,1,0,0,995,0,0,0,02719,1,2,0,4,2,1,2,1,1,2,1,2,0,0,1,8,0,0,3,1,1,6,87,8,2,4,1,A,3,1,1,2,2,6,4,58,3,2,2,998,998,0,1,0,1,1,41,-38,14,145581,998,67,41,0,1,1,1,0,4,3,998,0.3,120,96,49,5.9,3.8,6.8,104.714598881211,2,5
16304,29,14,1-29-2020-014-06,6,1,19UUB1F55FA0,17,54,44,2015,4,1,4,0,1,R,1,1579,5,0,1,1,27,2,48,1,8,9,998,8,7,9,02746,9,9,2,4,2,1,2,1,3,1,0,2,0,0,3,8,1,2,9,0,14,2,17,1,1,1,5,L,87,0,0,0,0,0,0,0,0,0,0,190,100,0,0,0,1,1,11,-7,-8,7645,998,149,8,0,4,99,99,0,99,0,995,9.8,998,998,998,99.8,99.8,99.8,78.6946674430944,2,5
16304,29,14,1-29-2020-014-06,6,2,4S4BRBCC6D32,17,48,45,2013,5,1,3,0,1,F,1,1619,5,0,1,1,4,2,48,1,8,9,998,8,7,9,02745,7,9,2,4,2,1,2,1,1,1,0,2,0,0,3,8,1,2,1,0,1,4,66,99,1,1,5,L,86,0,0,0,0,0,0,0,0,0,0,100,190,0,0,0,1,1,11,-8,7,23429,998,157,13,0,4,1,1,0,0,0,995,9.8,998,998,998,99.8,99.8,99.8,78.6946674430944,2,5
16307,76,10,1-76-2020-010-10,10,1,1G2ZG58B6742,17,22,22,2007,4,1,4,99,1,L,9,1507,5,9999,9,0,998,2,89,1,9,9,998,8,9,9,14606,9,9,0,4,2,1,2,5,1,1,1,2,0,0,2,10,0,0,9,1,1,1,6,99,2,4,1,B,7,0,0,0,0,0,0,0,0,0,0,998,998,0,0,0,1,0,999,999,999,9999999,999,999,999,9,0,0,0,0,0,0,998,0.3,999,999,-59,8.2,3.6,9.0,304.777838145323,3,5
16308,22,6,1-22-2020-006-10,10,1,1GNFK13027R3,17,20,421,2007,15,3,15,0,1,T,2,2588,5,0,1,1,10,2,89,1,0,0,995,0,1,9,99171,9,9,0,4,2,1,2,5,2,1,1,4,0,0,1,8,0,0,9,1,14,1,6,99,1,4,1,A,2,1,6,2,6,1,4,61,1,1,21,997,997,0,1,0,1,6,999,999,999,9999999,999,999,999,7,0,0,0,0,0,3,997,9.8,998,998,998,99.8,99.8,99.8,918.324113885012,12,5
16309,22,7,1-22-2020-007-09,9,1,1G2ZH57N1841,17,22,22,2008,4,1,4,0,1,T,2,1542,5,0,1,1,10,2,97,1,0,0,995,0,0,0,83501,1,9,0,4,2,1,2,5,2,1,1,2,1,0,2,1,0,0,9,1,14,2,12,2,4,4,1,B,7,1,3,2,2,1,4,61,1,1,20,997,997,0,1,0,1,6,999,999,999,9999999,999,999,999,7,0,1,1,0,4,3,997,9.8,998,998,998,99.8,99.8,99.8,179.833570001951,12,5
16310,18,6,1-18-2020-006-04,4,1,19XFC2F50GE0,17,37,31,2016,4,1,3,0,1,T,1,1244,5,0,1,1,15,2,113,1,0,0,995,0,0,0,54758,9,9,0,1,2,1,2,3,1,1,1,3,2,3,2,4,0,0,9,1,1,1,5,3,3,4,1,A,2,1,4,2,2,1,4,61,1,2,20,997,997,0,0,0,1,6,999,999,999,9999999,999,999,999,6,0,0,0,0,0,3,997,9.8,998,998,998,99.8,99.8,99.8,1173.79376867064,6,5
16311,18,7,1-18-2020-007-01,1,1,1M1AW07Y8EM0,17,86,881,2014,66,8,68,0,1,L,9,,,,,,,2,40,1,0,0,995,0,0,0,54868,9,9,2,4,2,1,2,3,1,1,0,2,0,0,1,4,2,2,9,0,11,2,15,1,1,1,4,K,82,,,,,,,,,,,,,,,,,,,,,,,,,,,95,95,95,95,,,9.8,998,998,998,99.8,99.8,99.8,61.8003363968909,6,5
16311,18,7,1-18-2020-007-01,1,2,1GKCT18W71K1,17,23,401,2001,14,3,14,0,1,F,3,1813,5,0,1,1,23,2,80,1,0,0,995,0,0,0,54729,1,9,2,4,3,2,1,3,1,1,1,3,0,0,1,4,0,0,9,0,1,4,67,1,1,1,4,K,83,0,0,0,0,0,0,0,0,0,0,30,290,0,0,0,1,5,999,999,999,9999999,999,999,999,8,0,5,38,1,1,0,995,9.8,998,998,998,99.8,99.8,99.8,61.8003363968909,6,5
16312,30,8,1-30-2020-008-04,4,1,1G1ZE5ST7GF3,17,20,37,2016,4,1,4,0,1,L,9,1400,5,0,2,0,998,3,105,1,1,9,998,8,0,0,85281,2,2,0,2,5,5,2,1,1,1,1,2,0,0,3,1,0,0,3,1,1,2,12,99,1,4,1,B,6,0,0,0,0,0,0,0,0,0,0,998,998,0,0,0,1,0,999,999,999,9999999,999,999,999,9,0,0,0,0,0,0,998,3.1,999,999,999,21.0,3.1,21.2,943.812478413986,10,5
16314,21,8,1-21-2020-008-07,7,1,KMHCT4AE3DU4,17,55,36,2013,4,1,2,0,1,F,1,1155,5,0,1,1,6,2,113,1,0,0,995,0,0,0,92553,2,9,0,1,2,2,2,1,1,1,3,2,1,3,1,1,0,0,9,0,1,3,51,4,1,1,2,D,24,0,0,0,0,0,0,0,0,0,0,40,20,0,0,0,1,12,999,999,999,9999999,999,999,999,6,0,0,0,0,0,0,995,9.8,998,998,998,99.8,99.8,99.8,753.23107566693,11,5
16314,21,8,1-21-2020-008-07,7,2,5UXWX5C53CL7,17,34,402,2012,14,3,14,0,1,B,9,1865,5,9999,9,0,998,5,113,1,0,0,995,0,0,0,89149,9,9,0,1,2,2,2,1,1,1,3,2,1,3,1,1,0,0,1,0,1,3,53,1,1,1,2,D,25,0,0,0,0,0,0,0,0,0,0,20,40,0,0,0,1,0,999,999,999,9999999,999,999,999,9,0,95,95,95,95,0,995,9.8,998,998,998,99.8,99.8,99.8,753.23107566693,11,5
16315,21,9,1-21-2020-009-03,3,1,5XYPG4A50HG2,17,63,402,2017,14,3,14,0,1,L,1,1680,5,0,1,1,18,2,56,1,0,0,995,0,0,0,92404,9,9,0,4,4,1,2,1,1,1,0,3,0,0,3,1,0,0,9,1,1,2,13,1,1,4,1,A,1,1,4,2,5,7,4,2,2,2,17,997,997,0,0,0,2,6,999,999,999,9999999,999,999,999,6,0,1,1,0,6,1,997,9.8,998,998,998,99.8,99.8,99.8,152.807754456815,11,5
16315,21,9,1-21-2020-009-03,3,2,JHMCP26448C0,17,37,32,2008,4,1,4,0,2,L,1,1468,5,9999,9,4,19,,,,,,,,,,,,,,,,,,,,,,,,,,,,,,,,,,,,,,,,,,,,,,,,,,,,,,,,,,,,,,,,,,95,95,95,95,,,,,,,,,,152.807754456815,11,5
16316,13,8,1-13-2020-008-05,5,1,5N1BA0ND7CN6,17,35,421,2012,15,3,15,0,1,F,2,2652,5,0,1,1,15,2,105,1,0,0,995,0,0,0,76008,1,9,0,2,3,1,1,6,2,1,1,3,2,3,1,2,0,0,9,1,14,1,6,99,2,4,1,A,2,0,0,0,0,0,0,0,0,0,0,998,998,0,0,0,1,1,38,-38,0,153446,998,0,38,0,4,3,19,1,3,0,998,2.9,999,999,999,30.0,69.0,76.0,194.383307513181,7,5
16317,13,9,1-13-2020-009-02,2,1,3N1AB7AP5KY2,17,35,43,2019,4,1,3,0,1,F,3,1315,5,0,1,1,11,2,72,1,0,0,995,0,0,0,76013,2,2,0,4,2,1,2,2,1,1,0,0,0,0,2,2,0,0,9,1,1,2,10,7,2,2,3,G,50,0,0,0,0,0,0,0,0,0,0,170,0,0,0,0,1,1,61,-61,0,111610,998,0,44,0,1,2,6,0,4,0,995,9.8,998,998,998,99.8,99.8,99.8,79.0554472306034,7,5
16317,13,9,1-13-2020-009-02,2,2,1GCWGBFP8J12,17,20,461,2018,21,4,21,0,1,F,2,2497,5,9999,9,1,23,2,72,1,0,0,995,0,0,0,76010,9,1,0,4,2,1,2,2,1,1,0,0,0,0,2,2,0,0,9,0,1,4,62,2,1,1,3,G,51,0,0,0,0,0,0,0,0,0,0,0,170,0,0,0,1,1,35,-34,6,225495,998,21,47,0,1,9,0,0,4,0,995,9.8,998,998,998,99.8,99.8,99.8,79.0554472306034,7,5
16318,33,4,1-33-2020-004-06,6,1,1N4AL3AP7DN4,17,35,47,2013,4,1,4,0,1,F,1,1420,5,0,1,1,12,2,80,1,0,0,995,0,0,0,95938,1,2,0,4,2,1,2,1,1,1,1,4,0,0,1,1,0,0,9,0,1,3,50,4,1,1,2,D,20,0,0,0,0,0,0,0,0,0,0,335,335,0,0,0,1,5,999,999,999,9999999,999,999,12,2,0,99,99,0,99,0,995,9.8,998,998,998,99.8,99.8,99.8,122.198535194717,12,5
16318,33,4,1-33-2020-004-06,6,2,1FTWW31R48EC,17,12,481,2008,34,5,31,0,1,B,9,2785,5,9999,9,0,998,5,80,1,0,0,995,0,0,0,95938,9,9,0,4,2,1,2,1,1,1,1,4,0,0,1,1,0,0,9,0,5,3,53,1,1,1,2,D,21,0,0,0,0,0,0,0,0,0,0,335,335,0,0,0,1,0,999,999,999,9999999,999,999,999,9,0,95,95,95,95,0,995,9.8,998,998,998,99.8,99.8,99.8,122.198535194717,12,5
16319,33,5,1-33-2020-005-03,3,1,4T1BF22K1WU9,17,49,40,1998,4,1,3,0,1,F,1,1415,5,0,1,1,22,2,40,1,0,0,995,0,0,0,95948,2,2,2,1,3,3,2,1,1,1,5,0,0,0,1,1,1,2,9,0,1,2,17,99,1,1,4,K,83,0,0,0,0,0,0,0,0,0,0,330,220,0,0,0,1,1,9,-9,-2,18063,998,-59,16,0,4,0,0,0,0,0,995,9.8,998,998,998,99.8,99.8,99.8,60.4080536809224,12,5
16319,33,5,1-33-2020-005-03,3,2,1G1BE5SM2J71,17,20,25,2018,4,1,3,0,1,L,1,1250,5,0,1,1,23,2,40,1,0,0,995,0,0,0,95928,1,2,2,4,3,2,2,1,1,1,3,2,0,0,1,1,1,2,9,0,11,4,66,99,1,1,4,K,82,0,0,0,0,0,0,0,0,0,0,220,330,0,0,0,1,1,9,-5,8,1387,998,-199,3,0,4,1,1,0,4,0,995,9.8,998,998,998,99.8,99.8,99.8,60.4080536809224,12,5
16322,29,16,1-29-2020-016-08,8,1,1D7HU18N74S6,17,7,482,2004,34,5,30,0,1,F,3,2333,5,54,1,1,3,2,48,1,9,0,995,0,9,0,02703,9,9,2,4,2,1,2,1,1,1,1,2,0,0,5,8,2,2,9,1,1,2,14,99,1,4,1,C,14,0,0,0,0,0,0,0,0,0,0,998,998,0,0,0,1,10,999,999,999,9999999,999,-7,43,4,0,9,97,0,8,0,998,1.4,25,20,999,2.0,0.0,2.0,31.9099208655541,2,5
16323,16,10,1-16-2020-010-07,7,1,JM1DE1LZ6D01,17,41,55,2013,5,1,1,0,1,T,1,1043,5,0,1,1,23,2,105,1,1,2,996,1,0,0,45216,1,2,1,3,1,1,2,2,2,2,1,2,0,0,3,8,0,0,1,1,14,1,9,99,2,4,1,B,7,1,4,2,4,1,4,61,1,2,999,997,997,0,0,0,1,6,999,999,999,9999999,999,999,999,6,0,1,1,0,4,3,997,1.1,999,999,999,99.9,99.9,99.9,1058.0438799879,5,5
16326,30,10,1-30-2020-010-04,4,1,3N1AB7AP5HL6,17,35,43,2017,4,1,3,0,1,F,1,1300,5,0,1,1,17,2,40,1,9,0,995,0,9,0,99999,9,9,0,4,2,1,2,1,1,1,0,0,0,0,3,1,0,0,9,1,11,2,15,1,1,4,1,B,6,0,0,0,0,0,0,0,0,0,0,998,998,0,1,0,2,12,999,999,999,9999999,999,999,999,6,0,99,99,0,99,0,998,0.0,999,999,999,0.0,0.0,0.0,943.812478413986,10,5
16327,25,9,1-25-2020-009-09,9,1,JN1CV6AR4AM4,17,58,37,2010,4,1,4,0,1,F,1,1748,5,0,1,1,18,2,105,1,8,0,995,0,7,0,04250,9,9,0,2,2,1,2,1,1,1,1,3,2,3,2,1,0,0,3,1,1,2,13,99,1,4,1,A,1,0,0,0,0,0,0,0,0,0,0,998,998,0,0,0,1,1,12,-12,0,10898,998,53,12,0,4,0,0,0,5,0,998,3.8,999,999,999,16.6,5.4,17.5,1476.66130718466,2,5
16328,10,15,1-10-2020-015-10,10,1,1GCHK23698F1,17,20,481,2008,34,5,30,0,1,F,9,2714,5,9999,9,0,998,5,105,1,0,0,995,0,0,0,31312,9,9,0,2,3,3,2,1,1,1,3,2,0,0,3,1,0,0,1,0,1,3,52,99,1,1,2,D,28,0,0,0,0,0,0,0,0,0,0,0,0,0,0,0,1,0,999,999,999,9999999,999,999,999,9,0,95,95,95,95,0,995,9.8,998,998,998,99.8,99.8,99.8,1183.35390278888,4,5
16328,10,15,1-10-2020-015-10,10,2,1FAFP40433F3,17,12,3,2003,2,1,2,0,1,B,9,1531,5,9999,9,0,998,2,105,1,0,0,995,0,0,0,45373,9,9,0,3,3,3,2,1,1,1,3,2,0,0,3,1,0,0,1,0,2,3,53,1,1,1,2,D,29,0,0,0,0,0,0,0,0,0,0,0,0,0,0,0,1,0,999,999,999,9999999,999,999,999,9,0,0,0,0,0,0,995,9.8,998,998,998,99.8,99.8,99.8,1183.35390278888,4,5
16329,10,16,1-10-2020-016-09,9,1,2C3KA43R07H8,17,6,51,2007,4,1,5,0,1,R,2,1683,5,0,1,1,15,2,56,1,0,0,995,0,0,0,45417,9,9,2,1,3,3,2,1,1,1,1,0,0,0,5,1,1,2,1,0,11,2,15,99,1,1,4,J,68,0,0,0,0,0,0,0,0,0,0,100,0,0,0,0,1,12,999,999,999,9999999,999,999,999,7,0,0,0,0,0,0,995,0.0,999,999,999,2.3,1.0,2.7,344.965139078161,4,5
16329,10,16,1-10-2020-016-09,9,2,3C4FY48B84T3,17,6,52,2004,6,1,2,0,1,F,1,1408,5,9999,9,4,35,2,56,1,0,0,995,0,0,0,45417,2,2,2,1,3,1,2,1,1,1,0,1,0,0,5,1,1,2,1,0,1,4,62,99,1,1,4,J,69,0,0,0,0,0,0,0,0,0,0,0,100,0,0,0,1,12,999,999,999,9999999,999,999,999,6,0,1,2,0,4,0,995,9.8,998,998,998,99.8,99.8,99.8,344.965139078161,4,5
16329,10,16,1-10-2020-016-09,9,3,JTDKN3DU2A01,17,49,46,2010,5,1,3,0,1,F,1,1380,5,9999,9,0,998,2,56,1,0,0,995,0,0,0,45424,9,9,2,4,5,2,2,1,1,1,1,1,0,0,5,1,1,2,1,0,1,4,67,99,1,1,6,M,98,0,0,0,0,0,0,0,0,0,0,250,120,0,0,0,5,3,12,-12,0,10872,998,0,14,0,4,0,0,0,0,0,995,9.8,998,998,998,99.8,99.8,99.8,344.965139078161,4,5
16330,20,6,1-20-2020-006-01,1,1,JA4LS21HXYP0,17,52,401,2000,14,3,14,0,1,T,3,1728,8,0,1,1,46,2,72,1,0,8,997,8,0,9,93905,9,1,0,1,2,2,2,1,3,1,3,0,0,0,3,1,0,0,9,1,14,1,6,8,3,4,1,A,2,2,98,8,8,98,8,32,8,8,998,997,997,0,0,0,6,6,999,999,999,9999999,999,999,999,8,0,1,1,0,1,8,997,1.9,120,16,15,0.0,0.0,0.0,57.5192228824111,11,5
16332,12,10,1-12-2020-010-03,3,1,KL8CD6SA3HC7,17,20,29,2017,5,1,1,0,1,F,2,1019,5,0,1,1,9,2,0,1,0,0,995,0,0,0,73401,5,2,0,4,2,1,2,1,1,1,0,0,0,0,3,1,0,0,9,1,1,2,10,1,1,4,1,C,11,0,0,0,0,0,0,0,0,0,0,75,265,0,0,0,1,12,999,999,999,9999999,999,999,999,7,0,0,0,0,0,0,995,9.8,998,998,998,99.8,99.8,99.8,332.385715141716,9,5
16332,12,10,1-12-2020-010-03,3,2,1G1ND52M6XY1,17,20,37,1999,4,1,3,0,2,L,1,1384,5,9999,9,5,11,,,,,,,,,,,,,,,,,,,,,,,,,,,,,,,,,,,,,,,,,,,,,,,,,,,,,,,,,,,,,,,,,,95,95,95,95,,,,,,,,,,332.385715141716,9,5
16333,12,11,1-12-2020-011-09,9,1,2MEFM74W1WX6,17,14,6,1998,4,1,5,0,1,U,1,1722,5,0,1,1,10,2,105,1,0,0,995,0,0,0,73463,1,2,0,1,2,1,2,1,1,1,1,3,0,0,2,1,0,0,9,1,1,1,9,3,4,4,1,B,7,0,0,0,0,0,0,0,0,0,0,996,996,0,0,0,1,12,999,999,999,9999999,999,999,999,6,0,1,2,0,4,0,996,0.3,120,120,0,48.0,30.0,57.0,2088.35549264322,9,5
16334,14,7,1-14-2020-007-03,3,1,1FT7W2BT0JEB,17,12,481,2018,34,5,31,0,1,F,3,3037,5,9999,9,1,21,2,97,1,0,0,995,0,0,0,78261,1,2,0,1,2,1,2,1,1,4,1,3,2,2,2,1,0,0,3,0,1,3,51,99,1,1,2,D,24,0,0,0,0,0,0,0,0,0,0,0,0,0,0,0,1,5,999,999,999,9999999,999,999,48,4,0,9,97,0,99,0,995,9.8,998,998,998,99.8,99.8,99.8,3613.35145717326,8,5
16334,14,7,1-14-2020-007-03,3,2,1NPCL70X3KD2,17,87,881,2019,63,8,60,0,1,D,9,,,,,,,5,97,1,0,0,995,0,0,0,78254,9,9,0,1,2,1,2,1,1,4,1,3,2,2,2,1,0,0,9,0,1,3,53,99,1,1,2,D,25,,,,,,,,,,,,,,,,,,,,,,,,,,,95,95,95,95,,,9.8,998,998,998,99.8,99.8,99.8,3613.35145717326,8,5
16335,14,8,1-14-2020-008-10,10,1,1N4AL11D66C1,17,35,47,2006,4,1,4,0,1,F,1,1378,5,0,1,1,12,2,113,1,0,0,995,0,0,0,78666,2,9,0,2,3,3,2,1,1,9,3,2,1,3,1,1,0,0,9,0,1,3,52,99,1,1,2,D,28,0,0,0,0,0,0,0,0,0,0,30,30,0,0,0,1,3,24,-24,0,26393,998,19,21,0,4,0,0,0,0,0,995,9.8,998,998,998,99.8,99.8,99.8,19840.3313289495,8,5
16335,14,8,1-14-2020-008-10,10,2,4S4BSBNC1F33,17,48,45,2015,6,1,3,0,1,B,1,1614,5,9999,9,0,998,5,113,1,0,0,995,0,0,0,78613,9,9,0,2,3,3,2,1,1,9,3,2,1,3,1,1,0,0,9,0,2,3,53,99,1,1,2,D,29,0,0,0,0,0,0,0,0,0,0,30,30,0,0,0,1,3,22,22,0,35281,998,0,24,0,4,95,95,95,95,0,995,9.8,998,998,998,99.8,99.8,99.8,19840.3313289495,8,5
16336,17,11,1-17-2020-011-04,4,1,3N1AB7AP2HY2,17,35,43,2017,4,1,3,0,1,F,1,1300,5,0,1,1,8,2,89,1,9,0,995,0,9,0,61260,9,2,0,4,2,1,2,1,3,1,1,4,0,0,1,1,0,0,3,1,14,2,13,99,1,4,1,A,1,0,0,0,0,0,0,0,0,0,0,998,998,0,0,7,1,10,999,999,999,9999999,999,999,999,6,0,0,0,0,0,0,998,1.8,999,999,999,9.3,1.5,9.6,895.239446849407,4,5
16337,17,12,1-17-2020-012-07,7,1,1G11C5SL3FF2,17,20,37,2015,4,1,3,0,1,F,1,1625,5,0,1,1,13,2,48,1,1,1,190,1,9,0,61265,9,9,0,4,2,1,2,1,1,1,0,4,0,0,3,1,0,0,9,1,1,2,13,1,1,4,1,C,11,0,0,0,0,0,0,0,0,0,0,90,90,0,0,0,1,3,17,-16,-3,18113,998,26,16,0,4,0,0,0,0,0,995,9.8,998,998,998,99.8,99.8,99.8,1233.92768953489,4,5
16337,17,12,1-17-2020-012-07,7,2,2CTALUEC2B62,17,23,402,2011,14,3,14,0,2,B,1,1823,5,9999,9,0,998,,,,,,,,,,,,,,,,,,,,,,,,,,,,,,,,,,,,,,,,,,,,,,,,,,,,,,,,,,,,,,,,,,95,95,95,95,,,,,,,,,,1233.92768953489,4,5
16338,77,15,1-77-2020-015-02,2,1,2GC2CREG4K11,17,20,481,2019,34,5,31,0,1,F,2,2836,5,91,1,1,16,2,97,1,0,1,0,2,0,0,28602,1,9,0,2,3,2,2,1,1,1,1,3,0,1,1,1,0,0,3,1,1,2,13,1,1,4,1,A,1,0,0,0,0,0,0,0,0,0,0,998,998,0,1,0,1,12,999,999,999,9999999,999,999,999,7,0,3,22,1,3,0,998,0.5,120,44,76,8.9,0.5,8.9,82.8182922699722,9,5
16339,77,16,1-77-2020-016-05,5,1,2T2BK1BA4FC3,17,59,403,2015,14,3,14,0,1,L,1,1970,5,0,1,4,16,2,56,1,0,0,995,0,0,0,22947,1,2,3,4,2,1,2,1,1,9,0,0,0,0,1,1,0,0,2,0,4,2,19,99,1,1,4,K,85,0,0,0,0,0,0,0,0,0,0,215,270,0,0,0,1,11,999,999,999,9999999,999,999,999,6,0,2,5,0,4,0,995,9.8,998,998,998,99.8,99.8,99.8,169.764503615987,9,5