CASEID,PSU,CASENO,CASENUMBER,CATEGORY,VEHNO,VIN,VINLENGTH,MAKE,MODEL,MODELYR,BODYTYPE,BODYCAT,VEHCLASS,SPECUSE,TRANSTAT,DAMPLANE,DAMSEV,CURBWT,CURBSRC,CARGOWT,CARGOSRC,INSPTYPE,INSPLAG,TOWED,SPEEDLIMIT,DRPRESENT,PARALCOHOL,ALCTEST,ALCTESTRESULT,ALCTESTSRC,PARDRUG,DRUGTEST,ZIP,RACE,ETHNICITY,RELTOJUNCT,TRAFFLOW,RDLANES,INITLANE,SURFTYPE,SURFCOND,ALIGNMENT,PROFILE,LINERIGHT,LINELEFT,RUMBINIT,RUMBROAD,LIGHTCOND,WEATHER,TRAFDEV,TRAFFUNCT,DISTRACT,PREFHE,PREMOVE,CRITCAT,CRITEVENT,MANEUVER,PRESTAB,PRELOC,CRASHCAT,CRASHCONF,CRASHTYPE,ROLLTYPE,ROLLTURN,ROLLINTRPT,ROLLPREMAN,ROLLINITYP,ROLLINLOC,ROLLOBJ,ROLLTRIP,ROLLDIR,ROLLDIST,DVANGTHIS,DVANGOTH,TOWHITCH,TRAJDOC,TREEPOLE,DVEVENT,DVBASIS,DVTOTAL,DVLONG,DVLAT,DVENERGY,DVSPEED,DVMOMENT,DVBES,DVEST,DVCONF,VAIS,VISS,VINJURED,VTREAT,INITOBJCLASS,HEADANGLECAT,SHLDRWIDTH,STRKLENGTH,STRKWIDTH,STRKHEIGHT,EDGEDISTX,EDGEDISTY,EDGEDISTZ,CASEWGT,PSUSTRAT,VERSION
16405,21,11,1-21-2020-011-04,4,2,5TFEY5F18FX1,17,49,482,2015,34,5,31,0,1,F,9,2420,8,9999,9,0,998,5,80,1,0,0,995,0,0,0,92313,9,9,2,1,3,3,2,1,1,1,1,0,0,0,3,1,1,2,9,0,11,4,63,99,1,1,4,J,68,0,0,0,0,0,0,0,0,0,0,130,10,0,0,0,1,0,999,999,999,9999999,999,999,999,9,0,95,95,95,95,0,995,9.8,998,998,998,99.8,99.8,99.8,2567.97882656928,11,5
16406,22,10,1-22-2020-010-09,9,1,2G1WF52E2393,17,20,2,2003,4,1,4,0,1,L,2,1552,5,9999,9,4,7,2,40,1,8,9,998,8,7,9,83501,9,9,2,4,2,1,2,2,1,1,1,2,0,0,1,2,2,2,9,0,11,2,15,99,1,1,4,K,82,0,0,0,0,0,0,0,0,0,0,320,65,0,0,0,1,3,32,-27,16,113931,998,-101,35,0,4,0,0,0,0,0,995,9.8,998,998,998,99.8,99.8,99.8,166.610477979943,12,5
16406,22,10,1-22-2020-010-09,9,2,JT3VN39W8R01,17,49,401,1994,14,3,14,0,1,F,2,1862,5,0,2,1,7,2,40,1,0,0,995,0,0,0,83501,1,2,2,5,3,1,2,2,1,1,1,1,0,0,1,2,0,0,3,0,1,4,67,98,1,1,4,K,83,0,0,0,0,0,0,0,0,0,0,65,320,0,0,0,1,3,25,-19,-16,50565,998,-92,21,0,4,1,1,0,4,0,995,9.8,998,998,998,99.8,99.8,99.8,166.610477979943,12,5
16407,52,17,1-52-2020-017-03,3,1,1FAHP2M87DG1,17,12,17,2013,4,1,4,5,1,L,1,1918,5,136,1,1,9,2,56,1,0,0,995,0,0,0,59101,9,9,2,4,4,1,2,5,1,1,0,3,0,0,1,1,0,0,2,1,12,2,10,99,1,2,6,M,98,0,0,0,0,0,0,0,0,0,0,55,75,0,0,0,1,3,5,2,5,1499,998,6,4,0,4,99,99,0,99,0,995,9.8,998,998,998,99.8,99.8,99.8,38.6623052366953,12,5
16407,52,17,1-52-2020-017-03,3,2,KNDJN2A26K76,17,63,37,2019,6,1,2,0,1,R,1,1508,5,0,1,1,8,2,56,1,0,0,995,0,0,0,59102,5,2,1,4,4,2,2,5,1,1,3,2,0,0,1,1,0,0,9,0,1,4,61,7,1,1,6,M,98,0,0,0,0,0,0,0,0,0,0,75,55,0,0,0,1,3,7,-4,-5,3338,998,-13,7,0,4,1,3,0,4,0,995,9.8,998,998,998,99.8,99.8,99.8,38.6623052366953,12,5
16408,24,18,1-24-2020-018-06,6,1,JH4CU2F62AC0,17,54,39,2010,4,1,3,0,1,R,1,1545,5,9999,9,0,998,5,40,1,0,0,995,0,0,0,08232,9,9,2,4,4,1,2,1,1,1,0,1,0,0,1,1,1,2,9,0,1,2,17,99,1,1,5,L,87,0,0,0,0,0,0,0,0,0,0,70,340,0,0,0,1,3,19,-7,-18,41708,998,57,24,0,4,95,95,95,95,0,995,9.8,998,998,998,99.8,99.8,99.8,165.616507573257,1,5
16408,24,18,1-24-2020-018-06,6,2,KMHTC6AE7DU1,17,55,42,2013,3,1,3,0,1,F,1,1316,5,0,1,1,21,2,40,1,0,0,995,0,0,0,08330,9,9,2,3,3,2,2,1,1,1,1,1,0,0,1,1,1,2,9,0,1,4,66,99,1,1,5,L,86,0,0,0,0,0,0,0,0,0,0,340,70,0,0,0,1,3,22,-21,8,17978,998,61,17,0,4,1,1,0,4,0,995,9.8,998,998,998,99.8,99.8,99.8,165.616507573257,1,5
16408,24,18,1-24-2020-018-06,6,3,1GCEC19W4VE1,17,20,481,1997,34,5,31,0,1,L,9,1863,5,9999,9,0,998,5,40,1,0,0,995,0,0,0,08401,9,9,2,4,4,1,2,1,1,1,0,1,0,0,1,1,1,2,9,0,5,4,68,1,1,1,6,M,98,0,0,0,0,0,0,0,0,0,0,250,0,0,0,0,2,0,999,999,999,9999999,999,999,999,9,0,95,95,95,95,0,995,9.8,998,998,998,99.8,99.8,99.8,165.616507573257,1,5
16409,25,12,1-25-2020-012-07,7,1,4S3BNAA65F30,17,48,34,2015,4,1,3,0,1,F,1,1543,5,0,1,1,25,2,40,1,8,0,995,0,7,0,04101,9,9,2,3,2,1,2,1,1,4,0,3,0,0,2,1,1,2,3,0,1,3,50,2,1,1,2,D,20,0,0,0,0,0,0,0,0,0,0,345,345,0,0,0,1,3,12,-12,0,10074,998,3,12,0,4,0,0,0,0,0,995,9.8,998,998,998,99.8,99.8,99.8,1424.632187716,2,5
16409,25,12,1-25-2020-012-07,7,2,5TDDZRFH8KS9,17,49,403,2019,14,3,14,0,1,B,1,2030,5,9999,9,0,998,5,40,1,8,0,995,0,7,0,04102,9,9,2,3,2,1,2,1,1,4,0,3,0,0,2,1,1,2,1,0,5,3,53,99,1,1,2,D,21,0,0,0,0,0,0,0,0,0,0,345,345,0,0,0,1,3,10,10,0,7614,998,0,10,0,4,95,95,95,95,0,995,9.8,998,998,998,99.8,99.8,99.8,1424.632187716,2,5
16409,25,12,1-25-2020-012-07,7,3,WA1LMAFE8FD0,17,32,401,2015,14,3,14,0,1,B,9,2525,5,9999,9,0,998,5,40,1,8,0,995,0,7,0,04105,9,9,2,3,2,1,2,1,1,4,1,1,0,0,2,1,1,2,1,0,5,3,53,99,1,9,6,M,98,0,0,0,0,0,0,0,0,0,0,345,345,0,0,0,2,0,999,999,999,9999999,999,999,999,9,0,95,95,95,95,0,995,9.8,998,998,998,99.8,99.8,99.8,1424.632187716,2,5
16409,25,12,1-25-2020-012-07,7,4,5Y2SL62804Z4,17,22,32,2004,6,1,2,0,1,B,9,1227,5,9999,9,0,998,5,40,1,8,0,995,0,7,0,04032,9,9,2,3,2,1,2,1,1,4,1,1,0,0,2,1,1,2,1,0,5,3,53,99,1,1,6,M,98,0,0,0,0,0,0,0,0,0,0,345,345,0,0,0,3,0,999,999,999,9999999,999,999,999,9,0,95,95,95,95,0,995,9.8,998,998,998,99.8,99.8,99.8,1424.632187716,2,5
16410,13,12,1-13-2020-012-03,3,1,19UUA66276A0,17,54,35,2006,4,1,3,0,1,F,1,1585,5,9999,9,0,998,5,113,1,0,0,995,0,0,0,76018,9,9,1,3,2,2,2,1,3,9,3,2,0,0,1,8,0,0,3,0,14,3,50,3,1,1,2,D,20,0,0,0,0,0,0,0,0,0,0,5,10,0,0,0,1,3,8,-8,-1,2700,998,-36,6,0,4,95,95,95,95,0,995,9.8,998,998,998,99.8,99.8,99.8,831.54894244499,7,5
16410,13,12,1-13-2020-012-03,3,2,4T1B11HK5KU7,17,49,40,2019,4,1,4,0,1,B,1,1520,5,0,1,1,23,2,113,1,0,0,995,0,0,0,76063,3,2,1,3,2,2,2,1,3,9,3,2,0,0,1,8,0,0,1,0,5,3,53,1,1,1,2,D,21,0,0,0,0,0,0,0,0,0,0,10,5,0,0,0,1,3,8,8,0,5779,998,44,9,0,3,0,0,0,4,0,995,9.8,998,998,998,99.8,99.8,99.8,831.54894244499,7,5
16411,30,13,1-30-2020-013-01,1,1,4T1BF1FK0CU1,17,49,40,2012,4,1,3,0,1,L,3,1441,5,0,1,1,24,2,105,1,0,1,0,3,0,1,90813,9,9,0,2,5,5,2,1,2,1,1,2,0,0,3,1,0,0,9,0,14,3,51,8,1,2,2,D,24,1,8,2,5,1,1,61,1,1,999,997,997,0,0,0,2,6,999,999,999,9999999,999,999,999,8,0,3,22,1,1,3,997,9.8,998,998,998,99.8,99.8,99.8,60.4051840146442,10,5
16411,30,13,1-30-2020-013-01,1,2,5XYKW4A23CG2,17,63,402,2012,14,3,14,0,1,R,2,1635,5,0,1,1,30,2,105,1,0,9,998,8,0,9,85326,9,9,0,2,5,5,2,1,2,1,1,2,0,0,3,1,0,0,1,0,14,3,53,99,1,1,2,D,25,1,3,2,5,1,1,61,1,2,999,997,997,0,0,0,4,6,999,999,999,9999999,999,999,999,7,0,1,1,0,4,3,997,4.0,999,999,999,0.0,0.0,0.0,60.4051840146442,10,5
16413,77,18,1-77-2020-018-02,2,1,2GNAXJEVXK62,17,20,404,2019,14,3,14,0,1,R,9,1485,5,9999,9,0,998,2,72,1,0,0,995,0,0,0,24015,9,9,2,1,5,5,2,1,1,1,1,2,0,0,1,1,1,2,1,0,11,2,15,99,1,1,4,J,68,0,0,0,0,0,0,0,0,0,0,5,240,0,0,0,1,0,999,999,999,9999999,999,999,999,9,0,0,0,0,0,0,995,9.8,998,998,998,99.8,99.8,99.8,82.8182922699722,9,5
16413,77,18,1-77-2020-018-02,2,2,ZACCJBDB0JPG,17,2,408,2018,14,3,14,0,1,F,1,1447,5,0,1,1,10,2,72,1,0,0,995,0,9,0,22932,1,2,2,1,7,3,2,1,1,1,1,1,0,0,1,1,1,2,1,0,1,4,62,3,1,1,4,J,69,0,0,0,0,0,0,0,0,0,0,240,5,0,0,0,1,11,999,999,999,9999999,999,999,999,6,0,1,1,0,4,0,995,9.8,998,998,998,99.8,99.8,99.8,82.8182922699722,9,5
16413,77,18,1-77-2020-018-02,2,3,1GBHG31U1412,17,20,481,2004,39,5,39,0,1,F,9,9999,9,9999,9,0,998,5,56,1,0,0,995,0,9,0,23123,9,9,2,1,5,1,2,1,1,1,1,1,0,0,1,1,1,2,1,0,10,4,62,1,8,1,6,M,98,0,0,0,0,0,0,0,0,0,0,190,300,0,0,0,2,0,999,999,999,9999999,999,999,999,9,0,95,95,95,95,0,995,9.8,998,998,998,99.8,99.8,99.8,82.8182922699722,9,5
16416,11,8,1-11-2020-008-01,1,1,1FTPX14V19FB,17,12,481,2009,34,5,31,0,1,R,1,2658,5,0,1,1,13,2,97,1,0,1,0,3,0,1,23831,1,2,0,2,3,2,2,2,1,9,3,3,0,3,1,2,0,0,9,1,15,2,10,98,1,2,2,F,47,0,0,0,0,0,0,0,0,0,0,205,175,0,0,0,2,5,999,999,999,9999999,999,999,12,2,0,1,1,0,1,0,995,3.7,120,999,999,99.9,99.9,99.9,121.76930413299,8,5
16416,11,8,1-11-2020-008-01,1,2,1GCHTDEN6J11,17,20,473,2018,34,5,30,0,1,R,9,2032,5,9999,9,0,998,5,97,1,0,0,995,0,0,0,23838,9,9,0,2,3,3,2,2,1,9,3,1,1,3,1,2,0,0,1,0,1,4,61,99,1,1,2,F,45,0,0,0,0,0,0,0,0,0,0,170,165,0,0,0,1,0,999,999,999,9999999,999,999,999,9,0,95,95,95,95,0,995,9.8,998,998,998,99.8,99.8,99.8,121.76930413299,8,5
16416,11,8,1-11-2020-008-01,1,3,1FUJGLDR7ALA,17,82,881,2010,66,8,68,0,1,F,9,,,,,,,5,97,1,0,0,995,0,0,0,21017,9,9,0,2,3,1,2,2,1,9,1,3,2,3,1,2,0,0,1,0,1,3,52,99,1,1,6,M,98,,,,,,,,,,,,,,,,,,,,,,,,,,,95,95,95,95,,,9.8,998,998,998,99.8,99.8,99.8,121.76930413299,8,5
16417,11,9,1-11-2020-009-04,4,1,KNAFX4A63G54,17,63,38,2016,4,1,3,0,1,F,1,1272,5,0,1,1,4,2,72,1,0,0,995,0,0,0,23231,9,9,0,1,2,2,2,1,1,1,3,2,0,0,1,1,0,0,3,0,1,3,50,99,1,1,2,D,20,0,0,0,0,0,0,0,0,0,0,45,45,0,0,0,1,3,21,-21,0,20141,998,42,19,0,4,0,0,0,0,0,995,9.8,998,998,998,99.8,99.8,99.8,5024.92416888957,8,5
16417,11,9,1-11-2020-009-04,4,2,1C4RDJDG2KC7,17,7,422,2019,15,3,15,0,1,B,1,2262,5,9999,9,0,998,5,72,1,0,0,995,0,0,0,00001,9,9,0,1,2,2,2,1,1,1,3,2,0,0,1,1,0,0,1,0,5,3,53,99,1,1,2,D,21,0,0,0,0,0,0,0,0,0,0,45,45,0,0,0,1,3,12,12,0,18285,998,0,14,0,4,95,95,95,95,0,995,9.8,998,998,998,99.8,99.8,99.8,5024.92416888957,8,5
16418,24,19,1-24-2020-019-04,4,1,1C4RJFAG0HC8,17,2,404,2017,14,3,14,0,1,F,3,2121,5,0,1,1,8,2,40,1,0,0,995,0,0,0,08402,9,9,0,4,2,1,2,2,3,1,0,2,0,0,3,2,0,0,9,1,14,1,6,3,2,4,1,A,2,0,0,0,0,0,0,0,0,0,0,998,998,0,0,0,1,1,42,-42,0,152784,998,0,42,0,1,0,0,0,0,0,998,0.0,115,30,33,15.8,3.8,16.7,411.355823874312,1,5
16419,24,20,1-24-2020-020-04,4,1,1G1PE5SB5G71,17,20,25,2016,4,1,3,0,1,F,2,1399,5,0,1,1,9,2,80,1,0,0,995,0,0,0,08330,9,9,0,2,2,1,2,1,1,1,1,3,0,0,3,1,0,0,3,1,1,2,13,1,1,4,1,C,11,0,0,0,0,0,0,0,0,0,0,300,300,0,0,0,1,3,30,-30,-5,43148,998,-17,27,0,4,0,0,0,0,0,995,9.8,998,998,998,99.8,99.8,99.8,411.355823874312,1,5
16419,24,20,1-24-2020-020-04,4,2,WAUFFAFL9CN0,17,32,43,2012,4,1,4,0,2,B,2,1640,5,9999,9,0,998,,,,,,,,,,,,,,,,,,,,,,,,,,,,,,,,,,,,,,,,,,,,,,,,,,,,,,,,,,,,,,,,,,95,95,95,95,,,,,,,,,,411.355823874312,1,5
16420,24,21,1-24-2020-021-10,10,1,1N4AL21E69N4,17,35,47,2009,4,1,4,0,1,F,1,1429,5,0,1,1,17,2,56,1,0,0,995,0,0,0,08205,9,9,3,4,3,1,2,1,1,1,0,2,0,0,1,1,0,0,9,0,1,3,52,99,1,1,2,D,28,0,0,0,0,0,0,0,0,0,0,270,270,0,0,0,1,3,14,-14,0,9258,998,-13,13,0,4,0,0,0,0,0,995,9.8,998,998,998,99.8,99.8,99.8,2465.86595931555,1,5
16420,24,21,1-24-2020-021-10,10,2,1GYKNARS0JZ2,17,19,23,2018,11,2,4,0,1,B,1,1814,5,9999,9,0,998,5,56,1,0,0,995,0,0,0,08205,9,9,3,4,3,1,2,1,1,1,0,2,0,0,1,1,0,0,9,0,2,3,53,99,1,1,2,D,29,0,0,0,0,0,0,0,0,0,0,270,270,0,0,0,1,3,12,12,0,11454,998,0,13,0,4,95,95,95,95,0,995,9.8,998,998,998,99.8,99.8,99.8,2465.86595931555,1,5
16421,24,22,1-24-2020-022-03,3,1,2T1KR32E23C0,17,49,47,2003,6,1,2,0,1,F,2,1211,5,0,1,1,8,2,80,1,0,0,995,0,0,0,08401,2,9,2,4,4,2,2,2,1,1,3,2,0,0,3,2,0,0,9,0,1,3,50,1,1,1,2,D,20,0,0,0,0,0,0,0,0,0,0,140,140,0,0,0,1,1,35,-35,0,70558,998,0,38,0,4,1,1,0,4,0,995,9.8,998,998,998,99.8,99.8,99.8,126.660327587569,1,5
16421,24,22,1-24-2020-022-03,3,2,1HGCR2F81GA1,17,37,32,2016,4,1,4,0,1,B,2,1496,5,0,1,1,9,2,80,1,0,0,995,0,0,0,08401,1,1,2,4,4,2,2,2,1,1,3,2,0,0,3,2,0,0,1,0,5,3,53,1,1,1,2,D,21,0,0,0,0,0,0,0,0,0,0,140,140,0,0,0,1,1,29,29,0,41575,998,-32,26,0,4,1,1,0,4,0,995,9.8,998,998,998,99.8,99.8,99.8,126.660327587569,1,5
16423,76,14,1-76-2020-014-05,5,1,JF1GPAC62D28,17,48,38,2013,6,1,2,0,1,F,3,1340,8,0,1,1,25,2,89,1,8,9,998,8,7,9,12455,9,9,0,4,2,1,2,1,2,1,1,2,0,0,1,1,6,2,3,1,14,2,10,8,1,2,3,G,50,0,0,0,0,0,0,0,0,0,0,0,140,0,0,0,1,1,46,-43,16,181351,998,62,52,0,4,9,97,0,8,0,995,9.8,998,998,998,99.8,99.8,99.8,22.2252509205872,3,5
16423,76,14,1-76-2020-014-05,5,2,1GCEK14CX8Z2,17,20,481,2008,34,5,31,0,1,F,2,2243,5,0,1,1,25,2,89,1,8,9,998,8,7,9,13849,9,9,0,4,2,1,2,1,3,2,1,2,0,0,1,1,6,2,9,0,14,4,62,3,1,2,3,G,51,0,0,0,0,0,0,0,0,0,0,140,0,0,1,0,1,1,27,-25,-9,27558,998,-18,17,0,4,9,97,0,8,0,995,9.8,998,998,998,99.8,99.8,99.8,22.2252509205872,3,5
16424,48,8,1-48-2020-008-04,4,1,3C4PDDGG9HT6,17,7,27,2017,6,1,4,0,1,L,2,1926,5,0,1,1,7,2,89,1,0,0,995,0,0,0,84302,1,2,1,2,2,2,2,1,1,2,3,2,0,0,1,1,5,2,2,1,12,2,21,1,1,2,6,M,98,0,0,0,0,0,0,0,0,0,0,90,140,0,0,0,1,12,999,999,999,9999999,999,999,999,7,0,0,0,0,0,0,995,9.8,998,998,998,99.8,99.8,99.8,124.788231856045,12,5
16424,48,8,1-48-2020-008-04,4,2,5TDDY5G16DS0,17,49,422,2013,15,3,15,0,1,R,9,2714,5,9999,9,0,998,5,89,1,0,0,995,0,0,0,84404,9,9,1,3,1,1,2,1,3,2,1,2,0,0,1,1,5,2,9,0,14,4,61,99,9,1,6,M,98,0,0,0,0,0,0,0,0,0,0,140,90,0,0,0,1,0,999,999,999,9999999,999,999,999,9,0,95,95,95,95,0,995,9.8,998,998,998,99.8,99.8,99.8,124.788231856045,12,5
16425,48,9,1-48-2020-009-08,8,1,1GNEL19X73B1,17,20,441,2003,20,4,20,0,1,F,2,2090,5,9999,9,5,12,2,105,1,0,0,995,0,0,0,84124,9,9,0,2,2,1,2,2,1,2,1,3,2,3,1,2,0,0,1,1,1,3,51,8,1,4,2,D,24,0,0,0,0,0,0,0,0,0,0,320,310,0,0,0,1,5,999,999,999,9999999,999,999,999,7,0,1,1,0,4,0,995,9.8,998,998,998,99.8,99.8,99.8,82.6337260427965,12,5
16425,48,9,1-48-2020-009-08,8,2,1HSXRSCR86J1,17,84,881,2006,66,8,68,0,1,B,9,,,,,,,5,105,1,0,0,995,0,0,0,84321,9,9,0,2,2,1,2,2,1,2,1,3,2,3,1,2,0,0,9,0,1,3,53,1,1,1,2,D,25,,,,,,,,,,,,,,,,,,,,,,,,,,,95,95,95,95,,,9.8,998,998,998,99.8,99.8,99.8,82.6337260427965,12,5
16426,76,13,1-76-2020-013-10,10,1,1A4GJ45R57B1,17,6,441,2007,20,4,20,0,1,F,9,1969,5,9999,9,0,998,2,89,1,8,9,998,8,7,9,13753,9,9,0,4,2,1,2,3,2,4,1,2,0,0,5,4,0,0,9,1,14,1,6,99,2,4,1,A,2,0,0,0,0,0,0,0,0,0,0,998,998,0,0,0,99,0,999,999,999,9999999,999,999,999,9,0,0,0,0,0,0,998,2.0,999,23,999,0.0,0.0,0.0,831.951241466295,3,5
16428,32,18,1-32-2020-018-03,3,1,3N1AB7AP5JL6,17,35,43,2018,4,1,3,0,1,R,2,1300,5,0,1,1,10,2,48,1,0,0,995,0,0,0,75204,2,2,2,1,4,3,1,1,2,1,1,1,0,0,1,1,1,2,9,0,14,2,17,3,1,1,5,L,87,0,0,0,0,0,0,0,0,0,0,110,10,0,0,0,1,1,29,-15,-25,19351,998,-37,18,0,1,1,1,0,4,0,995,9.8,998,998,998,99.8,99.8,99.8,876.862173433861,7,5
16428,32,18,1-32-2020-018-03,3,2,4JGDA5JB7JB1,17,42,404,2018,14,3,14,0,1,F,1,2109,8,0,1,1,27,2,48,1,0,0,995,0,0,0,75208,1,9,2,4,4,2,1,1,1,1,3,2,0,0,1,1,1,2,9,0,1,4,66,99,1,1,5,L,86,0,0,0,0,0,0,0,0,0,0,10,110,0,0,0,1,1,19,-18,7,75986,998,95,25,0,1,0,0,0,0,0,995,9.8,998,998,998,99.8,99.8,99.8,876.862173433861,7,5
16429,32,19,1-32-2020-019-05,5,1,2GCEC19T8111,17,20,481,2001,34,5,31,0,1,F,1,1980,5,0,1,1,15,2,113,1,1,1,452,2,0,3,75023,1,1,0,2,2,2,2,2,1,4,3,2,1,3,2,1,0,0,9,0,1,3,51,99,1,1,2,D,24,0,0,0,0,0,0,0,0,0,0,100,100,0,0,0,1,1,12,-12,0,18834,998,-46,15,0,1,99,99,0,5,0,995,9.8,998,998,998,99.8,99.8,99.8,98.9000122731153,7,5
16429,32,19,1-32-2020-019-05,5,2,5J6TF3H51DL0,17,37,405,2013,14,3,14,0,1,F,2,1694,5,0,1,1,26,2,113,1,0,0,995,0,0,0,75160,2,2,0,2,2,2,2,2,1,4,3,2,1,3,2,1,0,0,9,0,1,3,53,99,1,1,2,D,25,1,2,9,5,1,1,61,1,2,999,996,996,0,0,0,3,5,999,999,999,9999999,999,999,999,7,0,2,5,0,3,3,996,9.8,998,998,998,99.8,99.8,99.8,98.9000122731153,7,5
16429,32,19,1-32-2020-019-05,5,3,4V4WC9DH7LN2,17,51,881,2020,63,8,60,0,1,F,9,,,,,,,5,113,1,0,0,995,0,0,0,45772,9,9,0,2,2,1,2,2,1,4,1,3,2,3,2,1,0,0,9,0,1,4,60,99,1,1,6,M,98,,,,,,,,,,,,,,,,,,,,,,,,,,,95,95,95,95,,,9.8,998,998,998,99.8,99.8,99.8,98.9000122731153,7,5
16430,32,20,1-32-2020-020-05,5,1,1ZVBP8AM3E53,17,12,3,2014,2,1,3,0,1,F,2,1634,5,0,1,1,18,2,56,1,0,0,995,0,0,0,76207,1,2,0,1,3,1,1,2,3,1,0,3,0,0,2,2,0,0,9,1,14,2,13,7,2,4,1,A,2,0,0,0,0,0,0,0,0,0,0,998,998,0,0,0,4,11,999,999,999,9999999,999,999,999,7,0,9,97,0,8,0,998,0.0,120,15,15,0.0,0.0,0.0,98.9000122743216,7,5
16433,52,20,1-52-2020-020-10,10,1,2G4WE5874712,17,18,22,2007,4,1,4,0,1,F,1,1589,5,0,1,1,16,2,105,1,0,0,995,0,0,0,59014,9,9,0,3,2,2,2,3,1,1,3,1,1,3,1,4,0,0,9,1,1,1,5,99,4,4,1,B,7,0,0,0,0,0,0,0,0,0,0,998,998,0,0,0,1,10,999,999,999,9999999,999,0,999,6,0,0,0,0,0,0,998,1.1,999,3,80,30.1,9.0,31.9,625.396554297668,12,5
16435,25,13,1-25-2020-013-06,6,1,1FTEX1EP0HFC,17,12,481,2017,34,5,30,0,1,F,9,2081,5,9999,9,0,998,5,40,1,8,0,995,0,7,0,04017,9,9,2,4,2,1,2,2,1,9,0,0,0,0,1,5,0,0,1,0,11,2,15,1,1,2,4,K,84,0,0,0,0,0,0,0,0,0,0,5,165,0,0,0,1,0,999,999,999,9999999,999,999,999,9,0,95,95,95,95,0,995,9.8,998,998,998,99.8,99.8,99.8,237.078792682587,2,5
16435,25,13,1-25-2020-013-06,6,2,1FAHP3K23CL1,17,12,37,2012,5,1,3,0,1,F,2,1327,5,9999,9,5,14,2,40,1,8,0,995,0,7,0,04017,1,2,2,4,2,1,2,2,1,1,0,0,0,0,1,5,2,2,1,0,10,4,67,2,1,1,4,K,84,0,0,0,0,0,0,0,0,0,0,165,5,0,0,0,1,12,999,999,999,9999999,999,999,999,7,0,3,14,1,3,0,995,9.8,998,998,998,99.8,99.8,99.8,237.078792682587,2,5
16436,25,14,1-25-2020-014-04,4,1,5TFUY5F17KX8,17,49,482,2019,34,5,31,0,1,F,1,2450,5,0,1,1,6,2,80,1,8,0,995,0,7,0,04041,1,2,2,4,2,1,2,2,1,1,1,4,0,0,3,1,0,0,1,0,6,4,61,8,1,2,4,J,73,0,0,0,0,0,0,0,0,0,0,305,285,0,1,0,1,12,999,999,999,9999999,999,999,999,6,0,0,0,0,0,0,995,1.5,999,999,999,23.6,7.3,24.7,485.692916280563,2,5
16436,25,14,1-25-2020-014-04,4,2,5TFUY5F11AX1,17,49,482,2010,34,5,31,0,1,L,2,2561,5,0,1,5,6,2,80,1,8,0,995,0,7,0,04274,9,9,2,4,2,1,2,2,1,1,1,4,0,0,3,1,0,0,1,1,11,2,15,99,1,2,4,J,72,0,0,0,0,0,0,0,0,0,0,285,305,0,0,0,1,12,999,999,999,9999999,999,999,999,7,0,0,0,0,0,0,995,9.8,998,998,998,99.8,99.8,99.8,485.692916280563,2,5
16437,73,9,1-73-2020-009-03,3,1,3C4FY58B55T5,17,6,52,2005,6,1,2,0,1,L,1,1408,5,0,1,1,5,2,80,1,0,0,995,0,0,0,04971,9,9,2,4,2,1,2,5,1,1,0,0,0,0,1,1,2,2,9,0,1,1,6,2,2,1,5,L,89,0,0,0,0,0,0,0,0,0,0,35,130,0,0,0,1,1,12,-4,11,16499,998,-209,9,0,1,0,0,0,0,0,995,9.8,998,998,998,99.8,99.8,99.8,30.8339294042373,3,5
16437,73,9,1-73-2020-009-03,3,2,1C4NJRFB2GD6,17,2,407,2016,14,3,14,0,1,F,1,1480,5,0,1,1,6,2,80,1,0,0,995,0,0,0,04930,9,9,2,4,2,1,2,5,1,1,0,0,0,0,1,1,0,0,1,0,1,4,68,2,1,1,5,L,88,0,0,0,0,0,0,0,0,0,0,130,35,0,0,0,1,1,10,-10,-2,20887,998,-71,16,0,1,1,3,0,4,0,995,9.8,998,998,998,99.8,99.8,99.8,30.8339294042373,3,5
16438,73,10,1-73-2020-010-04,4,1,1FMCU9GD5JUB,17,12,402,2018,14,3,14,0,1,F,1,1668,5,9999,9,4,35,2,89,1,0,0,995,0,0,0,04428,9,9,0,4,2,1,2,1,1,1,1,2,0,0,2,1,0,0,1,0,1,6,87,99,1,1,1,C,13,0,0,0,0,0,0,0,0,0,0,998,998,0,0,0,1,12,999,999,999,9999999,999,999,999,6,0,0,0,0,0,0,998,9.8,998,998,998,99.8,99.8,99.8,153.48654916686,3,5
16439,77,20,1-77-2020-020-08,8,1,1GKFK13057J1,17,23,422,2007,15,3,15,0,1,R,1,2556,5,0,1,1,11,2,72,1,1,1,190,2,9,0,22936,2,2,0,4,2,1,2,1,3,4,1,2,0,0,2,1,6,2,1,1,14,2,13,2,1,4,1,A,1,0,0,0,0,0,0,0,0,0,0,998,998,0,0,0,1,8,999,999,999,9999999,999,999,999,6,0,0,0,0,4,0,998,9.7,120,120,54,21.8,8.5,24.6,387.859316862308,9,5
16440,16,14,1-16-2020-014-04,4,1,999999999999,99,99,399,9999,9,1,9,99,1,R,9,9999,9,9999,9,0,998,5,40,1,9,0,995,0,9,0,99999,9,9,0,4,4,2,2,1,3,4,3,2,0,0,1,8,0,0,9,1,6,2,10,99,1,2,2,F,48,0,0,0,0,0,0,0,0,0,0,180,165,0,1,0,1,0,999,999,999,9999999,999,999,999,9,0,95,95,95,95,0,995,9.8,998,998,998,99.8,99.8,99.8,1495.94512616437,5,5