CASEID,PSU,CASENO,CASENUMBER,CATEGORY,VEHNO,VIN,VINLENGTH,MAKE,MODEL,MODELYR,BODYTYPE,BODYCAT,VEHCLASS,SPECUSE,TRANSTAT,DAMPLANE,DAMSEV,CURBWT,CURBSRC,CARGOWT,CARGOSRC,INSPTYPE,INSPLAG,TOWED,SPEEDLIMIT,DRPRESENT,PARALCOHOL,ALCTEST,ALCTESTRESULT,ALCTESTSRC,PARDRUG,DRUGTEST,ZIP,RACE,ETHNICITY,RELTOJUNCT,TRAFFLOW,RDLANES,INITLANE,SURFTYPE,SURFCOND,ALIGNMENT,PROFILE,LINERIGHT,LINELEFT,RUMBINIT,RUMBROAD,LIGHTCOND,WEATHER,TRAFDEV,TRAFFUNCT,DISTRACT,PREFHE,PREMOVE,CRITCAT,CRITEVENT,MANEUVER,PRESTAB,PRELOC,CRASHCAT,CRASHCONF,CRASHTYPE,ROLLTYPE,ROLLTURN,ROLLINTRPT,ROLLPREMAN,ROLLINITYP,ROLLINLOC,ROLLOBJ,ROLLTRIP,ROLLDIR,ROLLDIST,DVANGTHIS,DVANGOTH,TOWHITCH,TRAJDOC,TREEPOLE,DVEVENT,DVBASIS,DVTOTAL,DVLONG,DVLAT,DVENERGY,DVSPEED,DVMOMENT,DVBES,DVEST,DVCONF,VAIS,VISS,VINJURED,VTREAT,INITOBJCLASS,HEADANGLECAT,SHLDRWIDTH,STRKLENGTH,STRKWIDTH,STRKHEIGHT,EDGEDISTX,EDGEDISTY,EDGEDISTZ,CASEWGT,PSUSTRAT,VERSION
16548,73,12,1-73-2020-012-07,7,2,1FAHP3F29CL3,17,12,37,2012,4,1,3,0,1,L,2,1340,5,0,1,1,12,2,72,1,0,0,995,0,0,0,04950,9,9,2,4,2,1,2,1,1,1,1,2,0,0,2,1,1,2,1,0,10,2,16,99,1,1,4,K,78,0,0,0,0,0,0,0,0,0,0,100,150,0,0,0,1,12,999,999,999,9999999,999,999,999,7,0,0,0,0,0,0,995,9.8,998,998,998,99.8,99.8,99.8,164.642234282189,3,5
16549,73,13,1-73-2020-013-03,3,1,1FTFX1EF0EFA,17,12,481,2014,34,5,31,0,1,L,1,2484,5,0,1,1,8,2,89,1,8,0,995,0,7,0,04463,9,9,0,4,2,1,2,3,3,1,1,2,0,0,1,4,0,0,9,1,14,1,6,3,3,2,3,I,64,0,0,0,0,0,0,0,0,0,0,120,260,0,0,0,1,1,10,-7,8,16528,998,-244,7,0,4,0,0,0,0,0,995,9.8,998,998,998,99.8,99.8,99.8,28.4897953143976,3,5
16549,73,13,1-73-2020-013-03,3,2,2T3DFREV4HW5,17,49,402,2017,14,3,14,0,1,F,1,1597,5,0,1,1,10,2,89,1,8,0,995,0,7,0,04481,1,2,0,4,2,1,2,3,2,1,1,2,0,0,1,4,0,0,1,0,14,4,62,3,1,1,3,I,65,0,0,0,0,0,0,0,0,0,0,260,120,0,0,0,1,1,14,-14,3,29872,998,-13,20,0,4,1,1,0,4,0,995,9.8,998,998,998,99.8,99.8,99.8,28.4897953143976,3,5
16551,27,12,1-27-2020-012-10,10,1,1FTPX04566KD,17,12,481,2006,34,5,31,0,1,F,1,2478,5,0,1,1,8,2,56,1,8,9,998,8,7,9,01201,9,9,0,4,2,1,2,5,2,2,1,2,0,0,3,2,0,0,9,1,14,1,6,99,2,4,1,A,2,0,0,0,0,0,0,0,0,0,0,998,998,0,1,1,1,1,14,-14,0,24313,998,68,14,0,4,0,0,0,0,0,998,0.0,30,30,120,4.6,0.7,4.7,1134.25576180479,3,5
16554,19,24,1-19-2020-024-04,4,1,3AKJHHDV7KSL,17,82,881,2019,66,8,68,0,1,F,9,,,,,,,2,113,1,0,0,995,0,0,0,77389,9,9,0,2,2,2,2,2,1,9,3,2,1,3,1,2,0,0,1,0,1,3,52,99,1,1,2,D,28,,,,,,,,,,,,,,,,,,,,,,,,,,,95,95,95,95,,,9.8,998,998,998,99.8,99.8,99.8,360.209008908064,9,5
16554,19,24,1-19-2020-024-04,4,2,1GNSCBKC3JR3,17,20,421,2018,15,3,15,0,1,B,1,2408,5,0,1,1,8,2,113,1,0,0,995,0,0,0,35957,1,2,0,2,2,2,2,2,1,9,3,2,1,3,1,2,0,0,1,0,2,2,18,1,1,1,2,D,29,0,0,0,0,0,0,0,0,0,0,65,65,0,0,0,1,5,999,999,999,9999999,999,999,15,2,0,0,0,0,0,0,995,9.8,998,998,998,99.8,99.8,99.8,360.209008908064,9,5
16555,19,25,1-19-2020-025-03,3,1,KNDJN2A22H74,17,63,37,2017,6,1,2,0,1,F,3,1287,5,0,1,1,6,2,105,1,0,0,995,0,0,0,35744,1,9,0,2,2,1,1,2,3,9,1,3,2,3,1,2,0,0,1,1,14,2,13,99,1,4,1,A,1,0,0,0,0,0,0,0,0,0,0,998,998,0,0,0,1,12,999,999,999,9999999,999,999,999,8,0,1,1,0,4,0,998,3.2,999,999,999,0.0,0.0,0.0,120.103284023968,9,5
16556,19,26,1-19-2020-026-10,10,1,1HGCM665X7A0,17,37,32,2007,4,1,3,0,1,T,3,1504,5,0,1,1,8,2,72,1,0,0,995,0,0,0,35906,1,9,0,4,4,1,2,1,3,1,1,3,0,0,2,1,0,0,3,1,14,2,13,1,1,4,1,A,1,1,4,2,2,1,4,61,1,2,43,997,997,0,1,0,2,6,999,999,999,9999999,999,999,999,8,0,0,0,0,0,3,997,0.6,70,75,-8,33.7,1.4,33.8,3409.00716094748,9,5
16557,19,27,1-19-2020-027-03,3,1,1C4NJCEA1GD6,17,2,1,2016,6,1,2,0,1,L,1,1405,5,0,1,1,5,2,72,1,0,0,995,0,0,0,35904,1,2,3,4,2,1,1,1,1,4,0,0,0,0,1,1,0,0,3,0,11,2,15,2,1,7,4,K,82,0,0,0,0,0,0,0,0,0,0,210,295,0,0,0,1,3,10,-2,10,15985,998,168,10,0,4,0,0,0,0,0,995,9.8,998,998,998,99.8,99.8,99.8,120.103284023968,9,5
16557,19,27,1-19-2020-027-03,3,2,1N4AL3AP2GC1,17,35,47,2016,4,1,4,0,1,F,1,1453,5,0,2,1,5,2,72,1,0,0,995,0,0,0,35903,2,2,3,1,3,3,2,1,1,1,3,2,0,0,1,1,0,0,1,0,1,4,72,3,1,1,4,K,83,0,0,0,0,0,0,0,0,0,0,295,210,0,0,0,1,3,10,-10,-3,6890,998,-71,10,0,4,1,2,0,4,0,995,9.8,998,998,998,99.8,99.8,99.8,120.103284023968,9,5
16558,30,17,1-30-2020-017-03,3,1,1GTEK19B36Z1,17,23,481,2006,34,5,31,0,1,F,9,9999,9,9999,9,0,998,5,72,1,0,0,995,0,0,0,85120,9,9,1,3,1,1,2,1,2,9,1,1,0,0,3,1,0,0,9,0,14,3,51,99,1,1,2,D,24,0,0,0,0,0,0,0,0,0,0,95,95,0,0,0,1,0,999,999,999,9999999,999,999,999,9,0,95,95,95,95,0,995,9.8,998,998,998,99.8,99.8,99.8,757.339974534559,10,5
16558,30,17,1-30-2020-017-03,3,2,5XXGT4L33JG2,17,63,34,2018,4,1,4,0,1,B,1,1463,5,0,1,1,12,2,72,1,0,0,995,0,0,0,85140,9,9,1,3,1,1,2,1,2,9,1,1,0,0,3,1,0,0,1,0,14,3,53,99,1,1,2,D,25,0,0,0,0,0,0,0,0,0,0,95,95,0,0,0,1,12,999,999,999,9999999,999,999,17,2,0,9,97,0,8,0,995,9.8,998,998,998,99.8,99.8,99.8,757.339974534559,10,5
16558,30,17,1-30-2020-017-03,3,3,1LNFM83W1WY6,17,13,1,1998,4,1,5,0,1,B,9,1817,5,9999,9,0,998,5,72,1,0,0,995,0,0,0,85120,9,9,1,3,1,1,2,1,2,9,1,1,0,0,3,1,0,0,1,0,14,3,53,3,1,2,6,M,98,0,0,0,0,0,0,0,0,0,0,75,95,0,0,0,2,0,999,999,999,9999999,999,999,999,9,0,95,95,95,95,0,995,9.8,998,998,998,99.8,99.8,99.8,757.339974534559,10,5
16559,30,18,1-30-2020-018-01,1,1,1GTEC14X68Z3,17,23,481,2008,34,5,31,0,1,F,9,9999,9,9999,9,0,998,2,56,1,0,1,133,3,0,0,85051,9,9,2,4,5,1,2,1,1,1,0,3,0,0,3,1,0,0,9,1,1,2,12,99,9,4,1,B,6,1,2,2,9,1,3,61,1,1,11,998,998,0,0,0,1,0,999,999,999,9999999,999,999,999,9,0,3,11,1,1,3,998,0.0,30,30,65,2.3,0.0,2.3,56.0045909309821,10,5
16560,31,13,1-31-2020-013-04,4,1,5TFRX5GNXJX1,17,49,472,2018,34,5,30,0,1,F,1,1775,5,0,2,5,8,2,89,1,0,0,995,0,0,0,62930,1,2,0,4,2,1,2,2,1,1,1,4,0,0,2,2,0,0,1,0,1,6,87,1,1,1,1,C,13,0,0,0,0,0,0,0,0,0,0,998,998,0,0,0,1,12,999,999,999,9999999,999,999,999,6,0,0,0,0,0,0,998,9.8,998,998,998,99.8,99.8,99.8,211.897011684753,6,5
16561,29,26,1-29-2020-026-09,9,1,2HGFG21508H7,17,37,31,2008,2,1,3,0,1,F,3,1310,5,0,1,1,7,2,40,1,0,0,995,0,0,0,02911,9,9,2,1,2,2,2,1,3,1,1,2,0,0,3,1,1,2,3,1,14,2,13,2,1,4,1,A,1,0,0,0,0,0,0,0,0,0,0,998,998,0,1,0,3,1,49,-46,17,153177,998,59,49,0,1,9,97,0,8,0,998,0.5,120,16,8,0.0,0.0,0.0,278.459143020108,2,5
16562,29,27,1-29-2020-027-07,7,1,1GCSKPEA9AZ1,17,20,481,2010,34,5,31,0,1,F,1,2408,5,9999,9,0,998,5,48,1,8,9,998,8,7,9,02747,9,9,2,4,2,1,2,1,1,1,1,2,0,0,1,1,2,2,9,0,11,2,15,99,1,1,4,K,83,0,0,0,0,0,0,0,0,0,0,215,85,0,0,0,1,3,8,-8,0,5134,998,0,7,0,4,95,95,95,95,0,995,9.8,998,998,998,99.8,99.8,99.8,227.933517813127,2,5
16562,29,27,1-29-2020-027-07,7,2,2T1BURHE4FC4,17,49,32,2015,4,1,3,0,1,L,1,1265,5,0,1,1,7,2,48,1,8,9,998,8,7,9,02717,9,9,2,4,2,1,2,1,1,1,0,2,0,0,1,1,2,2,9,0,11,4,67,3,1,1,4,K,82,0,0,0,0,0,0,0,0,0,0,85,215,0,0,0,1,3,15,-9,11,12141,998,6,15,0,4,0,0,0,0,0,995,9.8,998,998,998,99.8,99.8,99.8,227.933517813127,2,5
16563,29,28,1-29-2020-028-07,7,1,1HGCR2F35DA0,17,37,32,2013,4,1,4,0,1,F,9,1521,5,9999,9,0,998,2,72,1,8,0,995,0,7,0,02886,9,9,2,4,4,1,2,1,1,9,1,3,0,0,1,8,4,2,9,1,1,4,60,8,1,4,1,A,3,0,0,0,0,0,0,0,0,0,0,998,998,0,0,0,3,0,999,999,999,9999999,999,999,999,9,0,0,0,0,0,0,998,9.9,999,999,999,0.0,0.0,0.0,227.933517815418,2,5
16564,29,29,1-29-2020-029-03,3,1,2GKALMEK3G61,17,23,402,2016,14,3,14,0,1,F,1,1748,5,0,1,1,8,2,48,1,0,8,997,8,0,0,02703,1,2,2,4,2,1,2,1,1,1,1,2,0,0,3,1,0,0,3,1,1,2,13,1,1,4,1,A,1,0,0,0,0,0,0,0,0,0,0,998,998,0,1,0,2,1,12,-12,0,12144,998,46,12,0,4,1,1,0,4,0,998,0.6,9,9,999,0.0,0.0,0.0,42.6551279342752,2,5
16565,15,12,1-15-2020-012-03,3,1,KNMAT2MV4KP5,17,35,404,2019,14,3,14,0,1,F,9,1610,5,9999,9,0,998,2,48,1,8,9,998,8,7,9,11563,9,9,2,1,2,2,2,1,1,1,1,2,0,0,1,1,1,2,9,0,1,4,62,99,1,1,4,J,69,0,0,0,0,0,0,0,0,0,0,345,115,0,0,0,1,0,999,999,999,9999999,999,999,999,9,0,99,99,0,8,0,995,9.8,998,998,998,99.8,99.8,99.8,33.6122210612707,1,5
16565,15,12,1-15-2020-012-03,3,2,5FNYF6H53GB0,17,37,421,2016,15,3,15,0,1,R,9,1930,5,9999,9,0,998,2,48,1,8,9,998,8,7,9,11551,9,9,2,4,5,3,2,1,1,1,1,2,0,0,1,1,1,2,9,0,11,2,15,99,1,1,4,J,68,0,0,0,0,0,0,0,0,0,0,115,345,0,0,0,1,0,999,999,999,9999999,999,999,999,9,0,99,99,0,8,0,995,9.8,998,998,998,99.8,99.8,99.8,33.6122210612707,1,5
16566,15,13,1-15-2020-013-03,3,1,WBAJA7C54KWW,17,34,35,2019,4,1,5,0,1,F,1,1759,5,0,1,1,24,2,48,1,8,1,0,2,7,9,11566,1,2,2,4,2,1,2,1,1,1,0,0,0,0,1,1,2,2,9,0,4,2,17,1,1,1,5,L,89,0,0,0,0,0,0,0,0,0,0,998,998,0,0,7,2,10,999,999,999,9999999,999,-22,20,2,0,1,1,0,4,0,998,2.9,999,999,999,4.2,0.9,4.3,33.6122210620602,1,5
16566,15,13,1-15-2020-013-03,3,2,5J8YD4H32LL0,17,54,402,2020,14,3,14,0,1,F,9,1970,5,9999,9,0,998,5,48,1,8,9,998,8,7,9,11596,9,9,2,4,2,1,2,1,1,1,1,2,0,0,1,1,0,0,9,0,1,4,66,99,1,1,5,L,88,0,0,0,0,0,0,0,0,0,0,180,90,0,0,0,1,0,999,999,999,9999999,999,999,999,9,0,95,95,95,95,0,995,9.8,998,998,998,99.8,99.8,99.8,33.6122210620602,1,5
16568,22,15,1-22-2020-015-07,7,1,3GYFNBE37ES5,17,19,20,2014,6,1,4,0,1,F,2,1940,5,0,1,1,8,2,40,1,8,0,995,0,0,0,99403,9,9,0,4,2,1,2,1,1,1,0,4,0,0,1,1,0,0,9,0,1,3,52,1,1,1,2,D,28,0,0,0,0,0,0,0,0,0,0,250,250,0,0,0,1,3,28,-28,0,61740,998,21,28,0,4,99,99,0,0,0,995,9.8,998,998,998,99.8,99.8,99.8,144.748294927562,12,5
16568,22,15,1-22-2020-015-07,7,2,1G2ZG57N4841,17,22,22,2008,4,1,4,0,1,B,2,1507,5,9999,9,4,35,5,40,1,0,0,995,0,0,0,83530,9,9,0,4,2,1,2,1,1,1,0,4,0,0,1,1,0,0,1,0,2,3,53,1,1,1,2,D,29,0,0,0,0,0,0,0,0,0,0,250,250,0,0,0,1,3,38,38,0,86306,998,0,38,0,4,95,95,95,95,0,995,9.8,998,998,998,99.8,99.8,99.8,144.748294927562,12,5
16569,13,15,1-13-2020-015-06,6,1,1GC4KYEY5KF2,17,20,481,2019,34,5,31,0,1,F,9,2998,5,9999,9,0,998,5,105,1,0,0,995,0,0,0,75409,9,9,1,2,4,4,1,1,1,9,3,2,1,1,1,1,0,0,9,0,1,3,52,99,1,1,2,D,28,0,0,0,0,0,0,0,0,0,0,60,60,1,0,0,1,0,999,999,999,9999999,999,999,999,9,0,95,95,95,95,0,995,9.8,998,998,998,99.8,99.8,99.8,1761.90437642155,7,5
16569,13,15,1-13-2020-015-06,6,2,2HGFG3B84DH5,17,37,31,2013,2,1,2,0,1,B,2,1278,5,0,1,1,18,2,105,1,0,0,995,0,0,0,75077,1,9,1,2,4,4,1,1,1,9,3,2,1,1,1,1,0,0,9,0,2,3,53,1,1,1,2,D,29,0,0,0,0,0,0,0,0,0,0,60,60,0,0,0,1,5,999,999,999,9999999,999,999,31,3,0,99,99,0,0,0,995,9.8,998,998,998,99.8,99.8,99.8,1761.90437642155,7,5
16569,13,15,1-13-2020-015-06,6,3,5TFEY5F19EX1,17,49,482,2014,34,5,31,0,1,B,9,2575,5,9999,9,0,998,5,105,1,0,0,995,0,0,0,75078,9,9,1,2,4,4,1,1,1,9,3,2,1,1,1,1,0,0,9,0,5,3,53,1,1,1,6,M,98,0,0,0,0,0,0,0,0,0,0,60,70,0,0,0,2,0,999,999,999,9999999,999,999,999,9,0,95,95,95,95,0,995,9.8,998,998,998,99.8,99.8,99.8,1761.90437642155,7,5
16570,13,16,1-13-2020-016-03,3,1,WVWBM7AJ3CW2,17,30,42,2012,3,1,2,0,1,F,1,1389,5,0,1,1,17,2,113,1,0,0,995,0,0,0,76262,1,9,0,2,5,3,1,1,1,9,3,3,0,3,1,8,0,0,2,0,1,3,52,99,1,1,2,D,28,0,0,0,0,0,0,0,0,0,0,145,145,0,0,0,1,3,14,-14,0,12346,998,-10,15,0,4,9,97,0,0,0,995,9.8,998,998,998,99.8,99.8,99.8,1062.99436498647,7,5
16570,13,16,1-13-2020-016-03,3,2,JTMC1RFV1KD5,17,49,402,2019,14,3,14,0,1,B,1,1583,5,0,1,3,23,2,113,1,0,0,995,0,0,0,76262,1,2,0,2,5,3,1,1,1,9,3,3,0,3,1,8,0,0,9,0,2,3,53,1,1,1,2,D,29,0,0,0,0,0,0,0,0,0,0,145,145,0,0,0,1,3,13,13,0,9556,998,0,12,0,4,1,1,0,4,0,995,9.8,998,998,998,99.8,99.8,99.8,1062.99436498647,7,5
16572,26,23,1-26-2020-023-02,2,1,WAUB8GFF7H10,17,32,48,2017,4,1,2,0,1,F,1,1525,5,0,1,1,48,2,89,1,0,0,995,0,0,0,95632,9,1,0,4,2,1,2,1,1,1,0,4,0,0,2,5,0,0,1,0,1,6,87,1,1,1,1,C,13,0,0,0,0,0,0,0,0,0,0,998,998,0,0,0,1,10,999,999,999,9999999,999,-11,13,2,0,9,97,0,99,0,998,9.8,998,998,998,99.8,99.8,99.8,29.7923693967724,10,5
16573,26,24,1-26-2020-024-02,2,1,JTHCM1D2XG50,17,59,35,2016,4,1,4,0,1,T,2,1695,5,0,1,1,25,2,113,1,1,1,230,2,0,1,95363,1,1,0,1,2,1,2,1,1,1,1,3,2,3,2,1,0,0,9,1,1,2,13,98,2,4,1,A,2,2,98,8,8,98,8,32,8,8,998,997,997,0,0,0,1,6,999,999,999,9999999,999,999,999,7,0,2,9,0,4,8,997,9.8,998,998,998,99.8,99.8,99.8,29.7923693967724,10,5
16574,26,25,1-26-2020-025-02,2,1,5NPDH4AE8GH6,17,55,35,2016,4,1,3,0,1,T,3,1305,5,0,1,1,12,2,72,1,0,0,995,0,0,0,95823,9,1,0,1,3,2,2,1,1,1,3,3,0,0,1,1,0,0,1,1,15,2,10,1,1,2,2,F,47,1,6,2,5,1,1,61,1,1,21,997,997,0,1,0,3,6,999,999,999,9999999,999,999,999,8,0,2,5,0,4,3,997,0.0,120,15,15,0.0,0.0,0.0,29.7923693967724,10,5
16574,26,25,1-26-2020-025-02,2,2,KNAGV4LD9L50,17,63,34,2020,4,1,4,0,1,R,9,1583,5,9999,9,0,998,5,72,1,0,0,995,0,0,0,95827,9,9,0,1,3,3,2,1,1,1,3,1,0,0,1,1,0,0,1,0,1,4,61,1,1,1,2,F,45,0,0,0,0,0,0,0,0,0,0,260,250,0,0,0,1,0,999,999,999,9999999,999,999,999,9,0,95,95,95,95,0,995,9.8,998,998,998,99.8,99.8,99.8,29.7923693967724,10,5
16575,18,12,1-18-2020-012-04,4,1,JN1BJ1CR5KW6,17,35,404,2019,14,3,14,0,1,F,9,1610,5,0,1,3,9,2,48,1,0,0,995,0,0,0,54703,1,2,2,4,4,1,2,3,1,1,0,3,0,0,1,1,0,0,1,1,1,2,13,4,1,4,1,A,3,0,0,0,0,0,0,0,0,0,0,998,998,0,0,9,1,12,999,999,999,9999999,999,999,999,9,0,2,4,0,6,0,998,0.0,999,999,999,2.6,1.3,2.7,253.272652033298,6,5
16576,18,13,1-18-2020-013-10,10,1,3N1CB51D66L4,17,35,43,2006,4,1,1,0,1,F,1,1170,5,0,2,4,46,3,48,1,0,0,995,0,0,0,54703,1,2,2,4,6,1,1,1,1,1,0,1,0,0,1,1,1,2,1,0,10,3,50,1,1,1,2,D,20,0,0,0,0,0,0,0,0,0,0,125,125,0,0,0,1,12,999,999,999,9999999,999,999,999,6,0,0,0,0,0,0,995,9.8,998,998,998,99.8,99.8,99.8,2396.96471521077,6,5
16576,18,13,1-18-2020-013-10,10,2,4JGDA5GB4HA8,17,42,404,2017,14,3,14,0,1,B,9,2235,5,9999,9,0,998,5,48,1,0,0,995,0,0,0,54703,9,9,2,4,6,1,1,1,1,1,0,1,0,0,1,1,1,2,9,0,5,3,53,1,1,1,2,D,23,0,0,0,0,0,0,0,0,0,0,125,125,0,0,0,1,0,999,999,999,9999999,999,999,999,9,0,95,95,95,95,0,995,9.8,998,998,998,99.8,99.8,99.8,2396.96471521077,6,5
16577,33,10,1-33-2020-010-03,3,1,KNMAT2MT0HP5,17,35,51,2017,6,1,3,0,1,F,2,1550,5,0,1,1,49,2,56,1,0,0,995,0,0,0,95928,2,2,2,5,4,2,2,1,1,1,4,4,0,0,3,1,0,0,3,1,10,2,13,4,1,4,1,A,1,0,0,0,0,0,0,0,0,0,0,998,998,0,1,1,1,1,29,-29,0,61666,998,45,29,0,1,1,2,0,4,0,998,0.0,29,55,105,4.4,2.1,4.9,77.8543019317864,12,5
16578,33,11,1-33-2020-011-03,3,1,2FMDK4KC1DBB,17,12,24,2013,6,1,4,0,1,F,1,1993,5,9999,9,4,35,2,56,1,9,0,995,0,9,0,96021,1,9,2,3,3,3,2,1,1,1,3,2,0,0,1,1,1,2,2,0,1,2,17,99,1,1,5,L,86,0,0,0,0,0,0,0,0,0,0,235,325,0,1,0,1,3,18,-14,12,32075,998,137,14,0,4,1,3,0,4,0,995,9.8,998,998,998,99.8,99.8,99.8,77.8543019317864,12,5
16578,33,11,1-33-2020-011-03,3,2,SALWR2KF5GA6,17,62,421,2016,15,3,15,0,1,R,1,2489,5,0,1,1,30,2,48,1,0,0,995,0,0,0,95969,1,2,2,3,2,2,2,1,1,1,3,0,0,0,1,1,1,2,2,0,1,4,66,1,1,1,5,L,87,0,0,0,0,0,0,0,0,0,0,325,235,0,1,0,1,3,15,-10,-12,52071,998,-85,20,0,4,1,3,0,6,0,995,9.8,998,998,998,99.8,99.8,99.8,77.8543019317864,12,5
16579,21,17,1-21-2020-017-08,8,1,JN8AZ08T27W5,17,35,49,2007,6,1,4,0,1,L,2,1760,5,0,1,1,20,2,113,1,0,0,995,0,0,0,90044,1,9,0,1,2,2,2,1,2,1,3,2,1,3,2,1,0,0,9,1,14,2,12,3,2,4,1,B,6,1,4,2,2,1,4,61,1,1,28,997,997,0,0,0,1,6,999,999,999,9999999,999,999,999,7,0,2,4,0,8,3,997,9.8,998,998,998,99.8,99.8,99.8,155.612418321495,11,5
16580,21,18,1-21-2020-018-04,4,1,1FM5K8AR8HGE,17,12,401,2017,14,3,14,5,1,F,1,2146,8,136,1,1,14,2,72,1,0,0,995,0,0,0,92415,9,1,2,1,4,2,2,1,1,1,1,1,0,0,1,8,1,2,2,0,1,2,17,3,1,1,4,J,69,0,0,0,0,0,0,0,0,0,0,250,0,0,0,0,1,3,13,-13,0,13406,998,41,12,0,1,0,0,0,0,0,995,9.8,998,998,998,99.8,99.8,99.8,1015.4338375877,11,5
16580,21,18,1-21-2020-018-04,4,2,JT3HN87R4203,17,49,401,2002,14,3,14,0,1,R,1,1867,5,46,2,4,20,2,64,1,0,0,995,0,0,0,92324,3,1,2,1,4,3,2,1,1,1,1,1,0,0,1,8,1,2,1,0,11,4,63,1,1,1,4,J,68,0,0,0,0,0,0,0,0,0,0,0,250,0,1,0,1,3,15,-5,-14,24710,998,41,17,0,4,0,0,0,0,0,995,9.8,998,998,998,99.8,99.8,99.8,1015.4338375877,11,5
16581,21,19,1-21-2020-019-06,6,1,WBAPK5C59BA6,17,34,34,2011,4,1,3,0,1,F,1,1635,5,0,1,1,13,2,80,1,9,0,995,0,9,0,92324,9,9,0,1,2,2,2,1,1,1,3,0,0,0,1,1,0,0,9,0,1,3,50,8,1,1,2,D,20,0,0,0,0,0,0,0,0,0,0,220,205,0,0,0,1,12,999,999,999,9999999,999,999,999,1,0,99,99,0,99,0,995,9.8,998,998,998,99.8,99.8,99.8,352.025341549631,11,5
16581,21,19,1-21-2020-019-06,6,2,5NPDH4AE3DH3,17,55,35,2013,4,1,3,0,1,B,9,1265,5,9999,9,0,998,5,80,1,0,0,995,0,0,0,92553,9,9,0,1,2,2,2,1,1,1,3,0,0,0,1,1,0,0,1,0,5,3,53,1,1,1,2,D,21,0,0,0,0,0,0,0,0,0,0,205,220,0,0,0,1,0,999,999,999,9999999,999,999,999,9,0,95,95,95,95,0,995,9.8,998,998,998,99.8,99.8,99.8,352.025341549631,11,5
16582,21,20,1-21-2020-020-03,3,1,WDBJF55F4VA2,17,42,48,1997,4,1,4,0,1,L,9,1635,5,0,2,0,998,2,64,1,8,0,995,0,7,0,99999,9,9,2,5,5,1,2,1,1,1,0,3,0,0,3,1,0,0,9,1,12,2,21,99,1,2,6,M,98,0,0,0,0,0,0,0,0,0,0,235,265,0,0,0,1,0,999,999,999,9999999,999,999,999,9,0,99,99,0,99,0,995,9.8,998,998,998,99.8,99.8,99.8,223.91403312767,11,5
16582,21,20,1-21-2020-020-03,3,2,3GNCJLSB3KL2,17,20,406,2019,14,3,14,0,1,R,1,1382,5,0,2,4,45,2,64,1,8,9,998,8,7,9,92324,2,2,2,5,5,2,2,1,1,1,3,2,0,0,3,1,0,0,1,0,1,4,61,1,1,1,6,M,98,0,0,0,0,0,0,0,0,0,0,265,235,0,0,0,1,98,999,999,999,9999999,999,999,999,6,0,0,0,0,0,0,995,0.0,1,999,999,0.8,0.5,1.0,223.91403312767,11,5
16583,20,10,1-20-2020-010-04,4,1,1FADP5CU1EL5,17,12,27,2014,5,1,3,0,1,F,1,1636,5,0,1,1,19,2,40,1,0,0,995,0,0,0,93933,1,2,2,4,3,2,2,1,1,1,1,2,0,0,1,1,2,2,2,0,1,2,17,4,1,1,5,L,86,0,0,0,0,0,0,0,0,0,0,310,25,0,0,0,1,12,999,999,999,9999999,999,999,999,6,0,0,0,0,0,0,995,9.8,998,998,998,99.8,99.8,99.8,2484.96377219355,11,5
16583,20,10,1-20-2020-010-04,4,2,5J8TC2H76KL0,17,54,402,2019,14,3,14,0,1,R,9,1830,5,9999,9,0,998,2,40,1,0,0,995,0,0,0,93933,1,2,2,4,3,2,2,1,1,1,0,2,0,0,1,1,2,2,9,0,1,4,66,1,1,1,5,L,87,0,0,0,0,0,0,0,0,0,0,25,310,0,0,0,1,0,999,999,999,9999999,999,999,999,9,0,0,0,0,0,0,995,9.8,998,998,998,99.8,99.8,99.8,2484.96377219355,11,5
16584,22,16,1-22-2020-016-07,7,1,1FTFW1ETXDFD,17,12,481,2013,34,5,30,0,1,T,2,2522,5,9999,9,4,71,2,56,1,0,0,995,0,0,0,99163,1,2,0,4,2,1,2,1,3,1,0,2,0,0,1,1,0,0,3,1,14,2,12,1,1,4,1,B,6,1,2,2,2,1,4,63,1,2,3,997,997,0,1,0,4,6,999,999,999,9999999,999,999,999,7,0,0,0,0,0,3,997,0.0,120,18,18,0.0,0.0,0.0,144.748294891156,12,5
16586,32,26,1-32-2020-026-08,8,1,5GTDN1360683,17,3,402,2006,14,3,14,0,1,R,2,2132,5,0,1,1,12,2,113,1,1,1,364,2,0,0,75116,1,9,1,2,4,1,2,2,1,4,0,3,0,0,2,1,0,0,9,1,1,2,13,1,9,4,1,A,1,1,1,2,2,1,3,61,1,1,999,997,997,0,0,0,2,6,999,999,999,9999999,999,999,999,7,0,3,10,1,3,3,997,2.9,999,999,-120,21.6,3.6,22.0,857.590583553936,7,5