CASEID,PSU,CASENO,CASENUMBER,CATEGORY,VEHNO,VIN,VINLENGTH,MAKE,MODEL,MODELYR,BODYTYPE,BODYCAT,VEHCLASS,SPECUSE,TRANSTAT,DAMPLANE,DAMSEV,CURBWT,CURBSRC,CARGOWT,CARGOSRC,INSPTYPE,INSPLAG,TOWED,SPEEDLIMIT,DRPRESENT,PARALCOHOL,ALCTEST,ALCTESTRESULT,ALCTESTSRC,PARDRUG,DRUGTEST,ZIP,RACE,ETHNICITY,RELTOJUNCT,TRAFFLOW,RDLANES,INITLANE,SURFTYPE,SURFCOND,ALIGNMENT,PROFILE,LINERIGHT,LINELEFT,RUMBINIT,RUMBROAD,LIGHTCOND,WEATHER,TRAFDEV,TRAFFUNCT,DISTRACT,PREFHE,PREMOVE,CRITCAT,CRITEVENT,MANEUVER,PRESTAB,PRELOC,CRASHCAT,CRASHCONF,CRASHTYPE,ROLLTYPE,ROLLTURN,ROLLINTRPT,ROLLPREMAN,ROLLINITYP,ROLLINLOC,ROLLOBJ,ROLLTRIP,ROLLDIR,ROLLDIST,DVANGTHIS,DVANGOTH,TOWHITCH,TRAJDOC,TREEPOLE,DVEVENT,DVBASIS,DVTOTAL,DVLONG,DVLAT,DVENERGY,DVSPEED,DVMOMENT,DVBES,DVEST,DVCONF,VAIS,VISS,VINJURED,VTREAT,INITOBJCLASS,HEADANGLECAT,SHLDRWIDTH,STRKLENGTH,STRKWIDTH,STRKHEIGHT,EDGEDISTX,EDGEDISTY,EDGEDISTZ,CASEWGT,PSUSTRAT,VERSION
16622,24,29,1-24-2020-029-09,9,2,1G1ZB5EB5AF2,17,20,37,2010,4,1,4,0,1,R,1,1549,5,0,1,1,17,2,80,1,0,0,995,0,0,0,08201,9,9,3,1,3,1,2,1,1,1,1,3,0,0,1,1,0,0,9,0,1,4,72,99,1,1,4,K,83,0,0,0,0,0,0,0,0,0,0,30,280,0,0,0,1,3,6,-5,-4,7703,998,152,7,0,4,99,99,0,99,0,995,9.8,998,998,998,99.8,99.8,99.8,594.318823765037,1,5
16623,24,30,1-24-2020-030-05,5,1,KMHDN46D66U3,17,55,35,2006,4,1,2,0,1,R,1,1195,5,0,1,1,14,2,56,1,0,1,0,2,0,1,08360,2,2,2,4,2,1,2,1,1,1,0,1,0,0,3,1,2,1,9,0,1,2,17,99,1,1,5,L,87,0,0,0,0,0,0,0,0,0,0,10,280,0,0,0,1,3,22,-14,-17,35323,998,-37,26,0,4,2,5,0,3,0,995,9.8,998,998,998,99.8,99.8,99.8,61.5488257231871,1,5
16623,24,30,1-24-2020-030-05,5,2,3FAHP0KC9CR3,17,12,23,2012,4,1,3,0,1,F,1,1563,5,0,1,1,14,2,80,1,0,0,995,0,0,0,08330,9,2,2,4,4,2,2,1,1,1,3,2,0,0,3,1,0,0,1,0,1,4,66,8,1,1,5,L,86,0,0,0,0,0,0,0,0,0,0,280,10,0,0,0,1,3,16,-13,11,15226,998,102,13,0,4,1,3,0,3,0,995,1.4,999,999,999,99.9,99.9,99.9,61.5488257231871,1,5
16624,28,13,1-28-2020-013-08,8,1,1B4HS28N0YF2,17,7,402,2000,14,3,14,0,1,F,2,2018,8,57,1,1,15,2,40,1,0,0,995,0,0,0,16915,1,2,0,4,2,1,2,4,3,1,0,2,0,0,1,4,0,0,1,1,14,1,6,99,4,2,3,G,50,0,0,0,0,0,0,0,0,0,0,175,35,0,0,0,1,5,999,999,999,9999999,999,999,27,3,0,3,9,1,3,0,995,9.8,998,998,998,99.8,99.8,99.8,113.129235026172,3,5
16624,28,13,1-28-2020-013-08,8,2,1FDUF5HTXHEB,17,12,881,2017,61,8,60,6,1,F,9,,,,,,,2,40,1,0,0,995,0,0,0,16948,9,9,0,4,2,1,2,4,2,1,0,2,0,0,1,4,0,0,1,0,14,4,62,99,1,1,3,G,51,,,,,,,,,,,,,,,,,,,,,,,,,,,95,95,95,95,,,9.8,998,998,998,99.8,99.8,99.8,113.129235026172,3,5
16625,28,14,1-28-2020-014-05,5,1,KMHCT4AE1CU2,17,55,36,2012,4,1,2,0,1,R,3,1155,5,0,1,1,16,2,56,1,0,1,0,2,0,1,16950,1,2,0,4,2,1,2,5,1,1,0,0,0,0,1,4,0,0,9,1,1,1,5,99,4,2,3,I,66,0,0,0,0,0,0,0,0,0,0,75,325,0,0,0,1,5,999,999,999,9999999,999,999,43,4,0,5,45,1,3,0,995,0.0,86,120,-37,8.8,1.6,8.9,48.1055843593417,3,5
16625,28,14,1-28-2020-014-05,5,2,3ALACWFBXLDL,17,82,881,2020,62,8,60,0,1,F,9,,,,,,,2,56,1,0,0,995,0,0,0,14206,9,9,0,4,2,1,2,5,1,1,0,0,0,0,1,4,0,0,9,0,1,4,62,99,1,1,3,I,66,,,,,,,,,,,,,,,,,,,,,,,,,,,95,95,95,95,,,9.8,998,998,998,99.8,99.8,99.8,48.1055843593417,3,5
16627,48,12,1-48-2020-012-03,3,1,3KPC24A37JE0,17,55,36,2018,4,1,2,0,1,F,1,1218,5,0,1,1,13,2,40,1,0,0,995,0,0,0,84401,9,9,2,4,2,1,2,1,1,2,0,2,0,0,1,1,2,2,9,0,1,2,17,1,1,1,5,L,86,0,0,0,0,0,0,0,0,0,0,70,170,0,0,0,1,3,17,-8,14,17783,998,166,12,0,4,9,97,0,99,0,995,9.8,998,998,998,99.8,99.8,99.8,86.8079192373561,12,5
16627,48,12,1-48-2020-012-03,3,2,1FMCU94799KA,17,12,402,2009,14,3,14,0,1,R,1,1609,5,0,1,4,12,2,89,1,0,0,995,0,0,0,84302,9,9,2,1,2,1,2,1,1,2,1,3,0,0,1,1,0,0,9,0,1,4,66,1,1,1,5,L,87,0,0,0,0,0,0,0,0,0,0,170,70,0,0,0,1,3,12,-11,-4,32917,998,89,18,0,4,0,0,0,99,0,995,9.8,998,998,998,99.8,99.8,99.8,86.8079192373561,12,5
16628,52,31,1-52-2020-031-03,3,1,1FTEW1EP7JFA,17,12,481,2018,34,5,31,0,1,T,1,2130,5,0,1,1,21,2,72,1,0,0,995,0,0,0,59015,9,9,3,4,2,1,4,98,2,1,0,0,0,0,1,8,5,2,9,1,14,1,6,4,2,4,1,B,7,1,4,2,6,1,4,61,1,2,13,997,997,0,0,0,4,6,999,999,999,9999999,999,999,999,6,0,1,1,0,4,3,997,0.0,10,10,114,14.0,5.0,14.4,49.104101856845,12,5
16629,52,32,1-52-2020-032-04,4,1,1C6RR7MT8DS6,17,7,482,2013,34,5,31,0,1,F,2,2352,5,91,1,1,29,2,80,1,0,0,995,0,0,0,59106,9,9,0,4,2,1,2,5,2,1,1,2,0,0,2,1,0,0,3,1,14,1,5,4,2,2,3,G,50,0,0,0,0,0,0,0,0,0,0,30,225,0,0,0,1,1,38,-38,0,155608,998,-13,40,0,4,1,1,0,6,0,995,9.8,998,998,998,99.8,99.8,99.8,159.315363581153,12,5
16629,52,32,1-52-2020-032-04,4,2,1C6RR7VT4HS6,17,7,482,2017,34,5,31,0,1,F,2,2443,5,9999,9,1,29,2,80,1,0,0,995,0,0,0,59102,9,9,0,4,2,1,2,5,3,1,2,1,0,0,2,1,0,0,9,0,14,4,62,4,1,1,3,G,51,0,0,0,0,0,0,0,0,0,0,225,30,0,0,0,1,1,38,-38,7,133384,998,30,36,0,4,0,0,0,6,0,995,9.8,998,998,998,99.8,99.8,99.8,159.315363581153,12,5
16630,52,33,1-52-2020-033-09,9,1,2G1WT55K0693,17,20,2,2006,4,1,4,0,1,F,1,1630,5,0,1,1,25,2,72,1,0,0,995,0,0,0,59101,9,9,2,4,2,1,2,2,1,1,1,2,0,0,1,4,2,2,3,0,1,3,50,2,1,1,2,D,20,0,0,0,0,0,0,0,0,0,0,80,80,0,0,0,1,3,23,-23,0,32680,998,0,22,0,4,9,97,0,99,0,995,9.8,998,998,998,99.8,99.8,99.8,309.828444629117,12,5
16630,52,33,1-52-2020-033-09,9,2,1GKKVRED6CJ3,17,23,8,2012,6,1,5,0,1,B,1,2234,5,9999,9,0,998,5,72,1,0,0,995,0,0,0,59101,9,9,2,4,2,1,2,2,1,1,1,2,0,0,1,4,2,2,9,0,5,3,53,99,1,1,2,D,21,0,0,0,0,0,0,0,0,0,0,80,80,0,0,0,1,3,18,18,0,29779,998,0,19,0,4,95,95,95,95,0,995,9.8,998,998,998,99.8,99.8,99.8,309.828444629117,12,5
16631,52,34,1-52-2020-034-08,8,1,1B7KF26C4TJ1,17,7,482,1996,34,5,31,0,1,F,1,2225,5,0,1,1,25,2,56,1,0,1,0,2,0,0,59070,1,2,0,5,5,1,2,5,1,1,1,3,0,0,1,8,0,0,9,1,1,2,13,99,2,4,1,A,2,0,0,0,0,0,0,0,0,0,0,998,998,0,1,0,2,1,24,-24,0,50430,998,-8,24,0,4,2,5,0,3,0,998,1.1,5,5,-120,21.0,4.8,21.7,39.4500994479231,12,5
16633,12,18,1-12-2020-018-03,3,1,19UUB1F36GA0,17,54,44,2016,4,1,4,0,1,F,1,1579,5,0,1,1,28,2,113,1,0,0,995,0,0,0,75052,9,9,0,2,2,2,2,2,1,1,3,2,1,3,1,8,0,0,1,1,1,1,6,98,3,4,1,A,2,0,0,0,0,0,0,0,0,0,0,998,998,0,0,0,1,10,999,999,999,9999999,999,129,23,2,0,9,97,0,99,0,998,3.5,999,999,999,11.4,8.7,14.3,796.623593547928,9,5
16634,16,19,1-16-2020-019-07,7,1,2GNALBEC3B12,17,20,404,2011,14,3,14,0,1,F,2,1706,5,9999,9,4,39,2,999,1,8,0,995,0,7,0,45211,9,9,2,4,2,1,2,1,1,2,0,2,0,0,1,1,2,2,1,1,1,2,13,99,1,4,1,C,11,0,0,0,0,0,0,0,0,0,0,165,165,0,0,0,1,12,999,999,999,9999999,999,999,999,7,0,0,0,0,0,0,995,9.8,998,998,998,99.8,99.8,99.8,1431.43807562429,5,5
16634,16,19,1-16-2020-019-07,7,2,2C3LA43R37H7,17,6,51,2007,4,1,5,0,2,B,9,1683,5,9999,9,0,998,,,,,,,,,,,,,,,,,,,,,,,,,,,,,,,,,,,,,,,,,,,,,,,,,,,,,,,,,,,,,,,,,,95,95,95,95,,,,,,,,,,1431.43807562429,5,5
16635,16,20,1-16-2020-020-03,3,1,999999999999,99,99,399,9999,9,1,9,0,1,B,9,9999,9,9999,9,0,998,5,40,1,0,0,995,0,0,0,99999,9,9,0,4,4,1,2,2,1,9,1,3,0,0,1,2,0,0,9,1,12,2,21,99,1,2,6,M,98,0,0,0,0,0,0,0,0,0,0,290,275,0,0,0,1,0,999,999,999,9999999,999,999,999,9,0,95,95,95,95,0,995,9.8,998,998,998,99.8,99.8,99.8,299.783067395664,5,5
16635,16,20,1-16-2020-020-03,3,2,1FADP3F24GL3,17,12,37,2016,4,1,3,0,1,F,2,1340,5,0,1,1,14,2,40,1,0,0,995,0,0,0,45238,1,9,0,4,4,1,2,2,1,9,1,3,0,0,1,2,0,0,1,0,1,4,60,3,1,1,6,M,98,0,0,0,0,0,0,0,0,0,0,275,290,0,0,0,1,12,999,999,999,9999999,999,999,999,7,0,9,97,0,8,0,995,0.0,999,999,999,0.0,0.0,0.0,299.783067395664,5,5
16636,16,21,1-16-2020-021-06,6,1,3C4PDDEG9GT2,17,7,27,2016,6,1,4,0,1,F,1,1926,5,9999,9,0,998,5,64,1,8,0,995,0,7,0,45014,9,9,2,2,6,3,2,2,1,1,3,1,0,0,1,4,1,2,1,0,1,4,62,99,1,1,4,J,69,0,0,0,0,0,0,0,0,0,0,185,300,0,0,0,1,3,7,-7,1,2683,998,39,6,0,4,95,95,95,95,0,995,9.8,998,998,998,99.8,99.8,99.8,496.887957094923,5,5
16636,16,21,1-16-2020-021-06,6,2,4T4BF1FK1FR5,17,49,40,2015,4,1,3,0,1,R,1,1265,5,0,1,1,6,2,64,1,0,0,995,0,0,0,45246,1,2,2,2,5,5,2,2,1,1,1,0,0,0,1,4,1,2,1,0,11,2,15,2,1,2,4,J,68,0,0,0,0,0,0,0,0,0,0,300,185,0,0,0,1,3,10,-6,-7,6250,998,40,11,0,4,1,2,0,4,0,995,9.8,998,998,998,99.8,99.8,99.8,496.887957094923,5,5
16637,32,27,1-32-2020-027-09,9,1,1FTRW12W75FB,17,12,481,2005,34,5,30,0,1,F,2,2363,5,0,1,1,17,2,48,1,8,0,995,0,7,0,75254,9,9,0,4,2,1,2,1,1,1,0,0,0,0,2,1,0,0,9,1,1,2,13,99,1,4,1,A,1,0,0,0,0,0,0,0,0,0,0,998,998,0,0,0,2,10,999,999,999,9999999,999,999,999,7,0,99,99,0,0,0,998,0.0,96,15,15,0.0,0.0,0.0,5392.76626904981,7,5
16638,32,28,1-32-2020-028-03,3,1,3KPF34AD8KE0,17,63,38,2019,4,1,3,0,1,F,1,1253,5,0,1,1,13,2,56,1,0,0,995,0,0,0,75219,1,9,0,4,4,2,1,2,1,1,3,2,0,0,3,2,0,0,9,0,11,2,15,99,1,1,4,J,68,0,0,0,0,0,0,0,0,0,0,290,180,0,0,0,1,1,19,-12,-15,35178,998,-120,20,0,3,0,0,0,0,0,995,9.8,998,998,998,99.8,99.8,99.8,942.983868488851,7,5
16638,32,28,1-32-2020-028-03,3,2,2G4GR5GX7H91,17,18,19,2017,4,1,3,0,1,F,1,1638,5,0,1,1,15,2,56,1,0,0,995,0,0,0,75081,1,9,0,4,4,1,3,2,1,1,0,3,0,0,3,2,0,0,9,0,1,4,62,1,1,1,4,J,69,0,0,0,0,0,0,0,0,0,0,180,290,0,0,0,1,1,15,-14,5,11348,998,13,13,0,1,0,0,0,0,0,995,9.8,998,998,998,99.8,99.8,99.8,942.983868488851,7,5
16639,32,29,1-32-2020-029-03,3,1,2C3CDZBT6KH5,17,7,28,2019,2,1,5,0,1,L,1,1852,5,0,1,1,8,2,48,1,0,0,995,0,0,0,75216,2,9,0,1,2,1,1,2,3,1,0,3,0,0,3,8,0,0,9,1,15,2,10,1,1,2,2,F,47,0,0,0,0,0,0,0,0,0,0,110,140,0,0,0,1,1,21,14,16,66639,998,34,29,0,1,99,99,0,99,0,995,9.8,998,998,998,99.8,99.8,99.8,942.983868488851,7,5
16639,32,29,1-32-2020-029-03,3,2,3GNCA23B29S5,17,20,23,2009,6,1,2,0,1,F,2,1431,5,0,1,1,8,2,48,1,0,0,995,0,0,0,75231,2,9,0,1,2,2,1,2,3,1,3,0,0,0,3,8,0,0,9,0,14,4,61,2,1,1,2,F,45,0,0,0,0,0,0,0,0,0,0,140,110,0,0,0,1,1,27,-26,-9,23025,998,-68,18,0,1,1,1,0,6,0,995,9.8,998,998,998,99.8,99.8,99.8,942.983868488851,7,5
16640,32,30,1-32-2020-030-02,2,1,1HGCP2F69CA0,17,37,32,2012,4,1,4,0,1,F,3,1468,5,0,1,1,10,2,72,1,0,1,156,2,0,0,75240,1,1,2,3,4,3,1,1,1,9,1,1,0,0,3,1,1,2,9,0,11,2,15,99,1,1,4,J,74,0,0,0,0,0,0,0,0,0,0,80,165,0,0,0,1,3,47,-36,30,106124,998,118,33,0,4,1,2,0,4,0,995,0.0,999,999,999,0.8,2.3,2.5,49.9308978016946,7,5
16640,32,30,1-32-2020-030-02,2,2,1HGCR2F3XHA0,17,37,32,2017,4,1,4,0,1,R,3,1496,5,0,1,1,12,2,72,1,0,1,0,2,0,0,75243,1,2,2,3,4,3,1,1,1,9,1,1,0,0,3,1,1,2,9,0,1,4,65,3,1,1,4,J,74,1,1,1,1,1,4,63,1,1,10,165,80,0,0,0,1,3,45,-23,-39,246203,998,-52,60,0,4,1,1,0,4,3,995,0.0,999,999,999,0.0,0.0,0.0,49.9308978016946,7,5
16641,73,14,1-73-2020-014-03,3,1,KNDJN2A23G78,17,63,37,2016,6,1,2,0,1,T,1,1287,5,0,1,1,11,2,113,1,0,0,995,0,0,0,04410,9,9,0,3,2,1,2,4,1,9,1,3,2,3,1,3,0,0,1,1,1,1,6,7,4,4,1,A,2,1,4,2,2,1,4,61,1,1,999,997,997,0,0,0,1,6,999,999,999,9999999,999,999,999,6,0,9,97,0,99,3,997,9.8,998,998,998,99.8,99.8,99.8,73.8764922507402,3,5
16642,73,15,1-73-2020-015-03,3,1,5TFDY5F10JX7,17,49,482,2018,34,5,31,0,1,T,2,2377,5,0,1,1,12,2,72,1,0,0,995,0,0,0,04976,9,9,0,4,2,1,2,1,1,2,0,2,0,0,1,8,0,0,9,1,1,2,13,99,1,4,1,A,1,1,4,2,2,5,4,31,1,1,7,997,997,0,1,0,17,6,999,999,999,9999999,999,999,999,7,0,1,2,0,4,2,997,0.0,5,5,120,18.3,2.6,18.5,73.8764922507402,3,5
16643,73,16,1-73-2020-016-06,6,1,1C6RR7VM2FS6,17,7,482,2015,34,5,31,0,1,B,1,2443,5,0,1,1,20,2,40,1,0,0,995,0,0,0,04419,9,9,2,4,2,1,2,3,1,9,1,2,0,0,1,1,0,0,1,0,11,3,53,1,1,1,6,M,98,0,0,0,0,0,0,0,0,0,0,280,300,0,0,0,2,12,999,999,999,9999999,999,999,999,6,0,0,0,0,0,0,995,9.8,998,998,998,99.8,99.8,99.8,149.44363518559,3,5
16643,73,16,1-73-2020-016-06,6,2,1FTSX215X5EB,17,12,481,2005,34,5,31,0,1,F,9,2818,5,9999,9,0,998,5,40,1,0,0,995,0,0,0,04426,9,9,2,4,2,1,2,3,1,9,1,2,0,0,1,1,0,0,1,0,5,3,53,1,1,1,2,D,21,0,0,0,0,0,0,0,0,0,0,300,280,0,0,0,2,0,999,999,999,9999999,999,999,999,9,0,95,95,95,95,0,995,9.8,998,998,998,99.8,99.8,99.8,149.44363518559,3,5
16643,73,16,1-73-2020-016-06,6,3,1GKKVPKD6FJ3,17,23,423,2015,15,3,15,0,1,F,9,2200,5,0,2,0,998,2,40,1,0,0,995,0,0,0,04422,9,9,2,4,2,1,2,3,1,9,1,2,0,0,1,1,0,0,1,0,1,3,50,2,1,1,2,D,20,0,0,0,0,0,0,0,0,0,0,300,300,0,0,0,1,0,999,999,999,9999999,999,999,999,9,0,0,0,0,0,0,995,9.8,998,998,998,99.8,99.8,99.8,149.44363518559,3,5
16643,73,16,1-73-2020-016-06,6,4,1FAFP34N45W2,17,12,37,2005,4,1,2,0,1,R,9,1163,5,9999,9,0,998,5,40,1,0,0,995,0,0,0,04422,9,9,2,4,2,1,2,3,1,9,1,2,0,0,1,1,0,0,1,0,1,3,52,3,2,2,6,M,98,0,0,0,0,0,0,0,0,0,0,280,300,0,0,0,3,0,999,999,999,9999999,999,999,999,9,0,95,95,95,95,0,995,9.8,998,998,998,99.8,99.8,99.8,149.44363518559,3,5
16644,25,17,1-25-2020-017-04,4,1,1C6RR7KT3HS6,17,7,482,2017,34,5,30,0,1,F,3,2336,5,0,1,5,15,2,80,1,8,0,995,0,7,0,04074,9,9,0,4,4,1,2,2,1,1,1,3,0,0,2,3,0,0,3,0,1,3,51,3,9,1,2,D,24,0,0,0,0,0,0,0,0,0,0,250,250,0,0,0,1,5,999,999,999,9999999,999,999,999,8,0,0,0,0,0,0,995,9.8,998,998,998,99.8,99.8,99.8,453.608944812502,2,5
16644,25,17,1-25-2020-017-04,4,2,999999999999,99,99,998,2001,92,10,90,0,1,B,9,,,,,,,5,80,1,8,0,995,0,7,0,04074,9,9,0,4,4,1,2,2,1,1,1,3,0,0,2,3,0,0,1,0,1,3,53,99,1,1,2,D,25,,,,,,,,,,,,,,,,,,,,,,,,,,,95,95,95,95,,,9.8,998,998,998,99.8,99.8,99.8,453.608944812502,2,5
16646,27,14,1-27-2020-014-09,9,1,1HGCM66543A0,17,37,32,2003,4,1,3,0,1,T,1,1504,5,0,1,1,16,2,56,1,8,9,998,8,7,9,01247,3,2,0,4,2,1,2,3,3,1,0,2,0,0,1,4,0,0,1,1,14,1,5,99,3,4,1,A,2,1,2,2,2,1,4,61,1,2,9,997,997,0,0,0,2,6,999,999,999,9999999,999,999,999,6,0,2,4,0,4,3,997,0.0,28,28,999,14.3,1.2,14.3,114.132312773485,3,5
16647,27,15,1-27-2020-015-03,3,1,1FADP3F29HL2,17,12,37,2017,4,1,3,0,1,L,1,1340,5,0,1,1,3,2,48,1,0,9,998,8,0,9,01201,1,9,2,4,2,1,2,1,1,1,1,2,0,0,1,8,1,2,9,0,1,2,17,4,1,1,5,L,89,0,0,0,0,0,0,0,0,0,0,110,200,0,0,0,1,3,9,-2,9,6493,998,74,10,0,4,1,2,0,4,0,995,9.8,998,998,998,99.8,99.8,99.8,18.0241167163298,3,5
16647,27,15,1-27-2020-015-03,3,2,1FTFX1EGXJKE,17,12,481,2018,34,5,31,0,1,F,1,2081,5,9999,9,0,998,5,48,1,0,0,995,0,0,0,12534,9,9,2,1,2,1,2,1,1,1,1,1,0,0,1,8,1,2,1,0,1,4,66,99,1,1,5,L,88,0,0,0,0,0,0,0,0,0,0,200,110,0,0,0,1,3,6,-6,-1,2746,998,-44,6,0,4,95,95,95,95,0,995,9.8,998,998,998,99.8,99.8,99.8,18.0241167163298,3,5
16648,17,26,1-17-2020-026-08,8,1,1G4HR54K0441,17,18,2,2004,4,1,4,0,1,F,2,1618,5,0,1,1,8,2,56,1,9,0,995,0,9,0,61284,1,2,0,4,2,1,2,1,1,4,0,0,0,0,1,1,0,0,1,1,1,2,13,1,1,4,1,A,1,0,0,0,0,0,0,0,0,0,0,998,998,0,0,1,2,1,30,-30,-5,67891,998,-43,30,0,2,4,24,1,3,0,998,0.0,14,14,35,17.1,4.5,17.1,61.9346514630992,4,5
16649,76,17,1-76-2020-017-02,2,1,JM1BM1U79G12,17,41,51,2016,4,1,3,0,1,F,1,1327,5,0,1,1,6,2,89,1,8,9,998,8,7,9,11001,9,9,0,4,2,1,2,3,1,4,1,4,0,0,1,4,0,0,9,1,1,1,6,2,4,4,1,B,7,0,0,0,0,0,0,0,0,0,0,998,998,0,0,0,1,1,15,-15,0,13149,998,-51,15,0,1,1,1,0,99,0,998,1.1,999,999,-72,13.2,3.0,13.5,15.9010773617784,3,5
16650,76,18,1-76-2020-018-02,2,1,5J6RM4H59GL0,17,37,402,2016,14,3,14,0,1,L,1,1586,5,0,1,1,21,2,89,1,8,9,998,8,7,9,12083,9,9,2,2,3,1,2,1,1,1,1,3,0,0,1,8,0,0,9,0,1,4,66,4,1,1,5,L,89,0,0,0,0,0,0,0,0,0,0,295,20,0,0,0,1,1,17,-11,13,10833,998,-32,13,0,1,1,1,0,4,0,995,9.8,998,998,998,99.8,99.8,99.8,15.9010773593936,3,5
16650,76,18,1-76-2020-018-02,2,2,1D7RV1GT1BS5,17,7,482,2011,34,5,31,0,1,F,1,2385,5,0,1,1,21,2,56,1,8,9,998,8,7,9,12414,9,9,2,4,2,1,2,1,2,4,0,2,0,0,1,8,2,2,3,0,14,2,17,3,1,1,5,L,88,0,0,0,0,0,0,0,0,0,0,20,295,0,0,0,1,1,12,-9,-7,28257,998,-122,14,0,1,0,0,0,0,0,995,9.8,998,998,998,99.8,99.8,99.8,15.9010773593936,3,5
16651,31,15,1-31-2020-015-07,7,1,1FMCU9EG3BKB,17,12,402,2011,14,3,14,0,1,U,1,1609,5,0,1,1,3,2,40,1,0,0,995,0,0,0,62821,9,9,2,4,2,1,2,1,1,1,0,0,0,0,3,1,2,2,9,0,1,2,14,1,1,4,1,C,14,0,0,0,0,0,0,0,0,0,0,998,998,0,0,0,1,7,999,999,999,9999999,999,999,999,6,0,0,0,0,0,0,998,0.0,83,120,-120,1.5,6.8,6.9,240.130193414505,6,5
16652,31,16,1-31-2020-016-10,10,1,1FMCU03729KB,17,12,402,2009,14,3,14,0,1,F,1,1540,5,0,1,1,8,2,56,1,0,0,995,0,0,0,62837,9,9,2,4,2,1,2,1,1,1,0,0,0,0,1,8,2,2,2,0,4,2,17,4,1,1,5,L,88,0,0,0,0,0,0,0,0,0,0,190,110,0,0,0,1,3,18,-9,-16,15519,998,-141,11,0,4,0,0,0,0,0,995,9.8,998,998,998,99.8,99.8,99.8,350.224747976596,6,5
16652,31,16,1-31-2020-016-10,10,2,3GTU2NEJ6HG3,17,23,481,2017,34,5,31,0,1,L,1,2394,5,9999,9,0,998,5,56,1,0,0,995,0,0,0,62821,9,9,0,4,2,1,2,1,1,1,0,4,0,0,1,8,0,0,1,0,1,4,66,99,1,1,5,L,89,0,0,0,0,0,0,0,0,0,0,110,190,0,0,0,1,3,12,-9,8,46219,998,-97,19,0,4,95,95,95,95,0,995,9.8,998,998,998,99.8,99.8,99.8,350.224747976596,6,5
16653,66,13,1-66-2020-013-05,5,1,WBAVB33526KS,17,34,34,2006,4,1,3,0,1,F,2,1550,5,0,1,1,7,2,89,1,0,0,995,0,7,0,65605,1,9,3,4,2,1,2,1,2,1,1,2,2,3,1,8,0,0,3,0,14,3,50,99,1,1,2,D,20,0,0,0,0,0,0,0,0,0,0,320,325,0,0,0,1,1,25,-25,0,27233,998,-5,21,0,4,1,2,0,4,0,995,9.8,998,998,998,99.8,99.8,99.8,156.317923666252,6,5
16653,66,13,1-66-2020-013-05,5,2,KNDPB3A24D74,17,63,401,2013,14,3,14,0,1,B,2,1432,5,0,1,1,9,2,89,1,0,0,995,0,7,0,66109,9,9,3,4,2,1,2,1,2,1,1,2,2,3,1,8,0,0,1,0,5,3,53,11,1,1,2,D,21,0,0,0,0,0,0,0,0,0,0,325,320,0,1,0,1,1,25,25,0,50950,998,0,29,0,4,1,1,0,4,0,995,9.8,998,998,998,99.8,99.8,99.8,156.317923666252,6,5
16654,66,14,1-66-2020-014-01,1,1,1FADP3F25JL2,17,12,37,2018,4,1,3,0,1,F,3,1340,5,0,1,1,14,2,97,1,0,9,998,8,7,9,65633,9,9,0,4,2,1,2,1,1,1,1,2,2,3,2,1,0,0,1,0,1,4,62,8,1,2,6,M,98,0,0,0,0,0,0,0,0,0,0,70,210,0,1,0,2,1,87,-82,30,468992,998,52,86,0,2,9,97,0,1,0,995,0.4,120,40,80,0.0,0.0,0.0,140.201933035703,6,5
16654,66,14,1-66-2020-014-01,1,2,1GTC5LF91C81,17,23,472,2012,34,5,30,0,1,F,3,1523,5,0,1,1,14,2,97,1,0,9,998,8,7,9,65708,9,9,0,4,2,1,2,1,1,1,1,2,2,3,2,1,0,0,9,1,1,2,13,1,1,4,1,A,1,0,0,0,0,0,0,0,0,0,0,210,70,0,1,0,2,1,77,-73,-26,441234,998,-59,78,0,2,9,97,0,1,0,995,1.9,120,40,60,0.0,0.0,0.0,140.201933035703,6,5
16657,26,28,1-26-2020-028-06,6,1,WAUBFAFL7EA1,17,32,43,2014,4,1,4,0,1,L,9,1640,5,9999,9,0,998,5,56,1,0,0,995,0,0,0,95670,9,9,3,4,2,1,3,1,1,4,0,2,0,0,1,1,2,2,2,0,10,2,16,1,1,1,4,K,78,0,0,0,0,0,0,0,0,0,0,180,250,0,0,0,1,0,999,999,999,9999999,999,999,999,9,0,95,95,95,95,0,995,9.8,998,998,998,99.8,99.8,99.8,557.439137556683,10,5
16657,26,28,1-26-2020-028-06,6,2,JM1BL1UG3B14,17,41,51,2011,4,1,2,0,1,F,2,1354,5,0,1,1,24,2,56,1,0,0,995,0,0,0,95655,1,9,3,5,3,1,2,1,1,1,0,2,0,0,1,1,0,0,1,0,1,4,70,1,1,1,4,K,79,0,0,0,0,0,0,0,0,0,0,250,180,0,0,0,1,12,999,999,999,9999999,999,999,999,7,0,99,99,0,99,0,995,9.8,998,998,998,99.8,99.8,99.8,557.439137556683,10,5
16658,26,29,1-26-2020-029-09,9,1,19UUA5654XA0,17,54,35,1999,4,1,3,0,1,F,1,1565,5,0,1,1,21,2,72,1,9,0,995,0,9,0,99999,9,9,0,1,2,2,2,1,1,1,3,0,0,0,3,1,0,0,9,1,1,2,12,99,1,4,1,B,6,0,0,0,0,0,0,0,0,0,0,998,998,0,1,0,1,12,999,999,999,9999999,999,999,999,6,0,99,99,0,99,0,998,0.0,120,15,20,0.0,0.0,0.0,1637.39900073608,10,5