CASEID,PSU,CASENO,CASENUMBER,CATEGORY,VEHNO,VIN,VINLENGTH,MAKE,MODEL,MODELYR,BODYTYPE,BODYCAT,VEHCLASS,SPECUSE,TRANSTAT,DAMPLANE,DAMSEV,CURBWT,CURBSRC,CARGOWT,CARGOSRC,INSPTYPE,INSPLAG,TOWED,SPEEDLIMIT,DRPRESENT,PARALCOHOL,ALCTEST,ALCTESTRESULT,ALCTESTSRC,PARDRUG,DRUGTEST,ZIP,RACE,ETHNICITY,RELTOJUNCT,TRAFFLOW,RDLANES,INITLANE,SURFTYPE,SURFCOND,ALIGNMENT,PROFILE,LINERIGHT,LINELEFT,RUMBINIT,RUMBROAD,LIGHTCOND,WEATHER,TRAFDEV,TRAFFUNCT,DISTRACT,PREFHE,PREMOVE,CRITCAT,CRITEVENT,MANEUVER,PRESTAB,PRELOC,CRASHCAT,CRASHCONF,CRASHTYPE,ROLLTYPE,ROLLTURN,ROLLINTRPT,ROLLPREMAN,ROLLINITYP,ROLLINLOC,ROLLOBJ,ROLLTRIP,ROLLDIR,ROLLDIST,DVANGTHIS,DVANGOTH,TOWHITCH,TRAJDOC,TREEPOLE,DVEVENT,DVBASIS,DVTOTAL,DVLONG,DVLAT,DVENERGY,DVSPEED,DVMOMENT,DVBES,DVEST,DVCONF,VAIS,VISS,VINJURED,VTREAT,INITOBJCLASS,HEADANGLECAT,SHLDRWIDTH,STRKLENGTH,STRKWIDTH,STRKHEIGHT,EDGEDISTX,EDGEDISTY,EDGEDISTZ,CASEWGT,PSUSTRAT,VERSION
16810,24,38,1-24-2020-038-03,3,1,1FMJK2A51BEF,17,12,422,2011,15,3,15,0,1,R,9,2633,5,9999,9,0,998,5,40,1,0,0,995,0,0,0,08205,9,9,3,4,2,1,2,1,1,9,0,0,0,0,1,1,0,0,9,1,10,2,16,1,1,1,4,J,70,0,0,0,0,0,0,0,0,0,0,220,190,0,0,0,1,0,999,999,999,9999999,999,999,999,9,0,95,95,95,95,0,995,9.8,998,998,998,99.8,99.8,99.8,387.109719608773,1,5
16810,24,38,1-24-2020-038-03,3,2,5FNRL6H52JB0,17,37,441,2018,20,4,20,0,1,F,1,2046,5,0,1,1,7,2,40,1,0,0,995,0,0,0,08205,3,2,3,4,2,1,2,1,1,9,0,0,0,0,1,1,0,0,1,0,1,4,60,4,1,1,4,J,71,0,0,0,0,0,0,0,0,0,0,190,220,0,0,0,1,12,999,999,999,9999999,999,999,999,6,0,1,2,0,4,0,995,9.8,998,998,998,99.8,99.8,99.8,387.109719608773,1,5
16811,59,5,1-59-2020-005-05,5,1,5FNYF28447B0,17,37,421,2007,15,3,15,0,1,F,1,1969,8,9999,9,4,11,2,48,1,0,0,995,0,0,0,62441,9,9,2,4,2,1,2,1,1,1,0,0,0,0,1,1,2,2,9,0,1,2,17,2,1,1,5,L,88,0,0,0,0,0,0,0,0,0,0,90,0,0,0,0,1,3,11,-11,-2,6462,998,-39,9,0,4,0,0,0,5,0,995,9.8,998,998,998,99.8,99.8,99.8,87.469973932663,6,5
16811,59,5,1-59-2020-005-05,5,2,4T1BF3EK6BU1,17,49,40,2011,4,1,4,0,1,L,1,1500,5,0,1,1,4,2,48,1,0,0,995,0,0,0,01880,9,9,2,4,2,1,2,1,1,1,0,0,0,0,1,1,0,0,9,0,1,4,66,99,1,4,5,L,89,0,0,0,0,0,0,0,0,0,0,0,90,0,0,0,1,3,14,-2,14,17092,998,-63,15,0,4,1,1,0,4,0,995,0.0,999,999,999,2.2,0.4,2.3,87.469973932663,6,5
16812,59,6,1-59-2020-006-02,2,1,5XXGT4L37KG2,17,63,34,2019,4,1,4,0,1,F,2,1465,5,9999,9,1,1,2,48,1,0,1,0,2,7,0,47834,9,9,2,4,2,1,2,2,1,9,0,2,0,0,3,2,1,2,9,1,1,2,14,99,1,4,1,C,14,0,0,0,0,0,0,0,0,0,0,998,998,0,0,9,1,12,999,999,999,9999999,999,999,999,7,0,1,1,0,4,0,998,1.3,999,999,999,99.9,99.9,99.9,48.5689789823997,6,5
16813,16,25,1-16-2020-025-10,10,1,5J6RM4H93GL1,17,37,402,2016,14,3,14,0,1,F,9,1586,5,9999,9,0,998,5,999,1,8,0,995,0,7,0,45202,9,9,2,4,3,2,2,1,2,9,1,2,0,0,3,1,2,2,1,0,14,2,15,99,1,1,5,L,86,0,0,0,0,0,0,0,0,0,0,260,0,0,0,0,1,0,999,999,999,9999999,999,999,999,9,0,95,95,95,95,0,995,9.8,998,998,998,99.8,99.8,99.8,6357.47668952618,5,5
16813,16,25,1-16-2020-025-10,10,2,1G2ZG5581641,17,22,22,2006,4,1,4,0,1,R,1,1486,5,9999,9,4,33,2,999,1,8,0,995,0,7,0,45229,9,9,2,1,2,1,2,1,1,9,1,3,0,0,3,1,0,0,1,0,1,4,66,99,1,1,5,L,87,0,0,0,0,0,0,0,0,0,0,0,260,0,0,0,1,12,999,999,999,9999999,999,999,999,6,0,0,0,0,0,0,995,9.8,998,998,998,99.8,99.8,99.8,6357.47668952618,5,5
16814,16,26,1-16-2020-026-06,6,1,3N1CN7AP9EL8,17,35,50,2014,4,1,2,0,1,F,1,1132,5,9999,9,4,31,2,56,1,0,0,995,0,0,0,45239,9,9,2,4,5,3,2,1,1,1,1,2,0,0,1,1,1,2,1,0,11,2,15,99,1,1,4,J,68,0,0,0,0,0,0,0,0,0,0,295,140,0,0,0,1,12,999,999,999,9999999,999,999,999,2,0,99,99,0,5,0,995,9.8,998,998,998,99.8,99.8,99.8,509.773878691431,5,5
16814,16,26,1-16-2020-026-06,6,2,5NPE34AF8FH0,17,55,33,2015,4,1,4,0,1,L,1,1475,5,9999,9,4,31,2,56,1,0,0,995,0,0,0,45211,9,9,2,4,5,2,2,1,1,1,3,1,0,0,1,1,1,2,1,0,1,4,62,99,1,1,4,J,69,0,0,0,0,0,0,0,0,0,0,140,295,0,0,0,1,12,999,999,999,9999999,999,999,999,2,0,9,97,0,5,0,995,9.8,998,998,998,99.8,99.8,99.8,509.773878691431,5,5
16814,16,26,1-16-2020-026-06,6,3,1HGCG16582A0,17,37,32,2002,4,1,3,0,1,L,9,1485,5,9999,9,0,998,5,56,1,0,0,995,0,0,0,45211,9,9,2,4,5,1,2,1,1,1,0,3,0,0,1,1,1,2,1,0,1,4,60,99,1,1,6,M,98,0,0,0,0,0,0,0,0,0,0,135,160,0,0,0,2,0,999,999,999,9999999,999,999,999,9,0,95,95,95,95,0,995,9.8,998,998,998,99.8,99.8,99.8,509.773878691431,5,5
16815,16,27,1-16-2020-027-03,3,1,2T2BZMCA7JC1,17,59,403,2018,14,3,14,0,1,F,1,2020,5,9999,9,4,38,2,89,1,0,0,995,0,0,0,41059,2,2,1,2,5,1,2,1,1,1,1,3,2,3,1,1,0,0,1,0,1,3,50,4,1,1,2,D,20,0,0,0,0,0,0,0,0,0,0,85,75,0,0,0,1,12,999,999,999,9999999,999,999,999,2,0,0,0,0,5,0,995,2.4,999,999,999,4.5,2.5,5.3,307.557417805914,5,5
16815,16,27,1-16-2020-027-03,3,2,1HGCR3F86EA0,17,37,32,2014,4,1,4,0,1,B,1,1631,5,9999,9,4,39,2,89,1,0,0,995,0,0,0,45206,9,9,1,2,5,1,2,1,1,1,1,3,1,3,1,1,0,0,1,0,5,3,53,99,1,1,2,D,21,0,0,0,0,0,0,0,0,0,0,75,85,0,0,0,1,12,999,999,999,9999999,999,999,999,2,0,9,97,0,99,0,995,9.8,998,998,998,99.8,99.8,99.8,307.557417805914,5,5
16815,16,27,1-16-2020-027-03,3,3,2T3BF4DV7AW0,17,49,402,2010,14,3,14,0,1,B,9,1579,5,9999,9,0,998,5,89,1,0,0,995,0,0,0,41051,9,9,1,2,5,1,2,1,1,1,1,3,2,3,1,1,0,0,1,0,5,3,53,99,1,1,6,M,98,0,0,0,0,0,0,0,0,0,0,70,55,0,0,0,3,0,999,999,999,9999999,999,999,999,9,0,95,95,95,95,0,995,9.8,998,998,998,99.8,99.8,99.8,307.557417805914,5,5
16816,52,39,1-52-2020-039-06,6,1,4T1BK3DB3BU4,17,49,43,2011,4,1,4,0,1,R,2,1615,5,9999,9,4,26,2,97,1,0,0,995,0,0,0,59044,1,2,2,4,2,1,2,1,1,1,0,2,0,0,1,1,0,0,1,0,11,2,15,1,1,1,4,J,68,0,0,0,0,0,0,0,0,0,0,5,255,0,0,0,1,12,999,999,999,9999999,999,999,999,7,0,3,10,1,3,0,995,9.9,999,999,999,99.9,99.9,99.9,94.2464832518367,12,5
16816,52,39,1-52-2020-039-06,6,2,2MECM75F7MX6,17,14,6,1991,4,1,5,0,1,F,2,1707,5,9999,9,5,53,2,97,1,0,0,995,0,0,0,59106,9,9,2,4,2,1,2,1,1,1,0,1,0,1,1,1,0,0,9,0,1,4,62,99,9,1,4,J,69,0,0,0,0,0,0,0,0,0,0,255,5,0,0,0,1,12,999,999,999,9999999,999,999,999,7,0,99,99,0,99,0,995,9.8,998,998,998,99.8,99.8,99.8,94.2464832518367,12,5
16817,52,40,1-52-2020-040-09,9,1,3GNEK13T02G1,17,20,482,2002,34,5,31,99,1,F,9,2570,5,9999,9,0,998,5,56,1,0,0,995,0,0,0,59101,9,9,0,4,2,1,2,1,1,1,0,2,0,0,1,8,0,0,9,0,1,3,50,99,9,1,2,D,20,0,0,0,0,0,0,0,0,0,0,55,55,0,0,0,1,0,999,999,999,9999999,999,999,999,9,0,95,95,95,95,0,995,9.8,998,998,998,99.8,99.8,99.8,293.966276732167,12,5
16817,52,40,1-52-2020-040-09,9,2,1B3CC5FB6AN1,17,7,26,2010,4,1,3,99,1,B,9,1618,5,9999,9,0,998,2,56,1,0,0,995,0,0,0,59072,1,2,0,4,2,1,2,1,1,1,0,2,0,0,1,8,0,0,9,0,5,3,53,99,1,1,2,D,21,0,0,0,0,0,0,0,0,0,0,55,55,0,0,0,1,0,999,999,999,9999999,999,999,999,9,0,1,1,0,4,0,995,9.8,998,998,998,99.8,99.8,99.8,293.966276732167,12,5
16817,52,40,1-52-2020-040-09,9,3,JF1GD74617G5,17,48,38,2007,4,1,1,99,1,B,9,1452,5,9999,9,0,998,5,56,1,0,0,995,0,0,0,59101,9,9,0,4,2,1,2,1,1,1,0,2,0,0,1,8,0,0,9,0,5,3,53,99,1,1,6,M,98,0,0,0,0,0,0,0,0,0,0,55,55,0,0,0,2,0,999,999,999,9999999,999,999,999,9,0,95,95,95,95,0,995,9.8,998,998,998,99.8,99.8,99.8,293.966276732167,12,5
16818,52,41,1-52-2020-041-02,2,1,3C63R3HL3JG2,17,7,482,2018,34,5,31,0,1,F,2,3134,5,9999,9,4,52,2,129,1,0,1,0,2,0,2,59037,1,2,0,1,2,1,2,1,1,9,1,3,2,3,1,1,0,0,3,1,1,2,13,99,9,4,1,A,1,0,0,0,0,0,0,0,0,0,0,998,998,0,0,9,1,12,999,999,999,9999999,999,999,999,7,0,2,5,0,3,0,998,3.5,999,999,999,99.9,99.9,99.9,20.3744460339419,12,5
16819,52,42,1-52-2020-042-03,3,1,1FTEW1EP8KKD,17,12,481,2019,34,5,30,0,1,9,9,2130,5,9999,9,0,998,2,80,1,0,0,995,0,0,0,59079,1,2,3,4,2,1,2,1,1,9,1,2,9,9,1,1,9,9,3,1,1,2,13,1,9,4,1,A,1,0,0,0,0,0,0,0,0,0,0,998,998,0,0,0,1,0,999,999,999,9999999,999,999,999,9,0,2,5,0,4,0,998,9.9,999,999,999,99.9,99.9,99.9,46.5901380114189,12,5
16821,48,16,1-48-2020-016-03,3,1,1G1JE6SBXG41,17,20,28,2016,5,1,1,0,1,R,1,1230,5,0,2,5,11,2,48,1,0,0,995,0,0,0,84302,1,2,2,4,2,1,2,1,1,9,0,0,0,0,1,8,2,2,2,0,1,2,17,1,1,1,5,L,87,0,0,0,0,0,0,0,0,0,0,100,0,0,0,0,1,98,999,999,999,9999999,999,999,999,6,0,1,1,0,5,0,995,9.8,998,998,998,99.8,99.8,99.8,68.786881604685,12,5
16821,48,16,1-48-2020-016-03,3,2,2FMTK4J90FBB,17,12,24,2015,6,1,4,0,1,F,1,1841,5,0,2,5,14,2,89,1,0,0,995,0,0,0,84337,1,2,2,4,2,1,2,1,1,9,1,2,0,0,1,8,0,0,1,0,1,4,66,1,1,1,5,L,86,0,0,0,0,0,0,0,0,0,0,0,100,0,0,0,1,12,999,999,999,9999999,999,999,999,6,0,1,1,0,6,0,995,9.8,998,998,998,99.8,99.8,99.8,68.786881604685,12,5
16822,28,18,1-28-2020-018-03,3,1,3TMCZ5AN3GM0,17,49,472,2016,34,5,30,0,1,F,1,2007,4,0,1,4,21,2,89,1,0,0,995,0,0,0,16822,1,2,0,4,2,1,2,1,1,9,1,4,0,0,1,1,0,0,2,0,12,2,21,1,1,1,6,M,98,0,0,0,0,0,0,0,0,0,0,155,290,0,0,0,1,5,999,999,999,9999999,999,999,999,6,0,1,1,0,4,0,995,9.8,998,998,998,99.8,99.8,99.8,34.2731829497023,3,5
16822,28,18,1-28-2020-018-03,3,2,2FUPCDZB6VA7,17,82,881,1997,66,8,68,0,1,F,9,,,,,,,5,89,1,0,0,995,0,0,0,18853,9,9,0,4,2,1,2,1,1,9,1,4,0,0,1,1,0,0,1,0,1,4,64,3,1,1,6,M,98,,,,,,,,,,,,,,,,,,,,,,,,,,,95,95,95,95,,,9.8,998,998,998,99.8,99.8,99.8,34.2731829497023,3,5
16823,28,19,1-28-2020-019-07,7,1,3VWDP7AJ2CM3,17,30,40,2012,4,1,3,0,1,F,1,1381,5,0,1,4,14,2,113,1,0,0,995,0,0,0,16912,9,9,0,2,2,1,2,1,2,4,1,3,1,3,1,1,0,0,3,1,14,2,12,99,1,4,1,B,6,0,0,0,0,0,0,0,0,0,0,998,998,0,0,0,1,98,999,999,999,9999999,999,999,999,6,0,0,0,0,0,0,998,1.2,120,48,78,99.9,0.9,99.9,208.972044793507,3,5
16824,32,35,1-32-2020-035-03,3,1,5NPE34AF0JH6,17,55,33,2018,4,1,4,0,1,F,9,1572,5,9999,9,0,998,2,64,1,1,8,997,8,9,3,76205,2,2,2,3,4,1,9,1,1,1,1,3,0,0,3,1,1,2,9,0,1,3,50,2,1,1,2,D,20,0,0,0,0,0,0,0,0,0,0,75,75,0,0,0,1,0,999,999,999,9999999,999,999,999,9,0,0,0,0,4,0,995,9.8,998,998,998,99.8,99.8,99.8,842.042410279515,7,5
16824,32,35,1-32-2020-035-03,3,2,2FMPK4J93LBA,17,12,424,2020,15,3,15,0,1,B,9,1875,5,9999,9,0,998,5,64,1,0,0,995,0,0,0,75662,9,9,2,3,4,1,9,1,1,1,1,3,0,0,3,1,1,2,9,0,5,3,53,99,1,1,2,D,21,0,0,0,0,0,0,0,0,0,0,75,75,0,0,0,1,0,999,999,999,9999999,999,999,999,9,0,95,95,95,95,0,995,9.8,998,998,998,99.8,99.8,99.8,842.042410279515,7,5
16824,32,35,1-32-2020-035-03,3,3,1GNSCBKC9HR3,17,20,421,2017,15,3,15,0,1,R,9,2408,5,9999,9,0,998,5,64,1,0,0,995,0,0,0,75060,9,9,2,3,4,1,9,1,1,1,1,3,0,0,3,1,1,2,9,0,5,3,53,99,1,1,6,M,98,0,0,0,0,0,0,0,0,0,0,90,90,0,0,0,2,0,999,999,999,9999999,999,999,999,9,0,95,95,95,95,0,995,9.8,998,998,998,99.8,99.8,99.8,842.042410279515,7,5
16825,32,36,1-32-2020-036-07,7,1,WDDNG71X69A2,17,42,43,2009,4,1,5,0,1,B,9,2100,5,9999,9,0,998,5,113,1,0,0,995,0,0,0,75078,9,9,0,2,4,1,2,1,1,9,1,3,0,0,3,1,0,0,9,0,1,3,53,1,1,1,6,M,98,0,0,0,0,0,0,0,0,0,0,110,110,0,0,0,2,0,999,999,999,9999999,999,999,999,9,0,95,95,95,95,0,995,9.8,998,998,998,99.8,99.8,99.8,3941.74033186184,7,5
16825,32,36,1-32-2020-036-07,7,2,2C3CDYAG6CH2,17,7,28,2012,2,1,5,0,1,B,9,1739,5,9999,9,0,998,5,113,1,0,0,995,0,0,0,76119,9,9,0,2,4,1,2,1,1,9,1,3,0,0,3,1,0,0,9,0,1,3,53,1,1,1,2,D,25,0,0,0,0,0,0,0,0,0,0,110,110,0,0,0,1,0,999,999,999,9999999,999,999,999,9,0,95,95,95,95,0,995,9.8,998,998,998,99.8,99.8,99.8,3941.74033186184,7,5
16825,32,36,1-32-2020-036-07,7,3,4T4BF1FK2DR3,17,49,40,2013,4,1,3,0,1,F,2,1441,5,9999,9,4,21,2,113,1,0,0,995,0,0,0,78717,1,2,0,2,4,1,2,1,1,9,1,3,0,0,3,1,0,0,9,0,1,3,51,1,1,1,2,D,24,0,0,0,0,0,0,0,0,0,0,110,110,0,0,0,1,12,999,999,999,9999999,999,999,999,7,0,0,0,0,0,0,995,9.8,998,998,998,99.8,99.8,99.8,3941.74033186184,7,5
16826,32,37,1-32-2020-037-03,3,1,KNMAT2MT8HP5,17,35,51,2017,6,1,3,0,1,F,1,1550,5,0,1,4,32,2,105,1,0,0,995,0,0,0,75207,2,9,1,2,2,2,1,1,1,9,3,0,0,0,1,1,0,0,9,0,1,3,52,99,1,1,2,D,28,0,0,0,0,0,0,0,0,0,0,40,40,0,0,0,1,12,999,999,999,9999999,999,999,999,6,0,9,97,0,99,0,995,9.8,998,998,998,99.8,99.8,99.8,842.042410279515,7,5
16826,32,37,1-32-2020-037-03,3,2,KNMAT2MT3GP7,17,35,51,2016,6,1,3,0,1,B,9,1550,5,9999,9,0,998,5,105,1,0,0,995,0,0,0,75216,9,9,1,2,2,2,1,1,1,9,3,0,0,0,1,1,0,0,1,0,2,3,53,99,1,1,2,D,29,0,0,0,0,0,0,0,0,0,0,40,40,0,0,0,1,0,999,999,999,9999999,999,999,999,9,0,95,95,95,95,0,995,9.8,998,998,998,99.8,99.8,99.8,842.042410279515,7,5
16826,32,37,1-32-2020-037-03,3,3,999999999999,99,99,399,9999,9,1,9,99,1,B,9,9999,9,9999,9,0,998,5,105,1,9,0,995,0,0,0,99999,9,9,1,2,2,2,1,1,1,9,3,0,0,0,1,1,0,0,9,0,2,2,18,99,1,1,6,M,98,0,0,0,0,0,0,0,0,0,0,40,40,0,0,0,2,0,999,999,999,9999999,999,999,999,9,0,95,95,95,95,0,995,9.8,998,998,998,99.8,99.8,99.8,842.042410279515,7,5
16827,32,38,1-32-2020-038-03,3,1,1VWBH7A30DC0,17,30,46,2013,4,1,4,0,1,F,2,1436,5,9999,9,4,20,2,113,1,0,0,995,0,0,0,75204,1,9,1,3,2,1,9,1,1,1,1,3,0,0,1,1,0,0,3,1,1,3,50,1,1,2,2,D,20,0,0,0,0,0,0,0,0,0,0,195,200,0,0,0,1,12,999,999,999,9999999,999,999,999,7,0,99,99,0,99,0,995,9.8,998,998,998,99.8,99.8,99.8,842.042410279515,7,5
16827,32,38,1-32-2020-038-03,3,2,WA1L2AFP6GA0,17,32,402,2016,14,3,14,0,1,B,2,1850,5,9999,9,4,20,2,113,1,0,0,995,0,0,0,75218,1,2,1,3,2,2,9,1,1,1,3,1,0,0,1,1,0,0,1,0,5,3,53,1,1,1,2,D,21,0,0,0,0,0,0,0,0,0,0,200,195,0,0,0,1,12,999,999,999,9999999,999,999,999,7,0,0,0,0,0,0,995,9.8,998,998,998,99.8,99.8,99.8,842.042410279515,7,5
16828,76,23,1-76-2020-023-10,10,1,1FTEW1EG0HFB,17,12,481,2017,34,5,31,0,1,B,9,2130,5,9999,9,0,998,5,89,1,8,9,998,8,7,9,13755,9,9,3,4,2,1,2,1,1,1,1,2,0,0,1,1,0,0,9,0,11,3,53,99,1,1,2,D,30,0,0,0,0,0,0,0,0,0,0,170,150,0,0,0,1,0,999,999,999,9999999,999,999,999,9,0,95,95,95,95,0,995,9.8,998,998,998,99.8,99.8,99.8,28.3828088997797,3,5
16828,76,23,1-76-2020-023-10,10,2,1GTDT1466481,17,23,472,2004,34,5,30,0,1,F,1,1643,5,9999,9,4,21,2,89,1,8,9,998,8,7,9,12776,9,9,3,4,2,1,2,1,1,1,1,2,0,0,1,1,0,0,3,0,1,3,52,8,1,1,2,D,28,0,0,0,0,0,0,0,0,0,0,150,170,0,0,0,1,98,999,999,999,9999999,999,999,999,6,0,0,0,0,0,0,995,1.1,999,999,999,0.1,0.2,0.2,28.3828088997797,3,5
16829,76,24,1-76-2020-024-04,4,1,4S4BSANC7G33,17,48,45,2016,6,1,3,0,1,L,1,1614,5,0,2,4,23,2,89,1,8,9,998,8,7,9,12492,1,2,0,4,2,1,2,1,2,1,1,2,0,0,1,1,6,2,1,1,14,2,10,1,1,2,3,I,64,0,0,0,0,0,0,0,0,0,0,355,170,0,0,0,1,98,999,999,999,9999999,999,999,999,6,0,1,1,0,0,0,995,9.8,998,998,998,99.8,99.8,99.8,16.9395948574112,3,5
16829,76,24,1-76-2020-024-04,4,2,3D7KU28614G1,17,7,482,2004,34,5,31,0,1,F,1,2764,5,9999,9,4,23,2,89,1,8,9,998,8,7,9,12542,9,9,0,4,2,1,2,1,3,1,1,2,0,0,1,1,6,2,9,0,14,4,62,99,1,1,3,I,65,0,0,0,0,0,0,0,0,0,0,170,355,0,0,0,1,98,999,999,999,9999999,999,999,999,6,0,0,0,0,0,0,995,9.8,998,998,998,99.8,99.8,99.8,16.9395948574112,3,5
16830,66,17,1-66-2020-017-07,7,1,1FMCU0C73CKA,17,12,402,2012,14,3,14,99,1,9,9,1495,5,9999,9,0,998,2,105,1,0,0,995,0,7,0,65712,9,9,0,4,2,1,2,2,1,1,1,4,3,3,2,5,0,0,1,0,1,6,90,99,1,1,1,C,15,0,0,0,0,0,0,0,0,0,0,998,998,0,0,0,1,0,999,999,999,9999999,999,999,999,9,0,0,0,0,0,0,998,9.8,998,998,998,99.8,99.8,99.8,760.421138846817,6,5
16831,66,18,1-66-2020-018-01,1,1,2G4WD5825612,17,18,22,2006,4,1,4,0,1,F,9,1589,5,9999,9,0,998,2,89,1,9,0,995,0,9,0,64756,9,9,0,4,2,1,2,1,2,1,0,2,0,0,1,5,0,0,9,1,14,2,10,99,1,2,3,G,50,0,0,0,0,0,0,0,0,0,0,160,345,0,0,0,1,0,999,999,999,9999999,999,999,999,9,0,2,5,0,1,0,995,9.8,998,998,998,99.8,99.8,99.8,140.201933035703,6,5
16831,66,18,1-66-2020-018-01,1,2,1GCRCSE04CZ1,17,20,481,2012,34,5,31,0,1,F,3,2299,5,50,1,4,33,2,89,1,9,0,995,0,7,0,65682,9,9,0,4,2,1,2,1,3,1,0,2,0,0,1,5,0,0,9,0,14,4,62,99,1,1,3,G,51,9,99,9,9,99,9,99,9,9,999,345,160,0,0,0,1,12,999,999,999,9999999,999,999,999,8,0,9,0,0,1,9,995,9.8,998,998,998,99.8,99.8,99.8,140.201933035703,6,5
16832,73,20,1-73-2020-020-08,8,1,2CNDL73FX561,17,20,404,2005,14,3,14,0,1,R,1,1660,5,9999,9,4,19,2,56,1,0,0,995,0,0,0,04976,1,9,3,5,4,2,2,1,1,1,4,4,0,0,1,1,0,0,2,0,11,2,15,1,1,1,4,J,68,0,0,0,0,0,0,0,0,0,0,80,340,0,0,0,1,12,999,999,999,9999999,999,999,999,6,0,2,5,0,4,0,995,9.8,998,998,998,99.8,99.8,99.8,35.5882977095925,3,5
16832,73,20,1-73-2020-020-08,8,2,1J4GA39199L7,17,2,403,2009,14,3,14,0,1,F,9,1936,5,9999,9,0,998,5,56,1,0,0,995,0,0,0,04976,9,9,3,5,4,1,2,1,1,1,1,3,0,0,1,1,0,0,1,0,1,4,62,99,1,1,4,J,69,0,0,0,0,0,0,0,0,0,0,340,80,0,0,0,1,0,999,999,999,9999999,999,999,999,9,0,95,95,95,95,0,995,9.8,998,998,998,99.8,99.8,99.8,35.5882977095925,3,5
16833,73,21,1-73-2020-021-09,9,1,5TDBT44A92S1,17,49,422,2002,15,3,15,0,1,9,9,2390,5,9999,9,0,998,2,113,1,0,0,995,0,0,0,04347,9,9,0,3,2,1,2,5,1,9,3,2,1,3,2,1,0,0,1,1,1,1,6,99,4,4,1,B,7,1,3,2,6,99,9,31,9,9,999,997,997,0,0,0,1,0,999,999,999,9999999,999,999,999,9,0,2,5,0,4,2,997,9.8,998,998,998,99.8,99.8,99.8,289.611633861846,3,5
16834,25,23,1-25-2020-023-03,3,1,1FADP3E22HL2,17,12,37,2017,4,1,3,0,1,F,9,1340,5,9999,9,0,998,2,56,1,8,0,995,0,7,0,04101,9,9,2,4,3,1,2,1,1,9,1,1,0,0,1,1,1,2,3,0,1,3,50,99,1,1,2,D,20,0,0,0,0,0,0,0,0,0,0,55,55,0,0,0,1,0,999,999,999,9999999,999,999,999,9,0,99,99,0,99,0,995,9.8,998,998,998,99.8,99.8,99.8,355.487048647694,2,5
16834,25,23,1-25-2020-023-03,3,2,JF2SKAAC0KH5,17,48,401,2019,14,3,14,0,1,B,9,1569,5,9999,9,0,998,5,56,1,8,0,995,0,7,0,04093,9,9,2,4,3,1,2,1,1,9,1,1,0,0,1,1,1,2,1,0,5,3,53,1,1,1,2,D,21,0,0,0,0,0,0,0,0,0,0,55,55,0,0,0,1,0,999,999,999,9999999,999,999,999,9,0,95,95,95,95,0,995,9.8,998,998,998,99.8,99.8,99.8,355.487048647694,2,5
16835,48,17,1-48-2020-017-10,10,1,KMHDN56D76U2,17,55,35,2006,5,1,2,0,1,F,2,1195,5,9999,9,5,20,2,89,1,0,0,995,0,0,0,84404,9,9,0,5,5,1,2,1,1,9,1,3,0,0,1,1,0,0,9,0,1,6,87,99,9,1,1,C,13,0,0,0,0,0,0,0,0,0,0,998,998,0,0,0,1,10,999,999,999,9999999,999,999,999,7,0,0,0,0,99,0,998,9.8,998,998,998,99.8,99.8,99.8,796.084093565936,12,5
16836,27,18,1-27-2020-018-03,3,1,KMHCT4AE7HU2,17,55,36,2017,4,1,2,0,1,L,9,1155,5,0,1,4,19,2,64,1,0,0,995,0,0,0,01201,9,9,3,5,5,1,2,1,1,9,1,3,0,0,3,1,0,0,1,0,1,4,60,99,1,1,4,J,71,0,0,0,0,0,0,0,0,0,0,200,215,0,0,0,1,5,999,999,999,9999999,999,999,999,9,0,1,1,0,3,0,995,9.8,998,998,998,99.8,99.8,99.8,33.5555451750982,3,5
16836,27,18,1-27-2020-018-03,3,2,1FVHG3DV0GHG,17,82,881,2016,63,8,60,0,1,R,9,,,,,,,5,64,1,0,0,995,0,0,0,12823,9,9,3,5,5,1,2,1,1,9,3,2,0,0,3,1,0,0,9,1,10,2,16,99,1,2,4,J,70,,,,,,,,,,,,,,,,,,,,,,,,,,,95,95,95,95,,,9.8,998,998,998,99.8,99.8,99.8,33.5555451750982,3,5
16837,27,19,1-27-2020-019-07,7,1,5NPEB4AC5DH6,17,55,33,2013,4,1,4,0,1,F,1,1475,5,0,1,4,25,2,56,1,8,9,995,8,7,9,01201,9,9,0,5,3,1,2,1,1,9,1,2,0,0,1,1,0,0,9,0,1,3,52,99,1,1,2,D,28,0,0,0,0,0,0,0,0,0,0,10,10,0,0,0,1,12,999,999,999,9999999,999,999,999,6,0,0,0,0,0,0,995,9.8,998,998,998,99.8,99.8,99.8,222.097703987749,3,5