CASEID,PSU,CASENO,CASENUMBER,CATEGORY,VEHNO,VIN,VINLENGTH,MAKE,MODEL,MODELYR,BODYTYPE,BODYCAT,VEHCLASS,SPECUSE,TRANSTAT,DAMPLANE,DAMSEV,CURBWT,CURBSRC,CARGOWT,CARGOSRC,INSPTYPE,INSPLAG,TOWED,SPEEDLIMIT,DRPRESENT,PARALCOHOL,ALCTEST,ALCTESTRESULT,ALCTESTSRC,PARDRUG,DRUGTEST,ZIP,RACE,ETHNICITY,RELTOJUNCT,TRAFFLOW,RDLANES,INITLANE,SURFTYPE,SURFCOND,ALIGNMENT,PROFILE,LINERIGHT,LINELEFT,RUMBINIT,RUMBROAD,LIGHTCOND,WEATHER,TRAFDEV,TRAFFUNCT,DISTRACT,PREFHE,PREMOVE,CRITCAT,CRITEVENT,MANEUVER,PRESTAB,PRELOC,CRASHCAT,CRASHCONF,CRASHTYPE,ROLLTYPE,ROLLTURN,ROLLINTRPT,ROLLPREMAN,ROLLINITYP,ROLLINLOC,ROLLOBJ,ROLLTRIP,ROLLDIR,ROLLDIST,DVANGTHIS,DVANGOTH,TOWHITCH,TRAJDOC,TREEPOLE,DVEVENT,DVBASIS,DVTOTAL,DVLONG,DVLAT,DVENERGY,DVSPEED,DVMOMENT,DVBES,DVEST,DVCONF,VAIS,VISS,VINJURED,VTREAT,INITOBJCLASS,HEADANGLECAT,SHLDRWIDTH,STRKLENGTH,STRKWIDTH,STRKHEIGHT,EDGEDISTX,EDGEDISTY,EDGEDISTZ,CASEWGT,PSUSTRAT,VERSION
16865,33,17,1-33-2020-017-09,9,1,1G3NL52F82C2,17,21,21,2002,4,1,3,0,1,L,2,1371,5,9999,9,4,39,5,89,1,0,0,995,0,0,0,95926,9,9,2,4,2,1,2,1,1,9,1,2,0,0,1,1,2,2,2,0,11,2,15,9,1,1,4,K,82,0,0,0,0,0,0,0,0,0,0,330,105,0,0,0,1,12,999,999,999,9999999,999,999,999,7,0,95,95,95,95,0,995,9.8,998,998,998,99.8,99.8,99.8,415.86414934247,12,5
16865,33,17,1-33-2020-017-09,9,2,1HGEM21905L0,17,37,31,2005,2,1,2,0,1,F,1,1140,5,9999,9,4,13,2,89,1,0,0,995,0,0,0,95951,1,1,2,4,2,1,2,1,1,1,1,2,1,0,1,1,0,0,9,0,1,4,67,8,1,1,4,K,83,0,0,0,0,0,0,0,0,0,0,105,330,0,0,0,1,12,999,999,999,9999999,999,999,999,6,0,99,99,0,99,0,995,9.8,998,998,998,99.8,99.8,99.8,415.86414934247,12,5
16866,33,18,1-33-2020-018-06,6,1,3VW1K7AJ2CM3,17,30,40,2012,4,1,3,0,1,F,9,1289,5,9999,9,0,998,2,999,1,1,8,997,8,0,0,95928,1,2,0,4,2,1,4,1,3,9,0,0,0,0,2,1,0,0,9,1,14,2,13,99,9,4,1,A,1,0,0,0,0,0,0,0,0,0,0,998,998,0,0,0,1,0,999,999,999,9999999,999,999,999,9,0,1,1,0,6,0,998,9.9,999,999,999,99.9,99.9,99.9,146.710943834473,12,5
16867,33,19,1-33-2020-019-04,4,1,2T1BURHE3KC1,17,49,32,2019,4,1,3,0,1,F,2,1265,5,9999,9,5,52,2,40,1,8,0,995,0,7,0,95965,3,2,0,4,2,1,2,1,2,9,0,0,0,0,1,1,0,0,3,1,14,2,12,1,1,4,1,C,11,0,0,0,0,0,0,0,0,0,0,205,50,0,0,0,1,12,999,999,999,9999999,999,999,999,7,0,0,0,0,0,0,995,9.8,998,998,998,99.8,99.8,99.8,225.607630716954,12,5
16867,33,19,1-33-2020-019-04,4,2,1GCCS1942W81,17,20,471,1998,34,5,30,0,2,F,2,1425,5,9999,9,5,52,,,,,,,,,,,,,,,,,,,,,,,,,,,,,,,,,,,,,,,,,,,,,,,,,,,,,,,,,,,,,,,,,,95,95,95,95,,,,,,,,,,225.607630716954,12,5
16868,21,27,1-21-2020-027-08,8,1,1N6AA07AX4N5,17,35,473,2004,34,5,31,0,1,F,1,2171,5,9999,9,4,48,2,72,1,0,0,995,0,0,0,92501,9,9,2,4,2,1,2,1,1,9,1,2,0,0,3,1,2,2,9,0,1,4,66,8,1,1,5,L,88,0,0,0,0,0,0,0,0,0,0,185,90,0,0,0,1,12,999,999,999,9999999,999,999,999,2,0,99,99,0,99,0,995,9.8,998,998,998,99.8,99.8,99.8,176.639518414022,11,5
16868,21,27,1-21-2020-027-08,8,2,WDBEA32E8RC0,17,42,31,1994,4,1,4,0,1,L,2,1600,5,0,2,4,17,2,64,1,0,0,995,0,0,0,92376,1,2,2,4,2,1,2,1,1,9,2,1,0,0,3,1,0,0,1,0,1,4,66,1,1,1,5,L,89,0,0,0,0,0,0,0,0,0,0,90,185,0,0,0,1,98,999,999,999,9999999,999,999,999,7,0,2,5,0,3,0,995,9.8,998,998,998,99.8,99.8,99.8,176.639518414022,11,5
16869,21,28,1-21-2020-028-07,7,1,JM1DE1KZ9E01,17,41,55,2014,5,1,1,0,1,F,1,1075,5,9999,9,4,54,2,105,1,0,0,995,0,0,0,92507,9,9,0,2,6,5,1,1,1,1,3,3,0,0,1,1,0,0,9,0,1,3,50,4,1,1,2,D,20,0,0,0,0,0,0,0,0,0,0,190,180,0,0,0,1,12,999,999,999,9999999,999,999,999,6,0,0,0,0,0,0,995,9.8,998,998,998,99.8,99.8,99.8,1252.87507110772,11,5
16869,21,28,1-21-2020-028-07,7,2,5YFBURHE4JP8,17,49,32,2018,4,1,3,0,1,B,9,1265,5,9999,9,0,998,5,105,1,0,0,995,0,0,0,92301,9,9,0,2,6,5,1,1,1,1,3,3,0,0,1,1,0,0,1,0,5,3,53,1,1,1,2,D,21,0,0,0,0,0,0,0,0,0,0,180,190,0,0,0,1,0,999,999,999,9999999,999,999,999,9,0,95,95,95,95,0,995,9.8,998,998,998,99.8,99.8,99.8,1252.87507110772,11,5
16869,21,28,1-21-2020-028-07,7,3,2G1FB1E31C91,17,20,9,2012,2,1,4,0,1,B,9,1700,5,9999,9,0,998,5,105,1,0,0,995,0,0,0,92345,9,9,0,2,6,5,1,1,1,1,3,3,0,0,1,1,0,0,1,0,5,3,53,1,1,1,6,M,98,0,0,0,0,0,0,0,0,0,0,180,180,0,0,0,2,0,999,999,999,9999999,999,999,999,9,0,95,95,95,95,0,995,9.8,998,998,998,99.8,99.8,99.8,1252.87507110772,11,5
16870,21,29,1-21-2020-029-05,5,1,5XXGM4A73EG2,17,63,34,2014,4,1,4,0,1,R,3,1484,5,9999,9,5,51,2,89,1,0,1,152,2,0,1,92879,1,1,1,2,4,1,2,1,1,1,1,1,0,0,3,1,0,0,9,1,1,2,13,99,9,4,1,A,1,0,0,0,0,0,0,0,0,0,0,998,998,0,0,6,4,12,999,999,999,9999999,999,999,999,8,0,3,17,1,3,0,998,4.2,999,999,999,28.0,1.3,28.2,23.4017586194916,11,5
16871,21,30,1-21-2020-030-02,2,1,3N1AB7AP8GL6,17,35,43,2016,4,1,3,0,1,F,3,1306,5,0,2,4,15,2,80,1,0,1,0,2,0,1,92359,9,1,0,4,4,1,2,2,2,4,0,3,0,0,1,2,0,0,1,1,14,1,6,2,9,2,3,G,50,0,0,0,0,0,0,0,0,0,0,310,150,0,0,0,1,12,999,999,999,9999999,999,999,999,8,0,3,22,1,3,0,995,9.8,998,998,998,99.8,99.8,99.8,12.5888105641004,11,5
16871,21,30,1-21-2020-030-02,2,2,JTEDS41A2820,17,49,403,2008,14,3,14,0,1,F,3,1896,5,9999,9,4,9,2,80,1,0,1,0,2,0,1,92399,1,9,0,4,4,1,2,2,2,2,0,3,0,0,1,2,0,0,1,0,14,4,62,99,1,1,3,G,51,0,0,0,0,0,0,0,0,0,0,150,310,0,0,0,1,12,999,999,999,9999999,999,999,999,8,0,3,22,1,3,0,995,9.8,998,998,998,99.8,99.8,99.8,12.5888105641004,11,5
16873,13,22,1-13-2020-022-01,1,1,2G1WB58K3793,17,20,2,2007,4,1,4,0,1,F,9,1630,5,9999,9,0,998,2,64,1,1,1,336,3,0,1,76107,2,2,2,4,4,1,2,1,1,9,1,3,0,0,3,1,0,0,9,1,1,2,13,99,1,4,1,A,1,0,0,0,0,0,0,0,0,0,0,998,998,0,0,9,1,0,999,999,999,9999999,999,999,999,9,0,3,14,1,1,0,998,1.9,999,999,999,99.9,99.9,99.9,39.3701031196284,7,5
16874,13,23,1-13-2020-023-06,6,1,1FAHP3F24CL2,17,12,37,2012,4,1,3,0,1,F,9,1340,5,9999,9,0,998,2,97,1,0,0,995,0,0,0,76134,2,9,0,2,2,2,2,2,1,3,3,2,1,3,2,8,0,0,3,0,1,3,52,99,9,1,2,D,28,0,0,0,0,0,0,0,0,0,0,30,30,0,0,0,1,0,999,999,999,9999999,999,999,999,9,0,0,0,0,4,0,995,9.8,998,998,998,99.8,99.8,99.8,882.439978964505,7,5
16874,13,23,1-13-2020-023-06,6,2,KNMAT2MT1FP5,17,35,51,2015,6,1,3,0,1,B,2,1550,5,9999,9,5,37,2,97,1,0,0,995,0,0,0,76135,2,9,0,2,2,2,2,2,1,3,3,2,1,3,2,8,0,0,1,0,2,3,53,1,1,1,2,D,29,0,0,0,0,0,0,0,0,0,0,30,30,0,0,0,1,12,999,999,999,9999999,999,999,999,7,0,0,0,0,4,0,995,9.8,998,998,998,99.8,99.8,99.8,882.439978964505,7,5
16874,13,23,1-13-2020-023-06,6,3,JTHBZ1BL7HA0,17,59,34,2017,4,1,4,0,1,B,9,1765,5,9999,9,0,998,5,97,1,0,0,995,0,0,0,75054,9,9,0,2,2,2,2,2,1,3,3,2,1,3,2,8,0,0,1,0,5,3,53,99,1,1,6,M,98,0,0,0,0,0,0,0,0,0,0,30,30,0,0,0,2,0,999,999,999,9999999,999,999,999,9,0,95,95,95,95,0,995,9.8,998,998,998,99.8,99.8,99.8,882.439978964505,7,5
16875,13,24,1-13-2020-024-03,3,1,JM1BK12F6817,17,41,51,2008,4,1,2,0,1,R,9,1249,5,9999,9,0,998,5,72,1,0,0,995,0,0,0,76010,9,9,2,1,5,4,1,2,1,9,1,1,0,0,1,8,1,2,9,0,11,2,15,99,1,1,4,J,68,0,0,0,0,0,0,0,0,0,0,45,290,0,0,0,1,0,999,999,999,9999999,999,999,999,9,0,95,95,95,95,0,995,9.8,998,998,998,99.8,99.8,99.8,532.394798251107,7,5
16875,13,24,1-13-2020-024-03,3,2,3FADP4EJ0GM1,17,12,32,2016,5,1,1,0,1,F,2,1151,5,0,1,4,24,2,72,1,0,0,995,0,0,0,76244,1,9,2,1,4,4,1,2,1,9,3,2,0,0,1,8,1,2,9,0,1,4,62,99,1,1,4,J,69,0,0,0,0,0,0,0,0,0,0,290,45,0,0,0,1,12,999,999,999,9999999,999,999,999,7,0,1,2,0,4,0,995,9.8,998,998,998,99.8,99.8,99.8,532.394798251107,7,5
16883,77,31,1-77-2020-031-06,6,1,1GB3KZCL1CF2,17,20,481,2012,40,6,45,0,1,R,2,2945,5,9999,9,4,14,2,72,1,0,0,995,0,0,0,24590,9,9,2,1,3,1,2,1,1,1,1,3,0,0,1,1,1,2,1,0,1,2,17,99,1,1,4,K,83,0,0,0,0,0,0,0,0,0,0,220,120,1,0,0,1,5,999,999,999,9999999,999,999,999,7,0,0,0,0,0,0,995,9.8,998,998,998,99.8,99.8,99.8,335.934513405074,9,5
16883,77,31,1-77-2020-031-06,6,2,3FAHP0CG5BR1,17,12,23,2011,4,1,3,0,1,F,2,1563,5,9999,9,4,14,2,56,1,0,0,995,0,0,0,24401,9,9,2,3,1,1,2,1,1,9,1,2,0,0,1,1,1,2,1,0,11,4,66,99,1,1,4,K,82,0,0,0,0,0,0,0,0,0,0,120,220,0,0,0,1,5,999,999,999,9999999,999,999,999,7,0,0,0,0,4,0,995,9.8,998,998,998,99.8,99.8,99.8,335.934513405074,9,5
16884,77,32,1-77-2020-032-03,3,1,JTDDR32T6301,17,49,33,2003,3,1,2,0,1,F,2,1100,5,9999,9,4,23,2,89,1,0,0,995,0,0,0,20748,9,9,2,1,4,3,2,1,1,3,1,1,0,0,1,1,1,2,9,0,1,2,17,99,1,1,4,J,69,0,0,0,0,0,0,0,0,0,0,30,120,0,0,0,1,12,999,999,999,9999999,999,999,999,7,0,99,99,0,99,0,995,9.8,998,998,998,99.8,99.8,99.8,166.067048894753,9,5
16884,77,32,1-77-2020-032-03,3,2,1FM5K8D85HGD,17,12,401,2017,14,3,14,0,1,R,2,2146,5,9999,9,4,12,2,89,1,0,0,995,0,0,0,22968,9,9,2,1,4,4,2,1,1,3,1,2,0,0,1,1,1,2,9,0,11,2,15,99,1,1,4,J,68,0,0,0,0,0,0,0,0,0,0,120,30,0,0,0,1,12,999,999,999,9999999,999,999,999,7,0,99,99,0,99,0,995,9.8,998,998,998,99.8,99.8,99.8,166.067048894753,9,5
16885,14,19,1-14-2020-019-03,3,1,1C4BJWDG5JL8,17,2,403,2018,14,3,14,0,1,R,2,1860,5,9999,9,4,17,2,89,1,0,0,995,0,0,0,78070,1,2,2,4,4,3,2,2,1,1,1,2,0,0,1,5,0,0,9,0,11,2,15,99,9,2,4,J,68,0,0,0,0,0,0,0,0,0,0,210,90,0,0,0,1,12,999,999,999,9999999,999,999,999,7,0,3,17,1,3,0,995,9.8,998,998,998,99.8,99.8,99.8,297.728366716916,8,5
16885,14,19,1-14-2020-019-03,3,2,4T3ZK11A39U0,17,49,53,2009,5,1,4,0,1,F,2,1705,5,9999,9,4,14,2,89,1,0,0,995,0,0,0,78070,1,9,2,4,4,2,2,1,1,9,1,1,0,0,1,5,0,0,9,0,1,4,62,99,1,1,4,J,69,0,0,0,0,0,0,0,0,0,0,90,210,0,0,0,1,12,999,999,999,9999999,999,999,999,7,0,0,0,0,4,0,995,9.8,998,998,998,99.8,99.8,99.8,297.728366716916,8,5
16886,14,20,1-14-2020-020-07,7,1,1C3CDZAB0DN6,17,7,26,2013,4,1,3,0,1,F,9,1539,5,9999,9,0,998,2,48,1,0,0,995,0,0,0,78130,9,1,3,4,2,1,2,1,1,9,0,0,0,0,1,8,0,0,9,0,98,2,19,99,1,7,5,L,86,0,0,0,0,0,0,0,0,0,0,320,50,0,0,0,1,0,999,999,999,9999999,999,999,999,9,0,0,0,0,0,0,995,9.8,998,998,998,99.8,99.8,99.8,1530.36031566513,8,5
16886,14,20,1-14-2020-020-07,7,2,1FT7W2BT2CEB,17,12,481,2012,34,5,31,99,1,R,9,3053,5,9999,9,0,998,5,48,1,0,0,995,0,0,0,78155,9,9,3,4,2,1,2,1,1,9,0,2,0,0,1,8,0,0,9,0,1,4,73,99,1,1,5,L,87,0,0,0,0,0,0,0,0,0,0,50,320,1,0,0,1,0,999,999,999,9999999,999,999,999,9,0,95,95,95,95,0,995,9.8,998,998,998,99.8,99.8,99.8,1530.36031566513,8,5
16887,54,5,1-54-2020-005-01,1,1,1ZVFT80N3551,17,12,3,2005,2,1,3,0,1,T,9,1497,5,9999,9,5,8,2,999,1,0,8,997,8,0,3,35581,1,2,0,4,2,1,2,1,1,9,1,2,9,9,2,1,5,2,3,1,1,2,12,5,9,4,1,B,6,1,99,2,4,1,3,61,1,1,72,997,997,0,0,0,2,6,999,999,999,9999999,999,999,999,9,0,9,0,0,1,3,997,1.0,999,999,999,99.9,99.9,99.9,383.747247560329,9,5
16889,17,37,1-17-2020-037-10,10,1,3VWBP7AJ8DM2,17,30,40,2013,4,1,3,0,1,F,9,1398,5,9999,9,0,998,5,72,1,9,0,995,0,9,0,61265,9,9,2,1,7,1,1,1,2,9,0,1,0,0,1,99,1,2,9,0,14,3,52,99,1,1,2,D,28,0,0,0,0,0,0,0,0,0,0,30,40,0,0,0,1,0,999,999,999,9999999,999,999,999,9,0,95,95,95,95,0,995,9.8,998,998,998,99.8,99.8,99.8,716.756652199806,4,5
16889,17,37,1-17-2020-037-10,10,2,1G2NF52F32C2,17,22,18,2002,4,1,3,0,1,B,1,1413,5,9999,9,5,19,2,72,1,9,0,995,0,7,0,61201,9,9,2,4,7,1,1,1,2,9,0,1,0,0,1,99,1,2,9,0,2,3,53,99,1,1,2,D,31,0,0,0,0,0,0,0,0,0,0,40,30,0,0,0,1,12,999,999,999,9999999,999,999,999,6,0,0,0,0,0,0,995,9.8,998,998,998,99.8,99.8,99.8,716.756652199806,4,5
16890,17,38,1-17-2020-038-06,6,1,1GCCT19W8181,17,20,471,2001,34,5,30,0,1,F,2,1471,5,113,2,4,35,2,64,1,9,0,995,0,9,0,61201,1,2,2,4,2,1,2,1,1,9,0,4,0,0,1,1,0,0,3,0,1,3,50,1,1,1,2,D,20,0,0,0,0,0,0,0,0,0,0,90,80,0,0,0,1,12,999,999,999,9999999,999,999,999,7,0,0,0,0,0,0,995,9.8,998,998,998,99.8,99.8,99.8,62.2195529585622,4,5
16890,17,38,1-17-2020-038-06,6,2,5N1AT2MV3FC8,17,35,51,2015,6,1,3,0,1,B,2,1610,5,9999,9,4,23,2,64,1,9,0,995,0,9,0,61265,1,2,2,4,2,1,2,1,1,9,0,4,0,0,1,1,0,0,1,0,5,3,53,99,1,1,2,D,21,0,0,0,0,0,0,0,0,0,0,80,90,0,0,0,1,12,999,999,999,9999999,999,999,999,7,0,1,2,0,6,0,995,9.8,998,998,998,99.8,99.8,99.8,62.2195529585622,4,5
16890,17,38,1-17-2020-038-06,6,3,1GCCS1488582,17,20,473,2005,34,5,30,0,1,F,9,1702,5,9999,9,0,998,5,64,1,9,0,995,0,9,0,61264,9,9,2,4,2,1,2,1,1,9,0,4,0,0,1,1,0,0,9,1,1,4,62,8,1,4,6,M,98,0,0,0,0,0,0,0,0,0,0,998,998,0,0,0,2,0,999,999,999,9999999,999,999,999,9,0,95,95,95,95,0,998,0.0,999,999,999,15.2,13.7,20.4,62.2195529585622,4,5
16891,17,39,1-17-2020-039-10,10,1,2C3KA53G26H4,17,6,51,2006,4,1,5,0,1,F,9,1708,5,9999,9,0,998,2,48,1,9,0,995,0,9,0,61244,9,9,2,4,2,1,2,1,1,9,0,0,0,0,1,1,2,2,9,1,10,1,6,99,9,4,1,A,2,0,0,0,0,0,0,0,0,0,0,998,998,0,0,9,1,0,999,999,999,9999999,999,999,999,9,0,0,0,0,0,0,998,0.0,999,999,999,99.9,99.9,99.9,716.756652199806,4,5
16892,17,40,1-17-2020-040-04,4,1,1FAHP2E86HG1,17,12,17,2017,4,1,4,0,1,F,1,1822,5,9999,9,4,9,2,89,1,9,1,0,1,9,0,61231,1,2,0,4,2,1,2,1,1,9,1,4,0,0,1,1,0,0,1,0,1,6,87,99,1,1,1,C,13,0,0,0,0,0,0,0,0,0,0,998,998,0,0,0,1,10,999,999,999,9999999,999,999,999,6,0,0,0,0,0,0,998,9.8,998,998,998,99.8,99.8,99.8,106.731822125607,4,5
16893,12,21,1-12-2020-021-07,7,1,5NPDH4AE1DH3,17,55,35,2013,4,1,2,0,1,F,2,1168,5,0,1,5,4,2,56,1,0,0,995,0,0,0,73401,9,9,2,4,2,1,2,2,1,9,1,2,0,0,3,2,0,0,9,0,11,2,15,99,1,1,4,J,68,0,0,0,0,0,0,0,0,0,0,50,280,0,0,0,1,12,999,999,999,9999999,999,999,999,7,0,0,0,0,0,0,995,9.8,998,998,998,99.8,99.8,99.8,916.752644061881,9,5
16893,12,21,1-12-2020-021-07,7,2,2C3KA43R88H1,17,6,51,2008,4,1,5,0,1,F,2,1706,5,0,4,5,13,2,56,1,0,0,995,0,0,0,73401,9,1,2,4,2,1,2,2,1,9,1,2,0,0,3,2,0,0,9,0,1,4,62,99,1,1,4,J,69,0,0,0,0,0,0,0,0,0,0,280,50,0,0,0,1,12,999,999,999,9999999,999,999,999,7,0,2,6,0,4,0,995,9.8,998,998,998,99.8,99.8,99.8,916.752644061881,9,5
16894,12,22,1-12-2020-022-07,7,1,1N4AL2EP8CC1,17,35,47,2012,2,1,3,0,1,L,2,1404,5,0,1,5,6,2,56,1,0,0,995,0,0,0,73401,9,9,2,3,1,1,1,1,1,9,0,0,0,0,1,1,2,2,9,0,4,2,17,99,1,1,5,L,89,0,0,0,0,0,0,0,0,0,0,195,285,0,0,0,1,98,999,999,999,9999999,999,999,999,7,0,0,0,0,0,0,995,9.8,998,998,998,99.8,99.8,99.8,916.752644061881,9,5
16894,12,22,1-12-2020-022-07,7,2,1GCHK23225F8,17,20,481,2005,34,5,31,0,1,F,9,2668,5,9999,9,0,998,5,56,1,0,0,995,0,0,0,73401,9,9,2,4,2,1,1,1,1,9,0,0,0,0,1,1,0,0,9,0,1,4,66,99,1,1,5,L,88,0,0,0,0,0,0,0,0,0,0,285,195,0,0,0,1,0,999,999,999,9999999,999,999,999,9,0,95,95,95,95,0,995,9.8,998,998,998,99.8,99.8,99.8,916.752644061881,9,5
16895,11,19,1-11-2020-019-01,1,1,1J4PP2GK8BW5,17,2,405,2011,14,3,14,0,1,F,3,1872,5,9999,9,5,24,2,97,1,1,8,997,8,0,0,23805,9,9,0,2,3,1,2,2,1,1,3,1,2,3,2,2,0,0,1,0,1,3,54,99,1,1,3,G,52,0,0,0,0,0,0,0,0,0,0,150,335,0,0,0,1,12,999,999,999,9999999,999,999,999,8,0,99,99,0,99,0,995,9.8,998,998,998,99.8,99.8,99.8,89.7416105257422,8,5
16895,11,19,1-11-2020-019-01,1,2,1N4AL3AP3HC1,17,35,47,2017,4,1,4,0,1,F,3,1453,5,9999,9,5,20,2,97,1,0,1,0,4,0,1,23059,2,2,0,2,3,1,2,2,1,1,1,3,2,3,2,2,0,0,1,0,1,3,54,99,1,1,3,G,52,0,0,0,0,0,0,0,0,0,0,335,150,0,0,0,1,12,999,999,999,9999999,999,999,999,8,0,4,22,3,1,0,995,9.8,998,998,998,99.8,99.8,99.8,89.7416105257422,8,5
16896,11,20,1-11-2020-020-07,7,1,5NPEC4AC4BH1,17,55,33,2011,4,1,4,0,1,F,1,1454,5,9999,9,5,8,2,97,1,0,0,995,0,0,0,23693,9,9,0,2,3,2,2,2,1,1,3,3,0,3,2,2,0,0,1,1,1,2,12,99,9,4,1,B,7,0,0,0,0,0,0,0,0,0,0,998,998,0,0,0,1,12,999,999,999,9999999,999,999,999,6,0,0,0,0,0,0,998,3.0,120,999,999,99.9,99.9,99.9,5804.48251400541,8,5
16897,24,39,1-24-2020-039-06,6,1,5FNYF4H40BB0,17,37,421,2011,15,3,15,0,1,F,9,2058,5,9999,9,0,998,2,80,1,0,0,995,0,0,0,08330,9,9,0,2,2,99,2,2,2,9,9,9,0,0,3,2,0,0,9,1,14,1,5,99,2,4,1,B,7,0,0,0,0,0,0,0,0,0,0,998,998,0,0,0,1,0,999,999,999,9999999,999,999,999,9,0,9,0,0,5,0,998,1.0,999,999,999,99.9,99.9,99.9,179.41048593649,1,5
16898,24,40,1-24-2020-040-02,2,1,2T1BURHEXGC6,17,49,32,2016,4,1,3,0,1,T,2,1265,5,9999,9,5,20,2,80,1,0,1,0,2,0,1,08330,1,2,0,2,3,1,2,1,1,9,0,3,0,0,1,1,0,0,1,1,1,4,60,8,1,4,1,A,3,1,3,2,6,6,4,51,3,2,12,997,997,0,0,0,2,6,999,999,999,9999999,999,999,999,7,0,2,4,0,3,3,997,0.0,999,999,999,99.9,99.9,99.9,45.9948647167708,1,5
16899,24,41,1-24-2020-041-06,6,1,KNAFX4A63E51,17,63,38,2014,4,1,3,0,1,F,9,1288,5,9999,9,5,7,2,80,1,0,0,995,0,0,0,08332,9,9,2,4,2,1,2,1,1,9,1,4,0,0,3,1,2,2,3,1,11,2,13,99,9,4,1,A,1,0,0,0,0,0,0,0,0,0,0,998,998,0,0,9,1,12,999,999,999,9999999,999,999,999,9,0,9,0,0,0,0,998,1.2,999,999,999,12.3,2.5,12.5,179.410485972823,1,5
16900,24,42,1-24-2020-042-09,9,1,1GNDM19W6SB2,17,20,441,1995,20,4,20,0,1,F,9,1894,5,9999,9,0,998,2,40,1,0,0,995,0,0,0,08037,9,1,2,4,2,1,2,1,1,9,0,2,0,0,1,1,1,2,9,0,1,2,17,99,1,1,5,L,86,0,0,0,0,0,0,0,0,0,0,220,310,0,0,0,1,0,999,999,999,9999999,999,999,999,9,0,0,0,0,0,0,995,9.8,998,998,998,99.8,99.8,99.8,485.621150657014,1,5
16900,24,42,1-24-2020-042-09,9,2,1N4AL11E06C1,17,35,47,2006,4,1,4,0,1,R,2,1378,5,9999,9,5,16,2,40,1,0,0,995,0,0,0,08037,9,1,2,4,2,1,2,1,1,9,0,2,0,0,1,1,1,2,9,0,1,4,66,99,1,1,5,L,87,0,0,0,0,0,0,0,0,0,0,310,220,0,0,0,1,12,999,999,999,9999999,999,999,999,7,0,99,99,0,0,0,995,9.8,998,998,998,99.8,99.8,99.8,485.621150657014,1,5
16901,52,43,1-52-2020-043-06,6,1,2C3KA53G16H2,17,6,51,2006,4,1,5,0,1,F,3,1708,5,9999,9,4,12,2,40,1,1,1,278,2,9,0,59101,9,9,2,4,2,1,2,1,1,1,0,2,0,0,1,1,2,2,9,0,1,2,17,99,1,1,5,L,86,0,0,0,0,0,0,0,0,0,0,150,240,0,0,0,1,12,999,999,999,9999999,999,999,999,8,0,1,1,0,4,0,995,0.0,999,999,999,0.0,0.0,0.0,35.3200387408803,12,5
16901,52,43,1-52-2020-043-06,6,2,1GKKRPED9BJ3,17,23,8,2011,6,1,5,99,1,R,3,2142,5,0,2,4,10,2,40,1,0,0,995,0,0,0,59105,1,2,2,3,3,2,2,1,1,1,3,3,0,0,1,1,0,0,1,0,1,4,66,1,1,1,5,L,87,0,0,0,0,0,0,0,0,0,0,240,150,0,0,0,1,98,999,999,999,9999999,999,999,999,8,0,1,1,0,4,0,995,9.8,998,998,998,99.8,99.8,99.8,35.3200387408803,12,5
16902,52,44,1-52-2020-044-04,4,1,1FM5K8AR2JGA,17,12,401,2018,14,3,14,5,1,T,2,2146,5,68,2,5,58,2,129,1,0,0,995,0,0,0,56455,1,1,0,1,2,2,2,5,2,4,3,2,1,3,2,4,0,0,1,1,14,1,6,1,4,4,1,B,7,1,3,2,2,1,4,61,1,1,18,997,997,0,0,0,1,6,999,999,999,9999999,999,999,999,7,0,0,0,0,0,3,997,9.8,998,998,998,99.8,99.8,99.8,56.6486939463209,12,5
16903,52,45,1-52-2020-045-10,10,1,2FTDF15N9MCA,17,12,481,1991,34,5,31,99,1,L,9,1702,5,9999,9,0,998,2,97,1,0,0,995,0,0,0,59105,9,9,0,4,2,1,2,3,1,9,1,2,0,0,1,4,0,0,9,1,1,1,6,99,3,2,3,I,66,0,0,0,0,0,0,0,0,0,0,10,85,0,0,0,1,0,999,999,999,9999999,999,999,999,9,0,0,0,0,0,0,995,9.8,998,998,998,99.8,99.8,99.8,536.121525407542,12,5
16903,52,45,1-52-2020-045-10,10,2,1D4GP24R85B4,17,7,442,2005,20,4,20,0,1,F,2,1810,5,46,2,4,23,2,97,1,0,0,995,0,0,0,59037,1,2,0,4,2,1,2,3,1,9,1,2,0,0,1,4,0,0,1,0,1,4,62,2,1,1,3,I,66,0,0,0,0,0,0,0,0,0,0,85,10,0,0,0,1,12,999,999,999,9999999,999,999,999,7,0,0,0,0,6,0,995,9.8,998,998,998,99.8,99.8,99.8,536.121525407542,12,5
16904,52,46,1-52-2020-046-07,7,1,1FAHP2D83FG1,17,12,17,2015,4,1,4,0,1,U,9,1822,5,0,2,4,24,2,113,1,0,0,995,0,0,0,59088,1,1,0,4,2,1,2,5,1,1,1,4,0,0,1,1,0,0,1,1,1,1,5,98,9,4,1,B,7,0,0,0,0,0,0,0,0,0,0,996,996,0,0,0,1,7,999,999,999,9999999,999,999,999,9,0,0,0,0,0,0,996,9.9,999,999,999,99.9,99.9,99.9,115.15390557063,12,5