CASEID,PSU,CASENO,CASENUMBER,CATEGORY,VEHNO,VIN,VINLENGTH,MAKE,MODEL,MODELYR,BODYTYPE,BODYCAT,VEHCLASS,SPECUSE,TRANSTAT,DAMPLANE,DAMSEV,CURBWT,CURBSRC,CARGOWT,CARGOSRC,INSPTYPE,INSPLAG,TOWED,SPEEDLIMIT,DRPRESENT,PARALCOHOL,ALCTEST,ALCTESTRESULT,ALCTESTSRC,PARDRUG,DRUGTEST,ZIP,RACE,ETHNICITY,RELTOJUNCT,TRAFFLOW,RDLANES,INITLANE,SURFTYPE,SURFCOND,ALIGNMENT,PROFILE,LINERIGHT,LINELEFT,RUMBINIT,RUMBROAD,LIGHTCOND,WEATHER,TRAFDEV,TRAFFUNCT,DISTRACT,PREFHE,PREMOVE,CRITCAT,CRITEVENT,MANEUVER,PRESTAB,PRELOC,CRASHCAT,CRASHCONF,CRASHTYPE,ROLLTYPE,ROLLTURN,ROLLINTRPT,ROLLPREMAN,ROLLINITYP,ROLLINLOC,ROLLOBJ,ROLLTRIP,ROLLDIR,ROLLDIST,DVANGTHIS,DVANGOTH,TOWHITCH,TRAJDOC,TREEPOLE,DVEVENT,DVBASIS,DVTOTAL,DVLONG,DVLAT,DVENERGY,DVSPEED,DVMOMENT,DVBES,DVEST,DVCONF,VAIS,VISS,VINJURED,VTREAT,INITOBJCLASS,HEADANGLECAT,SHLDRWIDTH,STRKLENGTH,STRKWIDTH,STRKHEIGHT,EDGEDISTX,EDGEDISTY,EDGEDISTZ,CASEWGT,PSUSTRAT,VERSION
16957,18,17,1-18-2020-017-01,1,1,1B3BD1FG6BN5,17,7,26,2011,4,1,3,0,1,T,2,1539,5,0,1,5,18,2,40,1,1,1,160,3,0,1,54650,9,9,0,4,2,1,2,1,2,1,0,0,0,0,2,8,0,0,9,1,14,2,12,99,9,4,1,B,6,1,99,2,2,5,4,31,6,2,999,997,997,0,0,0,4,6,999,999,999,9999999,999,999,999,7,0,3,10,1,1,2,997,0.0,999,999,999,99.9,99.9,99.9,56.4835297139271,6,5
16958,18,18,1-18-2020-018-09,9,1,2G1WD58C5891,17,20,2,2008,4,1,4,0,1,F,9,1630,5,9999,9,0,998,2,40,1,0,0,995,0,0,0,54001,1,9,2,4,2,1,2,1,1,1,0,0,0,0,2,1,2,2,3,0,1,2,14,99,1,4,1,C,14,0,0,0,0,0,0,0,0,0,0,998,998,0,0,0,1,0,999,999,999,9999999,999,999,999,9,0,0,0,0,4,0,998,9.8,998,998,998,99.8,99.8,99.8,279.340631988138,6,5
16959,22,25,1-22-2020-025-03,3,1,5TDBT48A74S2,17,49,422,2004,15,3,15,0,1,F,1,2390,5,0,2,5,14,5,105,1,1,1,78,1,0,0,83541,9,9,3,4,2,1,2,1,1,1,1,4,2,3,1,8,0,0,3,0,1,3,50,3,2,1,2,D,20,0,0,0,0,0,0,0,0,0,0,65,70,0,0,0,1,98,999,999,999,9999999,999,999,999,6,0,95,95,95,95,0,995,9.8,998,998,998,99.8,99.8,99.8,29.2424072422433,12,5
16959,22,25,1-22-2020-025-03,3,2,2T1BURHE5JC9,17,49,32,2018,4,1,3,0,1,B,1,1265,5,0,2,5,9,2,105,1,0,0,995,0,0,0,83501,1,2,3,4,2,1,2,1,1,1,1,4,1,3,1,8,0,0,1,0,5,3,53,9,1,1,2,D,22,0,0,0,0,0,0,0,0,0,0,70,65,0,0,0,1,98,999,999,999,9999999,999,999,999,6,0,0,0,0,0,0,995,9.8,998,998,998,99.8,99.8,99.8,29.2424072422433,12,5
16960,22,26,1-22-2020-026-08,8,1,1NXBR30E55Z4,17,49,32,2005,4,1,2,0,1,F,2,1135,5,9999,9,4,14,2,89,1,0,1,15,2,0,2,83544,9,9,0,4,2,1,2,1,2,9,1,2,9,9,1,1,0,0,3,1,14,2,13,99,1,4,1,A,1,1,2,2,2,1,3,61,1,1,999,998,998,0,0,0,5,11,999,999,999,9999999,999,999,999,7,0,3,11,1,3,3,998,9.9,999,999,999,99.9,99.9,99.9,35.1289230230615,12,5
16961,22,27,1-22-2020-027-09,9,1,JT3VN39W0R80,17,49,401,1994,14,3,14,0,1,9,9,1862,5,0,2,0,998,2,89,1,8,9,998,8,7,9,99163,1,2,0,4,2,1,2,4,1,9,1,2,9,9,1,3,0,0,1,1,1,1,6,98,3,4,1,A,2,1,2,9,2,1,4,61,1,2,999,997,997,0,0,0,1,0,999,999,999,9999999,999,999,999,9,0,1,2,0,6,3,997,9.8,998,998,998,99.8,99.8,99.8,175.635958199054,12,5
16962,16,28,1-16-2020-028-03,3,1,1HGCG22572A0,17,37,32,2002,2,1,3,0,1,L,2,1480,5,9999,9,4,26,2,40,1,1,8,997,8,1,3,45223,2,9,2,4,3,1,2,1,1,1,0,1,0,0,1,8,1,2,1,0,1,2,17,99,1,1,5,L,87,1,2,2,5,1,4,63,1,1,6,998,998,0,0,9,3,12,999,999,999,9999999,999,999,999,3,0,1,1,0,8,3,998,0.0,999,999,999,0.0,0.0,0.0,133.367357619456,5,5
16962,16,28,1-16-2020-028-03,3,2,1HGCT1B79GA0,17,37,32,2016,2,1,3,0,1,F,2,1480,5,9999,9,4,26,2,40,1,0,0,995,0,0,0,45212,9,9,2,4,4,1,2,1,1,1,0,3,0,0,1,8,1,2,1,0,1,4,66,99,1,1,5,L,86,0,0,0,0,0,0,0,0,0,0,235,355,0,0,0,1,12,999,999,999,9999999,999,999,999,3,0,9,97,0,8,0,995,9.8,998,998,998,99.8,99.8,99.8,133.367357619456,5,5
16963,16,29,1-16-2020-029-06,6,1,1N4AA5AP9BC8,17,35,39,2011,4,1,4,0,1,F,2,1437,5,9999,9,4,9,2,56,1,8,0,995,0,7,0,45251,2,9,2,4,2,1,2,1,1,9,0,2,0,0,1,1,2,2,9,1,6,2,12,99,9,4,1,B,6,0,0,0,0,0,0,0,0,0,0,998,998,0,0,0,2,12,999,999,999,9999999,999,999,999,7,0,1,1,0,8,0,998,0.0,999,999,999,4.8,2.8,5.7,221.055293250171,5,5
16964,16,30,1-16-2020-030-06,6,1,2T1BURHE7FC2,17,49,32,2015,4,1,3,0,1,R,2,1265,5,9999,9,4,19,2,89,1,0,0,995,0,0,0,41101,9,9,1,2,4,1,2,2,1,1,1,3,2,3,1,2,0,0,1,1,1,2,13,99,9,4,1,A,1,1,4,2,6,1,3,61,1,1,999,997,997,0,0,0,2,6,999,999,999,9999999,999,999,999,7,0,9,97,0,8,3,997,5.2,999,999,999,13.0,5.2,13.9,221.055293286322,5,5
16965,33,20,1-33-2020-020-06,6,1,2C3CDXHGXCH2,17,7,24,2012,4,1,5,0,1,F,9,1797,5,9999,9,0,998,2,64,1,9,0,995,0,9,0,99999,9,9,0,4,2,1,2,1,1,1,3,2,0,0,2,1,0,0,9,1,1,2,13,99,9,4,1,A,1,0,0,0,0,0,0,0,0,0,0,998,998,0,0,9,1,0,999,999,999,9999999,999,999,999,9,0,99,99,0,99,0,998,1.2,999,999,999,6.2,1.0,6.2,116.638192639903,12,5
16966,33,21,1-33-2020-021-06,6,1,2G1WC5E31D11,17,20,2,2013,4,1,4,0,1,F,1,1613,5,9999,9,5,6,2,56,1,0,0,995,0,0,0,95917,9,9,0,4,2,1,2,1,1,9,1,4,0,0,2,1,0,0,9,1,1,2,13,99,1,4,1,A,1,0,0,0,0,0,0,0,0,0,0,998,998,0,0,0,1,12,999,999,999,9999999,999,999,999,6,0,1,1,0,4,0,998,0.5,999,999,999,17.1,9.3,19.5,116.638192639903,12,5
16967,33,22,1-33-2020-022-04,4,1,3N1CN7AP5KL8,17,35,50,2019,4,1,2,0,1,L,1,2395,8,0,2,5,55,2,40,1,0,0,995,0,0,0,95991,1,2,2,4,2,1,2,1,1,9,0,2,0,0,1,1,2,2,2,0,1,2,17,2,1,1,5,L,89,0,0,0,0,0,0,0,0,0,0,70,145,0,0,0,1,12,999,999,999,9999999,999,999,999,6,0,0,0,0,6,0,995,9.8,998,998,998,99.8,99.8,99.8,179.362667874904,12,5
16967,33,22,1-33-2020-022-04,4,2,2G1WX12K1391,17,20,36,2003,2,1,4,0,1,F,9,1516,5,0,2,0,998,2,40,1,0,0,995,0,0,0,95966,1,2,2,3,2,1,2,1,1,9,0,5,0,0,1,1,0,0,1,0,1,4,66,3,1,1,5,L,88,0,0,0,0,0,0,0,0,0,0,145,70,0,0,0,1,0,999,999,999,9999999,999,999,999,9,0,0,0,0,5,0,995,9.8,998,998,998,99.8,99.8,99.8,179.362667874904,12,5
16968,20,18,1-20-2020-018-03,3,1,1FTER4EH4KLA,17,12,471,2019,34,5,30,0,1,T,1,1975,8,9999,9,5,26,2,105,1,0,0,995,0,0,0,93955,9,1,0,3,3,2,1,2,1,9,3,3,0,3,1,2,0,0,9,1,1,1,6,99,4,4,1,B,7,1,3,9,2,1,4,61,1,2,999,997,997,0,0,0,1,6,999,999,999,9999999,999,999,999,6,0,1,1,0,99,3,997,9.8,998,998,998,99.8,99.8,99.8,202.880532587636,11,5
16969,20,19,1-20-2020-019-10,10,1,WBAHE6325SGF,17,34,35,1995,4,1,3,0,1,B,2,1725,5,0,2,5,11,2,105,1,0,0,995,0,0,0,95136,1,2,0,2,2,1,2,2,2,9,1,3,2,3,1,2,0,0,1,1,14,1,6,8,4,2,2,F,48,0,0,0,0,0,0,0,0,0,0,998,998,0,0,0,2,12,999,999,999,9999999,999,999,999,7,0,0,0,0,0,0,998,4.8,999,999,120,6.4,4.8,8.0,3448.10685385303,11,5
16969,20,19,1-20-2020-019-10,10,2,JTDKN3DU1D55,17,49,46,2013,5,1,3,0,1,R,1,1435,5,9999,9,5,27,5,105,1,0,0,995,0,0,0,95136,9,9,0,2,2,2,2,2,2,9,3,2,1,3,1,2,0,0,9,0,14,4,61,99,1,2,2,F,48,0,0,0,0,0,0,0,0,0,0,200,190,0,0,0,1,12,999,999,999,9999999,999,999,999,6,0,95,95,95,95,0,995,9.8,998,998,998,99.8,99.8,99.8,3448.10685385303,11,5
16970,15,22,1-15-2020-022-03,3,1,2T2BZMCA2HC1,17,59,403,2017,14,3,14,0,1,B,9,2020,5,9999,9,0,998,5,89,1,8,9,998,8,7,9,11576,9,9,1,2,3,1,2,1,2,1,1,1,9,9,1,1,0,0,9,0,14,4,61,99,1,1,6,M,98,0,0,0,0,0,0,0,0,0,0,45,60,0,0,0,2,0,999,999,999,9999999,999,999,999,9,0,95,95,95,95,0,995,9.8,998,998,998,99.8,99.8,99.8,8.23310067892975,1,5
16970,15,22,1-15-2020-022-03,3,2,999999999999,99,63,399,2018,4,1,9,0,1,L,9,9999,9,9999,9,0,998,2,89,1,8,9,998,8,7,9,11742,9,9,1,2,3,1,2,1,2,1,1,1,9,9,1,1,0,0,9,0,14,4,60,99,1,1,2,F,45,0,0,0,0,0,0,0,0,0,0,50,60,0,0,0,1,0,999,999,999,9999999,999,999,999,9,0,1,1,0,4,0,995,9.8,998,998,998,99.8,99.8,99.8,8.23310067892975,1,5
16970,15,22,1-15-2020-022-03,3,3,5TDJZRFH8JS4,17,49,403,2018,14,3,14,0,1,F,9,2030,5,9999,9,0,998,2,89,1,8,9,998,8,7,9,11742,9,9,1,2,3,2,2,1,2,1,1,3,9,9,1,1,0,0,9,1,15,2,11,99,1,2,2,F,46,0,0,0,0,0,0,0,0,0,0,60,50,0,0,0,1,0,999,999,999,9999999,999,999,999,9,0,0,0,0,0,0,995,9.8,998,998,998,99.8,99.8,99.8,8.23310067892975,1,5
16971,15,23,1-15-2020-023-06,6,1,1C4RJFBG9JC3,17,2,422,2018,15,3,15,0,1,B,9,2211,5,9999,9,0,998,5,89,1,8,9,998,8,7,9,11795,9,9,0,2,3,1,2,1,1,9,1,3,9,9,3,1,0,0,9,0,2,3,53,99,1,1,6,M,98,0,0,0,0,0,0,0,0,0,0,80,80,0,0,0,2,0,999,999,999,9999999,999,999,999,9,0,95,95,95,95,0,995,9.8,998,998,998,99.8,99.8,99.8,9.29120226051056,1,5
16971,15,23,1-15-2020-023-06,6,2,999999999999,99,12,399,2013,9,1,9,0,1,B,9,9999,9,9999,9,0,998,2,89,1,8,9,998,8,7,9,11772,9,9,0,2,3,1,2,1,1,9,1,3,9,9,3,1,0,0,9,0,2,3,53,99,1,1,2,D,29,0,0,0,0,0,0,0,0,0,0,80,80,0,0,0,1,0,999,999,999,9999999,999,999,999,9,0,0,0,0,4,0,995,9.8,998,998,998,99.8,99.8,99.8,9.29120226051056,1,5
16971,15,23,1-15-2020-023-06,6,3,1GKS2AE0XCR2,17,23,421,2012,15,3,15,0,1,F,9,2511,5,9999,9,0,998,5,89,1,8,9,998,8,7,9,11757,9,9,0,2,3,1,2,1,1,9,1,3,9,9,3,1,0,0,2,0,1,3,52,99,1,1,2,D,28,0,0,0,0,0,0,0,0,0,0,80,80,0,0,0,1,0,999,999,999,9999999,999,999,999,9,0,95,95,95,95,0,995,9.8,998,998,998,99.8,99.8,99.8,9.29120226051056,1,5
16972,15,24,1-15-2020-024-04,4,1,4T1BF1FK5GU2,17,49,40,2016,4,1,4,0,1,R,9,1467,5,9999,9,0,998,2,89,1,8,9,998,8,7,9,11204,9,9,0,2,4,4,2,1,1,1,3,2,0,0,1,1,0,0,9,1,6,2,11,99,1,2,2,F,46,0,0,0,0,0,0,0,0,0,0,70,70,0,0,0,1,0,999,999,999,9999999,999,999,999,9,0,0,0,0,0,0,995,9.8,998,998,998,99.8,99.8,99.8,16.8442628288323,1,5
16972,15,24,1-15-2020-024-04,4,2,JTHCF5C2XB50,17,59,35,2011,4,1,3,0,1,L,9,1656,5,9999,9,5,80,2,89,1,8,9,998,8,7,9,11552,9,9,0,2,4,3,2,1,1,1,3,3,0,0,1,1,0,0,9,0,1,4,60,99,1,1,2,F,45,0,0,0,0,0,0,0,0,0,0,70,70,0,0,0,1,12,999,999,999,9999999,999,999,999,9,0,1,1,0,4,0,995,9.8,998,998,998,99.8,99.8,99.8,16.8442628288323,1,5
16972,15,24,1-15-2020-024-04,4,3,19UUA8F59AA0,17,54,35,2010,4,1,4,0,1,R,9,1682,5,9999,9,0,998,5,89,1,8,9,998,8,7,9,11566,9,9,0,2,4,4,2,1,1,1,3,2,0,0,1,1,0,0,9,0,2,4,61,99,1,1,6,M,98,0,0,0,0,0,0,0,0,0,0,80,70,0,0,0,2,0,999,999,999,9999999,999,999,999,9,0,95,95,95,95,0,995,9.8,998,998,998,99.8,99.8,99.8,16.8442628288323,1,5
16973,76,25,1-76-2020-025-04,4,1,2GKFLSEK3G63,17,23,402,2016,14,3,14,0,1,R,1,1823,5,9999,9,4,16,2,89,1,8,9,998,8,7,9,13856,9,9,0,4,2,1,2,5,2,9,1,2,0,0,1,3,0,0,9,1,14,1,6,99,2,4,1,A,2,1,3,9,2,1,4,61,1,1,8,997,997,0,0,0,3,6,999,999,999,9999999,999,999,999,6,0,0,0,0,0,3,997,2.0,999,999,999,99.9,99.9,99.9,18.0877136569726,3,5
16974,76,26,1-76-2020-026-04,4,1,4T1B11HK5KU2,17,49,40,2019,4,1,4,0,1,F,1,1520,5,9999,9,4,24,2,999,1,1,2,996,1,7,9,12803,9,9,0,4,2,1,2,2,1,9,0,0,0,0,4,8,9,9,9,1,1,2,12,99,1,4,1,B,6,0,0,0,0,0,0,0,0,0,0,998,998,0,0,9,2,12,999,999,999,9999999,999,999,999,6,0,0,0,0,0,0,998,0.0,999,999,999,99.9,99.9,99.9,18.0877136525278,3,5
16975,10,43,1-10-2020-043-04,4,1,2B3CA4CV6AH3,17,7,24,2010,4,1,5,0,1,F,1,1719,5,0,1,4,35,2,89,1,0,0,995,0,0,0,45373,9,9,0,2,4,4,2,1,1,9,3,2,1,3,1,1,0,0,1,0,1,3,50,2,9,1,2,D,20,0,0,0,0,0,0,0,0,0,0,175,175,0,0,0,1,12,999,999,999,9999999,999,999,999,6,0,0,0,0,0,0,995,9.8,998,998,998,99.8,99.8,99.8,280.969017100474,4,5
16975,10,43,1-10-2020-043-04,4,2,19XZE4F14KE0,17,37,37,2019,4,1,3,0,1,F,1,1382,5,0,1,4,35,2,89,1,0,0,995,0,0,0,45014,9,9,0,2,4,4,2,1,1,9,3,2,1,3,1,1,0,0,1,0,5,3,53,1,1,1,2,D,21,0,0,0,0,0,0,0,0,0,0,175,175,0,0,0,2,12,999,999,999,9999999,999,999,999,6,0,0,0,0,0,0,995,9.8,998,998,998,99.8,99.8,99.8,280.969017100474,4,5
16975,10,43,1-10-2020-043-04,4,3,2HGFA16517H3,17,37,31,2007,4,1,3,0,1,B,9,1224,5,0,3,0,998,5,89,1,0,0,995,0,0,0,06460,9,9,0,2,4,4,2,1,1,9,3,2,1,3,1,1,0,0,1,0,5,3,53,1,1,1,6,M,98,0,0,0,0,0,0,0,0,0,0,175,175,0,0,0,2,0,999,999,999,9999999,999,999,999,9,0,95,95,95,95,0,995,9.8,998,998,998,99.8,99.8,99.8,280.969017100474,4,5
16975,10,43,1-10-2020-043-04,4,4,JTEBU5JR7F52,17,49,401,2015,14,3,14,0,1,B,9,2111,5,0,3,0,998,5,89,1,0,0,995,0,0,0,45458,9,9,0,2,4,4,2,1,1,9,3,2,1,3,1,1,0,0,1,0,5,3,53,1,1,1,6,M,98,0,0,0,0,0,0,0,0,0,0,175,175,0,0,0,3,0,999,999,999,9999999,999,999,999,9,0,95,95,95,95,0,995,9.8,998,998,998,99.8,99.8,99.8,280.969017100474,4,5
16976,10,44,1-10-2020-044-09,9,1,999999999999,99,99,898,9999,72,8,78,99,1,R,9,,,,,,,5,89,1,8,0,995,0,0,0,99999,9,9,0,2,4,4,1,1,1,1,3,2,1,3,4,8,0,0,9,1,15,2,11,99,1,2,2,F,46,,,,,,,,,,,,,,,,,,,,,,,,,,,95,95,95,95,,,9.8,998,998,998,99.8,99.8,99.8,550.043203020225,4,5
16976,10,44,1-10-2020-044-09,9,2,2G4WY52MXW15,17,18,7,1998,4,1,3,0,1,R,9,1525,5,0,3,0,998,3,89,1,0,0,995,0,0,0,45416,9,9,0,2,4,3,1,1,1,1,3,3,0,3,4,8,0,0,1,0,1,4,60,99,1,1,2,F,45,0,0,0,0,0,0,0,0,0,0,215,215,0,0,0,2,0,999,999,999,9999999,999,999,999,9,0,9,97,0,5,0,995,1.6,999,120,999,0.0,0.0,0.0,550.043203020225,4,5
16977,10,45,1-10-2020-045-10,10,1,1FTRX18L11NB,17,12,481,2001,34,5,31,99,1,R,9,1838,5,9999,9,0,998,2,56,1,0,0,995,0,0,0,99999,9,9,0,4,2,1,1,5,1,9,1,2,0,0,3,1,0,0,9,1,1,2,13,99,9,4,1,A,1,0,0,0,0,0,0,0,0,0,0,998,998,0,0,9,1,0,999,999,999,9999999,999,999,999,9,0,0,0,0,0,0,998,1.9,999,999,999,19.3,1.9,19.4,1886.84506695108,4,5
16978,10,46,1-10-2020-046-03,3,1,1J8HG48P47C6,17,2,406,2007,14,3,14,99,1,F,9,2170,5,9999,9,0,998,2,105,1,1,1,200,1,1,3,45426,9,9,1,3,2,1,1,1,1,9,1,1,0,0,3,8,1,2,1,0,1,3,50,99,9,1,2,D,20,0,0,0,0,0,0,0,0,0,0,60,60,0,0,0,1,0,999,999,999,9999999,999,999,999,9,0,9,97,0,99,0,995,9.8,998,998,998,99.8,99.8,99.8,112.482813732536,4,5
16978,10,46,1-10-2020-046-03,3,2,5YFBURHE9GP3,17,49,32,2016,4,1,3,99,1,B,3,1265,5,0,1,4,25,2,105,1,0,0,995,0,0,0,79938,9,1,1,3,2,1,1,1,1,9,1,1,0,0,3,8,1,2,1,0,5,3,53,1,1,1,2,D,23,0,0,0,0,0,0,0,0,0,0,60,60,0,0,0,1,12,999,999,999,9999999,999,999,999,8,0,2,4,0,4,0,995,9.8,998,998,998,99.8,99.8,99.8,112.482813732536,4,5
16978,10,46,1-10-2020-046-03,3,3,1FDWE3FL9EDA,17,12,461,2014,21,4,21,99,1,B,9,2419,5,9999,9,0,998,5,105,1,0,0,995,0,0,0,79916,9,9,1,3,2,1,1,1,1,9,1,1,0,0,3,8,1,2,1,0,5,3,53,1,1,1,6,M,98,0,0,0,0,0,0,0,0,0,0,60,60,0,0,0,2,0,999,999,999,9999999,999,999,999,9,0,95,95,95,95,0,995,9.8,998,998,998,99.8,99.8,99.8,112.482813732536,4,5
16979,73,22,1-73-2020-022-06,6,1,JHLRE4H75BC0,17,37,402,2011,14,3,14,0,1,F,9,1604,5,9999,9,0,998,2,89,1,8,0,995,0,7,0,04352,9,9,0,4,2,1,2,3,3,1,1,1,0,0,1,4,0,0,1,1,14,1,5,99,2,4,1,A,2,0,0,0,0,0,0,0,0,0,0,998,998,0,0,0,1,0,999,999,999,9999999,999,999,999,9,0,99,99,0,99,0,998,3.2,999,999,999,99.9,99.9,99.9,37.9095548123009,3,5
16980,73,23,1-73-2020-023-04,4,1,1FM5K8D84GGC,17,12,401,2016,14,3,14,0,1,R,9,2146,5,9999,9,0,998,2,89,1,8,0,995,0,7,0,04239,9,9,0,4,2,1,2,2,1,1,1,2,0,0,1,2,0,0,1,0,1,6,87,99,1,1,1,C,13,0,0,0,0,0,0,0,0,0,0,998,998,0,0,0,1,0,999,999,999,9999999,999,999,999,9,0,0,0,0,0,0,998,9.8,998,998,998,99.8,99.8,99.8,93.286537937023,3,5
16981,30,27,1-30-2020-027-04,4,1,2C3CDXHG7HH5,17,7,24,2017,4,1,5,0,1,F,9,1785,5,9999,9,0,998,2,56,1,0,0,995,0,0,0,85035,9,9,2,4,7,4,2,1,1,1,4,3,0,0,1,1,1,2,9,0,11,2,15,99,1,1,4,J,68,0,0,0,0,0,0,0,0,0,0,150,20,0,0,0,1,0,999,999,999,9999999,999,999,999,9,0,0,0,0,0,0,995,9.8,998,998,998,99.8,99.8,99.8,497.162250065883,10,5
16981,30,27,1-30-2020-027-04,4,2,3N1AB7AP9KY3,17,35,43,2019,4,1,3,0,1,L,1,1315,5,0,2,4,16,2,56,1,0,0,995,0,0,0,85020,1,2,2,4,6,1,2,1,1,1,3,4,0,0,1,1,1,2,9,0,1,4,62,4,1,1,4,J,69,0,0,0,0,0,0,0,0,0,0,20,150,0,0,0,1,12,999,999,999,9999999,999,999,999,6,0,1,1,0,6,0,995,9.8,998,998,998,99.8,99.8,99.8,497.162250065883,10,5
16982,30,28,1-30-2020-028-04,4,1,1FADP3K25JL3,17,12,37,2018,5,1,3,0,1,L,2,1327,5,0,2,5,45,2,72,1,0,0,995,0,0,0,85033,1,1,2,4,2,1,2,1,1,1,0,2,0,0,1,1,1,2,1,0,11,2,15,1,1,1,4,K,82,0,0,0,0,0,0,0,0,0,0,245,0,0,0,0,1,12,999,999,999,9999999,999,999,999,7,0,0,0,0,0,0,995,0.0,999,999,999,99.9,99.9,99.9,497.162250065883,10,5
16982,30,28,1-30-2020-028-04,4,2,1GTR1VE03CZ1,17,23,481,2012,34,5,31,0,1,F,1,2378,5,9999,9,5,18,2,72,1,0,0,995,0,0,0,85022,9,9,2,1,3,1,2,1,1,1,0,3,0,0,1,1,1,2,9,0,1,4,67,99,1,1,4,K,83,0,0,0,0,0,0,0,0,0,0,0,245,0,0,0,1,12,999,999,999,9999999,999,999,999,6,0,0,0,0,0,0,995,9.8,998,998,998,99.8,99.8,99.8,497.162250065883,10,5
16983,30,29,1-30-2020-029-05,5,1,1FTWW32F1XEB,17,12,481,1999,34,5,31,0,1,R,9,9999,9,9999,9,0,998,2,72,1,0,0,995,0,0,0,85008,9,9,2,4,5,2,2,1,1,1,3,1,0,0,1,1,1,2,9,0,10,2,16,99,1,2,4,J,70,0,0,0,0,0,0,0,0,0,0,120,90,0,0,0,1,0,999,999,999,9999999,999,999,999,9,0,0,0,0,0,0,995,9.8,998,998,998,99.8,99.8,99.8,15.6185273216477,10,5
16983,30,29,1-30-2020-029-05,5,2,JTEBU4BF0BK1,17,49,404,2011,14,3,14,0,1,F,2,1963,5,9999,9,5,46,2,72,1,0,9,998,8,0,9,85204,9,9,2,4,5,1,2,1,1,1,1,3,0,0,1,1,1,2,9,0,1,4,60,99,1,1,4,J,71,0,0,0,0,0,0,0,0,0,0,90,120,0,0,0,1,12,999,999,999,9999999,999,999,999,7,0,9,97,0,8,0,995,9.8,998,998,998,99.8,99.8,99.8,15.6185273216477,10,5
16983,30,29,1-30-2020-029-05,5,3,5TFEY5F19FX1,17,49,482,2015,34,5,31,0,1,F,9,2555,5,9999,9,0,998,2,72,1,0,0,995,0,0,0,85234,9,9,2,4,3,2,2,1,1,1,1,2,0,0,1,1,1,2,1,0,5,4,66,1,1,1,6,M,98,0,0,0,0,0,0,0,0,0,0,0,150,0,0,0,2,0,999,999,999,9999999,999,999,999,9,0,0,0,0,0,0,995,9.8,998,998,998,99.8,99.8,99.8,15.6185273216477,10,5
16984,77,33,1-77-2020-033-02,2,1,5N1AN08WX7C5,17,35,402,2007,14,3,14,0,1,F,2,1973,5,9999,9,5,10,2,89,1,0,0,995,0,0,0,22901,9,9,2,4,2,1,2,1,1,1,1,2,0,0,1,1,0,0,3,1,1,3,52,99,1,2,2,D,28,0,0,0,0,0,0,0,0,0,0,270,100,0,0,0,2,12,999,999,999,9999999,999,999,999,7,0,99,99,0,99,0,995,9.8,998,998,998,99.8,99.8,99.8,107.16136901172,9,5
16984,77,33,1-77-2020-033-02,2,2,2T3BF4DV5AW0,17,49,402,2010,14,3,14,0,1,B,9,1579,5,9999,9,0,998,5,89,1,0,0,995,0,0,0,22980,9,9,2,4,2,1,2,1,1,1,1,2,0,0,1,1,0,0,1,0,2,3,53,1,1,1,2,D,29,0,0,0,0,0,0,0,0,0,0,280,270,0,0,0,1,0,999,999,999,9999999,999,999,999,9,0,95,95,95,95,0,995,9.8,998,998,998,99.8,99.8,99.8,107.16136901172,9,5
16984,77,33,1-77-2020-033-02,2,3,WA18NAF49JA0,17,32,403,2018,14,3,14,0,1,F,2,1735,5,0,2,5,10,2,89,1,0,0,995,0,0,0,22945,1,2,2,4,2,1,2,1,1,1,1,2,0,0,1,1,0,0,3,0,1,4,62,4,1,1,6,M,98,0,0,0,0,0,0,0,0,0,0,100,270,0,0,0,2,12,999,999,999,9999999,999,999,999,7,0,3,11,1,3,0,995,9.8,998,998,998,99.8,99.8,99.8,107.16136901172,9,5
16985,77,34,1-77-2020-034-02,2,1,3CZRU6H56GM7,17,37,404,2016,14,3,14,0,1,F,1,1389,5,9999,9,5,28,2,89,1,0,0,995,0,9,0,22920,9,9,2,4,2,1,2,2,2,1,1,2,0,0,1,2,0,0,1,0,14,3,52,99,1,1,2,D,28,0,0,0,0,0,0,0,0,0,0,245,245,0,0,0,1,12,999,999,999,9999999,999,999,999,6,0,9,97,0,99,0,995,9.8,998,998,998,99.8,99.8,99.8,107.16136901172,9,5
16985,77,34,1-77-2020-034-02,2,2,YV1902FH3C21,17,51,47,2012,4,1,4,0,1,B,2,1711,5,9999,9,5,7,2,89,1,0,0,995,0,9,0,22911,1,2,2,4,2,1,2,2,2,1,1,2,0,0,1,2,0,0,1,0,2,3,53,1,1,1,2,D,30,0,0,0,0,0,0,0,0,0,0,245,245,0,0,0,1,12,999,999,999,9999999,999,999,999,7,0,1,1,0,6,0,995,9.8,998,998,998,99.8,99.8,99.8,107.16136901172,9,5