CASEID,PSU,CASENO,CASENUMBER,CATEGORY,VEHNO,VIN,VINLENGTH,MAKE,MODEL,MODELYR,BODYTYPE,BODYCAT,VEHCLASS,SPECUSE,TRANSTAT,DAMPLANE,DAMSEV,CURBWT,CURBSRC,CARGOWT,CARGOSRC,INSPTYPE,INSPLAG,TOWED,SPEEDLIMIT,DRPRESENT,PARALCOHOL,ALCTEST,ALCTESTRESULT,ALCTESTSRC,PARDRUG,DRUGTEST,ZIP,RACE,ETHNICITY,RELTOJUNCT,TRAFFLOW,RDLANES,INITLANE,SURFTYPE,SURFCOND,ALIGNMENT,PROFILE,LINERIGHT,LINELEFT,RUMBINIT,RUMBROAD,LIGHTCOND,WEATHER,TRAFDEV,TRAFFUNCT,DISTRACT,PREFHE,PREMOVE,CRITCAT,CRITEVENT,MANEUVER,PRESTAB,PRELOC,CRASHCAT,CRASHCONF,CRASHTYPE,ROLLTYPE,ROLLTURN,ROLLINTRPT,ROLLPREMAN,ROLLINITYP,ROLLINLOC,ROLLOBJ,ROLLTRIP,ROLLDIR,ROLLDIST,DVANGTHIS,DVANGOTH,TOWHITCH,TRAJDOC,TREEPOLE,DVEVENT,DVBASIS,DVTOTAL,DVLONG,DVLAT,DVENERGY,DVSPEED,DVMOMENT,DVBES,DVEST,DVCONF,VAIS,VISS,VINJURED,VTREAT,INITOBJCLASS,HEADANGLECAT,SHLDRWIDTH,STRKLENGTH,STRKWIDTH,STRKHEIGHT,EDGEDISTX,EDGEDISTY,EDGEDISTZ,CASEWGT,PSUSTRAT,VERSION
17084,10,52,1-10-2020-052-06,6,2,5XYKT3A64DG3,17,63,402,2013,14,3,14,0,1,F,9,1722,5,9999,9,0,998,2,56,1,0,0,995,0,0,0,45449,9,9,2,4,5,3,2,2,1,9,1,2,0,0,1,2,1,2,1,0,5,4,67,99,1,1,4,K,81,0,0,0,0,0,0,0,0,0,0,210,10,0,0,0,1,0,999,999,999,9999999,999,999,999,9,0,99,99,0,5,0,995,9.8,998,998,998,99.8,99.8,99.8,207.116157357373,4,5
17085,10,53,1-10-2020-053-04,4,1,3KPFL4A70HE0,17,63,38,2017,4,1,3,0,1,L,2,1272,5,9999,9,5,24,2,72,1,0,0,995,0,0,0,45424,9,9,2,4,3,1,2,1,1,1,1,1,9,9,5,1,1,2,1,0,10,2,16,99,1,1,4,K,78,0,0,0,0,0,0,0,0,0,0,200,280,0,0,0,1,12,999,999,999,9999999,999,999,999,7,0,0,0,0,0,0,995,9.8,998,998,998,99.8,99.8,99.8,377.328683304736,4,5
17085,10,53,1-10-2020-053-04,4,2,2G4WC5825912,17,18,22,2009,4,1,4,0,1,F,2,1585,5,9999,9,5,17,5,72,1,0,0,995,0,0,0,45406,9,9,2,1,3,1,2,1,1,1,1,3,0,0,5,1,1,2,1,0,1,4,65,99,1,1,4,K,79,0,0,0,0,0,0,0,0,0,0,280,200,0,0,0,1,12,999,999,999,9999999,999,999,999,7,0,95,95,95,95,0,995,9.8,998,998,998,99.8,99.8,99.8,377.328683304736,4,5
17086,10,54,1-10-2020-054-02,2,1,3GNCJKSB1KL3,17,20,406,2019,14,3,14,0,1,F,1,1382,5,0,1,5,28,2,89,1,0,0,995,0,0,0,45013,9,9,0,4,2,1,2,1,1,1,1,2,0,0,1,1,0,0,3,1,1,2,13,1,1,4,1,A,1,0,0,0,0,0,0,0,0,0,0,998,998,0,0,0,4,12,999,999,999,9999999,999,999,999,6,0,9,97,0,8,0,998,0.0,999,999,999,16.3,0.8,16.3,22.496088531018,4,5
17087,11,23,1-11-2020-023-04,4,1,4S4BSAFC7G33,17,48,45,2016,6,1,3,0,1,F,1,1614,5,9999,9,5,10,2,97,1,0,0,995,0,0,0,23236,9,9,0,2,3,3,2,2,2,1,3,2,1,3,1,2,0,0,1,1,14,2,12,99,9,4,1,B,7,0,0,0,0,0,0,0,0,0,0,998,998,0,0,0,1,12,999,999,999,9999999,999,999,999,6,0,0,0,0,0,0,998,2.9,120,999,999,0.0,0.0,0.0,1077.5268769164,8,5
17088,11,24,1-11-2020-024-04,4,1,1FAFP55282G2,17,12,17,2002,4,1,3,0,1,F,9,1603,5,9999,9,0,998,5,72,1,0,0,995,0,0,0,23234,9,9,2,1,2,1,2,1,1,1,0,3,0,0,1,1,1,2,1,0,1,3,50,99,1,1,2,D,20,0,0,0,0,0,0,0,0,0,0,185,185,0,0,0,1,0,999,999,999,9999999,999,999,999,9,0,95,95,95,95,0,995,9.8,998,998,998,99.8,99.8,99.8,1077.5268769164,8,5
17088,11,24,1-11-2020-024-04,4,2,3N1CN7AP5JL8,17,35,50,2018,4,1,2,0,1,B,1,1114,5,9999,9,5,15,2,72,1,0,0,995,0,0,0,23237,9,9,2,2,2,1,2,1,1,1,0,3,0,0,1,1,1,2,1,0,5,3,53,99,1,1,2,D,21,0,0,0,0,0,0,0,0,0,0,185,185,0,0,0,1,12,999,999,999,9999999,999,999,999,6,0,0,0,0,0,0,995,9.8,998,998,998,99.8,99.8,99.8,1077.5268769164,8,5
17088,11,24,1-11-2020-024-04,4,3,5FNRL18514B0,17,37,441,2004,20,4,20,0,1,B,9,1955,5,9999,9,0,998,5,72,1,0,0,995,0,0,0,23838,9,9,2,1,2,1,2,1,1,1,0,3,0,0,1,1,1,2,1,0,5,3,53,99,1,1,6,M,98,0,0,0,0,0,0,0,0,0,0,185,185,0,0,0,2,0,999,999,999,9999999,999,999,999,9,0,95,95,95,95,0,995,9.8,998,998,998,99.8,99.8,99.8,1077.5268769164,8,5
17089,24,47,1-24-2020-047-08,8,1,1GNFK16Z82J2,17,20,431,2002,16,3,16,0,1,T,2,2228,5,9999,9,5,23,2,72,1,0,0,995,0,0,0,08401,9,9,2,4,2,1,2,1,1,9,1,2,0,0,1,1,0,0,9,1,6,2,13,99,3,4,1,A,2,1,4,2,2,1,3,61,1,2,25,997,997,0,0,0,1,6,999,999,999,9999999,999,999,999,7,0,2,5,0,4,3,997,9.8,998,998,998,99.8,99.8,99.8,63.9593578779135,1,5
17090,24,48,1-24-2020-048-07,7,1,1N4AL3AP9EC1,17,35,47,2014,4,1,4,0,1,F,9,1451,5,9999,9,5,18,2,80,1,0,0,995,0,0,0,08318,9,9,3,4,4,1,2,1,1,9,2,3,0,0,5,1,0,0,9,0,1,3,51,99,1,1,2,D,24,0,0,0,0,0,0,0,0,0,0,320,320,0,0,0,1,12,999,999,999,9999999,999,999,999,9,0,0,0,0,0,0,995,9.8,998,998,998,99.8,99.8,99.8,392.575593254123,1,5
17090,24,48,1-24-2020-048-07,7,2,2P4GP4431WR6,17,9,442,1998,20,4,20,0,1,B,2,1750,5,9999,9,5,19,2,80,1,0,0,995,0,0,0,08046,9,9,3,4,4,1,2,1,1,9,0,0,0,0,5,1,0,0,9,0,1,3,53,99,1,1,2,D,25,0,0,0,0,0,0,0,0,0,0,320,320,0,0,0,1,12,999,999,999,9999999,999,999,999,7,0,1,2,0,4,0,995,1.2,999,999,999,17.2,2.3,17.4,392.575593254123,1,5
17091,24,49,1-24-2020-049-07,7,1,19UUA8F21CA0,17,54,35,2012,4,1,4,0,1,R,2,1695,5,9999,9,5,18,2,80,1,0,0,995,0,0,0,99999,9,9,0,4,2,1,2,99,3,9,1,2,0,0,9,99,9,9,9,1,14,2,13,99,9,4,1,A,1,0,0,0,0,0,0,0,0,0,0,998,998,0,0,9,1,12,999,999,999,9999999,999,999,999,7,0,99,99,0,99,0,998,9.9,999,999,999,99.9,99.9,99.9,392.57559326938,1,5
17092,24,50,1-24-2020-050-07,7,1,3N1AB7AP6DL6,17,35,43,2013,4,1,3,0,1,F,9,1283,5,9999,9,0,998,2,80,1,0,0,995,0,0,0,08330,9,9,0,4,2,1,2,2,3,9,1,2,0,0,1,1,0,0,9,1,14,2,13,99,9,4,1,A,1,0,0,0,0,0,0,0,0,0,0,998,998,0,0,9,1,0,999,999,999,9999999,999,999,999,9,0,0,0,0,0,0,998,3.3,999,999,999,25.1,4.2,25.5,392.57559326938,1,5
17093,28,24,1-28-2020-024-03,3,1,1G1BE5SM3J71,17,20,25,2018,4,1,3,0,1,F,1,1250,5,9999,9,5,20,2,89,1,9,0,995,0,9,0,99999,1,2,0,4,2,1,2,1,3,9,1,2,0,0,1,1,6,2,1,1,14,1,3,2,9,4,1,A,2,1,4,2,2,1,4,61,1,2,999,998,998,0,0,0,2,11,999,999,999,9999999,999,999,999,6,0,0,0,0,0,3,998,9.9,999,999,999,99.9,99.9,99.9,34.2731829497023,3,5
17094,28,25,1-28-2020-025-10,10,1,JF1SG63604H7,17,48,401,2004,14,3,14,0,1,F,1,1400,5,9999,9,4,7,2,56,1,0,0,995,0,0,0,17724,9,9,0,4,2,1,5,2,3,4,0,0,0,0,1,4,0,0,1,1,14,1,6,99,2,4,1,B,7,0,0,0,0,0,0,0,0,0,0,998,998,0,0,9,4,12,999,999,999,9999999,999,999,999,6,0,0,0,0,0,0,998,0.0,999,999,999,99.9,99.9,99.9,1087.60720110734,3,5
17095,16,34,1-16-2020-034-06,6,1,KL4CJCSB7DB2,17,18,404,2013,14,3,14,0,1,F,2,1382,5,9999,9,4,11,2,56,1,0,0,995,0,0,0,45224,9,9,2,4,5,3,2,1,1,1,1,2,0,0,1,1,1,2,1,1,11,2,15,99,1,7,4,K,82,0,0,0,0,0,0,0,0,0,0,100,270,0,0,0,1,12,999,999,999,9999999,999,999,999,7,0,0,0,0,0,0,995,9.8,998,998,998,99.8,99.8,99.8,142.604025644879,5,5
17095,16,34,1-16-2020-034-06,6,2,2GNFLGEK3C61,17,20,404,2012,14,3,14,0,1,F,2,1782,5,9999,9,4,12,2,56,1,8,0,995,0,7,0,45232,9,9,2,4,5,3,2,1,1,1,1,2,0,0,1,1,1,2,1,0,5,4,67,1,1,1,4,K,83,0,0,0,0,0,0,0,0,0,0,270,100,0,0,0,1,12,999,999,999,9999999,999,999,999,7,0,1,1,0,4,0,995,9.8,998,998,998,99.8,99.8,99.8,142.604025644879,5,5
17096,16,35,1-16-2020-035-09,9,1,JT8CD32Z1T00,17,59,33,1996,2,1,3,0,1,F,9,1640,5,9999,9,0,998,5,56,1,0,0,995,0,0,0,45206,9,9,3,4,2,1,2,1,1,9,0,0,0,0,3,1,0,0,1,0,11,2,15,99,1,1,4,K,82,0,0,0,0,0,0,0,0,0,0,90,195,0,0,0,1,0,999,999,999,9999999,999,999,999,9,0,95,95,95,95,0,995,9.8,998,998,998,99.8,99.8,99.8,501.87916711106,5,5
17096,16,35,1-16-2020-035-09,9,2,5NMSH73E77H1,17,55,401,2007,14,3,14,0,1,F,1,1869,5,9999,9,5,14,2,56,1,0,0,995,0,0,0,45239,2,9,3,4,4,2,2,1,1,9,3,2,0,0,3,1,0,0,1,0,1,4,72,99,1,1,4,K,83,0,0,0,0,0,0,0,0,0,0,195,90,0,0,0,1,12,999,999,999,9999999,999,999,999,2,0,0,0,0,8,0,995,9.8,998,998,998,99.8,99.8,99.8,501.87916711106,5,5
17097,16,36,1-16-2020-036-03,3,1,1GNERFKWXKJ1,17,20,423,2019,15,3,15,0,1,F,2,1978,5,9999,9,4,15,2,105,1,0,0,995,0,0,0,45002,9,9,0,2,4,2,2,1,1,9,3,3,0,3,3,1,0,0,1,0,1,3,51,99,1,1,2,D,24,0,0,0,0,0,0,0,0,0,0,280,285,0,0,0,1,5,999,999,999,9999999,999,999,999,7,0,1,1,0,8,0,995,9.8,998,998,998,99.8,99.8,99.8,86.0360401514909,5,5
17097,16,36,1-16-2020-036-03,3,2,1M2AV17C2FM0,17,86,884,2015,63,8,60,0,1,B,9,,,,,,,2,105,1,0,0,995,0,0,0,45330,9,9,0,2,4,2,2,1,1,9,3,3,0,3,3,1,0,0,1,0,1,3,53,99,1,1,2,D,25,,,,,,,,,,,,,,,,,,,,,,,,,,,95,95,95,95,,,9.8,998,998,998,99.8,99.8,99.8,86.0360401514909,5,5
17098,52,51,1-52-2020-051-10,10,1,4T1BF18B1WU2,17,49,43,1998,4,1,3,0,1,R,3,1560,5,9999,9,4,20,2,40,1,0,0,995,0,0,0,59044,9,9,0,4,2,1,2,3,1,1,0,0,0,0,1,8,0,0,9,1,1,1,6,99,4,4,1,B,7,0,0,0,0,0,0,0,0,0,0,998,998,0,0,9,2,12,999,999,999,9999999,999,999,999,8,0,0,0,0,0,0,998,0.0,999,999,999,99.9,4.8,99.9,297.590140676582,12,5
17099,52,52,1-52-2020-052-04,4,1,3C4PDDBG2GT2,17,7,27,2016,6,1,4,0,1,F,2,1926,5,9999,9,4,20,2,113,1,0,0,995,0,0,0,59037,1,2,0,4,2,1,2,5,1,1,1,4,9,9,2,4,0,0,1,0,1,6,87,2,1,1,1,C,13,0,0,0,0,0,0,0,0,0,0,998,998,0,0,0,1,12,999,999,999,9999999,999,999,999,7,0,0,0,0,0,0,998,9.8,998,998,998,99.8,99.8,99.8,31.4445363629362,12,5
17100,52,53,1-52-2020-053-07,7,1,1N6AD0ERXFN7,17,35,472,2015,34,5,31,99,1,R,9,2073,5,9999,9,0,998,2,105,1,0,0,995,0,0,0,75231,9,9,0,3,2,1,2,5,1,9,3,2,1,3,1,8,0,0,9,1,1,1,6,99,9,4,1,B,7,0,0,0,0,0,0,0,0,0,0,998,998,0,0,0,1,0,999,999,999,9999999,999,999,999,9,0,0,0,0,0,0,998,9.9,999,999,999,99.9,99.9,99.9,63.9195878810719,12,5
17101,52,54,1-52-2020-054-04,4,1,KM8J3CA23JU7,17,55,402,2018,14,3,14,99,1,L,2,1634,5,9999,9,4,22,2,80,1,0,0,995,0,0,0,59106,1,2,2,4,2,1,2,1,1,1,0,2,0,0,1,4,2,2,1,0,1,2,17,2,1,1,5,L,89,0,0,0,0,0,0,0,0,0,0,345,60,0,0,0,1,12,999,999,999,9999999,999,999,999,7,0,0,0,0,0,0,995,9.8,998,998,998,99.8,99.8,99.8,31.4445363629362,12,5
17101,52,54,1-52-2020-054-04,4,2,1C6RR7VM3ES4,17,7,482,2014,34,5,31,99,1,F,9,2433,5,9999,9,0,998,2,72,1,0,0,995,0,0,0,59105,1,1,2,4,2,1,2,1,1,1,0,2,0,0,1,4,0,0,1,0,1,4,66,2,1,1,5,L,88,0,0,0,0,0,0,0,0,0,0,60,345,0,0,0,1,0,999,999,999,9999999,999,999,999,9,0,0,0,0,0,0,995,9.8,998,998,998,99.8,99.8,99.8,31.4445363629362,12,5
17102,48,22,1-48-2020-022-04,4,1,KL4CJCSB6JB6,17,18,404,2018,14,3,14,0,1,F,2,1468,5,9999,9,4,31,2,129,1,0,0,995,0,0,0,84075,9,9,0,2,2,2,2,1,2,9,3,2,1,3,1,1,6,2,9,1,14,2,12,99,9,4,1,B,6,0,0,0,0,0,0,0,0,0,0,998,998,0,0,0,1,12,999,999,999,9999999,999,999,999,7,0,0,0,0,99,0,998,9.9,999,999,999,99.9,99.9,99.9,126.446902747904,12,5
17103,48,23,1-48-2020-023-09,9,1,JH4DC53033C0,17,54,38,2003,3,1,2,0,1,T,2,1257,5,9999,9,4,12,2,999,1,0,0,995,0,0,0,84312,9,9,0,4,2,1,2,1,3,9,1,2,0,0,2,1,0,0,3,1,14,2,13,99,3,4,6,M,98,1,3,1,2,1,1,61,1,2,999,997,997,0,0,0,1,6,999,999,999,9999999,999,999,999,7,0,9,97,0,99,3,997,3.0,999,999,999,99.9,99.9,99.9,252.451611304084,12,5
17104,59,11,1-59-2020-011-10,10,1,5NPET46C88H3,17,55,33,2008,4,1,3,0,1,F,9,1476,5,9999,9,0,998,5,48,1,0,0,995,0,0,0,47804,9,9,2,4,3,1,2,1,1,1,0,1,0,0,1,1,1,2,9,0,1,2,17,99,1,1,5,L,88,0,0,0,0,0,0,0,0,0,0,0,270,0,0,0,1,0,999,999,999,9999999,999,999,999,9,0,95,95,95,95,0,995,9.8,998,998,998,99.8,99.8,99.8,1048.90590485351,6,5
17104,59,11,1-59-2020-011-10,10,2,1G2WK52J51F1,17,22,20,2001,4,1,4,0,1,L,1,1531,5,9999,9,5,7,2,48,1,0,0,995,0,0,0,47842,9,9,2,4,3,1,2,1,1,1,0,1,0,0,1,1,1,2,9,0,1,4,66,99,1,1,5,L,89,0,0,0,0,0,0,0,0,0,0,270,0,0,0,0,1,12,999,999,999,9999999,999,999,999,6,0,0,0,0,0,0,995,9.8,998,998,998,99.8,99.8,99.8,1048.90590485351,6,5
17105,59,12,1-59-2020-012-08,8,1,2GTEC19T5X15,17,23,481,1999,34,5,31,0,1,F,2,2096,8,9999,9,5,3,2,48,1,1,1,0,2,1,2,47803,9,9,0,5,5,1,2,1,1,9,1,1,0,0,3,1,0,0,9,1,1,2,13,99,9,4,1,A,1,0,0,0,0,0,0,0,0,0,0,998,998,0,0,9,1,12,999,999,999,9999999,999,999,999,7,0,2,6,0,3,0,998,9.9,999,999,999,99.9,99.9,99.9,55.4706193186649,6,5
17106,32,47,1-32-2020-047-04,4,1,4M2CU56175DJ,17,14,402,2005,14,3,14,0,1,R,9,1510,8,9999,9,0,998,2,56,1,0,0,995,0,0,0,75227,2,2,2,1,4,2,1,1,1,9,1,1,0,0,1,1,1,2,9,0,1,2,17,1,1,1,5,L,87,0,0,0,0,0,0,0,0,0,0,180,90,0,0,0,1,0,999,999,999,9999999,999,999,999,9,0,0,0,0,0,0,995,9.8,998,998,998,99.8,99.8,99.8,820.6056832819,7,5
17106,32,47,1-32-2020-047-04,4,2,JTDKDTB37G11,17,49,46,2016,4,1,2,0,1,F,9,1132,5,0,2,0,998,2,56,1,0,0,995,0,0,0,75227,1,2,2,4,3,1,1,1,1,9,0,1,0,0,1,1,1,2,1,0,1,4,66,1,1,1,5,L,86,0,0,0,0,0,0,0,0,0,0,90,180,0,0,0,1,0,999,999,999,9999999,999,999,999,9,0,0,0,0,0,0,995,9.8,998,998,998,99.8,99.8,99.8,820.6056832819,7,5
17107,32,48,1-32-2020-048-03,3,1,JM1BL1SF7A12,17,41,51,2010,4,1,2,0,1,F,9,1295,5,9999,9,0,998,2,105,1,0,0,995,0,0,0,75237,2,2,0,2,4,2,2,2,1,9,3,3,0,0,1,8,0,0,9,0,1,3,52,99,9,1,2,D,28,0,0,0,0,0,0,0,0,0,0,280,270,0,0,0,1,0,999,999,999,9999999,999,999,999,9,0,9,97,0,8,0,995,9.8,998,998,998,99.8,99.8,99.8,280.129923769676,7,5
17107,32,48,1-32-2020-048-03,3,2,WA1L2AFP1GA0,17,32,402,2016,14,3,14,0,1,B,1,1850,5,9999,9,5,17,2,105,1,0,0,995,0,0,0,75088,1,9,0,2,4,2,2,2,1,9,3,3,0,0,1,8,0,0,9,0,2,3,53,99,1,1,2,D,29,0,0,0,0,0,0,0,0,0,0,270,280,0,0,0,1,12,999,999,999,9999999,999,999,999,6,0,99,99,0,99,0,995,9.8,998,998,998,99.8,99.8,99.8,280.129923769676,7,5
17108,32,49,1-32-2020-049-06,6,1,3D7KU28C34G1,17,7,482,2004,34,5,31,0,1,F,9,2764,5,9999,9,0,998,2,121,1,0,0,995,0,0,0,75043,1,1,0,2,5,4,1,1,1,9,3,1,0,0,1,1,0,0,9,0,1,3,52,7,1,1,2,D,28,0,0,0,0,0,0,0,0,0,0,95,100,0,0,0,1,0,999,999,999,9999999,999,999,999,9,0,0,0,0,0,0,995,9.8,998,998,998,99.8,99.8,99.8,464.313033956521,7,5
17108,32,49,1-32-2020-049-06,6,2,5N1AL0MN0DC3,17,58,402,2013,14,3,14,0,1,L,1,2005,5,9999,9,5,17,2,121,1,0,0,995,0,0,0,75126,1,2,0,2,5,4,1,1,1,9,3,1,0,0,1,1,0,0,1,0,2,3,53,1,1,1,2,D,29,0,0,0,0,0,0,0,0,0,0,998,998,0,0,0,2,12,999,999,999,9999999,999,999,999,6,0,1,1,0,4,0,998,0.0,999,999,999,99.9,0.0,99.9,464.313033956521,7,5
17109,32,50,1-32-2020-050-05,5,1,5TBET381X6S5,17,49,482,2006,34,5,31,0,1,F,2,2281,5,9999,9,5,9,2,113,1,0,1,0,2,0,2,75150,1,2,0,2,4,1,1,2,2,9,1,3,0,0,2,2,0,0,9,0,14,4,64,99,1,1,2,D,32,0,0,0,0,0,0,0,0,0,0,115,110,0,0,0,1,12,999,999,999,9999999,999,999,999,7,0,3,17,1,3,0,995,9.8,998,998,998,99.8,99.8,99.8,31.5954476521589,7,5
17109,32,50,1-32-2020-050-05,5,2,JM3ER2A57B03,17,41,53,2011,5,1,3,0,1,B,3,1588,5,9999,9,5,30,2,113,1,0,1,108,2,0,0,75142,1,2,0,2,4,1,1,2,2,9,0,1,0,0,2,2,0,0,9,1,16,3,53,99,1,7,2,D,32,0,0,0,0,0,0,0,0,0,0,110,115,0,0,0,1,12,999,999,999,9999999,999,999,999,8,0,1,1,0,4,0,995,3.1,999,999,999,10.0,2.9,10.3,31.5954476521589,7,5
17110,25,30,1-25-2020-030-03,3,1,1C4RJFAG4JC5,17,2,422,2018,15,3,15,0,1,R,2,2121,5,0,2,5,15,2,64,1,8,0,995,0,7,0,04084,1,2,2,4,3,2,2,2,1,9,1,2,0,0,1,2,1,2,1,0,11,2,15,99,1,1,4,J,68,0,0,0,0,0,0,0,0,0,0,25,270,0,0,0,1,12,999,999,999,9999999,999,999,999,7,0,1,1,0,5,0,995,9.8,998,998,998,99.8,99.8,99.8,57.7833397519147,2,5
17110,25,30,1-25-2020-030-03,3,2,1J4FA44S56P7,17,2,403,2006,14,3,14,0,1,F,9,1565,5,9999,9,0,998,2,64,1,8,0,995,0,7,0,04030,9,9,2,4,4,2,2,2,1,9,1,1,0,0,1,2,1,2,1,0,1,4,62,99,1,1,4,J,69,0,0,0,0,0,0,0,0,0,0,270,25,0,0,0,1,0,999,999,999,9999999,999,999,999,9,0,0,0,0,0,0,995,9.8,998,998,998,99.8,99.8,99.8,57.7833397519147,2,5
17111,25,31,1-25-2020-031-09,9,1,JTKKT6246650,17,49,48,2006,5,1,1,0,1,F,2,1080,8,9999,9,5,7,2,56,1,8,0,995,0,7,0,04106,1,9,2,4,2,1,2,1,1,1,1,2,0,0,3,1,2,2,3,1,1,2,13,99,9,4,1,A,1,0,0,0,0,0,0,0,0,0,0,998,998,0,0,0,2,98,999,999,999,9999999,999,999,999,7,0,1,1,0,4,0,998,0.8,999,999,999,99.9,99.9,99.9,354.333990485709,2,5
17112,25,32,1-25-2020-032-04,4,1,3VWH17AU5HM5,17,30,42,2017,5,1,2,0,1,F,2,1445,5,0,2,5,9,2,999,1,8,0,995,0,7,0,04105,1,2,0,4,2,1,2,1,1,1,0,0,0,0,3,1,0,0,3,1,1,2,13,1,1,4,1,C,11,0,0,0,0,0,0,0,0,0,0,195,190,0,0,0,1,12,999,999,999,9999999,999,999,999,7,0,0,0,0,0,0,995,9.8,998,998,998,99.8,99.8,99.8,196.210874775905,2,5
17112,25,32,1-25-2020-032-04,4,2,1GCCS1953281,17,20,471,2002,34,5,30,0,2,B,9,1471,5,9999,9,0,998,,,,,,,,,,,,,,,,,,,,,,,,,,,,,,,,,,,,,,,,,,,,,,,,,,,,,,,,,,,,,,,,,,95,95,95,95,,,,,,,,,,196.210874775905,2,5
17113,73,26,1-73-2020-026-04,4,1,1GNEVHKW6KJ1,17,20,423,2019,15,3,15,0,1,F,9,2132,5,9999,9,0,998,2,89,1,8,0,995,0,7,0,04963,9,9,2,4,2,1,2,3,1,1,0,0,0,0,5,4,2,2,1,0,1,1,6,2,2,1,5,L,88,0,0,0,0,0,0,0,0,0,0,55,335,0,0,0,1,0,999,999,999,9999999,999,999,999,9,0,0,0,0,0,0,995,9.8,998,998,998,99.8,99.8,99.8,72.8143103893812,3,5
17113,73,26,1-73-2020-026-04,4,2,4A4MM21S25E0,17,52,402,2005,14,3,14,0,1,L,1,1755,4,9999,9,5,36,2,89,1,8,0,995,0,7,0,28574,9,9,2,4,2,1,2,3,1,1,1,2,0,0,5,4,0,0,1,0,1,4,66,99,1,1,5,L,89,0,0,0,0,0,0,0,0,0,0,335,55,0,0,0,1,12,999,999,999,9999999,999,999,999,6,0,0,0,0,0,0,995,9.8,998,998,998,99.8,99.8,99.8,72.8143103893812,3,5
17114,73,27,1-73-2020-027-07,7,1,1GNSKBE00DR3,17,20,421,2013,15,3,15,0,1,F,1,2583,5,9999,9,5,10,2,80,1,8,0,995,0,7,0,04929,1,1,0,4,2,1,2,2,3,9,1,4,0,0,1,2,0,0,1,1,14,2,12,7,4,4,1,B,7,0,0,0,0,0,0,0,0,0,0,998,998,0,0,0,1,12,999,999,999,9999999,999,999,999,6,0,1,1,0,5,0,998,1.7,999,999,999,99.9,99.9,99.9,99.9630628778034,3,5
17115,26,50,1-26-2020-050-09,9,1,2G1WB58N7792,17,20,2,2007,4,1,4,99,1,R,9,1630,5,9999,9,0,998,5,72,1,9,0,995,0,9,0,95838,9,9,2,1,4,3,2,2,1,1,3,1,0,0,3,8,1,2,9,0,1,2,17,99,9,1,5,L,87,0,0,0,0,0,0,0,0,0,0,90,0,0,0,0,1,0,999,999,999,9999999,999,999,999,9,0,95,95,95,95,0,995,9.8,998,998,998,99.8,99.8,99.8,444.599076166101,10,5
17115,26,50,1-26-2020-050-09,9,2,JNRAS08W35X2,17,58,39,2005,6,1,4,0,1,F,1,1917,5,9999,9,5,44,2,72,1,0,0,995,0,0,0,95610,9,1,2,1,4,2,2,2,1,1,3,1,0,0,3,8,1,2,1,0,1,4,66,2,9,1,5,L,86,0,0,0,0,0,0,0,0,0,0,0,90,0,0,0,1,12,999,999,999,9999999,999,999,999,6,0,1,2,0,4,0,995,9.8,998,998,998,99.8,99.8,99.8,444.599076166101,10,5
17116,26,51,1-26-2020-051-06,6,1,JM1BL1V81C16,17,41,51,2012,4,1,2,0,1,F,9,1378,5,9999,9,0,998,2,105,1,1,8,997,8,0,0,95828,2,9,0,2,5,4,2,1,1,9,3,3,0,0,3,1,0,0,3,1,1,2,13,99,9,4,1,A,1,0,0,0,0,0,0,0,0,0,0,998,998,0,0,9,3,0,999,999,999,9999999,999,999,999,9,0,1,1,0,99,0,998,4.5,999,999,999,99.9,8.3,99.9,151.360129944502,10,5
17117,26,52,1-26-2020-052-04,4,1,999999999999,99,99,399,9999,9,1,9,99,1,L,9,9999,9,9999,9,0,998,5,105,1,9,0,995,0,9,0,99999,9,9,1,2,4,2,2,1,3,1,3,3,0,0,1,1,0,0,9,1,15,2,10,99,9,1,2,F,47,0,0,0,0,0,0,0,0,0,0,220,230,0,0,0,1,0,999,999,999,9999999,999,999,999,9,0,95,95,95,95,0,995,9.8,998,998,998,99.8,99.8,99.8,375.414951470727,10,5
17117,26,52,1-26-2020-052-04,4,2,3CZRU5H54KM7,17,37,404,2019,14,3,14,0,1,F,1,1320,5,9999,9,5,9,2,105,1,0,0,995,0,0,0,95811,1,9,1,2,4,3,2,1,3,1,3,3,0,0,1,1,0,0,1,0,14,4,61,99,1,1,2,F,45,0,0,0,0,0,0,0,0,0,0,998,998,0,0,0,2,12,999,999,999,9999999,999,999,999,6,0,0,0,0,0,0,998,3.1,999,999,999,99.9,3.1,99.9,375.414951470727,10,5