CASEID,PSU,CASENO,CASENUMBER,CATEGORY,VEHNO,VIN,VINLENGTH,MAKE,MODEL,MODELYR,BODYTYPE,BODYCAT,VEHCLASS,SPECUSE,TRANSTAT,DAMPLANE,DAMSEV,CURBWT,CURBSRC,CARGOWT,CARGOSRC,INSPTYPE,INSPLAG,TOWED,SPEEDLIMIT,DRPRESENT,PARALCOHOL,ALCTEST,ALCTESTRESULT,ALCTESTSRC,PARDRUG,DRUGTEST,ZIP,RACE,ETHNICITY,RELTOJUNCT,TRAFFLOW,RDLANES,INITLANE,SURFTYPE,SURFCOND,ALIGNMENT,PROFILE,LINERIGHT,LINELEFT,RUMBINIT,RUMBROAD,LIGHTCOND,WEATHER,TRAFDEV,TRAFFUNCT,DISTRACT,PREFHE,PREMOVE,CRITCAT,CRITEVENT,MANEUVER,PRESTAB,PRELOC,CRASHCAT,CRASHCONF,CRASHTYPE,ROLLTYPE,ROLLTURN,ROLLINTRPT,ROLLPREMAN,ROLLINITYP,ROLLINLOC,ROLLOBJ,ROLLTRIP,ROLLDIR,ROLLDIST,DVANGTHIS,DVANGOTH,TOWHITCH,TRAJDOC,TREEPOLE,DVEVENT,DVBASIS,DVTOTAL,DVLONG,DVLAT,DVENERGY,DVSPEED,DVMOMENT,DVBES,DVEST,DVCONF,VAIS,VISS,VINJURED,VTREAT,INITOBJCLASS,HEADANGLECAT,SHLDRWIDTH,STRKLENGTH,STRKWIDTH,STRKHEIGHT,EDGEDISTX,EDGEDISTY,EDGEDISTZ,CASEWGT,PSUSTRAT,VERSION
17118,26,53,1-26-2020-053-04,4,1,1C4RJFDJ8HC7,17,2,422,2017,15,3,15,99,1,F,9,2336,5,9999,9,0,998,2,89,1,1,8,997,8,9,0,95742,1,2,2,1,2,1,2,1,1,1,1,1,0,0,3,1,1,2,1,1,10,1,6,4,9,4,1,C,14,0,0,0,0,0,0,0,0,0,0,998,998,0,0,0,99,0,999,999,999,9999999,999,999,999,9,0,0,0,0,0,0,998,1.8,999,999,999,99.9,1.8,99.9,375.414951470727,10,5
17119,31,25,1-31-2020-025-05,5,1,1GKS2AKC9FR6,17,23,421,2015,15,3,15,0,1,L,2,2515,5,0,2,5,29,2,89,1,0,9,998,8,0,9,62812,1,2,0,4,2,1,2,1,3,9,0,0,0,0,1,1,0,0,1,0,14,6,87,1,1,1,1,C,13,0,0,0,0,0,0,0,0,0,0,998,998,0,0,0,2,12,999,999,999,9999999,999,999,999,7,0,2,4,0,4,0,998,0.0,999,999,999,99.9,99.9,99.9,269.923354614168,6,5
17120,31,26,1-31-2020-026-04,4,1,1GCGTDE3XG11,17,20,473,2016,34,5,30,0,1,L,9,2001,5,0,2,5,19,2,89,1,0,0,995,0,0,0,62934,1,2,2,4,2,1,2,1,1,9,0,0,0,0,1,1,2,2,2,0,1,2,17,1,1,1,5,L,89,0,0,0,0,0,0,0,0,0,0,0,90,0,0,0,1,12,999,999,999,9999999,999,999,999,9,0,1,1,0,0,0,995,9.8,998,998,998,99.8,99.8,99.8,1128.16840695449,6,5
17120,31,26,1-31-2020-026-04,4,2,1FAFP4044WF1,17,12,3,1998,2,1,2,0,1,F,9,1375,5,9999,9,5,19,2,89,1,0,0,995,0,0,0,62979,9,9,2,4,2,1,2,1,1,9,1,4,0,0,1,1,0,0,9,0,1,4,66,99,1,1,5,L,88,0,0,0,0,0,0,0,0,0,0,90,0,0,0,0,1,12,999,999,999,9999999,999,999,999,9,0,99,99,0,8,0,995,9.8,998,998,998,99.8,99.8,99.8,1128.16840695449,6,5
17121,21,35,1-21-2020-035-01,1,1,1GNEC13V73R1,17,20,421,2003,15,3,15,0,1,T,2,2211,5,9999,9,5,49,2,113,1,9,1,120,3,9,1,90003,2,9,0,1,2,2,2,1,1,9,3,2,1,3,2,1,0,0,9,1,1,2,12,99,4,4,1,A,2,1,4,2,2,1,4,61,1,1,32,997,997,0,0,0,1,6,999,999,999,9999999,999,999,999,7,0,5,38,1,1,3,997,9.8,998,998,998,99.8,99.8,99.8,31.5795971995564,11,5
17122,21,36,1-21-2020-036-06,6,1,4T1BF3EK3BU1,17,49,40,2011,4,1,4,0,1,9,9,1500,5,9999,9,0,998,2,105,1,0,0,995,0,0,0,92395,9,1,0,2,2,2,2,2,1,9,3,2,1,3,1,2,0,0,1,1,1,2,13,4,3,4,1,A,2,1,6,2,2,1,4,61,1,2,27,997,997,0,0,0,1,0,999,999,999,9999999,999,999,999,9,0,9,97,0,99,3,997,9.8,998,998,998,99.8,99.8,99.8,329.938203939693,11,5
17123,21,37,1-21-2020-037-01,1,1,1G1ZU54875F1,17,20,37,2005,4,1,3,0,1,T,2,1495,5,9999,9,5,63,2,105,1,9,1,38,3,1,2,92374,9,1,0,2,6,1,1,1,1,1,1,3,0,0,1,1,0,0,9,1,1,2,13,99,3,4,1,A,1,1,4,1,2,5,4,31,1,2,20,997,997,0,0,0,2,6,999,999,999,9999999,999,999,999,7,0,4,24,1,1,2,997,4.0,999,999,999,0.0,0.0,0.0,14.72020628624,11,5
17124,21,38,1-21-2020-038-02,2,1,1FBZX2YM1HKA,17,12,462,2017,21,4,21,3,1,T,2,2318,5,0,2,5,13,2,113,1,0,0,995,0,0,0,92394,2,2,0,1,2,2,1,2,1,9,3,2,1,3,4,3,0,0,1,1,1,1,6,1,4,4,1,B,7,1,3,2,2,1,4,61,1,1,22,997,997,0,0,0,1,6,999,999,999,9999999,999,999,999,7,0,1,3,0,4,3,997,9.8,998,998,998,99.8,99.8,99.8,34.881400640758,11,5
17125,19,46,1-19-2020-046-06,6,1,1N4AL2AP9CN5,17,35,47,2012,4,1,4,0,1,F,2,1437,5,9999,9,5,8,2,72,1,0,0,995,0,0,0,35906,1,9,0,4,2,1,2,1,3,9,1,2,0,0,1,1,0,0,9,1,14,2,13,99,9,4,1,A,1,0,0,0,0,0,0,0,0,0,0,998,998,0,0,0,1,12,999,999,999,9999999,999,999,999,7,0,1,1,0,4,0,998,9.9,999,999,999,99.9,99.9,99.9,135.8994002452,9,5
17126,19,47,1-19-2020-047-02,2,1,1FDWX36R28EB,17,12,481,2008,40,6,45,0,1,F,2,2857,8,9999,9,5,9,2,72,1,0,0,995,0,0,0,35173,1,9,2,4,2,1,2,1,1,1,1,2,0,0,5,1,1,1,9,0,1,2,17,99,1,1,5,L,88,0,0,0,0,0,0,0,0,0,0,230,90,0,0,0,1,12,999,999,999,9999999,999,999,999,7,0,2,4,0,4,0,995,9.8,998,998,998,99.8,99.8,99.8,44.8387754761066,9,5
17126,19,47,1-19-2020-047-02,2,2,2T1BURHE4JC9,17,49,32,2018,4,1,3,0,1,L,3,1265,5,0,2,5,9,2,72,1,0,1,0,2,0,2,35956,1,2,2,4,2,1,2,1,1,1,1,2,0,0,5,1,1,1,1,0,1,4,66,99,1,1,5,L,89,0,0,0,0,0,0,0,0,0,0,90,230,0,0,0,1,98,999,999,999,9999999,999,999,999,8,0,3,22,1,3,0,995,0.0,999,999,999,99.9,99.9,99.9,44.8387754761066,9,5
17127,19,48,1-19-2020-048-04,4,1,3N1AB7AP2GY2,17,35,43,2016,4,1,3,0,1,R,2,1306,5,0,2,5,17,2,72,1,0,0,995,0,0,0,35957,1,2,0,1,2,2,2,2,1,1,3,2,0,0,3,2,0,0,1,1,1,1,5,7,2,4,1,A,2,1,1,2,2,1,4,61,1,1,999,997,997,0,0,0,1,6,999,999,999,9999999,999,999,999,7,0,1,1,0,0,3,997,9.8,998,998,998,99.8,99.8,99.8,201.486554850324,9,5
17129,29,50,1-29-2020-050-07,7,1,1FAHP37N19W2,17,12,37,2009,4,1,2,0,1,F,9,1189,5,9999,9,0,998,5,48,1,0,0,995,0,0,0,02766,9,9,2,4,3,1,2,1,1,9,1,1,0,0,3,1,1,1,9,0,1,2,17,99,1,1,5,L,88,0,0,0,0,0,0,0,0,0,0,20,285,0,0,0,1,0,999,999,999,9999999,999,999,999,9,0,95,95,95,95,0,995,9.8,998,998,998,99.8,99.8,99.8,72.2814760442455,2,5
17129,29,50,1-29-2020-050-07,7,2,2GNFLFEK9F64,17,20,404,2015,14,3,14,0,1,L,2,1782,5,0,2,5,18,2,48,1,0,0,995,0,0,0,02726,9,9,2,4,2,1,2,1,1,9,1,2,0,0,3,1,1,1,9,0,1,4,66,99,1,1,5,L,89,0,0,0,0,0,0,0,0,0,0,285,20,0,0,0,1,12,999,999,999,9999999,999,999,999,7,0,0,0,0,0,0,995,9.8,998,998,998,99.8,99.8,99.8,72.2814760442455,2,5
17130,29,51,1-29-2020-051-09,9,1,JF2SH61629H7,17,48,401,2009,14,3,14,0,1,F,1,1483,5,9999,9,5,17,2,48,1,0,0,995,0,0,0,02703,9,9,2,4,2,1,2,1,1,9,0,0,0,0,1,8,0,0,9,0,11,2,17,99,1,1,4,K,82,0,0,0,0,0,0,0,0,0,0,65,180,0,0,0,1,12,999,999,999,9999999,999,999,999,6,0,0,0,0,0,0,995,9.8,998,998,998,99.8,99.8,99.8,88.3039847108929,2,5
17130,29,51,1-29-2020-051-09,9,2,2G4WS52J1312,17,18,7,2003,4,1,3,0,1,R,2,1528,5,9999,9,5,7,2,48,1,0,0,995,0,0,0,02703,9,9,2,4,2,1,2,1,1,9,0,0,0,0,1,8,0,0,9,0,1,4,67,99,1,1,4,K,83,0,0,0,0,0,0,0,0,0,0,180,65,0,0,0,1,12,999,999,999,9999999,999,999,999,7,0,9,97,0,8,0,995,9.8,998,998,998,99.8,99.8,99.8,88.3039847108929,2,5
17131,29,52,1-29-2020-052-09,9,1,2HGES16334H6,17,37,31,2004,4,1,2,0,1,F,9,1117,5,9999,9,0,998,3,48,1,8,9,998,8,7,9,99999,9,9,0,1,2,2,2,1,1,9,3,2,0,0,3,1,0,0,9,1,1,2,12,99,9,4,1,B,6,0,0,0,0,0,0,0,0,0,0,998,998,0,0,0,1,0,999,999,999,9999999,999,999,999,9,0,99,99,0,0,0,998,0.9,999,999,999,99.9,99.9,99.9,88.3039847451777,2,5
17132,29,53,1-29-2020-053-06,6,1,2T1BU4EE2DC0,17,49,32,2013,4,1,2,0,1,F,9,1260,5,0,2,0,998,2,56,1,8,0,995,0,7,0,06615,9,1,2,4,4,1,2,1,1,9,1,1,0,0,1,8,1,9,1,0,1,2,17,2,1,1,4,K,83,0,0,0,0,0,0,0,0,0,0,15,255,0,0,0,1,0,999,999,999,9999999,999,999,999,9,0,1,3,0,6,0,995,9.8,998,998,998,99.8,99.8,99.8,76.421568083597,2,5
17132,29,53,1-29-2020-053-06,6,2,5FPYK1F54DB0,17,37,471,2013,34,5,30,0,1,L,2,2051,5,0,2,5,18,2,56,1,8,0,995,0,7,0,02871,1,2,2,4,3,2,2,1,1,9,1,2,0,0,1,8,1,9,1,0,11,4,66,1,1,1,4,K,82,0,0,0,0,0,0,0,0,0,0,255,15,0,0,0,1,12,999,999,999,9999999,999,999,999,7,0,1,1,0,6,0,995,9.8,998,998,998,99.8,99.8,99.8,76.421568083597,2,5
17133,19,49,1-19-2020-049-04,4,1,1FAHP2E89GG1,17,12,17,2016,4,1,4,0,1,F,9,1822,5,9999,9,5,13,2,80,1,0,0,995,0,0,0,35125,2,1,0,3,2,2,2,1,2,9,3,2,1,3,1,1,0,0,1,1,14,2,12,8,9,4,1,B,8,0,0,0,0,0,0,0,0,0,0,998,998,0,0,0,1,12,999,999,999,9999999,999,999,999,9,0,0,0,0,0,0,998,1.5,999,999,999,99.9,99.9,99.9,201.486554850324,9,5
17134,76,29,1-76-2020-029-10,10,1,2T1BR32E95C3,17,49,32,2005,4,1,2,0,1,9,9,1135,5,0,2,0,998,3,89,1,8,9,998,8,7,9,12470,1,2,0,4,2,1,2,1,1,1,1,4,1,1,1,1,0,0,1,1,1,2,12,2,1,4,1,B,6,1,2,9,2,1,4,61,1,1,6,997,997,0,0,0,99,0,999,999,999,9999999,999,999,999,9,0,0,0,0,0,3,997,9.8,998,998,998,99.8,99.8,99.8,29.6113433995243,3,5
17135,33,26,1-33-2020-026-03,3,1,1FAFP53UXXG1,17,12,17,1999,4,1,3,0,1,L,9,1509,5,9999,9,0,998,5,999,1,0,0,995,0,0,0,95965,9,9,2,4,2,1,2,1,2,4,0,2,0,0,1,8,2,2,9,0,11,2,15,99,1,1,4,K,82,0,0,0,0,0,0,0,0,0,0,215,310,0,0,0,1,0,999,999,999,9999999,999,999,999,9,0,95,95,95,95,0,995,9.8,998,998,998,99.8,99.8,99.8,94.4951971243805,12,5
17135,33,26,1-33-2020-026-03,3,2,3KPC24A36KE0,17,55,36,2019,4,1,2,0,1,F,1,1218,5,9999,9,5,45,2,56,1,0,0,995,0,0,0,95948,1,9,2,5,4,2,2,1,1,9,3,2,0,0,1,8,0,0,9,0,1,4,67,99,1,1,4,K,83,0,0,0,0,0,0,0,0,0,0,310,215,0,0,0,1,12,999,999,999,9999999,999,999,999,6,0,1,1,0,4,0,995,9.8,998,998,998,99.8,99.8,99.8,94.4951971243805,12,5
17136,33,27,1-33-2020-027-01,1,1,1FTCR10T4LPB,17,12,471,1990,34,5,30,0,1,U,1,1274,5,9999,9,5,42,2,105,1,9,1,80,3,9,2,95966,2,9,0,2,2,1,2,1,1,9,1,3,0,1,9,99,0,0,9,1,1,2,13,99,1,4,1,A,1,0,0,0,0,0,0,0,0,0,0,996,996,0,0,0,4,7,999,999,999,9999999,999,999,999,6,0,3,9,1,1,0,996,3.3,999,999,999,4.7,0.4,4.7,29.5572598912697,12,5
17137,33,28,1-33-2020-028-01,1,1,4TANL42N4TZ0,17,49,472,1996,34,5,30,0,1,T,3,1162,5,9999,9,5,32,2,89,1,1,1,210,4,1,2,95954,1,2,0,4,2,1,2,1,3,9,1,2,0,0,1,1,0,0,3,1,14,2,13,99,3,4,1,A,2,1,7,1,6,1,4,61,1,2,24,996,996,0,0,1,3,12,999,999,999,9999999,999,999,999,8,0,3,22,1,1,3,996,2.0,999,999,999,48.2,27.9,55.7,29.5572598912697,12,5
17138,18,21,1-18-2020-021-06,6,1,5XYKTDA26DG4,17,63,402,2013,14,3,14,0,1,F,1,1830,5,0,1,5,7,2,89,1,0,0,995,0,0,0,54730,9,9,2,4,4,3,1,1,1,1,1,2,0,1,1,1,1,2,9,0,11,4,66,99,1,1,4,K,76,0,0,0,0,0,0,0,0,0,0,160,100,0,0,0,1,12,999,999,999,9999999,999,999,999,6,0,99,99,0,0,0,995,9.8,998,998,998,99.8,99.8,99.8,102.568819408639,6,5
17138,18,21,1-18-2020-021-06,6,2,1D7HU18Z22J1,17,7,482,2002,34,5,31,0,1,L,1,9999,9,300,2,5,7,2,89,1,0,0,995,0,0,0,54701,1,2,2,1,3,3,1,1,1,1,3,1,0,0,1,1,1,2,3,0,1,2,17,1,1,1,4,K,77,0,0,0,0,0,0,0,0,0,0,100,160,0,0,0,1,12,999,999,999,9999999,999,999,999,6,0,0,0,0,0,0,995,9.8,998,998,998,99.8,99.8,99.8,102.568819408639,6,5
17139,18,22,1-18-2020-022-04,4,1,JM1DKBC70G01,17,41,56,2016,5,1,2,0,1,R,9,1339,5,0,1,5,12,3,113,1,0,0,995,0,0,0,54701,1,9,0,1,2,1,2,3,1,1,1,3,2,3,1,4,0,0,3,1,1,1,6,99,4,4,1,A,2,0,0,0,0,0,0,0,0,0,0,998,998,0,0,9,2,12,999,999,999,9999999,999,999,999,9,0,0,0,0,0,0,998,3.6,999,999,999,99.9,99.9,99.9,155.406752529768,6,5
17140,15,28,1-15-2020-028-10,10,1,JNKCV64E78M1,17,58,37,2008,2,1,4,0,1,F,2,1644,5,9999,9,5,40,2,48,1,8,9,998,8,7,9,11550,9,9,2,4,4,2,2,1,1,1,1,2,0,0,1,8,1,2,9,0,11,2,15,99,1,1,4,J,68,0,0,0,0,0,0,0,0,0,0,55,260,0,0,0,1,12,999,999,999,9999999,999,999,999,7,0,0,0,0,0,0,995,9.8,998,998,998,99.8,99.8,99.8,213.69131377939,1,5
17140,15,28,1-15-2020-028-10,10,2,1FTEW1E85AFC,17,12,481,2010,34,5,31,0,1,L,9,2522,5,9999,9,0,998,5,48,1,8,9,998,8,7,9,11010,9,9,2,4,4,2,2,1,1,1,3,2,0,0,1,8,1,2,9,0,1,4,62,99,1,1,4,J,69,0,0,0,0,0,0,0,0,0,0,260,55,0,0,0,1,0,999,999,999,9999999,999,999,999,9,0,95,95,95,95,0,995,9.8,998,998,998,99.8,99.8,99.8,213.69131377939,1,5
17141,15,29,1-15-2020-029-10,10,1,5TDBT44A22S1,17,49,422,2002,15,3,15,0,1,R,9,2390,5,9999,9,0,998,5,48,1,8,9,998,8,7,9,11507,9,9,2,4,2,1,2,1,1,1,0,0,0,0,3,1,2,2,9,0,1,2,17,99,1,1,5,L,87,0,0,0,0,0,0,0,0,0,0,280,210,0,0,0,1,0,999,999,999,9999999,999,999,999,9,0,95,95,95,95,0,995,9.8,998,998,998,99.8,99.8,99.8,213.69131377939,1,5
17141,15,29,1-15-2020-029-10,10,2,2B8GP54L31R2,17,7,442,2001,20,4,20,0,1,F,9,1748,5,9999,9,0,998,2,48,1,8,9,998,8,7,9,11510,9,9,2,4,2,1,2,1,1,1,1,2,0,0,3,1,0,0,9,0,1,4,66,99,1,1,5,L,86,0,0,0,0,0,0,0,0,0,0,210,280,0,0,0,1,0,999,999,999,9999999,999,999,999,9,0,0,0,0,0,0,995,9.8,998,998,998,99.8,99.8,99.8,213.69131377939,1,5
17142,15,30,1-15-2020-030-03,3,1,WBS8M9C51H5G,17,34,34,2017,4,1,4,0,1,L,2,1606,5,9999,9,5,31,2,56,1,8,9,998,8,7,9,11003,7,2,0,2,2,1,2,1,1,1,1,3,0,0,1,1,0,0,9,1,1,2,13,99,1,4,1,C,11,0,0,0,0,0,0,0,0,0,0,250,210,0,0,0,1,5,999,999,999,9999999,999,999,999,7,0,1,1,0,4,0,995,2.5,999,999,999,99.9,3.4,99.9,10.5895521534144,1,5
17142,15,30,1-15-2020-030-03,3,2,1FUJA6CK07LX,17,82,881,2007,66,8,68,0,2,B,9,,,,,,,,,,,,,,,,,,,,,,,,,,,,,,,,,,,,,,,,,,,,,,,,,,,,,,,,,,,,,,,,,,,,,,,,95,95,95,95,,,,,,,,,,10.5895521534144,1,5
17143,30,33,1-30-2020-033-03,3,1,KNDJN2A20K70,17,63,37,2019,6,1,2,0,1,L,2,9999,9,9999,9,5,6,2,64,1,0,0,995,0,0,0,85051,9,9,3,4,2,1,1,1,1,1,0,0,0,0,1,1,2,2,9,0,10,2,16,99,1,1,4,K,78,0,0,0,0,0,0,0,0,0,0,20,90,0,0,0,1,12,999,999,999,9999999,999,999,999,7,0,9,97,0,99,0,995,9.8,998,998,998,99.8,99.8,99.8,191.426006758999,10,5
17143,30,33,1-30-2020-033-03,3,2,1FMCU0G73GUB,17,12,402,2016,14,3,14,0,1,F,2,1635,5,9999,9,5,11,2,64,1,0,0,995,0,0,0,85053,1,2,3,5,7,3,2,1,1,1,3,2,0,0,1,1,0,0,1,0,1,4,70,1,1,1,4,K,79,0,0,0,0,0,0,0,0,0,0,90,20,0,0,0,1,12,999,999,999,9999999,999,999,999,7,0,0,0,0,0,0,995,9.8,998,998,998,99.8,99.8,99.8,191.426006758999,10,5
17144,30,34,1-30-2020-034-08,8,1,5GZCZ33D17S8,17,24,401,2007,14,3,14,0,1,F,9,1455,5,9999,9,0,998,2,72,1,0,1,0,2,0,2,85032,9,9,0,5,5,2,2,1,1,1,3,2,0,0,3,1,0,0,3,0,1,3,51,99,1,1,2,D,24,0,0,0,0,0,0,0,0,0,0,265,265,0,0,0,1,0,999,999,999,9999999,999,999,999,9,0,2,9,0,3,0,995,9.8,998,998,998,99.8,99.8,99.8,128.656796937435,10,5
17144,30,34,1-30-2020-034-08,8,2,3GKFK16Z65G2,17,23,421,2005,15,3,15,0,1,B,1,2323,5,9999,9,5,38,2,72,1,0,0,995,0,0,0,85032,9,9,0,5,5,2,2,1,1,1,3,2,0,0,3,1,0,0,1,0,99,3,53,99,1,1,2,D,25,0,0,0,0,0,0,0,0,0,0,265,265,0,0,0,1,12,999,999,999,9999999,999,999,999,6,0,9,97,0,99,0,995,0.0,999,999,999,0.0,0.0,0.0,128.656796937435,10,5
17145,30,35,1-30-2020-035-03,3,1,1FTEW1E55JFD,17,12,481,2018,34,5,31,0,1,R,2,2130,5,0,2,5,35,2,64,1,0,0,995,0,0,0,85142,1,2,2,4,7,4,2,1,1,1,1,2,0,0,1,1,0,0,1,0,11,2,15,1,1,1,4,J,68,0,0,0,0,0,0,0,0,0,0,280,180,0,0,0,1,12,999,999,999,9999999,999,999,999,7,0,0,0,0,0,0,995,9.8,998,998,998,99.8,99.8,99.8,191.426006758999,10,5
17145,30,35,1-30-2020-035-03,3,2,1D7HA18276S6,17,7,482,2006,34,5,31,0,1,F,2,2208,5,0,1,5,19,2,64,1,0,0,995,0,0,0,85308,9,9,2,4,7,1,2,1,1,1,0,3,0,0,1,1,0,0,1,0,1,4,62,2,9,1,4,J,69,0,0,0,0,0,0,0,0,0,0,180,280,0,0,0,1,12,999,999,999,9999999,999,999,999,7,0,0,0,0,5,0,995,9.8,998,998,998,99.8,99.8,99.8,191.426006758999,10,5
17145,30,35,1-30-2020-035-03,3,3,5TENL42N82Z1,17,49,472,2002,34,5,31,0,1,L,1,1256,5,9999,9,5,35,2,40,1,0,0,995,0,0,0,85213,9,9,2,4,2,1,2,1,1,1,0,0,0,0,1,1,2,2,1,0,5,4,62,1,1,1,6,M,98,0,0,0,0,0,0,0,0,0,0,90,340,0,0,0,2,12,999,999,999,9999999,999,999,999,6,0,0,0,0,5,0,995,9.8,998,998,998,99.8,99.8,99.8,191.426006758999,10,5
17146,13,31,1-13-2020-031-02,2,1,3KPFK4A7XJE1,17,63,38,2018,4,1,3,0,1,F,9,1272,5,9999,9,0,998,2,64,1,1,1,242,2,1,2,76115,9,1,3,5,5,2,1,1,1,1,3,4,0,0,1,1,0,0,9,1,15,2,10,99,1,2,2,E,42,0,0,0,0,0,0,0,0,0,0,350,0,0,0,0,1,0,999,999,999,9999999,999,999,999,9,0,4,17,1,3,0,995,9.8,998,998,998,99.8,99.8,99.8,34.5778358752343,7,5
17146,13,31,1-13-2020-031-02,2,2,1N4AL3AP5EN2,17,35,47,2014,4,1,4,0,1,B,9,1451,5,9999,9,0,998,2,64,1,0,0,995,0,0,0,76115,9,1,3,4,5,3,1,1,1,1,4,4,0,0,1,1,0,0,9,0,5,4,61,1,1,1,2,E,42,0,0,0,0,0,0,0,0,0,0,0,350,0,0,0,1,0,999,999,999,9999999,999,999,999,9,0,0,0,0,0,0,995,9.8,998,998,998,99.8,99.8,99.8,34.5778358752343,7,5
17146,13,31,1-13-2020-031-02,2,3,3C6TRVAG0HE5,17,7,463,2017,21,4,21,0,2,L,9,2104,5,9999,9,0,998,,,,,,,,,,,,,,,,,,,,,,,,,,,,,,,,,,,,,,,,,,,,,,,,,,,,,,,,,,,,,,,,,,95,95,95,95,,,,,,,,,,34.5778358752343,7,5
17147,13,32,1-13-2020-032-03,3,1,1C3CCCAB9GN1,17,6,18,2016,4,1,3,0,1,L,9,1575,5,9999,9,0,998,5,64,1,0,0,995,0,0,0,76015,9,9,2,1,3,1,2,1,1,1,0,5,0,0,1,1,1,2,9,0,1,2,17,99,1,1,5,L,89,0,0,0,0,0,0,0,0,0,0,180,270,0,0,0,1,0,999,999,999,9999999,999,999,999,9,0,95,95,95,95,0,995,9.8,998,998,998,99.8,99.8,99.8,753.806653407615,7,5
17147,13,32,1-13-2020-032-03,3,2,3N1AB7AP5GY2,17,35,43,2016,4,1,3,0,1,F,9,1306,5,9999,9,0,998,2,64,1,0,0,995,0,0,0,75052,9,1,2,1,3,1,2,1,1,1,0,3,0,0,1,1,1,2,9,0,1,4,66,99,1,1,5,L,88,0,0,0,0,0,0,0,0,0,0,270,180,0,0,0,1,0,999,999,999,9999999,999,999,999,9,0,99,99,0,8,0,995,9.8,998,998,998,99.8,99.8,99.8,753.806653407615,7,5
17148,13,33,1-13-2020-033-10,10,1,1FTPW14V66KE,17,12,481,2006,34,5,31,0,1,R,9,2543,5,9999,9,0,998,2,56,1,1,0,995,0,0,0,75001,2,9,0,4,2,1,2,1,3,9,1,2,0,0,1,1,0,0,9,1,14,1,3,99,2,4,1,A,2,0,0,0,0,0,0,0,0,0,0,998,998,0,0,0,1,0,999,999,999,9999999,999,999,999,9,0,0,0,0,0,0,998,0.8,999,999,999,0.0,0.0,0.0,17485.7899298328,7,5
17149,22,31,1-22-2020-031-10,10,1,JT8BF22G4V00,17,59,31,1997,4,1,3,0,1,R,2,1495,5,0,2,4,6,2,97,1,8,0,995,0,0,0,99111,1,2,0,4,3,1,2,1,3,9,1,1,0,0,1,1,0,0,3,1,14,2,13,3,4,4,1,A,2,0,0,0,0,0,0,0,0,0,0,998,998,0,0,6,1,12,999,999,999,9999999,999,999,999,7,0,0,0,0,5,0,998,2.5,999,999,999,83.7,3.1,83.2,53.492568172444,12,5
17150,22,32,1-22-2020-032-10,10,1,1HGCP26468A0,17,37,32,2008,4,1,4,0,1,L,1,1468,5,9999,9,5,4,2,40,1,0,0,995,0,0,0,99403,9,9,2,4,2,1,2,1,1,9,1,2,0,0,1,1,2,2,2,0,11,2,15,99,1,1,4,K,82,0,0,0,0,0,0,0,0,0,0,355,85,0,0,0,1,5,999,999,999,9999999,999,999,999,6,0,0,0,0,0,0,995,9.8,998,998,998,99.8,99.8,99.8,145.804562652749,12,5
17150,22,32,1-22-2020-032-10,10,2,1HD1FC4177Y6,17,72,706,2007,80,9,80,0,1,F,9,,,,,,,5,40,1,0,0,995,0,0,0,99403,9,9,2,1,2,2,2,1,2,9,3,2,0,0,1,1,0,0,9,0,14,4,67,99,9,1,4,K,83,,,,,,,,,,,,,,,,,,,,,,,,,,,95,95,95,95,,,9.8,998,998,998,99.8,99.8,99.8,145.804562652749,12,5
17151,22,33,1-22-2020-033-04,4,1,1GCEK19K2RE2,17,20,481,1994,34,5,30,0,1,B,1,2012,5,0,2,5,14,5,40,1,0,0,995,0,0,0,99403,9,9,3,3,1,1,9,1,1,9,0,0,0,0,1,1,0,0,3,0,8,2,20,1,1,1,6,M,92,0,0,0,0,0,0,0,0,0,0,270,180,0,0,0,1,12,999,999,999,9999999,999,999,999,6,0,95,95,95,95,0,995,9.8,998,998,998,99.8,99.8,99.8,31.0686167112658,12,5
17151,22,33,1-22-2020-033-04,4,2,KL8CA6SA3HC7,17,20,29,2017,5,1,1,0,1,R,1,1019,5,0,8,5,11,2,40,1,0,0,995,0,0,0,83501,9,9,3,4,2,1,2,1,1,9,0,0,0,0,1,1,0,0,9,0,1,4,71,99,1,1,6,M,93,0,0,0,0,0,0,0,0,0,0,180,270,0,0,0,1,12,999,999,999,9999999,999,999,999,6,0,0,0,0,0,0,995,9.8,998,998,998,99.8,99.8,99.8,31.0686167112658,12,5
17152,20,22,1-20-2020-022-07,7,1,1HGCP2F64BA1,17,37,32,2011,4,1,4,0,1,F,9,1468,5,9999,9,0,998,2,40,1,0,0,995,0,0,0,95076,9,1,2,4,2,1,2,2,1,9,0,0,0,0,3,8,2,9,9,0,11,2,15,99,1,7,4,K,82,0,0,0,0,0,0,0,0,0,0,40,200,0,0,0,1,0,999,999,999,9999999,999,999,999,9,0,0,0,0,0,0,995,9.8,998,998,998,99.8,99.8,99.8,1071.48266569136,11,5