CASEID,PSU,CASENO,CASENUMBER,CATEGORY,VEHNO,VIN,VINLENGTH,MAKE,MODEL,MODELYR,BODYTYPE,BODYCAT,VEHCLASS,SPECUSE,TRANSTAT,DAMPLANE,DAMSEV,CURBWT,CURBSRC,CARGOWT,CARGOSRC,INSPTYPE,INSPLAG,TOWED,SPEEDLIMIT,DRPRESENT,PARALCOHOL,ALCTEST,ALCTESTRESULT,ALCTESTSRC,PARDRUG,DRUGTEST,ZIP,RACE,ETHNICITY,RELTOJUNCT,TRAFFLOW,RDLANES,INITLANE,SURFTYPE,SURFCOND,ALIGNMENT,PROFILE,LINERIGHT,LINELEFT,RUMBINIT,RUMBROAD,LIGHTCOND,WEATHER,TRAFDEV,TRAFFUNCT,DISTRACT,PREFHE,PREMOVE,CRITCAT,CRITEVENT,MANEUVER,PRESTAB,PRELOC,CRASHCAT,CRASHCONF,CRASHTYPE,ROLLTYPE,ROLLTURN,ROLLINTRPT,ROLLPREMAN,ROLLINITYP,ROLLINLOC,ROLLOBJ,ROLLTRIP,ROLLDIR,ROLLDIST,DVANGTHIS,DVANGOTH,TOWHITCH,TRAJDOC,TREEPOLE,DVEVENT,DVBASIS,DVTOTAL,DVLONG,DVLAT,DVENERGY,DVSPEED,DVMOMENT,DVBES,DVEST,DVCONF,VAIS,VISS,VINJURED,VTREAT,INITOBJCLASS,HEADANGLECAT,SHLDRWIDTH,STRKLENGTH,STRKWIDTH,STRKHEIGHT,EDGEDISTX,EDGEDISTY,EDGEDISTZ,CASEWGT,PSUSTRAT,VERSION
17152,20,22,1-20-2020-022-07,7,2,1GCEC19C67Z5,17,20,481,2007,34,5,30,99,1,F,9,2159,5,9999,9,0,998,2,40,1,0,0,995,0,0,0,95076,9,1,2,5,3,1,2,2,2,1,0,2,0,0,3,8,0,0,9,0,14,4,67,7,1,1,4,K,83,0,0,0,0,0,0,0,0,0,0,200,40,0,0,0,1,0,999,999,999,9999999,999,999,999,9,0,0,0,0,0,0,995,9.8,998,998,998,99.8,99.8,99.8,1071.48266569136,11,5
17153,20,23,1-20-2020-023-07,7,1,1HGCR2F34FA1,17,37,32,2015,4,1,4,0,1,F,9,1496,5,9999,9,0,998,3,40,1,1,9,998,8,0,0,93901,9,1,2,5,3,1,2,1,1,9,0,1,0,0,5,1,1,2,9,0,1,3,50,99,9,1,2,D,20,0,0,0,0,0,0,0,0,0,0,50,50,0,0,0,1,0,999,999,999,9999999,999,999,999,9,0,0,0,0,0,0,995,9.8,998,998,998,99.8,99.8,99.8,1071.48266587272,11,5
17153,20,23,1-20-2020-023-07,7,2,1FAFP42X4YF2,17,12,3,2000,2,1,2,0,1,B,9,1381,5,9999,9,0,998,9,40,1,0,0,995,0,0,0,93401,9,9,2,5,3,1,2,1,1,9,0,2,0,0,5,1,1,2,9,0,5,3,53,99,1,1,2,D,21,0,0,0,0,0,0,0,0,0,0,50,50,0,0,0,1,0,999,999,999,9999999,999,999,999,9,0,95,95,95,95,0,995,9.8,998,998,998,99.8,99.8,99.8,1071.48266587272,11,5
17154,27,24,1-27-2020-024-09,9,1,JA3AH86F03U1,17,52,46,2003,4,1,2,0,1,L,2,1480,8,0,2,5,10,2,48,1,0,1,135,2,0,2,01201,1,2,3,4,2,1,2,1,1,9,1,2,0,0,1,1,0,0,1,1,1,4,70,4,3,4,1,A,3,0,0,0,0,0,0,0,0,0,0,998,998,0,0,9,3,12,999,999,999,9999999,999,999,999,7,0,2,5,0,3,0,998,9.9,999,999,999,0.0,0.0,0.0,103.221368414669,3,5
17155,27,25,1-27-2020-025-09,9,1,1J4GL48K24W1,17,2,405,2004,14,3,14,0,1,F,1,1735,5,9999,9,5,14,2,64,1,0,0,995,0,0,0,01226,9,9,2,1,3,2,2,1,1,9,1,1,0,0,3,1,1,2,1,0,1,4,65,99,1,1,4,K,79,0,0,0,0,0,0,0,0,0,0,0,0,0,0,0,1,12,999,999,999,9999999,999,999,999,6,0,9,97,0,99,0,995,9.8,998,998,998,99.8,99.8,99.8,103.221368414745,3,5
17155,27,25,1-27-2020-025-09,9,2,1C4RJFBG3EC1,17,2,422,2014,15,3,15,0,1,B,1,2211,5,9999,9,5,16,5,64,1,0,0,995,0,0,0,01247,9,9,2,1,2,1,2,1,1,9,1,1,0,0,3,1,1,2,1,0,10,2,16,99,1,1,4,K,78,0,0,0,0,0,0,0,0,0,0,0,0,0,0,0,1,12,999,999,999,9999999,999,999,999,6,0,95,95,95,95,0,995,9.8,998,998,998,99.8,99.8,99.8,103.221368414745,3,5
17156,23,14,1-23-2020-014-04,4,1,5NPE24AF1GH3,17,55,33,2016,4,1,4,0,1,F,9,1475,5,9999,9,0,998,3,89,1,8,0,995,0,7,0,43015,9,9,0,4,2,1,2,1,1,1,0,0,0,0,1,1,0,0,1,1,1,2,12,99,9,4,1,B,8,0,0,0,0,0,0,0,0,0,0,998,998,0,0,0,1,0,999,999,999,9999999,999,999,999,9,0,0,0,0,0,0,998,3.4,999,999,999,99.9,99.9,99.9,101.955831240741,5,5
17157,23,15,1-23-2020-015-04,4,1,3C7WRTCL9HG6,17,7,482,2017,40,6,45,0,1,L,1,9999,9,9999,9,5,38,2,89,1,0,0,995,0,0,0,43003,9,9,2,4,2,1,2,2,2,9,1,2,0,0,2,2,0,0,1,1,14,2,12,99,9,4,1,B,6,1,2,2,2,1,4,68,1,2,999,997,997,0,0,0,4,6,999,999,999,9999999,999,999,999,6,0,99,99,0,5,3,997,1.1,999,999,999,99.9,99.9,99.9,101.955831240741,5,5
17160,10,55,1-10-2020-055-07,7,1,5NPEB4ACXBH0,17,55,33,2011,4,1,4,0,1,R,2,1454,5,0,3,4,7,2,56,1,0,0,995,0,0,0,45416,9,9,2,4,2,1,2,1,1,9,0,0,0,0,1,1,2,2,3,0,1,2,17,1,1,1,5,L,87,0,0,0,0,0,0,0,0,0,0,180,90,0,0,0,1,12,999,999,999,9999999,999,999,999,7,0,0,0,0,0,0,995,9.8,998,998,998,99.8,99.8,99.8,559.371766358778,4,5
17160,10,55,1-10-2020-055-07,7,2,2G1WT58K9892,17,20,2,2008,4,1,4,0,1,F,1,1630,5,0,3,4,17,5,56,1,0,0,995,0,0,0,45414,9,9,2,4,2,1,2,1,1,9,0,0,0,0,1,1,0,0,1,0,1,4,66,1,1,1,5,L,86,0,0,0,0,0,0,0,0,0,0,90,180,0,0,0,1,12,999,999,999,9999999,999,999,999,6,0,95,95,95,95,0,995,9.8,998,998,998,99.8,99.8,99.8,559.371766358778,4,5
17161,10,56,1-10-2020-056-03,3,1,1J4GW58N1YC1,17,2,404,2000,14,3,14,0,1,F,9,1823,5,9999,9,0,998,2,64,1,0,0,995,0,0,0,45440,9,9,0,1,4,3,2,1,1,9,3,1,0,0,1,8,0,0,3,0,1,3,52,1,1,1,2,D,28,0,0,0,0,0,0,0,0,0,0,190,190,0,0,0,1,0,999,999,999,9999999,999,999,999,9,0,0,0,0,0,0,995,9.8,998,998,998,99.8,99.8,99.8,115.600110319228,4,5
17161,10,56,1-10-2020-056-03,3,2,KMHCT4AE4GU0,17,55,36,2016,4,1,2,0,1,B,1,1155,5,9999,9,5,27,2,64,1,0,0,995,0,0,0,45424,9,9,0,1,4,3,2,1,1,9,3,1,0,0,1,8,0,0,1,0,2,3,53,99,1,1,2,D,29,0,0,0,0,0,0,0,0,0,0,190,190,0,0,0,1,12,999,999,999,9999999,999,999,999,6,0,0,0,0,4,0,995,9.8,998,998,998,99.8,99.8,99.8,115.600110319228,4,5
17162,10,57,1-10-2020-057-10,10,1,1GNDX03EXYD1,17,20,443,2000,20,4,20,0,1,F,9,1710,5,9999,9,0,998,2,64,1,0,0,995,0,0,0,45417,9,9,2,2,5,1,2,2,2,9,1,3,0,0,3,8,1,2,9,1,10,2,12,99,9,4,1,B,7,0,0,0,0,0,0,0,0,0,0,998,998,0,0,0,2,0,999,999,999,9999999,999,999,999,9,0,0,0,0,0,0,998,9.9,120,999,999,99.9,99.9,99.9,2344.19248532149,4,5
17163,10,58,1-10-2020-058-10,10,1,1G1ZT528X5F2,17,20,37,2005,4,1,3,0,1,F,9,1495,5,0,3,0,998,2,56,1,1,0,995,0,0,0,45064,1,2,2,4,2,1,2,2,1,9,2,0,0,0,3,8,0,0,3,1,10,2,12,2,2,4,1,B,7,0,0,0,0,0,0,0,0,0,0,998,998,0,0,0,1,0,999,999,999,9999999,999,999,999,9,0,0,0,0,0,0,998,0.0,999,999,999,0.0,0.0,0.0,2344.19248532149,4,5
17164,77,37,1-77-2020-037-08,8,1,JF1SG63635H7,17,48,401,2005,14,3,14,0,1,T,2,1400,5,0,2,5,8,2,97,1,0,0,995,0,9,0,22903,1,2,0,1,2,1,2,1,1,3,1,3,0,1,1,1,0,0,3,1,1,2,13,3,9,4,1,A,1,1,5,2,5,1,3,61,1,2,999,997,997,0,0,0,1,6,999,999,999,9999999,999,999,999,7,0,1,1,0,7,3,997,9.8,998,998,998,99.8,99.8,99.8,257.047203757202,9,5
17165,77,38,1-77-2020-038-09,9,1,2HGFA16879H5,17,37,31,2009,4,1,3,0,1,T,2,1199,5,0,8,5,10,2,72,1,0,0,995,0,0,0,22960,2,2,0,4,2,1,2,2,3,9,1,2,0,0,1,98,0,0,1,1,14,1,5,99,2,4,1,B,7,2,98,8,8,98,8,32,8,8,998,997,997,0,0,0,3,6,999,999,999,9999999,999,999,999,7,0,1,1,0,0,8,997,0.3,999,999,999,99.9,99.9,99.9,1930.42415741198,9,5
17166,14,25,1-14-2020-025-01,1,1,3FA6P0G77GR1,17,12,23,2016,4,1,4,0,1,L,3,1558,5,9999,9,5,15,2,89,1,0,0,995,0,0,0,78108,1,9,0,4,2,1,2,1,3,9,1,2,0,0,2,1,0,0,9,1,14,2,13,99,4,4,1,A,1,1,2,1,2,3,4,31,2,1,999,998,998,0,1,9,6,12,999,999,999,9999999,999,999,999,8,0,1,1,0,1,2,998,1.4,999,999,999,76.8,15.8,78.4,188.773611723321,8,5
17167,14,26,1-14-2020-026-03,3,1,1HGCR2F59GA1,17,37,32,2016,4,1,4,0,1,F,9,1496,5,0,2,6,20,2,72,1,0,0,995,0,0,0,78108,1,2,2,3,4,1,2,1,2,9,0,3,0,0,1,1,1,9,3,0,14,3,50,1,1,1,2,D,20,0,0,0,0,0,0,0,0,0,0,80,105,0,0,0,1,12,999,999,999,9999999,999,999,999,9,0,1,1,0,0,0,995,9.8,998,998,998,99.8,99.8,99.8,964.119884517139,8,5
17167,14,26,1-14-2020-026-03,3,2,1FTPW14V56FB,17,12,481,2006,34,5,31,0,1,B,9,2558,5,9999,9,0,998,5,72,1,0,0,995,0,0,0,78219,9,9,2,3,4,1,2,1,2,9,0,3,0,0,1,1,1,9,9,0,5,3,53,99,1,1,2,D,21,0,0,0,0,0,0,0,0,0,0,105,80,0,0,0,1,0,999,999,999,9999999,999,999,999,9,0,95,95,95,95,0,995,9.8,998,998,998,99.8,99.8,99.8,964.119884517139,8,5
17168,12,27,1-12-2020-027-08,8,1,3B7HC12Y8WM2,17,7,482,1998,34,5,31,0,1,F,9,2105,5,9999,9,0,998,2,105,1,0,0,995,0,0,0,73458,9,9,0,4,2,1,2,1,1,1,1,2,2,3,1,1,0,0,9,1,1,2,10,1,1,2,3,G,50,0,0,0,0,0,0,0,0,0,0,85,275,0,0,0,1,0,999,999,999,9999999,999,999,999,9,0,9,0,0,8,0,995,9.8,998,998,998,99.8,99.8,99.8,443.983087539949,9,5
17168,12,27,1-12-2020-027-08,8,2,1XKYD49X4KJ2,17,85,881,2019,66,8,68,0,1,F,9,,,,,,,5,105,1,0,0,995,0,0,0,73644,9,9,0,4,2,1,2,1,1,1,1,2,2,3,1,1,0,0,9,0,1,4,62,8,1,1,3,G,51,,,,,,,,,,,,,,,,,,,,,,,,,,,95,95,95,95,,,9.8,998,998,998,99.8,99.8,99.8,443.983087539949,9,5
17169,12,28,1-12-2020-028-03,3,1,1N4AL3APXHN3,17,35,47,2017,4,1,4,0,1,L,9,1453,5,0,1,5,8,2,105,1,0,0,995,0,0,0,73458,1,2,3,1,2,1,2,1,1,9,1,3,0,0,1,8,0,0,9,1,11,2,15,1,1,2,4,J,72,0,0,0,0,0,0,0,0,0,0,310,0,0,0,0,1,12,999,999,999,9999999,999,999,999,9,0,2,5,0,4,0,995,9.8,998,998,998,99.8,99.8,99.8,552.632086062484,9,5
17169,12,28,1-12-2020-028-03,3,2,1GTHC39N5SE5,17,23,481,1995,34,5,31,0,1,F,9,2423,5,9999,9,0,998,5,105,1,0,0,995,0,0,0,73401,9,9,3,1,2,2,2,1,1,9,1,3,0,0,1,8,0,0,9,0,1,4,61,1,1,1,4,J,73,0,0,0,0,0,0,0,0,0,0,0,310,0,0,0,1,0,999,999,999,9999999,999,999,999,9,0,95,95,95,95,0,995,9.8,998,998,998,99.8,99.8,99.8,552.632086062484,9,5
17170,54,8,1-54-2020-008-08,8,1,1FAHP3FN4AW1,17,12,37,2010,4,1,3,0,1,R,3,1225,5,0,2,5,11,2,64,1,0,0,995,0,0,0,35654,1,1,2,4,2,1,2,1,1,9,1,2,0,0,5,1,2,2,1,0,1,2,17,1,1,1,5,L,87,0,0,0,0,0,0,0,0,0,0,180,90,0,0,0,1,12,999,999,999,9999999,999,999,999,8,0,1,2,0,4,0,995,9.8,998,998,998,99.8,99.8,99.8,272.420420420121,9,5
17170,54,8,1-54-2020-008-08,8,2,2FMZA5341YBA,17,12,442,2000,20,4,20,0,1,F,9,1693,5,9999,9,0,998,2,105,1,0,0,995,0,0,0,35650,1,9,2,1,3,1,2,1,1,1,1,3,2,2,5,1,0,0,9,0,1,4,66,99,1,1,5,L,86,0,0,0,0,0,0,0,0,0,0,90,180,0,0,0,1,0,999,999,999,9999999,999,999,999,9,0,3,10,1,3,0,995,9.8,998,998,998,99.8,99.8,99.8,272.420420420121,9,5
17171,17,49,1-17-2020-049-06,6,1,1G1PH5SB3F72,17,20,25,2015,4,1,3,0,1,F,2,1399,5,9999,9,5,28,2,48,1,9,1,0,2,9,2,61282,9,9,2,4,4,1,2,1,1,9,0,3,0,0,1,1,0,0,3,1,1,2,13,99,1,4,1,A,1,0,0,0,0,0,0,0,0,0,0,998,998,0,0,9,1,12,999,999,999,9999999,999,999,999,7,0,1,1,0,4,0,998,0.0,999,999,999,2.0,1.3,2.3,142.111232030081,4,5
17172,17,50,1-17-2020-050-09,9,1,1FTYR44V13PA,17,12,471,2003,34,5,30,0,1,F,9,1502,5,9999,9,0,998,2,113,1,9,1,0,2,9,0,61254,1,9,0,2,2,2,2,2,2,9,3,1,0,0,1,4,0,0,9,1,14,1,6,99,9,4,1,A,2,0,0,0,0,0,0,0,0,0,0,998,998,0,0,0,1,0,999,999,999,9999999,999,999,999,9,0,2,8,0,4,0,998,1.1,999,999,999,0.0,0.0,0.0,507.624937991145,4,5
17172,17,50,1-17-2020-050-09,9,2,2T1BR38E04C2,17,49,32,2004,4,1,2,0,1,F,2,1135,5,9999,9,5,12,2,113,1,9,0,995,0,9,0,61254,9,9,0,2,2,2,2,2,2,9,3,1,0,0,1,4,0,0,9,1,14,1,6,99,9,4,6,M,98,0,0,0,0,0,0,0,0,0,0,998,998,0,0,0,2,12,999,999,999,9999999,999,999,999,7,0,1,2,0,6,0,998,1.1,999,999,999,0.0,0.0,0.0,507.624937991145,4,5
17173,17,51,1-17-2020-051-03,3,1,1C3CCBBG2DN7,17,6,18,2013,4,1,3,99,1,F,9,1544,5,9999,9,0,998,2,48,1,9,0,995,0,9,0,61244,1,9,2,4,3,1,2,1,1,9,0,1,0,0,5,1,1,2,3,0,1,2,17,99,1,1,5,L,88,0,0,0,0,0,0,0,0,0,0,180,90,9,0,0,1,0,999,999,999,9999999,999,999,999,9,0,1,1,0,5,0,995,9.8,998,998,998,99.8,99.8,99.8,85.7387272895924,4,5
17173,17,51,1-17-2020-051-03,3,2,1GNSCAKC5JR2,17,20,421,2018,15,3,15,0,1,L,1,2408,5,9999,9,5,13,2,48,1,9,0,995,0,9,0,92301,1,1,2,4,3,1,2,1,1,9,0,1,0,0,5,1,1,2,1,0,1,4,66,2,1,1,5,L,89,0,0,0,0,0,0,0,0,0,0,90,180,0,0,0,1,12,999,999,999,9999999,999,999,999,6,0,1,2,0,4,0,995,9.8,998,998,998,99.8,99.8,99.8,85.7387272895924,4,5
17174,17,52,1-17-2020-052-03,3,1,3GNEK13T03G3,17,20,482,2003,34,5,31,0,1,F,9,2576,5,9999,9,0,998,5,72,1,9,0,995,0,9,0,61234,9,9,2,4,6,2,2,2,1,9,1,3,0,0,1,2,1,2,9,0,1,2,17,99,1,1,4,K,83,0,0,0,0,0,0,0,0,0,0,70,340,0,0,0,1,0,999,999,999,9999999,999,999,999,9,0,95,95,95,95,0,995,9.8,998,998,998,99.8,99.8,99.8,85.7387272895924,4,5
17174,17,52,1-17-2020-052-03,3,2,4T1B11HK2JU6,17,49,40,2018,4,1,4,0,1,L,9,1520,5,9999,9,0,998,2,72,1,9,0,995,0,9,0,61265,1,2,2,4,4,3,2,2,3,9,1,2,0,0,1,2,1,2,9,0,11,4,66,99,1,1,4,K,82,0,0,0,0,0,0,0,0,0,0,340,70,0,0,0,1,0,999,999,999,9999999,999,999,999,9,0,1,1,0,4,0,995,9.8,998,998,998,99.8,99.8,99.8,85.7387272895924,4,5
17175,11,25,1-11-2020-025-06,6,1,KNAFU4A26B53,17,63,38,2011,4,1,3,0,1,F,1,1228,5,0,2,5,20,2,72,1,0,0,995,0,0,0,23114,1,2,0,4,2,1,2,1,1,1,0,2,0,0,1,1,0,0,1,1,1,6,87,4,1,4,1,A,3,0,0,0,0,0,0,0,0,0,0,998,998,0,0,9,2,12,999,999,999,9999999,999,999,999,6,0,0,0,0,0,0,998,0.0,999,999,999,99.9,99.9,99.9,624.148249806677,8,5
17176,11,26,1-11-2020-026-04,4,1,1N4AL3AP4GC2,17,35,47,2016,4,1,4,0,1,F,1,1453,5,9999,9,5,20,2,72,1,0,0,995,0,0,0,23224,9,9,2,1,5,4,2,1,1,1,1,1,0,0,3,1,1,2,3,0,1,3,51,7,1,1,2,D,33,0,0,0,0,0,0,0,0,0,0,55,70,0,0,0,1,12,999,999,999,9999999,999,999,999,6,0,0,0,0,0,0,995,9.8,998,998,998,99.8,99.8,99.8,1149.10793003185,8,5
17176,11,26,1-11-2020-026-04,4,2,1HGCP2F3XCA0,17,37,32,2012,4,1,4,0,1,B,9,1523,5,9999,9,0,998,5,72,1,0,0,995,0,0,0,23112,9,9,2,1,5,4,2,1,1,1,1,1,0,0,3,1,1,2,1,0,1,3,53,99,1,1,2,D,33,0,0,0,0,0,0,0,0,0,0,70,55,0,0,0,1,0,999,999,999,9999999,999,999,999,9,0,95,95,95,95,0,995,9.8,998,998,998,99.8,99.8,99.8,1149.10793003185,8,5
17177,52,55,1-52-2020-055-09,9,1,1J4GL48K03W7,17,2,405,2003,14,3,14,99,1,F,3,1735,5,9999,9,4,14,2,72,1,0,1,0,2,0,1,59102,9,9,0,4,2,1,2,3,1,9,0,2,0,0,5,1,0,0,9,1,1,1,6,99,9,4,1,B,7,1,5,2,1,6,4,68,9,1,999,998,998,0,0,0,2,12,999,999,999,9999999,999,999,999,8,0,2,12,0,3,3,998,0.0,999,999,999,99.9,99.9,99.9,125.4413899112,12,5
17178,52,56,1-52-2020-056-03,3,1,1FAFP55U52G2,17,12,17,2002,4,1,3,99,1,F,9,1603,5,9999,9,0,998,5,56,1,0,0,995,0,0,0,59101,9,9,2,1,7,99,2,1,2,2,1,1,0,0,4,1,1,2,9,0,14,2,17,99,9,9,4,K,83,0,0,0,0,0,0,0,0,0,0,355,220,0,0,0,1,0,999,999,999,9999999,999,999,999,9,0,95,95,95,95,0,995,9.8,998,998,998,99.8,99.8,99.8,19.8809595892246,12,5
17178,52,56,1-52-2020-056-03,3,2,1FM5K8AR5JGB,17,12,401,2018,14,3,14,5,1,F,3,2146,5,9999,9,5,21,2,56,1,0,0,995,0,0,0,59105,1,2,2,1,4,3,2,1,1,1,1,1,0,0,4,1,1,2,9,0,11,4,66,2,1,1,4,K,82,0,0,0,0,0,0,0,0,0,0,220,355,0,0,0,1,12,999,999,999,9999999,999,999,999,8,0,99,99,0,99,0,995,9.8,998,998,998,99.8,99.8,99.8,19.8809595892246,12,5
17179,52,57,1-52-2020-057-03,3,1,55SWF4KBXHU2,17,42,42,2017,4,1,4,0,1,R,2,1625,5,0,1,5,35,2,56,1,0,0,995,0,0,0,59102,9,9,2,4,5,2,2,1,1,9,1,1,0,0,1,1,1,2,9,0,1,2,17,99,1,1,5,L,87,0,0,0,0,0,0,0,0,0,0,270,180,0,0,0,1,12,999,999,999,9999999,999,999,999,7,0,1,1,0,4,0,995,9.8,998,998,998,99.8,99.8,99.8,19.8809595892246,12,5
17179,52,57,1-52-2020-057-03,3,2,KM8SMDHF8GU1,17,55,401,2016,14,3,14,0,1,F,2,1640,5,0,1,5,35,2,56,1,0,0,995,0,0,0,59102,9,9,2,4,3,1,2,1,1,9,0,1,0,0,1,1,1,2,9,0,1,4,66,99,1,1,5,L,86,0,0,0,0,0,0,0,0,0,0,180,270,0,0,0,1,12,999,999,999,9999999,999,999,999,7,0,0,0,0,0,0,995,9.8,998,998,998,99.8,99.8,99.8,19.8809595892246,12,5
17179,52,57,1-52-2020-057-03,3,3,2GNFLHE30F63,17,20,404,2015,14,3,14,99,1,F,9,1881,5,9999,9,0,998,5,56,1,0,0,995,0,0,0,59102,9,9,2,4,3,2,2,1,1,9,1,2,0,0,1,1,1,2,9,0,5,4,62,99,1,1,6,M,98,0,0,0,0,0,0,0,0,0,0,90,260,0,0,0,2,0,999,999,999,9999999,999,999,999,9,0,95,95,95,95,0,995,9.8,998,998,998,99.8,99.8,99.8,19.8809595892246,12,5
17180,52,58,1-52-2020-058-07,7,1,3B7KF237X1G7,17,7,482,2001,34,5,31,99,1,R,9,2673,5,9999,9,0,998,5,56,1,0,0,995,0,0,0,59037,9,9,3,1,3,3,2,1,1,9,0,3,0,0,1,1,0,0,9,1,15,2,11,99,1,2,2,F,46,0,0,0,0,0,0,0,0,0,0,20,5,0,0,0,1,0,999,999,999,9999999,999,999,999,9,0,95,95,95,95,0,995,9.8,998,998,998,99.8,99.8,99.8,131.119112271516,12,5
17180,52,58,1-52-2020-058-07,7,2,WUAVNAFG2BN0,17,32,50,2011,1,1,3,0,1,F,2,1795,5,0,2,4,12,2,56,1,0,0,995,0,0,0,59101,1,2,3,2,3,1,2,1,1,9,0,3,0,0,1,1,0,0,1,0,1,4,60,4,1,1,2,F,45,0,0,0,0,0,0,0,0,0,0,5,20,0,0,0,1,12,999,999,999,9999999,999,999,999,7,0,0,0,0,6,0,995,9.8,998,998,998,99.8,99.8,99.8,131.119112271516,12,5
17181,24,51,1-24-2020-051-07,7,1,1FT7X2B68JEC,17,12,481,2018,34,5,31,0,1,F,9,3037,5,9999,9,0,998,5,80,1,0,0,995,0,0,0,08758,9,9,2,1,4,2,2,1,1,9,1,1,0,0,1,1,1,2,9,0,1,4,66,99,1,1,5,L,88,0,0,0,0,0,0,0,0,0,0,200,110,0,0,0,1,0,999,999,999,9999999,999,999,999,9,0,95,95,95,95,0,995,9.8,998,998,998,99.8,99.8,99.8,243.915495456969,1,5
17181,24,51,1-24-2020-051-07,7,2,KMHCT5AE1EU1,17,55,36,2014,5,1,2,0,1,L,9,1195,5,9999,9,0,998,2,80,1,0,0,995,0,0,0,08203,9,9,2,2,3,1,2,1,1,9,1,1,0,0,1,1,1,2,9,0,1,2,17,99,1,1,5,L,89,0,0,0,0,0,0,0,0,0,0,110,200,0,0,0,1,0,999,999,999,9999999,999,999,999,9,0,0,0,0,0,0,995,9.8,998,998,998,99.8,99.8,99.8,243.915495456969,1,5
17182,24,52,1-24-2020-052-03,3,1,1C4PJMDX1KD4,17,2,404,2019,14,3,14,0,1,F,2,1839,5,9999,9,5,12,2,56,1,0,0,995,0,0,0,08215,9,9,0,4,2,1,2,1,1,9,0,0,0,0,1,1,0,0,9,1,1,2,12,99,9,4,1,B,6,1,1,2,6,1,4,61,1,2,2,998,998,0,0,9,2,12,999,999,999,9999999,999,999,999,7,0,9,97,0,99,3,998,0.0,999,999,999,99.9,99.9,99.9,53.6036996584414,1,5
17183,24,53,1-24-2020-053-01,1,1,19UYA42493A0,17,54,37,2003,2,1,3,0,1,F,3,1574,5,9999,9,5,9,2,64,1,0,1,0,3,0,1,08205,1,9,0,4,2,1,2,1,1,9,1,2,0,0,1,1,0,0,9,1,1,2,12,99,1,4,1,B,6,0,0,0,0,0,0,0,0,0,0,998,998,0,0,9,1,12,999,999,999,9999999,999,999,999,8,0,5,66,1,1,0,998,0.0,999,999,999,99.9,99.9,99.9,61.5488257231871,1,5
17184,24,54,1-24-2020-054-04,4,1,1J4GW38S22C1,17,2,404,2002,14,3,14,0,1,L,9,1800,5,9999,9,5,8,2,72,1,0,0,995,0,0,0,08037,9,9,2,4,2,1,2,1,1,9,0,0,0,0,1,1,2,2,9,0,11,2,15,99,1,1,4,K,82,0,0,0,0,0,0,0,0,0,0,200,280,0,0,0,1,12,999,999,999,9999999,999,999,999,9,0,0,0,0,0,0,995,9.8,998,998,998,99.8,99.8,99.8,174.089191572955,1,5
17184,24,54,1-24-2020-054-04,4,2,1C4PJMBSXGW1,17,2,404,2016,14,3,14,0,1,F,9,1788,5,9999,9,5,8,2,80,1,0,0,995,0,0,0,08037,9,9,2,4,2,1,2,1,1,9,0,0,0,0,1,1,0,0,9,0,1,4,67,7,1,1,4,K,83,0,0,0,0,0,0,0,0,0,0,280,200,0,0,0,1,12,999,999,999,9999999,999,999,999,9,0,0,0,0,0,0,995,9.8,998,998,998,99.8,99.8,99.8,174.089191572955,1,5
17185,48,24,1-48-2020-024-08,8,1,1G2NF52E82M5,17,22,18,2002,4,1,3,0,1,F,2,1413,5,9999,9,4,26,2,89,1,0,1,0,2,0,2,84312,9,9,0,4,2,1,2,1,1,9,1,4,0,0,1,1,0,0,9,1,1,1,9,99,9,4,1,B,7,1,4,2,2,1,3,61,1,1,22,998,998,0,0,0,1,98,999,999,999,9999999,999,999,999,7,0,2,5,0,4,3,998,5.0,999,999,999,1.7,5.3,5.5,82.6337260427965,12,5
17186,48,25,1-48-2020-025-10,10,1,JH4CL96836C0,17,54,39,2006,4,1,3,0,1,F,1,1488,5,9999,9,5,8,2,72,1,9,9,998,8,9,9,84106,9,9,2,5,5,1,2,1,1,9,1,3,0,0,1,8,0,0,3,1,1,2,13,98,1,4,1,A,1,0,0,0,0,0,0,0,0,0,0,998,998,0,0,0,1,12,999,999,999,9999999,999,999,999,6,0,0,0,0,99,0,998,1.8,999,999,999,99.9,99.9,99.9,506.374552637949,12,5
17187,28,26,1-28-2020-026-06,6,1,1C4RJFBG5EC5,17,2,422,2014,15,3,15,0,1,L,1,2211,5,9999,9,5,31,2,89,1,1,8,997,8,0,0,16901,1,2,2,4,2,1,2,1,1,9,3,4,0,0,2,1,2,2,1,1,10,2,16,7,1,4,1,B,8,1,2,2,2,5,4,31,1,2,999,997,997,0,0,0,1,6,999,999,999,9999999,999,999,999,6,0,1,1,0,4,2,997,9.8,998,998,998,99.8,99.8,99.8,44.099430412312,3,5