CASEID,PSU,CASENO,CASENUMBER,CATEGORY,VEHNO,VIN,VINLENGTH,MAKE,MODEL,MODELYR,BODYTYPE,BODYCAT,VEHCLASS,SPECUSE,TRANSTAT,DAMPLANE,DAMSEV,CURBWT,CURBSRC,CARGOWT,CARGOSRC,INSPTYPE,INSPLAG,TOWED,SPEEDLIMIT,DRPRESENT,PARALCOHOL,ALCTEST,ALCTESTRESULT,ALCTESTSRC,PARDRUG,DRUGTEST,ZIP,RACE,ETHNICITY,RELTOJUNCT,TRAFFLOW,RDLANES,INITLANE,SURFTYPE,SURFCOND,ALIGNMENT,PROFILE,LINERIGHT,LINELEFT,RUMBINIT,RUMBROAD,LIGHTCOND,WEATHER,TRAFDEV,TRAFFUNCT,DISTRACT,PREFHE,PREMOVE,CRITCAT,CRITEVENT,MANEUVER,PRESTAB,PRELOC,CRASHCAT,CRASHCONF,CRASHTYPE,ROLLTYPE,ROLLTURN,ROLLINTRPT,ROLLPREMAN,ROLLINITYP,ROLLINLOC,ROLLOBJ,ROLLTRIP,ROLLDIR,ROLLDIST,DVANGTHIS,DVANGOTH,TOWHITCH,TRAJDOC,TREEPOLE,DVEVENT,DVBASIS,DVTOTAL,DVLONG,DVLAT,DVENERGY,DVSPEED,DVMOMENT,DVBES,DVEST,DVCONF,VAIS,VISS,VINJURED,VTREAT,INITOBJCLASS,HEADANGLECAT,SHLDRWIDTH,STRKLENGTH,STRKWIDTH,STRKHEIGHT,EDGEDISTX,EDGEDISTY,EDGEDISTZ,CASEWGT,PSUSTRAT,VERSION
17188,28,27,1-28-2020-027-09,9,1,1FTNX21L53EA,17,12,481,2003,34,5,31,0,1,9,9,9999,9,9999,9,0,998,2,40,1,1,1,236,2,0,2,16901,1,2,0,4,2,1,2,1,1,9,0,0,0,0,1,1,0,0,1,1,1,2,12,1,1,4,1,B,6,9,99,9,9,99,9,99,9,9,999,997,997,0,0,0,1,0,999,999,999,9999999,999,999,999,9,0,2,5,0,3,9,997,9.8,998,998,998,99.8,99.8,99.8,110.394676155909,3,5
17192,59,13,1-59-2020-013-06,6,1,1FM5K8AR0JGB,17,12,401,2018,14,3,14,0,1,B,9,2173,5,9999,9,0,998,5,48,1,0,0,995,0,0,0,47803,9,9,2,1,1,1,2,1,1,1,0,2,0,0,1,1,1,2,9,0,5,3,53,1,1,1,2,D,21,0,0,0,0,0,0,0,0,0,0,0,0,0,0,0,1,0,999,999,999,9999999,999,999,999,9,0,95,95,95,95,0,995,9.8,998,998,998,99.8,99.8,99.8,149.661408180094,6,5
17192,59,13,1-59-2020-013-06,6,2,KMHDH4AE7CU2,17,55,35,2012,4,1,3,0,1,F,1,1265,5,0,2,5,8,2,48,1,0,0,995,0,0,0,47802,9,9,2,1,1,1,2,1,1,1,0,2,0,0,1,1,1,2,3,0,1,3,50,99,1,1,2,D,20,0,0,0,0,0,0,0,0,0,0,0,0,0,0,0,1,12,999,999,999,9999999,999,999,999,6,0,0,0,0,4,0,995,9.8,998,998,998,99.8,99.8,99.8,149.661408180094,6,5
17193,59,14,1-59-2020-014-08,8,1,2C3KK63H86H4,17,6,51,2006,4,1,5,0,1,R,1,1844,5,9999,9,5,4,2,56,1,0,0,995,0,0,0,47803,9,9,2,4,2,1,2,2,1,9,1,2,0,0,1,8,2,2,9,0,1,2,17,2,1,1,5,L,87,0,0,0,0,0,0,0,0,0,0,185,95,0,0,0,1,98,999,999,999,9999999,999,999,999,6,0,99,99,0,4,0,995,9.8,998,998,998,99.8,99.8,99.8,59.4386587386005,6,5
17193,59,14,1-59-2020-014-08,8,2,YV1RS61T4423,17,51,47,2004,4,1,3,0,1,F,9,1440,5,9999,9,0,998,5,56,1,0,0,995,0,0,0,47805,9,9,2,4,2,1,2,2,1,9,1,2,0,0,1,8,0,0,9,0,1,4,66,99,1,1,5,L,86,0,0,0,0,0,0,0,0,0,0,95,185,0,0,0,1,0,999,999,999,9999999,999,999,999,9,0,95,95,95,95,0,995,9.8,998,998,998,99.8,99.8,99.8,59.4386587386005,6,5
17194,32,51,1-32-2020-051-02,2,1,5J6RW1H84LA0,17,37,402,2020,14,3,14,0,1,F,2,1502,8,9999,9,5,21,2,48,1,0,1,0,2,0,2,75216,1,1,0,4,2,1,2,1,2,9,0,2,0,0,1,1,0,0,9,1,14,2,10,99,1,2,3,G,50,0,0,0,0,0,0,0,0,0,0,300,130,0,0,0,1,12,999,999,999,9999999,999,999,999,7,0,3,17,1,3,0,995,9.8,998,998,998,99.8,99.8,99.8,49.9308978016946,7,5
17194,32,51,1-32-2020-051-02,2,2,1FTEW1C85AFD,17,12,481,2010,34,5,31,0,1,F,9,2349,5,9999,9,0,998,2,48,1,0,0,995,0,0,0,75181,1,1,0,4,2,1,2,1,3,9,0,2,0,0,1,1,0,0,1,0,14,4,62,1,1,1,3,G,51,0,0,0,0,0,0,0,0,0,0,130,300,0,0,0,1,0,999,999,999,9999999,999,999,999,9,0,1,1,0,4,0,995,9.8,998,998,998,99.8,99.8,99.8,49.9308978016946,7,5
17195,32,52,1-32-2020-052-06,6,1,1HGCR2F33HA0,17,37,32,2017,4,1,4,0,1,B,9,1496,5,9999,9,0,998,5,97,1,0,0,995,0,0,0,75154,9,9,0,2,5,4,2,1,1,9,3,3,0,0,3,1,0,0,9,0,1,3,53,99,1,1,2,D,25,0,0,0,0,0,0,0,0,0,0,180,180,0,0,0,1,0,999,999,999,9999999,999,999,999,9,0,95,95,95,95,0,995,9.8,998,998,998,99.8,99.8,99.8,912.098292355002,7,5
17195,32,52,1-32-2020-052-06,6,2,5NPDH4AE3DH4,17,55,35,2013,4,1,3,0,1,F,9,1265,5,9999,9,0,998,2,97,1,0,0,995,0,0,0,75243,2,2,0,2,5,4,2,1,1,9,3,3,0,0,3,1,0,0,9,0,1,3,51,2,1,1,2,D,24,0,0,0,0,0,0,0,0,0,0,180,180,0,0,0,1,0,999,999,999,9999999,999,999,999,9,0,1,1,0,4,0,995,9.8,998,998,998,99.8,99.8,99.8,912.098292355002,7,5
17196,32,53,1-32-2020-053-01,1,1,1FTEW1CP2JFC,17,12,481,2018,34,5,31,0,1,F,9,9999,9,9999,9,0,998,2,113,1,0,0,995,0,0,0,75060,1,1,0,2,4,1,1,1,1,9,1,3,0,0,3,1,0,0,9,0,1,3,50,99,1,1,2,D,20,0,0,0,0,0,0,0,0,0,0,270,270,0,0,0,1,0,999,999,999,9999999,999,999,999,9,0,0,0,0,0,0,995,9.8,998,998,998,99.8,99.8,99.8,40.6933102321488,7,5
17196,32,53,1-32-2020-053-01,1,2,3A8FY68B97T5,17,6,52,2007,6,1,2,0,1,B,9,1395,5,9999,9,0,998,2,113,1,0,1,0,3,0,0,75212,1,1,0,2,4,1,1,1,1,9,1,3,0,0,3,1,0,0,9,0,5,3,53,1,1,1,2,D,21,0,0,0,0,0,0,0,0,0,0,270,270,0,0,0,1,0,999,999,999,9999999,999,999,999,9,0,6,75,2,1,0,995,9.8,998,998,998,99.8,99.8,99.8,40.6933102321488,7,5
17197,32,54,1-32-2020-054-04,4,1,3CZRU5H32LM7,17,37,404,2020,14,3,14,0,1,F,1,1320,5,9999,9,5,7,2,80,1,0,0,995,0,0,0,75204,1,1,1,3,1,1,1,1,1,2,1,1,0,0,3,8,3,2,9,0,1,3,50,99,1,1,2,D,20,0,0,0,0,0,0,0,0,0,0,355,355,0,0,0,1,12,999,999,999,9999999,999,999,999,6,0,0,0,0,0,0,995,9.8,998,998,998,99.8,99.8,99.8,1612.00092971829,7,5
17197,32,54,1-32-2020-054-04,4,2,5YFBURHE9EP0,17,49,32,2014,4,1,3,0,1,B,9,1290,5,9999,9,0,998,5,80,1,0,0,995,0,0,0,76248,9,9,1,3,1,1,1,1,1,2,1,1,0,0,3,8,3,2,9,0,5,3,53,99,1,1,2,D,21,0,0,0,0,0,0,0,0,0,0,355,355,0,0,0,1,0,999,999,999,9999999,999,999,999,9,0,95,95,95,95,0,995,9.8,998,998,998,99.8,99.8,99.8,1612.00092971829,7,5
17198,66,23,1-66-2020-023-09,9,1,2G1WF52E7Y92,17,20,2,2000,4,1,4,99,1,9,9,1540,5,9999,9,0,998,2,89,1,0,0,995,0,7,0,65661,9,9,0,4,2,1,2,1,3,1,1,2,0,1,1,1,0,0,9,1,14,2,13,99,9,4,1,A,1,0,0,0,0,0,0,0,0,0,0,998,998,0,0,9,99,0,999,999,999,9999999,999,999,999,9,0,99,99,0,99,0,998,0.9,999,999,999,99.9,99.9,99.9,141.917212372304,6,5
17200,31,27,1-31-2020-027-10,10,1,1FTSW21R49EB,17,12,481,2009,34,5,31,0,1,9,9,2728,5,0,2,5,6,2,113,1,0,0,995,0,0,0,62863,1,2,0,1,2,2,2,1,1,9,3,2,1,3,1,1,0,0,1,1,1,1,1,2,2,4,6,M,98,0,0,0,0,0,0,0,0,0,0,999,999,1,0,0,1,5,999,999,999,9999999,999,999,999,9,0,0,0,0,0,0,999,9.8,998,998,998,99.8,99.8,99.8,2333.19727102008,6,5
17201,31,28,1-31-2020-028-06,6,1,1GCNKPE09DZ1,17,20,481,2013,34,5,31,0,1,F,3,2200,5,9999,9,5,15,2,89,1,0,0,995,0,0,0,62869,9,9,0,4,2,1,2,1,1,9,1,4,0,0,1,1,0,0,3,1,1,2,12,1,1,4,1,B,6,0,0,0,0,0,0,0,0,0,0,998,998,1,0,9,1,5,999,999,999,9999999,999,999,999,8,0,9,97,0,8,0,998,9.9,999,999,999,99.9,99.9,99.9,247.444581580137,6,5
17202,21,39,1-21-2020-039-03,3,1,3FA6P0H73HR1,17,12,23,2017,4,1,4,0,1,T,1,1558,5,9999,9,5,13,2,89,1,0,0,995,0,0,0,92277,7,2,0,4,2,1,2,1,1,9,1,4,0,0,1,1,0,0,1,1,6,2,12,1,4,4,1,B,6,1,8,2,2,2,4,44,4,1,82,997,997,0,0,0,2,6,999,999,999,9999999,999,999,999,6,0,1,1,0,6,3,997,0.1,999,999,999,16.2,4.3,16.8,78.9362200212209,11,5
17203,21,40,1-21-2020-040-08,8,1,SALME154X6A2,17,62,421,2006,15,3,15,0,1,9,9,2480,5,9999,9,0,998,2,113,1,0,9,998,8,1,3,90018,2,9,1,1,2,2,2,1,2,9,3,2,1,1,2,1,0,0,9,1,14,2,12,8,3,4,1,A,2,1,8,2,2,1,4,61,1,2,48,997,997,0,0,0,1,0,999,999,999,9999999,999,999,999,9,0,2,4,0,8,3,997,9.8,998,998,998,99.8,99.8,99.8,54.8579109404113,11,5
17204,21,41,1-21-2020-041-02,2,1,JHMBB6151YC0,17,37,33,2000,2,1,2,0,1,R,1,1380,5,9999,9,5,13,2,72,1,0,0,995,0,0,0,92316,1,9,2,1,3,3,2,1,1,9,1,2,0,0,3,1,0,0,9,0,11,2,15,99,1,1,4,J,68,0,0,0,0,0,0,0,0,0,0,130,0,0,0,0,1,12,999,999,999,9999999,999,999,999,2,0,1,1,0,99,0,995,9.8,998,998,998,99.8,99.8,99.8,11.3876605299267,11,5
17204,21,41,1-21-2020-041-02,2,2,JN1BJ1CP2HW0,17,35,51,2017,6,1,3,0,1,F,1,1550,5,9999,9,5,13,2,72,1,0,0,995,0,0,0,92316,1,9,2,1,2,2,2,1,1,9,3,0,0,0,3,1,0,0,9,0,1,4,62,99,1,1,4,J,69,0,0,0,0,0,0,0,0,0,0,0,130,0,0,0,1,12,999,999,999,9999999,999,999,999,2,0,3,19,2,3,0,995,9.8,998,998,998,99.8,99.8,99.8,11.3876605299267,11,5
17205,21,42,1-21-2020-042-07,7,1,JN1BV7AP0FM3,17,58,41,2015,4,1,4,0,1,F,2,1638,5,0,2,5,2,2,105,1,0,0,995,0,0,0,91730,1,1,1,3,1,1,1,1,2,9,1,1,0,0,1,1,0,0,1,1,14,1,6,3,4,4,1,B,7,0,0,0,0,0,0,0,0,0,0,998,998,0,0,0,1,12,999,999,999,9999999,999,999,999,7,0,0,0,0,0,0,998,4.6,999,999,999,0.0,0.0,0.0,389.098145717538,11,5
17206,66,24,1-66-2020-024-10,10,1,5LMFU27R33LJ,17,13,421,2003,15,3,15,0,1,L,9,2619,5,9999,9,0,998,2,89,1,0,0,995,0,7,0,65712,9,9,2,4,2,1,2,1,1,9,1,4,0,0,1,8,0,0,9,0,1,4,66,99,1,1,5,L,89,0,0,0,0,0,0,0,0,0,0,0,90,0,0,0,1,0,999,999,999,9999999,999,999,999,9,0,0,0,0,0,0,995,9.8,998,998,998,99.8,99.8,99.8,491.862254696781,6,5
17206,66,24,1-66-2020-024-10,10,2,2GCEK13M7811,17,20,481,2008,34,5,31,0,1,F,2,2440,5,9999,9,5,26,2,89,1,0,0,995,0,7,0,65605,9,9,2,4,2,1,2,1,1,9,0,0,0,0,1,8,2,2,9,0,1,2,17,99,1,1,5,L,88,0,0,0,0,0,0,0,0,0,0,90,0,0,0,0,1,12,999,999,999,9999999,999,999,999,7,0,0,0,0,0,0,995,9.8,998,998,998,99.8,99.8,99.8,491.862254696781,6,5
17207,25,33,1-25-2020-033-05,5,1,2HGFG12638H5,17,37,31,2008,2,1,3,0,1,F,1,1178,5,9999,9,5,7,2,48,1,8,0,995,0,7,0,04103,9,9,0,4,2,1,2,2,1,9,1,2,0,0,1,2,0,0,9,1,1,2,10,99,1,2,3,G,50,0,0,0,0,0,0,0,0,0,0,340,180,0,0,0,1,12,999,999,999,9999999,999,999,999,6,0,0,0,0,5,0,995,9.8,998,998,998,99.8,99.8,99.8,42.1671192624275,2,5
17207,25,33,1-25-2020-033-05,5,2,WBAPK5C53BF1,17,34,34,2011,4,1,3,0,1,F,1,1635,5,9999,9,5,8,2,48,1,8,0,995,0,7,0,04107,1,2,0,4,2,1,2,2,1,9,1,2,0,0,1,2,0,0,1,0,1,4,62,2,1,1,3,G,51,0,0,0,0,0,0,0,0,0,0,180,340,0,0,0,1,12,999,999,999,9999999,999,999,999,6,0,1,1,0,4,0,995,9.8,998,998,998,99.8,99.8,99.8,42.1671192624275,2,5
17208,25,34,1-25-2020-034-05,5,1,JN8AF5MV8CT1,17,35,403,2012,14,3,14,0,1,F,9,1430,5,9999,9,0,998,2,80,1,1,1,153,2,1,2,04032,1,2,0,4,2,1,2,1,3,9,1,2,0,0,2,1,0,0,9,1,14,2,13,99,1,4,1,A,1,0,0,0,0,0,0,0,0,0,0,998,998,0,0,7,1,0,999,999,999,9999999,999,999,999,9,0,3,17,2,3,0,998,2.6,999,999,999,99.9,99.9,99.9,42.1671192624275,2,5
17209,25,35,1-25-2020-035-07,7,1,5J6YH2H35BL0,17,37,403,2011,14,3,14,0,1,L,1,1562,5,0,2,5,10,2,48,1,8,0,995,0,7,0,04021,1,2,2,4,2,1,2,1,1,1,1,2,0,0,1,1,0,0,1,0,11,4,60,4,1,1,4,J,72,0,0,0,0,0,0,0,0,0,0,350,20,0,0,0,1,12,999,999,999,9999999,999,999,999,6,0,0,0,0,0,0,995,9.8,998,998,998,99.8,99.8,99.8,1111.90226920289,2,5
17209,25,35,1-25-2020-035-07,7,2,1FMCU0F77JUB,17,12,402,2018,14,3,14,0,1,R,9,1611,5,9999,9,0,998,5,48,1,8,0,995,0,7,0,04103,9,9,2,4,2,1,2,1,1,1,1,2,0,0,1,1,0,0,9,1,6,4,61,99,1,1,4,J,73,0,0,0,0,0,0,0,0,0,0,20,350,0,0,0,1,0,999,999,999,9999999,999,999,999,9,0,95,95,95,95,0,995,9.8,998,998,998,99.8,99.8,99.8,1111.90226920289,2,5
17210,73,28,1-73-2020-028-07,7,1,1GKKVPKD7EJ1,17,23,423,2014,15,3,15,0,1,U,9,2219,5,9999,9,5,32,2,72,1,8,0,995,0,7,0,04426,9,9,0,4,2,1,2,4,1,9,0,2,0,0,1,3,0,0,3,1,1,1,6,99,3,4,1,A,2,0,0,0,0,0,0,0,0,0,0,998,998,0,0,0,1,12,999,999,999,9999999,999,999,999,9,0,0,0,0,0,0,998,0.0,999,999,999,99.9,99.9,99.9,119.775683035841,3,5
17211,73,29,1-73-2020-029-10,10,1,1GNLVGED1AS1,17,20,24,2010,6,1,5,0,1,F,1,2234,5,9999,9,5,6,2,72,1,8,0,995,0,7,0,04481,9,9,0,4,2,1,5,8,3,9,0,0,0,0,1,1,6,2,1,1,14,2,13,99,1,4,1,A,1,0,0,0,0,0,0,0,0,0,0,998,998,0,0,0,1,12,999,999,999,9999999,999,999,999,6,0,0,0,0,0,0,998,0.0,999,999,999,99.9,99.9,99.9,164.682143691844,3,5
17212,29,54,1-29-2020-054-06,6,1,WDDGF8BB9CR2,17,42,42,2012,4,1,3,0,1,B,9,1695,5,9999,9,0,998,2,40,1,8,0,995,0,7,0,02852,9,9,2,1,2,2,2,2,1,9,1,2,0,0,1,2,1,9,1,0,5,3,53,99,1,1,2,D,21,0,0,0,0,0,0,0,0,0,0,260,260,0,0,0,1,0,999,999,999,9999999,999,999,999,9,0,99,99,0,5,0,995,9.8,998,998,998,99.8,99.8,99.8,59.1680467959973,2,5
17212,29,54,1-29-2020-054-06,6,2,1GB3G3BG7D11,17,20,461,2013,28,4,28,0,1,F,9,9999,9,9999,9,0,998,5,40,1,0,0,995,0,0,0,02327,9,9,2,1,2,2,2,2,1,9,1,2,0,0,1,2,1,9,1,0,1,3,50,2,1,1,2,D,20,0,0,0,0,0,0,0,0,0,0,260,260,0,0,0,1,0,999,999,999,9999999,999,999,999,9,0,95,95,95,95,0,995,9.8,998,998,998,99.8,99.8,99.8,59.1680467959973,2,5
17213,29,55,1-29-2020-055-06,6,1,3FA6P0D99FR1,17,12,23,2015,4,1,4,0,1,R,2,1651,5,0,2,5,49,2,56,1,8,9,998,8,7,9,02740,1,2,0,4,2,1,2,1,1,9,1,4,0,0,3,8,0,0,3,1,1,2,13,1,1,4,1,A,1,0,0,0,0,0,0,0,0,0,0,998,998,0,0,9,1,12,999,999,999,9999999,999,999,999,7,0,1,1,0,0,0,998,0.3,999,999,999,99.9,99.9,99.9,90.1206971356379,2,5
17214,29,56,1-29-2020-056-03,3,1,1N4AL21E59C1,17,35,47,2009,4,1,4,0,1,B,9,1429,5,9999,9,0,998,5,48,1,0,9,998,8,0,9,02746,9,9,3,3,1,1,2,2,1,9,0,0,0,0,1,2,0,0,9,0,13,2,20,99,1,7,6,M,92,0,0,0,0,0,0,0,0,0,0,15,100,0,0,0,1,0,999,999,999,9999999,999,999,999,9,0,95,95,95,95,0,995,9.8,998,998,998,99.8,99.8,99.8,20.5825904533805,2,5
17214,29,56,1-29-2020-056-03,3,2,JN8AF5MV1GT6,17,35,403,2016,14,3,14,0,1,L,1,1443,5,9999,9,5,18,2,48,1,0,9,998,8,0,9,02744,9,9,0,3,1,1,2,2,1,9,0,0,0,0,1,2,0,0,9,0,1,4,70,99,1,1,6,M,93,0,0,0,0,0,0,0,0,0,0,100,15,0,0,0,1,12,999,999,999,9999999,999,999,999,6,0,9,97,0,99,0,995,9.8,998,998,998,99.8,99.8,99.8,20.5825904533805,2,5
17215,29,57,1-29-2020-057-06,6,1,WBAPH7C51BE6,17,34,34,2011,4,1,3,0,1,F,1,1525,5,9999,9,5,4,2,56,1,8,9,998,8,7,9,02746,9,9,0,4,2,1,2,2,3,9,0,2,0,0,3,1,0,0,9,1,14,2,13,99,9,4,1,A,1,0,0,0,0,0,0,0,0,0,0,998,998,0,1,5,3,12,999,999,999,9999999,999,999,999,6,0,99,99,0,99,0,998,0.0,999,999,999,0.0,0.0,0.0,34.115473627285,2,5
17216,26,54,1-26-2020-054-09,9,1,19UUA56652A0,17,54,35,2002,4,1,3,0,1,F,9,1584,5,9999,9,0,998,2,64,1,9,1,0,2,9,1,95838,2,2,2,5,5,2,2,1,1,9,3,2,0,0,3,1,0,0,3,1,11,2,13,1,1,4,1,A,1,0,0,0,0,0,0,0,0,0,0,998,998,0,0,9,1,0,999,999,999,9999999,999,999,999,9,0,2,5,0,6,0,998,0.0,999,999,999,0.0,0.0,2.2,1332.92849116702,10,5
17217,26,55,1-26-2020-055-03,3,1,1N4AL11D25N4,17,35,47,2005,4,1,4,0,1,F,9,1378,5,9999,9,0,998,2,64,1,1,1,120,2,9,0,94608,2,9,0,1,3,2,2,1,1,1,3,1,0,0,3,1,0,0,9,0,1,3,51,99,1,1,2,D,24,0,0,0,0,0,0,0,0,0,0,270,270,0,0,0,1,0,999,999,999,9999999,999,999,999,9,0,1,1,0,4,0,995,1.1,999,999,999,99.9,3.6,99.9,288.640435504348,10,5
17217,26,55,1-26-2020-055-03,3,2,JTDKARFU3G30,17,49,46,2016,5,1,3,0,1,B,1,1390,5,9999,9,5,17,2,64,1,0,0,995,0,0,0,95831,3,9,0,1,3,2,2,1,1,1,3,1,0,0,3,1,0,0,9,0,1,3,53,1,1,1,2,D,25,0,0,0,0,0,0,0,0,0,0,270,270,0,0,0,1,12,999,999,999,9999999,999,999,999,6,0,99,99,0,99,0,995,1.1,999,999,999,0.0,0.0,0.0,288.640435504348,10,5
17218,26,56,1-26-2020-056-08,8,1,1HGCM66567A0,17,37,32,2007,4,1,3,0,1,F,3,1504,5,9999,9,5,16,2,89,1,0,1,19,2,0,0,95210,9,1,0,4,2,1,2,1,1,1,1,4,3,3,2,1,0,0,9,1,6,2,10,99,9,2,3,G,50,0,0,0,0,0,0,0,0,0,0,275,110,0,0,0,1,12,999,999,999,9999999,999,999,999,8,0,5,38,1,3,0,995,9.8,998,998,998,99.8,99.8,99.8,200.595003154979,10,5
17218,26,56,1-26-2020-056-08,8,2,1D7HA16KX7J6,17,7,482,2007,34,5,30,99,1,F,2,2049,5,9999,9,5,16,2,89,1,0,1,0,2,0,1,94509,9,1,0,4,2,1,2,1,1,1,1,2,3,3,2,1,0,0,1,0,1,4,62,4,9,1,3,G,51,0,0,0,0,0,0,0,0,0,0,110,275,0,0,0,1,12,999,999,999,9999999,999,999,999,7,0,2,5,0,3,0,995,9.8,998,998,998,99.8,99.8,99.8,200.595003154979,10,5
17219,26,57,1-26-2020-057-05,5,1,2CTFLXEC1B62,17,23,402,2011,14,3,14,0,1,T,1,1823,5,9999,9,5,9,2,105,1,0,1,0,2,0,1,92109,1,9,1,2,5,1,2,1,1,1,1,3,0,0,1,1,0,0,3,1,1,2,13,1,1,4,1,A,1,1,3,1,2,1,4,61,1,1,18,997,997,1,0,0,2,5,999,999,999,9999999,999,999,999,6,0,2,9,0,3,3,997,3.6,999,999,999,22.6,7.7,24.8,26.5754565357574,10,5
17220,20,24,1-20-2020-024-02,2,1,1C4HJWDG6JL9,17,2,403,2018,14,3,14,0,1,T,3,1860,5,9999,9,5,15,2,105,1,9,0,995,0,9,0,95240,9,1,0,1,2,1,1,1,1,9,1,3,2,3,5,8,0,0,9,1,15,2,13,99,9,4,1,A,1,1,99,9,4,99,3,31,1,9,999,997,997,0,0,0,3,6,999,999,999,9999999,999,999,999,8,0,9,97,0,8,2,997,2.3,120,999,999,12.6,2.3,12.7,93.8502099993669,11,5
17221,20,25,1-20-2020-025-05,5,1,JT3HN86R2Y03,17,49,401,2000,14,3,14,0,1,R,9,1762,5,9999,9,0,998,2,105,1,1,8,997,8,0,0,93451,9,1,2,1,3,3,2,1,1,1,1,2,0,0,2,1,0,0,9,1,11,2,15,1,1,1,4,J,68,0,0,0,0,0,0,0,0,0,0,240,160,0,0,0,1,0,999,999,999,9999999,999,999,999,9,0,0,0,0,0,0,995,5.0,999,999,-120,8.4,0.5,8.5,127.288941753755,11,5
17221,20,25,1-20-2020-025-05,5,2,1C3CCCAB9FN6,17,6,18,2015,4,1,3,0,1,F,9,1575,5,9999,9,0,998,2,105,1,0,0,995,0,0,0,93930,9,1,2,1,3,1,2,1,1,1,1,3,2,3,2,1,0,0,1,1,1,4,62,7,1,1,4,J,69,0,0,0,0,0,0,0,0,0,0,160,240,0,0,0,1,0,999,999,999,9999999,999,999,999,9,0,1,1,0,8,0,995,9.8,998,998,998,99.8,99.8,99.8,127.288941753755,11,5
17222,33,29,1-33-2020-029-01,1,1,JT3GN86R4X01,17,49,401,1999,14,3,14,0,1,F,2,1762,5,9999,9,5,45,2,105,1,0,0,995,0,0,2,95928,1,2,0,4,2,1,2,1,1,9,1,4,3,3,1,8,0,0,3,1,1,2,10,8,4,2,3,G,50,1,1,2,5,7,1,2,3,1,4,100,335,0,0,0,1,12,999,999,999,9999999,999,999,999,7,0,3,22,1,3,1,995,9.8,998,998,998,99.8,99.8,99.8,29.5572598912697,12,5
17222,33,29,1-33-2020-029-01,1,2,4T1B11HK2KU2,17,49,40,2019,4,1,4,0,1,F,3,1520,5,9999,9,5,46,2,105,1,0,1,0,3,0,1,95928,1,2,0,4,2,1,2,1,1,9,1,4,3,3,1,8,0,0,9,0,1,4,62,99,1,1,3,G,51,1,2,2,2,1,4,61,1,1,5,335,100,0,0,0,1,12,999,999,999,9999999,999,999,999,8,0,4,26,1,1,3,995,9.8,998,998,998,99.8,99.8,99.8,29.5572598912697,12,5
17223,33,30,1-33-2020-030-03,3,1,3KPFK4A74JE2,17,63,38,2018,4,1,3,0,1,F,9,1272,5,9999,9,0,998,2,56,1,0,0,995,0,0,0,92371,1,2,0,4,2,1,2,1,1,9,0,0,0,0,1,1,0,0,3,0,1,3,52,1,1,1,2,D,28,0,0,0,0,0,0,0,0,0,0,180,185,0,0,0,1,0,999,999,999,9999999,999,999,999,9,0,1,2,0,4,0,995,9.8,998,998,998,99.8,99.8,99.8,43.6836647426954,12,5
17223,33,30,1-33-2020-030-03,3,2,1MEFM6534XK6,17,14,37,1999,4,1,3,0,1,B,1,1276,5,0,2,5,12,5,56,1,0,0,995,0,0,0,95948,9,9,0,4,2,1,2,1,1,9,0,0,0,0,1,1,0,0,1,1,2,3,53,1,1,4,2,D,29,0,0,0,0,0,0,0,0,0,0,185,180,0,0,0,1,12,999,999,999,9999999,999,999,999,6,0,95,95,95,95,0,995,9.8,998,998,998,99.8,99.8,99.8,43.6836647426954,12,5
17224,33,31,1-33-2020-031-07,7,1,JTDKDTB34C15,17,49,46,2012,5,1,2,0,1,F,1,1135,5,0,1,5,6,2,72,1,0,0,995,0,0,0,95968,1,2,3,4,2,1,2,1,3,9,1,2,0,0,1,1,0,0,3,0,14,3,50,8,1,1,2,D,20,0,0,0,0,0,0,0,0,0,0,270,265,0,0,0,1,12,999,999,999,9999999,999,999,999,6,0,0,0,0,0,0,995,9.8,998,998,998,99.8,99.8,99.8,261.820915100024,12,5
17224,33,31,1-33-2020-031-07,7,2,1FT7W2BT2KEE,17,12,481,2019,34,5,31,0,1,B,9,2938,5,9999,9,0,998,5,72,1,0,0,995,0,0,0,95965,9,9,3,4,2,1,2,1,3,9,1,2,0,0,1,1,0,0,9,0,5,3,53,1,1,1,2,D,21,0,0,0,0,0,0,0,0,0,0,265,270,0,0,0,1,0,999,999,999,9999999,999,999,999,9,0,95,95,95,95,0,995,9.8,998,998,998,99.8,99.8,99.8,261.820915100024,12,5
17225,22,34,1-22-2020-034-04,4,1,KMHTC6AE8DU1,17,55,42,2013,3,1,3,0,1,L,2,1316,5,9999,9,4,7,2,56,1,0,0,995,0,0,0,83501,5,2,2,4,2,1,1,1,1,9,1,2,9,9,1,8,2,2,3,0,11,2,15,2,1,7,4,K,82,0,0,0,0,0,0,0,0,0,0,320,65,0,0,0,1,12,999,999,999,9999999,999,999,999,7,0,0,0,0,7,0,995,9.8,998,998,998,99.8,99.8,99.8,83.40959700394,12,5