CASEID,PSU,CASENO,CASENUMBER,CATEGORY,VEHNO,VIN,VINLENGTH,MAKE,MODEL,MODELYR,BODYTYPE,BODYCAT,VEHCLASS,SPECUSE,TRANSTAT,DAMPLANE,DAMSEV,CURBWT,CURBSRC,CARGOWT,CARGOSRC,INSPTYPE,INSPLAG,TOWED,SPEEDLIMIT,DRPRESENT,PARALCOHOL,ALCTEST,ALCTESTRESULT,ALCTESTSRC,PARDRUG,DRUGTEST,ZIP,RACE,ETHNICITY,RELTOJUNCT,TRAFFLOW,RDLANES,INITLANE,SURFTYPE,SURFCOND,ALIGNMENT,PROFILE,LINERIGHT,LINELEFT,RUMBINIT,RUMBROAD,LIGHTCOND,WEATHER,TRAFDEV,TRAFFUNCT,DISTRACT,PREFHE,PREMOVE,CRITCAT,CRITEVENT,MANEUVER,PRESTAB,PRELOC,CRASHCAT,CRASHCONF,CRASHTYPE,ROLLTYPE,ROLLTURN,ROLLINTRPT,ROLLPREMAN,ROLLINITYP,ROLLINLOC,ROLLOBJ,ROLLTRIP,ROLLDIR,ROLLDIST,DVANGTHIS,DVANGOTH,TOWHITCH,TRAJDOC,TREEPOLE,DVEVENT,DVBASIS,DVTOTAL,DVLONG,DVLAT,DVENERGY,DVSPEED,DVMOMENT,DVBES,DVEST,DVCONF,VAIS,VISS,VINJURED,VTREAT,INITOBJCLASS,HEADANGLECAT,SHLDRWIDTH,STRKLENGTH,STRKWIDTH,STRKHEIGHT,EDGEDISTX,EDGEDISTY,EDGEDISTZ,CASEWGT,PSUSTRAT,VERSION
17255,10,59,1-10-2020-059-03,3,2,JHLRD78802C0,17,37,402,2002,14,3,14,0,1,L,2,1480,5,0,3,5,26,2,40,1,8,1,0,2,7,2,45405,2,2,2,4,2,1,2,1,2,9,0,2,0,0,1,1,2,2,1,0,11,2,15,99,1,1,4,K,82,1,1,2,5,1,1,61,1,1,9,260,5,0,0,0,1,12,999,999,999,9999999,999,999,999,7,0,5,66,2,1,3,995,9.8,998,998,998,99.8,99.8,99.8,81.7454158515124,4,5
17256,10,60,1-10-2020-060-06,6,1,4S4BRCCC8E32,17,48,45,2014,4,1,3,0,1,F,2,1621,5,9999,9,5,20,2,56,1,0,0,995,0,0,0,45405,9,9,3,3,2,1,2,1,1,9,1,3,0,0,1,1,8,2,1,1,10,2,12,8,9,4,1,B,7,0,0,0,0,0,0,0,0,0,0,998,998,0,0,0,1,11,999,999,999,9999999,999,999,999,7,0,9,97,0,99,0,998,0.0,999,999,999,99.9,4.3,99.9,135.492351317884,4,5
17257,10,61,1-10-2020-061-06,6,1,2G1WT57K7913,17,20,2,2009,4,1,4,0,1,R,9,1630,5,9999,9,0,998,2,48,1,0,0,995,0,0,0,45410,9,9,3,4,2,1,2,1,1,9,0,4,0,0,1,8,0,0,1,0,11,2,15,99,1,2,4,J,68,0,0,0,0,0,0,0,0,0,0,60,315,0,0,0,1,0,999,999,999,9999999,999,999,999,9,0,99,99,0,3,0,995,9.8,998,998,998,99.8,99.8,99.8,135.492351317884,4,5
17257,10,61,1-10-2020-061-06,6,2,5J6RM4H39EL0,17,37,402,2014,14,3,14,0,1,F,1,1526,5,9999,9,5,23,2,48,1,0,0,995,0,0,0,45420,9,9,3,4,2,1,2,1,1,9,0,4,0,0,1,8,0,0,1,0,1,4,62,99,1,1,4,J,69,0,0,0,0,0,0,0,0,0,0,315,60,0,0,0,1,12,999,999,999,9999999,999,999,999,6,0,99,99,0,99,0,995,9.8,998,998,998,99.8,99.8,99.8,135.492351317884,4,5
17258,10,62,1-10-2020-062-10,10,1,2G1WW12M4W92,17,20,36,1998,2,1,3,0,1,F,9,1486,5,9999,9,0,998,2,40,1,0,0,995,0,0,0,45426,9,9,0,4,2,1,1,1,1,9,0,0,0,0,1,1,0,0,1,1,1,2,12,1,1,4,1,B,6,0,0,0,0,0,0,0,0,0,0,250,90,0,0,0,1,0,999,999,999,9999999,999,999,999,9,0,0,0,0,0,0,995,9.8,998,998,998,99.8,99.8,99.8,1657.67133797362,4,5
17258,10,62,1-10-2020-062-10,10,2,T74224236108,15,19,3,1970,4,1,5,0,2,F,9,9999,9,9999,9,0,998,,,,,,,,,,,,,,,,,,,,,,,,,,,,,,,,,,,,,,,,,,,,,,,,,,,,,,,,,,,,,,,,,,95,95,95,95,,,,,,,,,,1657.67133797362,4,5
17259,14,27,1-14-2020-027-08,8,1,3GNEC16Z54G3,17,20,422,2004,15,3,15,0,1,L,2,2244,5,9999,9,5,12,2,97,1,0,0,995,0,0,0,78070,1,9,2,4,2,1,2,2,1,9,0,0,0,0,1,2,1,9,9,0,1,2,17,99,1,1,5,L,89,0,0,0,0,0,0,0,0,0,0,270,350,0,0,0,1,12,999,999,999,9999999,999,999,999,7,0,99,99,0,8,0,995,0.0,999,999,999,1.8,2.6,3.1,595.338114967196,8,5
17259,14,27,1-14-2020-027-08,8,2,1D7HU18276S6,17,7,482,2006,34,5,31,0,1,F,1,2961,5,9999,9,5,12,2,97,1,0,0,995,0,0,0,78213,9,1,2,3,4,3,2,2,1,9,3,1,0,3,1,2,1,9,9,0,1,2,17,7,1,1,5,L,88,0,0,0,0,0,0,0,0,0,0,350,270,0,0,0,1,12,999,999,999,9999999,999,999,999,6,0,1,1,0,4,0,995,9.8,998,998,998,99.8,99.8,99.8,595.338114967196,8,5
17260,14,28,1-14-2020-028-06,6,1,1FMCU0J99EUC,17,12,402,2014,14,3,14,0,1,F,9,1635,5,9999,9,5,33,2,999,1,0,0,995,0,0,0,70011,9,9,2,4,2,1,2,1,1,9,0,2,0,0,1,8,2,9,9,0,1,2,14,99,9,4,1,C,14,0,0,0,0,0,0,0,0,0,0,998,998,0,0,0,1,12,999,999,999,9999999,999,999,999,9,0,99,99,0,99,0,998,3.9,999,999,999,7.1,99.9,99.9,1468.19339160391,8,5
17261,17,53,1-17-2020-053-04,4,1,1GCEC14X73Z3,17,20,481,2003,34,5,31,0,1,F,9,1980,5,9999,9,0,998,5,48,1,9,0,995,0,9,0,61201,9,9,2,4,2,1,2,1,1,9,0,0,0,0,1,1,2,2,9,0,11,2,15,99,1,1,4,K,76,0,0,0,0,0,0,0,0,0,0,110,70,0,0,0,1,0,999,999,999,9999999,999,999,999,9,0,95,95,95,95,0,995,9.8,998,998,998,99.8,99.8,99.8,167.965027965513,4,5
17261,17,53,1-17-2020-053-04,4,2,5XXGT4L33KG3,17,63,34,2019,4,1,4,0,1,L,9,1465,5,9999,9,0,998,2,48,1,9,0,995,0,9,0,61265,9,9,2,4,4,1,2,1,1,9,0,3,0,0,1,1,0,0,9,0,1,4,65,99,1,9,4,K,77,0,0,0,0,0,0,0,0,0,0,70,110,0,0,0,1,0,999,999,999,9999999,999,999,999,9,0,0,0,0,0,0,995,9.8,998,998,998,99.8,99.8,99.8,167.965027965513,4,5
17262,17,54,1-17-2020-054-07,7,1,1N6AD0EV1FN7,17,35,472,2015,34,5,30,0,1,T,2,2073,5,1361,3,4,11,2,113,1,9,0,995,0,9,0,68651,9,9,0,1,3,2,2,1,1,9,3,3,0,3,1,6,0,0,9,1,1,2,12,99,9,4,1,B,6,1,4,2,2,1,2,61,1,1,31,997,997,1,0,0,1,5,999,999,999,9999999,999,999,999,7,0,0,0,0,0,3,997,9.8,998,998,998,99.8,99.8,99.8,231.509792798175,4,5
17263,17,55,1-17-2020-055-07,7,1,3FA6P0H77DR2,17,12,23,2013,4,1,4,0,1,F,9,1554,5,9999,9,0,998,2,24,1,9,0,995,0,9,0,99999,9,9,0,4,2,1,2,1,1,9,0,0,0,0,3,1,0,0,9,1,1,2,12,99,9,4,1,B,6,1,2,2,2,1,4,61,1,1,999,998,998,0,0,2,1,0,999,999,999,9999999,999,999,999,9,0,0,0,0,0,3,998,0.0,999,999,999,99.9,99.9,99.9,231.509792837595,4,5
17264,17,56,1-17-2020-056-02,2,1,JTHBD192X500,17,59,35,2005,4,1,3,0,1,F,2,1490,5,9999,9,5,7,2,89,1,9,0,995,0,9,0,52722,9,9,0,4,2,1,2,1,1,9,1,4,0,0,1,1,0,0,9,1,1,2,10,99,1,2,3,G,52,0,0,0,0,0,0,0,0,0,0,290,80,0,0,0,1,12,999,999,999,9999999,999,999,999,7,0,9,97,0,8,0,995,9.8,998,998,998,99.8,99.8,99.8,57.7919638710928,4,5
17264,17,56,1-17-2020-056-02,2,2,3FA6P0H79GR1,17,12,23,2016,4,1,4,0,1,R,2,1558,5,9999,9,5,7,2,89,1,9,1,0,2,9,0,61232,1,2,0,4,2,1,2,1,1,9,1,4,0,0,1,1,0,0,9,1,1,3,54,7,1,2,3,G,52,0,0,0,0,0,0,0,0,0,0,80,290,0,0,0,1,12,999,999,999,9999999,999,999,999,7,0,1,1,0,4,0,995,9.8,998,998,998,99.8,99.8,99.8,57.7919638710928,4,5
17265,11,27,1-11-2020-027-05,5,1,2G1WC5E36C12,17,20,2,2012,4,1,4,0,1,F,2,1658,5,9999,9,5,24,2,40,1,0,0,995,0,9,9,23234,2,2,0,4,2,1,2,1,3,1,0,0,0,0,1,1,0,0,9,1,14,2,13,99,9,4,1,A,2,0,0,0,0,0,0,0,0,0,0,998,998,0,0,9,2,12,999,999,999,9999999,999,999,999,7,0,1,1,0,4,0,998,0.0,999,999,999,99.9,0.9,99.9,306.580821395586,8,5
17266,11,28,1-11-2020-028-02,2,1,1C6RR7PT9HS7,17,7,482,2017,34,5,31,0,1,F,2,2336,5,9999,9,5,4,2,97,1,0,1,0,2,0,2,23850,2,2,0,2,3,2,2,1,1,1,3,3,0,0,1,1,0,0,1,1,1,2,13,99,1,4,1,A,1,0,0,0,0,0,0,0,0,0,0,998,998,0,0,0,2,12,999,999,999,9999999,999,999,999,7,0,5,38,1,1,0,998,4.6,120,999,999,13.0,4.7,14.0,117.79897224048,8,5
17267,24,55,1-24-2020-055-10,10,1,1FAFP4047YF2,17,12,3,2000,2,1,2,0,1,F,1,1381,5,9999,9,5,15,3,72,1,0,0,995,0,0,0,08401,9,9,0,2,2,1,2,2,1,9,1,3,0,0,1,6,0,0,9,1,1,2,12,99,9,4,1,B,6,0,0,0,0,0,0,0,0,0,0,998,998,0,0,0,1,12,999,999,999,9999999,999,999,999,6,0,0,0,0,0,0,998,0.4,999,999,999,0.4,0.6,0.6,1662.42012885753,1,5
17268,24,56,1-24-2020-056-03,3,1,KNDP6CAC2L77,17,63,401,2020,14,3,14,0,1,F,9,9999,9,9999,9,5,11,2,72,1,0,0,995,0,0,0,08203,2,2,0,1,2,1,2,1,1,9,1,3,0,0,1,1,0,0,9,1,1,2,13,1,9,4,1,A,1,0,0,0,0,0,0,0,0,0,0,80,180,0,0,0,3,12,999,999,999,9999999,999,999,999,9,0,1,1,0,3,0,995,2.2,999,999,999,25.3,4.1,25.8,358.201427805996,1,5
17268,24,56,1-24-2020-056-03,3,2,4S4BTANC4L31,17,48,45,2020,5,1,3,0,2,R,9,1692,5,9999,9,0,998,,,,,,,,,,,,,,,,,,,,,,,,,,,,,,,,,,,,,,,,,,,,,,,,,,,,,,,,,,,,,,,,,,95,95,95,95,,,,,,,,,,358.201427805996,1,5
17269,24,57,1-24-2020-057-10,10,1,2FMDK38C38BA,17,12,24,2008,6,1,4,0,1,F,9,1853,5,9999,9,5,11,2,40,1,0,0,995,0,0,0,08401,9,9,2,4,2,1,2,2,1,1,0,2,0,0,2,1,1,2,9,1,1,2,13,99,9,4,1,A,1,0,0,0,0,0,0,0,0,0,0,100,70,0,0,0,1,12,999,999,999,9999999,999,999,999,9,0,0,0,0,0,0,995,9.8,998,998,998,99.8,99.8,99.8,1662.42012877328,1,5
17269,24,57,1-24-2020-057-10,10,2,5XYPG4A39KG5,17,63,402,2019,14,3,14,99,2,L,9,1728,5,9999,9,0,998,,,,,,,,,,,,,,,,,,,,,,,,,,,,,,,,,,,,,,,,,,,,,,,,,,,,,,,,,,,,,,,,,,95,95,95,95,,,,,,,,,,1662.42012877328,1,5
17270,24,58,1-24-2020-058-01,1,1,5TDZKRFH0GS1,17,49,401,2016,14,3,14,0,1,F,9,2190,5,9999,9,0,998,5,64,1,1,8,997,8,0,0,08201,9,9,0,1,2,1,2,1,1,9,1,2,0,0,1,98,0,0,9,0,1,3,51,99,9,1,2,D,24,0,0,0,0,0,0,0,0,0,0,10,10,0,0,0,1,0,999,999,999,9999999,999,999,999,9,0,95,95,95,95,0,995,9.8,998,998,998,99.8,99.8,99.8,61.5488257231871,1,5
17270,24,58,1-24-2020-058-01,1,2,5NPDH4AE0GH6,17,55,35,2016,4,1,3,0,1,F,2,1305,5,9999,9,5,21,2,64,1,0,1,0,3,0,1,08215,2,2,0,1,2,1,2,1,1,9,1,2,0,0,1,98,0,0,9,0,1,3,53,99,9,1,2,D,25,0,0,0,0,0,0,0,0,0,0,340,190,0,0,0,2,12,999,999,999,9999999,999,999,999,7,0,5,59,1,1,0,995,9.8,998,998,998,99.8,99.8,99.8,61.5488257231871,1,5
17270,24,58,1-24-2020-058-01,1,3,2HKRM4H33EH6,17,37,402,2014,14,3,14,0,1,F,3,1583,5,9999,9,5,21,2,64,1,0,0,995,0,0,0,08205,1,2,0,1,2,1,2,1,1,9,1,2,0,0,1,98,0,0,9,0,1,4,62,1,1,1,6,M,98,0,0,0,0,0,0,0,0,0,0,190,340,0,0,0,2,12,999,999,999,9999999,999,999,999,8,0,2,5,0,3,0,995,9.8,998,998,998,99.8,99.8,99.8,61.5488257231871,1,5
17271,28,28,1-28-2020-028-03,3,1,1GTG6CE3XG11,17,23,472,2016,34,5,30,0,1,F,1,2001,5,0,1,5,14,2,56,1,0,1,0,2,0,1,16901,1,2,2,4,2,1,5,1,1,2,0,0,0,0,2,1,0,0,3,0,1,2,14,99,1,4,1,C,14,0,0,0,0,0,0,0,0,0,0,998,998,0,0,0,1,12,999,999,999,9999999,999,999,999,6,0,1,1,0,3,0,998,0.0,999,999,999,99.9,99.9,99.9,34.2731829497023,3,5
17272,28,29,1-28-2020-029-04,4,1,3GNAXVEX6KS6,17,20,404,2019,14,3,14,0,1,F,1,1656,5,9999,9,5,2,2,113,1,0,0,995,0,0,0,16933,1,2,0,2,2,1,1,1,2,9,1,3,0,0,1,1,0,0,3,1,14,2,13,1,1,4,1,A,1,0,0,0,0,0,0,0,0,0,0,998,998,0,0,0,1,12,999,999,999,9999999,999,999,999,6,0,0,0,0,0,0,998,1.7,999,999,999,0.0,0.0,0.0,47.2583960878217,3,5
17273,52,59,1-52-2020-059-04,4,1,999999999999,99,49,442,2008,20,4,20,99,1,F,9,1980,5,9999,9,0,998,5,40,1,0,0,995,0,0,0,80229,9,9,2,4,3,2,2,1,1,1,1,2,0,0,1,2,1,2,9,0,1,2,17,99,9,1,5,L,86,0,0,0,0,0,0,0,0,0,0,185,270,0,0,0,1,0,999,999,999,9999999,999,999,999,9,0,95,95,95,95,0,995,9.8,998,998,998,99.8,99.8,99.8,95.1797918374113,12,5
17273,52,59,1-52-2020-059-04,4,2,1FM5K8D84JGC,17,12,401,2018,14,3,14,0,1,R,3,2146,5,0,2,5,19,2,40,1,0,0,995,0,0,0,59102,1,2,2,3,3,1,2,1,1,1,1,0,0,0,1,2,1,2,1,0,1,4,66,1,1,1,5,L,87,0,0,0,0,0,0,0,0,0,0,270,185,0,0,0,1,12,999,999,999,9999999,999,999,999,8,0,0,0,0,0,0,995,9.8,998,998,998,99.8,99.8,99.8,95.1797918374113,12,5
17273,52,59,1-52-2020-059-04,4,3,2C3CDXHG8CH1,17,7,24,2012,4,1,5,99,1,R,9,1797,5,9999,9,0,998,5,40,1,0,0,995,0,0,0,59034,9,9,2,3,3,2,2,1,1,1,1,1,0,0,1,2,1,2,9,0,1,4,61,99,9,1,6,M,98,0,0,0,0,0,0,0,0,0,0,270,270,0,0,0,2,0,999,999,999,9999999,999,999,999,9,0,95,95,95,95,0,995,9.8,998,998,998,99.8,99.8,99.8,95.1797918374113,12,5
17274,52,60,1-52-2020-060-04,4,1,1GKS2CKJ7JR2,17,23,421,2018,15,3,15,0,1,R,2,2606,5,9999,9,5,13,2,56,1,0,0,995,0,0,0,59035,9,9,2,4,2,1,2,1,1,9,0,1,0,0,1,8,2,2,9,0,11,2,17,99,1,1,4,K,84,0,0,0,0,0,0,0,0,0,0,160,45,0,0,0,1,12,999,999,999,9999999,999,999,999,7,0,0,0,0,0,0,995,9.8,998,998,998,99.8,99.8,99.8,95.1797918374113,12,5
17274,52,60,1-52-2020-060-04,4,2,1C4PJMAB8EW2,17,2,404,2014,14,3,14,99,1,F,2,1712,5,0,2,5,12,2,56,1,0,0,995,0,0,0,59106,1,2,2,1,7,4,2,1,1,9,0,1,0,0,1,8,0,0,9,0,11,4,66,1,1,1,4,K,84,0,0,0,0,0,0,0,0,0,0,45,160,0,0,0,1,12,999,999,999,9999999,999,999,999,7,0,1,1,0,6,0,995,9.8,998,998,998,99.8,99.8,99.8,95.1797918374113,12,5
17275,52,61,1-52-2020-061-08,8,1,1GKDT13S6421,17,23,401,2004,14,3,14,99,1,R,9,2243,5,9999,9,0,998,2,56,1,0,0,995,0,0,0,59101,9,9,2,4,2,1,2,1,1,9,0,2,0,0,3,1,2,2,9,0,1,2,17,99,9,1,5,L,87,0,0,0,0,0,0,0,0,0,0,150,55,0,0,0,1,0,999,999,999,9999999,999,999,999,9,0,1,1,0,3,0,995,9.8,998,998,998,99.8,99.8,99.8,23.5686764227596,12,5
17275,52,61,1-52-2020-061-08,8,2,2GTFK29K0S15,17,23,481,1995,34,5,31,99,1,F,9,1937,5,9999,9,0,998,2,56,1,0,0,995,0,0,0,59101,9,9,2,3,4,99,2,1,1,9,9,9,0,0,3,1,0,0,9,0,1,4,66,99,9,1,5,L,86,0,0,0,0,0,0,0,0,0,0,55,150,0,0,0,1,0,999,999,999,9999999,999,999,999,9,0,99,99,0,99,0,995,9.8,998,998,998,99.8,99.8,99.8,23.5686764227596,12,5
17276,52,62,1-52-2020-062-09,9,1,1G1JC5244X71,17,20,16,1999,4,1,2,0,1,F,3,1193,5,9999,9,5,9,2,40,1,9,9,998,8,9,9,59102,9,9,2,4,2,1,2,1,1,9,0,0,0,0,1,1,2,2,9,1,1,2,12,99,9,4,1,B,6,0,0,0,0,0,0,0,0,0,0,998,998,0,0,0,3,12,999,999,999,9999999,999,999,999,8,0,1,2,0,6,0,998,0.0,120,999,999,0.0,0.0,0.0,185.100835237945,12,5
17277,48,26,1-48-2020-026-08,8,1,5TEHN72NX4Z3,17,49,472,2004,34,5,30,0,1,T,3,1681,5,9999,9,5,17,2,999,1,1,8,997,8,9,9,84015,9,9,0,4,2,1,5,1,2,9,0,0,0,0,1,1,0,0,9,1,14,1,6,8,4,4,1,B,7,1,7,2,2,1,4,61,1,1,38,997,997,0,0,0,1,6,999,999,999,9999999,999,999,999,8,0,3,17,1,3,3,997,9.8,998,998,998,99.8,99.8,99.8,99.1200127194786,12,5
17279,16,40,1-16-2020-040-02,2,1,JA4AP3AUXKU0,17,52,404,2019,14,3,14,0,1,R,2,1610,5,9999,9,5,49,2,56,1,8,0,995,0,7,0,45237,2,9,2,4,5,2,2,2,1,1,1,1,0,0,1,2,1,2,9,0,1,2,17,99,1,1,5,L,87,0,0,0,0,0,0,0,0,0,0,180,80,0,0,0,1,98,999,999,999,9999999,999,999,999,7,0,1,1,0,8,0,995,0.0,999,999,999,3.4,5.0,3.7,27.91178593674,5,5
17279,16,40,1-16-2020-040-02,2,2,5NPE34AF4GH4,17,55,33,2016,4,1,4,0,1,F,2,1475,5,9999,9,5,27,2,56,1,8,0,995,0,7,0,45239,9,9,2,4,5,2,2,2,1,1,1,1,0,0,1,2,1,2,1,0,1,4,66,99,1,1,5,L,86,0,0,0,0,0,0,0,0,0,0,80,180,0,0,0,1,98,999,999,999,9999999,999,999,999,7,0,99,99,0,99,0,995,9.8,998,998,998,99.8,99.8,99.8,27.91178593674,5,5
17279,16,40,1-16-2020-040-02,2,3,WVWAK73C38P0,17,30,46,2008,4,1,3,0,1,L,2,1499,5,9999,9,5,27,2,56,1,8,0,995,0,7,0,45224,9,9,2,4,5,2,2,2,1,1,2,1,0,0,1,2,1,2,1,0,5,4,62,99,1,1,6,M,98,0,0,0,0,0,0,0,0,0,0,5,205,0,0,0,2,98,999,999,999,9999999,999,999,999,7,0,99,99,0,99,0,995,9.8,998,998,998,99.8,99.8,99.8,27.91178593674,5,5
17280,16,41,1-16-2020-041-05,5,1,KNDJT2A55D75,17,63,37,2013,6,1,2,0,1,F,2,1220,5,9999,9,5,7,2,48,1,0,0,995,0,0,0,45229,9,9,0,4,4,2,2,2,2,9,3,2,0,0,1,2,0,0,1,1,14,2,10,99,1,2,3,G,50,0,0,0,0,0,0,0,0,0,0,30,220,0,0,0,1,5,999,999,999,9999999,999,999,999,7,0,9,0,0,8,0,995,9.8,998,998,998,99.8,99.8,99.8,37.3332539626216,5,5
17280,16,41,1-16-2020-041-05,5,2,1M1AN07Y4AM0,17,86,881,2010,66,8,68,0,1,F,9,,,,,,,2,48,1,0,0,995,0,0,0,45209,9,9,0,4,4,2,2,2,3,9,3,2,0,0,1,2,0,0,1,0,14,4,62,99,1,1,3,G,51,,,,,,,,,,,,,,,,,,,,,,,,,,,95,95,95,95,,,9.8,998,998,998,99.8,99.8,99.8,37.3332539626216,5,5
17282,59,15,1-59-2020-015-08,8,1,1D7HU18D15S2,17,7,482,2005,34,5,31,0,1,L,2,9999,9,0,2,5,6,2,72,1,0,0,995,0,0,0,47840,9,9,2,1,4,2,2,1,1,1,1,3,0,2,1,1,1,2,2,0,1,2,17,1,1,1,5,L,89,0,0,0,0,0,0,0,0,0,0,0,95,0,0,0,1,12,999,999,999,9999999,999,999,999,7,0,0,0,0,0,0,995,9.8,998,998,998,99.8,99.8,99.8,90.4216840573813,6,5
17282,59,15,1-59-2020-015-08,8,2,5NPEU46F66H0,17,55,33,2006,4,1,3,0,1,F,2,1569,5,0,2,5,6,2,64,1,0,0,995,0,0,0,47802,1,9,2,4,3,1,2,1,1,1,1,1,0,0,1,1,1,2,2,0,1,4,66,1,1,1,5,L,88,0,0,0,0,0,0,0,0,0,0,95,0,0,0,0,1,12,999,999,999,9999999,999,999,999,7,0,1,1,0,4,0,995,9.8,998,998,998,99.8,99.8,99.8,90.4216840573813,6,5
17283,59,16,1-59-2020-016-03,3,1,3C4NJDCB9KT6,17,2,1,2019,6,1,2,0,1,F,9,1444,5,9999,9,5,6,2,64,1,0,1,0,3,0,2,47805,1,9,0,4,2,1,2,2,1,9,1,2,0,0,2,2,0,0,1,1,1,2,13,8,1,4,1,A,3,0,0,0,0,0,0,0,0,0,0,998,998,0,0,5,1,12,999,999,999,9999999,999,999,999,9,0,99,99,0,2,0,998,0.1,999,999,999,21.5,4.6,22.2,112.549160741212,6,5
17284,32,55,1-32-2020-055-01,1,1,2B3CA3CV3AH2,17,7,24,2010,4,1,5,0,1,F,9,1719,5,9999,9,0,998,2,80,1,0,0,995,0,0,0,75217,2,2,0,3,2,1,1,1,1,4,0,3,0,0,3,1,0,0,9,1,1,1,9,1,9,4,1,A,2,0,0,0,0,0,0,0,0,0,0,998,998,0,0,0,1,0,999,999,999,9999999,999,999,999,9,0,6,75,1,1,0,998,0.0,999,999,999,17.0,6.7,18.6,35.2384160764921,7,5
17285,32,56,1-32-2020-056-03,3,1,1D7HA18D05J5,17,7,482,2005,34,5,31,0,1,F,9,2314,5,9999,9,0,998,5,56,1,0,0,995,0,0,0,75228,9,9,2,4,2,1,1,1,1,9,0,0,0,0,1,1,2,2,9,0,1,2,17,99,1,1,5,L,86,0,0,0,0,0,0,0,0,0,0,90,180,0,0,0,1,0,999,999,999,9999999,999,999,999,9,0,95,95,95,95,0,995,0.0,999,999,999,6.1,4.5,7.8,476.522740129151,7,5
17285,32,56,1-32-2020-056-03,3,2,3HGGK5H41JM7,17,37,39,2018,5,1,1,0,1,R,1,1131,5,9999,9,5,16,2,56,1,0,1,0,2,0,0,75228,1,2,2,1,4,3,1,1,1,9,3,1,0,0,1,1,0,0,1,0,1,4,66,1,1,1,5,L,87,0,0,0,0,0,0,0,0,0,0,180,90,0,0,0,1,12,999,999,999,9999999,999,999,999,6,0,1,3,0,3,0,995,9.8,998,998,998,99.8,99.8,99.8,476.522740129151,7,5
17286,32,57,1-32-2020-057-06,6,1,5LMCJ1A90FUJ,17,13,402,2015,14,3,14,0,1,L,1,1798,5,9999,9,5,13,2,48,1,0,0,995,0,0,0,75214,2,2,0,4,2,1,2,1,1,9,0,0,0,0,3,1,0,0,9,1,1,2,13,99,1,4,1,C,11,1,1,2,5,7,1,2,3,2,999,997,997,0,0,0,2,6,999,999,999,9999999,999,999,999,6,0,9,97,0,5,1,997,9.8,998,998,998,99.8,99.8,99.8,789.832504293821,7,5
17286,32,57,1-32-2020-057-06,6,2,3VWRF31Y97M4,17,30,47,2007,1,1,1,0,2,B,1,1435,5,9999,9,5,21,,,,,,,,,,,,,,,,,,,,,,,,,,,,,,,,,,,,,,,,,,,,,,,,,,,,,,,,,,,,,,,,,,95,95,95,95,,,,,,,,,,789.832504293821,7,5
17287,32,58,1-32-2020-058-04,4,1,1N4AA6AV0KC3,17,35,39,2019,4,1,4,0,1,F,1,1627,5,9999,9,5,8,2,72,1,0,0,995,0,0,0,75052,1,1,2,1,2,1,2,1,1,9,0,1,0,0,1,1,1,2,9,0,1,2,17,99,1,1,4,K,83,0,0,0,0,0,0,0,0,0,0,180,70,0,0,0,1,12,999,999,999,9999999,999,999,999,6,0,0,0,0,0,0,995,9.8,998,998,998,99.8,99.8,99.8,1395.91395097108,7,5
17287,32,58,1-32-2020-058-04,4,2,3N1BC1CP8AL4,17,35,50,2010,5,1,2,0,1,L,1,1235,5,9999,9,5,8,2,72,1,0,0,995,0,0,0,75051,1,1,2,1,2,2,2,1,1,9,1,0,0,0,1,1,1,2,9,0,11,4,62,99,1,1,4,K,82,0,0,0,0,0,0,0,0,0,0,70,180,0,0,0,1,98,999,999,999,9999999,999,999,999,6,0,2,4,0,3,0,995,9.8,998,998,998,99.8,99.8,99.8,1395.91395097108,7,5
17288,29,58,1-29-2020-058-10,10,1,1N4AL11D06N3,17,35,47,2006,4,1,4,0,1,F,9,1378,5,9999,9,0,998,2,40,1,1,0,995,0,0,0,02703,9,9,0,3,1,1,2,1,3,9,1,2,0,0,3,1,6,9,9,1,14,2,13,99,9,4,1,A,1,0,0,0,0,0,0,0,0,0,0,998,998,0,0,9,3,0,999,999,999,9999999,999,999,999,9,0,0,0,0,0,0,998,0.8,999,999,999,0.0,0.0,0.0,37.8962656643792,2,5
17289,29,59,1-29-2020-059-10,10,1,JTMRF4DV6A50,17,49,402,2010,14,3,14,0,1,F,9,1579,5,9999,9,0,998,2,56,1,0,0,995,0,0,0,02703,9,9,3,4,2,1,2,1,1,9,0,0,0,0,1,8,0,0,9,0,11,2,15,99,1,1,4,K,76,0,0,0,0,0,0,0,0,0,0,270,230,0,0,0,1,0,999,999,999,9999999,999,999,999,9,0,0,0,0,0,0,995,9.8,998,998,998,99.8,99.8,99.8,37.8962656643792,2,5