CASEID,PSU,CASENO,CASENUMBER,CATEGORY,VEHNO,VIN,VINLENGTH,MAKE,MODEL,MODELYR,BODYTYPE,BODYCAT,VEHCLASS,SPECUSE,TRANSTAT,DAMPLANE,DAMSEV,CURBWT,CURBSRC,CARGOWT,CARGOSRC,INSPTYPE,INSPLAG,TOWED,SPEEDLIMIT,DRPRESENT,PARALCOHOL,ALCTEST,ALCTESTRESULT,ALCTESTSRC,PARDRUG,DRUGTEST,ZIP,RACE,ETHNICITY,RELTOJUNCT,TRAFFLOW,RDLANES,INITLANE,SURFTYPE,SURFCOND,ALIGNMENT,PROFILE,LINERIGHT,LINELEFT,RUMBINIT,RUMBROAD,LIGHTCOND,WEATHER,TRAFDEV,TRAFFUNCT,DISTRACT,PREFHE,PREMOVE,CRITCAT,CRITEVENT,MANEUVER,PRESTAB,PRELOC,CRASHCAT,CRASHCONF,CRASHTYPE,ROLLTYPE,ROLLTURN,ROLLINTRPT,ROLLPREMAN,ROLLINITYP,ROLLINLOC,ROLLOBJ,ROLLTRIP,ROLLDIR,ROLLDIST,DVANGTHIS,DVANGOTH,TOWHITCH,TRAJDOC,TREEPOLE,DVEVENT,DVBASIS,DVTOTAL,DVLONG,DVLAT,DVENERGY,DVSPEED,DVMOMENT,DVBES,DVEST,DVCONF,VAIS,VISS,VINJURED,VTREAT,INITOBJCLASS,HEADANGLECAT,SHLDRWIDTH,STRKLENGTH,STRKWIDTH,STRKHEIGHT,EDGEDISTX,EDGEDISTY,EDGEDISTZ,CASEWGT,PSUSTRAT,VERSION
17387,21,48,1-21-2020-048-05,5,2,5PVNJ8JV4L4S,17,98,806,2020,62,8,60,0,1,B,9,,,,,,,5,113,1,0,0,995,0,0,0,89102,9,9,0,1,2,1,2,1,1,9,1,3,2,3,1,1,0,0,1,0,1,3,53,1,1,1,2,D,25,,,,,,,,,,,,,,,,,,,,,,,,,,,95,95,95,95,,,9.8,998,998,998,99.8,99.8,99.8,31.5795971995564,11,5
17388,21,49,1-21-2020-049-06,6,1,1FUJBBCKX8LA,17,82,881,2008,66,8,68,0,1,F,9,,,,,,,2,89,1,0,0,995,0,0,0,92374,9,9,1,3,1,1,2,1,1,9,1,1,0,0,1,1,0,0,9,0,1,3,52,8,1,1,2,D,28,,,,,,,,,,,,,,,,,,,,,,,,,,,95,95,95,95,,,2.8,999,999,999,41.7,12.0,43.4,101.316976676537,11,5
17388,21,49,1-21-2020-049-06,6,2,1GNKRGKD6FJ3,17,20,423,2015,15,3,15,0,1,B,9,2107,5,9999,9,0,998,2,105,1,0,0,995,0,0,0,92324,9,9,1,3,1,1,2,1,1,9,1,1,0,0,1,1,0,0,9,0,2,3,53,1,1,1,2,D,29,0,0,0,0,0,0,0,0,0,0,90,95,0,0,0,1,0,999,999,999,9999999,999,999,999,9,0,1,1,0,4,0,995,9.8,998,998,998,99.8,99.8,99.8,101.316976676537,11,5
17389,21,50,1-21-2020-050-07,7,1,1C4RDHDG7EC2,17,7,422,2014,15,3,15,0,1,F,1,2194,8,0,2,5,6,2,105,1,0,0,995,0,0,0,91761,9,1,0,2,5,4,1,1,1,9,3,1,0,0,1,1,0,0,9,1,15,2,10,99,1,2,2,F,47,0,0,0,0,0,0,0,0,0,0,998,998,0,0,0,2,12,999,999,999,9999999,999,999,999,6,0,0,0,0,0,0,998,3.5,999,999,999,0.0,0.0,0.0,317.667248493613,11,5
17389,21,50,1-21-2020-050-07,7,2,5TFRT54187X0,17,49,482,2007,34,5,31,0,1,R,9,2375,5,9999,9,0,998,5,105,1,0,0,995,0,0,0,92324,9,9,0,2,5,5,1,1,1,9,1,2,0,0,1,1,0,0,9,0,1,4,61,1,1,1,2,F,45,0,0,0,0,0,0,0,0,0,0,270,265,0,0,0,1,0,999,999,999,9999999,999,999,999,9,0,95,95,95,95,0,995,9.8,998,998,998,99.8,99.8,99.8,317.667248493613,11,5
17390,16,43,1-16-2020-043-10,10,1,4T1BF18B5WU2,17,49,43,1998,4,1,3,0,1,F,9,1560,5,9999,9,5,14,2,48,1,8,0,995,0,7,0,45202,9,9,0,4,2,1,2,1,3,9,0,2,0,0,1,1,0,0,1,1,14,2,13,99,1,4,1,C,11,0,0,0,0,0,0,0,0,0,0,130,120,0,0,0,1,12,999,999,999,9999999,999,999,999,9,0,0,0,0,0,0,995,9.9,999,999,999,0.0,0.0,0.0,2201.88780630296,5,5
17390,16,43,1-16-2020-043-10,10,2,JM1BM1M33E11,17,41,51,2014,5,1,3,0,2,B,9,1375,5,9999,9,0,998,,,,,,,,,,,,,,,,,,,,,,,,,,,,,,,,,,,,,,,,,,,,,,,,,,,,,,,,,,,,,,,,,,95,95,95,95,,,,,,,,,,2201.88780630296,5,5
17391,16,44,1-16-2020-044-06,6,1,999999999999,99,99,399,9999,9,1,9,99,1,F,9,9999,9,9999,9,0,998,5,56,1,0,0,995,0,0,0,99999,9,9,2,4,3,1,2,2,1,9,0,1,0,0,3,8,1,2,9,0,1,2,17,99,1,1,5,L,88,0,0,0,0,0,0,0,0,0,0,90,10,0,0,0,1,0,999,999,999,9999999,999,999,999,9,0,95,95,95,95,0,995,9.8,998,998,998,99.8,99.8,99.8,176.558238791762,5,5
17391,16,44,1-16-2020-044-06,6,2,1N4BL2AP0CC1,17,35,47,2012,4,1,4,0,1,L,2,1526,5,9999,9,5,31,2,56,1,0,0,995,0,0,0,45224,2,9,2,1,4,2,2,2,1,9,1,3,0,0,3,8,1,2,1,0,1,4,66,99,1,1,5,L,89,0,0,0,0,0,0,0,0,0,0,10,90,0,0,0,1,12,999,999,999,9999999,999,999,999,7,0,9,97,0,8,0,995,0.0,999,999,999,99.9,99.9,99.9,176.558238791762,5,5
17392,16,45,1-16-2020-045-07,7,1,2G1WB5E39E11,17,20,2,2014,4,1,4,0,1,F,2,1754,5,9999,9,5,13,2,56,1,0,0,995,0,0,0,45229,9,9,0,1,3,3,2,1,1,9,3,0,0,0,1,1,0,0,1,0,1,3,50,99,1,1,2,D,20,0,0,0,0,0,0,0,0,0,0,110,110,0,0,0,1,5,999,999,999,9999999,999,999,999,3,0,99,99,0,99,0,995,9.8,998,998,998,99.8,99.8,99.8,508.630128680138,5,5
17392,16,45,1-16-2020-045-07,7,2,1GCNCPEH9EZ3,17,20,481,2014,34,5,31,0,1,B,2,1990,5,9999,9,5,41,5,56,1,0,0,995,0,0,0,41075,9,9,0,1,3,3,2,1,1,9,3,0,0,0,1,1,0,0,3,0,5,3,53,99,1,1,2,D,21,0,0,0,0,0,0,0,0,0,0,110,110,0,0,0,1,12,999,999,999,9999999,999,999,999,3,0,95,95,95,95,0,995,9.8,998,998,998,99.8,99.8,99.8,508.630128680138,5,5
17393,26,62,1-26-2020-062-04,4,1,4T1B11HK8JU5,17,49,40,2018,4,1,4,0,1,F,1,1470,5,9999,9,5,14,2,56,1,0,0,995,0,0,0,95821,1,9,0,5,5,2,2,1,1,9,3,2,0,0,1,1,0,0,3,1,1,2,13,1,1,4,1,A,1,0,0,0,0,0,0,0,0,0,0,998,998,0,0,0,1,12,999,999,999,9999999,999,999,999,6,0,0,0,0,0,0,998,0.0,999,999,999,99.9,99.9,99.9,1352.05716083061,10,5
17394,26,63,1-26-2020-063-02,2,1,3MZBN1W3XJM2,17,41,51,2018,4,1,3,0,1,F,2,1383,5,9999,9,5,10,2,64,1,1,8,997,8,0,2,95834,1,2,0,4,2,1,2,1,1,1,0,0,0,0,3,1,0,0,1,1,1,2,14,2,9,4,1,C,14,0,0,0,0,0,0,0,0,0,0,998,998,0,0,0,3,12,999,999,999,9999999,999,999,999,7,0,2,5,0,3,0,998,0.0,999,999,999,0.0,0.0,0.0,24.5416826327623,10,5
17395,26,64,1-26-2020-064-06,6,1,1GCHK23G84F1,17,20,481,2004,34,5,31,99,1,R,9,2668,5,227,2,0,998,2,105,1,0,0,995,0,0,0,95758,1,2,0,2,5,3,2,1,1,9,3,3,0,0,2,1,0,0,1,1,1,3,50,3,9,2,2,D,32,0,0,0,0,0,0,0,0,0,0,25,35,0,0,0,1,0,999,999,999,9999999,999,999,999,9,0,0,0,0,0,0,995,9.8,998,998,998,99.8,99.8,99.8,545.123593916512,10,5
17395,26,64,1-26-2020-064-06,6,2,JALC4W162J70,17,38,890,2018,64,8,60,99,1,F,9,,,,,,,2,105,1,0,0,995,0,0,0,95834,9,9,0,2,5,3,2,1,1,9,3,3,0,0,2,1,0,0,1,0,1,3,50,7,9,1,6,M,98,,,,,,,,,,,,,,,,,,,,,,,,,,,95,95,95,95,,,9.8,998,998,998,99.8,99.8,99.8,545.123593916512,10,5
17395,26,64,1-26-2020-064-06,6,3,5UXWX9C52D0A,17,34,402,2013,14,3,14,0,1,B,2,1865,5,9999,9,5,30,2,105,1,0,0,995,0,0,0,95661,1,1,0,2,5,3,2,1,1,9,3,3,0,0,2,1,0,0,1,0,5,3,53,1,1,1,2,D,32,0,0,0,0,0,0,0,0,0,0,50,30,0,0,0,2,5,999,999,999,9999999,999,999,999,7,0,1,1,0,0,0,995,9.8,998,998,998,99.8,99.8,99.8,545.123593916512,10,5
17396,26,65,1-26-2020-065-02,2,1,2C3CDZAGXHH5,17,7,28,2017,2,1,5,0,1,F,3,1785,5,9999,9,5,20,2,64,1,0,1,60,2,0,2,95860,1,1,0,1,3,2,2,1,1,9,3,3,0,0,3,1,0,0,9,1,1,1,1,99,9,4,3,G,50,0,0,0,0,0,0,0,0,0,0,340,180,0,0,0,1,12,999,999,999,9999999,999,999,999,8,0,3,17,1,3,0,995,9.8,998,998,998,99.8,99.8,99.8,24.5416826327623,10,5
17396,26,65,1-26-2020-065-02,2,2,2C4RC1BGXCR2,17,6,441,2012,20,4,20,0,1,F,3,2115,5,0,2,5,10,2,64,1,0,1,0,2,0,1,95757,1,2,0,1,3,3,2,1,1,9,3,0,0,0,3,1,0,0,1,0,1,4,62,1,1,1,3,G,51,0,0,0,0,0,0,0,0,0,0,180,340,0,0,0,1,12,999,999,999,9999999,999,999,999,8,0,3,11,1,3,0,995,9.8,998,998,998,99.8,99.8,99.8,24.5416826327623,10,5
17397,15,37,1-15-2020-037-07,7,1,KMHHT6KD9BU0,17,55,41,2011,2,1,4,0,1,L,2,1498,5,0,2,5,5,2,48,1,8,9,998,8,7,9,32730,2,2,2,4,2,1,2,2,1,1,0,0,0,0,3,2,0,0,1,0,11,2,15,1,1,1,4,K,82,0,0,0,0,0,0,0,0,0,0,345,100,0,0,0,1,5,999,999,999,9999999,999,999,999,7,0,0,0,0,0,0,995,9.8,998,998,998,99.8,99.8,99.8,8.67089338640086,1,5
17397,15,37,1-15-2020-037-07,7,2,999999999999,99,12,999,2003,99,10,99,0,2,F,9,,,,,,,,,,,,,,,,,,,,,,,,,,,,,,,,,,,,,,,,,,,,,,,,,,,,,,,,,,,,,,,,,,,,,,,,95,95,95,95,,,,,,,,,,8.67089338640086,1,5
17398,30,42,1-30-2020-042-01,1,1,1FAHP3FN3AW1,17,12,37,2010,4,1,2,0,1,F,3,1225,5,9999,9,4,14,2,105,1,0,0,995,0,0,2,85302,9,9,1,3,1,1,1,1,3,9,1,2,0,0,1,1,6,2,9,1,14,2,13,99,1,4,1,A,1,1,2,2,5,6,4,58,3,2,12,998,998,0,0,0,1,12,999,999,999,9999999,999,999,999,8,0,5,30,1,1,3,998,5.0,999,999,999,0.0,0.0,0.0,31.3516018532609,10,5
17399,30,43,1-30-2020-043-03,3,1,1FTYR2XM0HKB,17,12,462,2017,21,4,21,0,1,F,9,2268,5,9999,9,0,998,2,89,1,0,0,995,0,0,0,85008,7,1,0,2,4,1,2,1,1,1,1,3,0,0,1,1,0,0,1,0,1,3,50,2,1,1,2,D,20,0,0,0,0,0,0,0,0,0,0,285,285,0,0,0,1,0,999,999,999,9999999,999,999,999,9,0,99,99,0,99,0,995,9.8,998,998,998,99.8,99.8,99.8,403.321128495786,10,5
17399,30,43,1-30-2020-043-03,3,2,1GCEC14W4WZ2,17,20,481,1998,34,5,31,0,1,B,1,1790,5,9999,9,5,17,2,89,1,0,0,995,0,0,0,85120,9,9,0,2,4,1,2,1,1,1,1,3,0,0,1,1,0,0,1,0,5,3,53,1,1,1,2,D,21,0,0,0,0,0,0,0,0,0,0,285,285,0,0,0,1,12,999,999,999,9999999,999,999,999,6,0,99,99,0,99,0,995,9.8,998,998,998,99.8,99.8,99.8,403.321128495786,10,5
17400,30,44,1-30-2020-044-04,4,1,JF2SJADC1GH5,17,48,401,2016,14,3,14,0,1,R,2,1498,5,0,2,5,10,2,56,1,0,0,995,0,0,0,85016,1,2,2,1,4,2,2,1,1,1,3,3,0,0,1,1,1,9,1,0,1,2,17,7,1,1,5,L,87,0,0,0,0,0,0,0,0,0,0,85,0,0,0,0,1,12,999,999,999,9999999,999,999,999,7,0,0,0,0,0,0,995,9.8,998,998,998,99.8,99.8,99.8,1448.01828759949,10,5
17400,30,44,1-30-2020-044-04,4,2,5N1ED28Y21C5,17,35,402,2001,14,3,14,0,1,F,9,9999,9,9999,9,0,998,2,56,1,0,0,995,0,0,0,85020,9,9,2,4,6,2,2,1,1,1,3,3,0,0,1,1,1,9,9,0,1,4,66,99,1,1,5,L,86,0,0,0,0,0,0,0,0,0,0,0,85,0,0,0,1,0,999,999,999,9999999,999,999,999,9,0,0,0,0,0,0,995,9.8,998,998,998,99.8,99.8,99.8,1448.01828759949,10,5
17401,19,58,1-19-2020-058-09,9,1,1GKES16S7561,17,23,401,2005,14,3,14,0,1,R,9,2165,5,9999,9,0,998,2,56,1,0,0,995,0,0,0,35952,1,9,0,4,2,1,2,1,2,4,0,0,0,0,1,1,0,0,9,1,14,1,6,99,2,4,1,B,7,0,0,0,0,0,0,0,0,0,0,998,998,0,0,0,1,0,999,999,999,9999999,999,999,999,9,0,1,2,0,4,0,998,0.0,999,999,999,99.9,99.9,99.9,263.129229926871,9,5
17402,19,59,1-19-2020-059-06,6,1,4T1FA38P06U0,17,49,44,2006,1,1,3,0,1,F,2,1625,5,9999,9,5,15,2,40,1,0,0,995,0,0,0,35903,1,9,2,4,2,1,2,1,1,9,0,2,0,0,1,8,1,2,9,0,1,4,62,99,9,1,4,J,69,0,0,0,0,0,0,0,0,0,0,185,320,0,0,0,1,12,999,999,999,9999999,999,999,999,7,0,0,0,0,0,0,995,9.8,998,998,998,99.8,99.8,99.8,95.286143069403,9,5
17402,19,59,1-19-2020-059-06,6,2,JN8AS5MT6FW6,17,35,51,2015,6,1,3,0,1,F,2,1550,5,0,2,5,16,2,40,1,0,0,995,0,0,0,35956,1,2,2,4,3,2,2,1,3,1,1,2,0,0,1,8,1,2,2,0,11,2,15,1,9,1,4,J,68,0,0,0,0,0,0,0,0,0,0,320,185,0,0,0,1,12,999,999,999,9999999,999,999,999,7,0,1,1,0,4,0,995,9.8,998,998,998,99.8,99.8,99.8,95.286143069403,9,5
17403,19,60,1-19-2020-060-06,6,1,KL4CJDSB7FB0,17,18,404,2015,14,3,14,0,1,R,1,1468,5,9999,9,5,4,2,56,1,0,0,995,0,0,0,35950,1,2,2,1,5,2,2,1,1,2,3,1,0,0,1,1,1,2,3,0,1,2,17,1,1,1,5,L,90,0,0,0,0,0,0,0,0,0,0,270,230,0,0,0,1,12,999,999,999,9999999,999,999,999,6,0,0,0,0,0,0,995,9.8,998,998,998,99.8,99.8,99.8,95.286143069403,9,5
17403,19,60,1-19-2020-060-06,6,2,1G1PE5SB6F71,17,20,25,2015,4,1,3,0,1,L,1,1399,5,9999,9,5,4,2,40,1,0,0,995,0,0,0,35954,2,9,2,4,4,2,2,1,1,4,0,2,0,0,1,1,1,2,9,0,1,4,66,99,1,1,5,L,90,0,0,0,0,0,0,0,0,0,0,230,270,0,0,0,1,12,999,999,999,9999999,999,999,999,6,0,9,97,0,8,0,995,9.8,998,998,998,99.8,99.8,99.8,95.286143069403,9,5
17404,19,61,1-19-2020-061-03,3,1,2GCEC19T4111,17,20,481,2001,34,5,31,0,1,F,9,1980,5,9999,9,0,998,5,40,1,0,0,995,0,0,0,35906,9,9,2,4,2,1,2,1,1,9,1,2,0,0,1,8,2,2,2,0,11,2,15,99,1,1,4,K,76,0,0,0,0,0,0,0,0,0,0,80,355,0,0,0,1,0,999,999,999,9999999,999,999,999,9,0,95,95,95,95,0,995,9.8,998,998,998,99.8,99.8,99.8,47.1040871022927,9,5
17404,19,61,1-19-2020-061-03,3,2,1N4AA6AP8GC3,17,35,39,2016,4,1,4,0,1,L,1,1617,5,0,2,5,14,2,72,1,0,0,995,0,0,0,35907,1,2,2,4,2,1,2,1,1,9,1,2,2,2,1,8,0,0,1,0,3,4,65,10,1,1,4,K,77,0,0,0,0,0,0,0,0,0,0,355,80,0,0,0,1,12,999,999,999,9999999,999,999,999,6,0,0,0,0,0,0,995,9.8,998,998,998,99.8,99.8,99.8,47.1040871022927,9,5
17405,66,26,1-66-2020-026-06,6,1,3FADP4EJ8DM1,17,12,32,2013,5,1,1,0,1,F,1,1170,5,9999,9,5,45,2,80,1,0,9,998,8,7,9,65646,9,9,2,4,2,1,2,1,1,1,0,0,0,0,1,1,2,9,9,1,1,2,14,99,1,4,1,C,14,0,0,0,0,0,0,0,0,0,0,998,998,0,0,0,1,12,999,999,999,9999999,999,999,999,6,0,99,99,0,99,0,998,0.0,999,999,999,99.9,99.9,99.9,455.44546145936,6,5
17406,66,27,1-66-2020-027-08,8,1,5TDBT48A35S2,17,49,422,2005,15,3,15,0,1,T,3,2390,5,9999,9,5,143,2,89,1,9,0,995,0,7,0,65604,9,9,0,4,2,1,2,1,3,1,1,2,2,3,1,1,0,0,9,1,14,2,13,8,1,4,1,A,3,1,6,2,2,1,4,61,1,1,999,997,997,0,0,0,1,6,999,999,999,9999999,999,999,999,8,0,3,14,1,3,3,997,9.9,999,999,999,99.9,99.9,99.9,180.88208367752,6,5
17407,18,27,1-18-2020-027-04,4,1,5XYPG4A3XJG3,17,63,402,2018,14,3,14,0,1,F,1,1680,5,0,1,5,16,2,56,1,0,0,995,0,0,0,54701,1,2,2,1,5,2,1,1,1,1,1,3,0,0,1,1,1,2,1,0,1,2,17,3,1,1,5,L,88,0,0,0,0,0,0,0,0,0,0,320,225,0,0,0,1,12,999,999,999,9999999,999,999,999,6,0,1,1,0,0,0,995,9.8,998,998,998,99.8,99.8,99.8,246.306242081972,6,5
17407,18,27,1-18-2020-027-04,4,2,1HGFA16877L0,17,37,31,2007,4,1,3,0,1,L,3,1224,5,0,1,5,13,2,48,1,0,0,995,0,0,0,54701,1,9,2,1,2,1,1,1,2,1,0,1,0,0,1,1,1,2,9,0,14,4,66,99,1,1,5,L,89,0,0,0,0,0,0,0,0,0,0,225,320,0,0,0,1,12,999,999,999,9999999,999,999,999,8,0,0,0,0,0,0,995,9.8,998,998,998,99.8,99.8,99.8,246.306242081972,6,5
17408,18,28,1-18-2020-028-06,6,1,1GC2KVE82FZ1,17,20,481,2015,34,5,31,0,1,F,3,2918,5,0,1,5,19,2,89,1,1,1,120,1,0,0,60517,9,9,0,4,2,1,2,1,3,9,0,0,0,0,1,1,0,0,9,1,14,2,13,99,1,4,1,A,1,0,0,0,0,0,0,0,0,0,0,998,998,0,0,1,1,12,999,999,999,9999999,999,999,999,8,0,99,99,0,0,0,998,0.0,999,999,999,47.6,3.1,47.8,162.562694743866,6,5
17409,33,35,1-33-2020-035-03,3,1,5NPEC4AC8BH2,17,55,33,2011,4,1,4,0,1,F,2,1454,5,9999,9,5,69,2,56,1,0,0,995,0,0,0,95926,1,9,2,1,3,3,2,1,1,9,1,0,0,0,1,1,1,2,9,0,11,2,15,99,1,1,4,J,68,0,0,0,0,0,0,0,0,0,0,10,260,0,0,0,1,12,999,999,999,9999999,999,999,999,7,0,0,0,0,0,0,995,0.0,999,999,999,2.1,0.1,2.1,161.973921941379,12,5
17409,33,35,1-33-2020-035-03,3,2,1FAHP2D88KG1,17,12,17,2019,4,1,4,0,1,L,3,1822,5,0,2,5,69,2,56,1,0,0,995,0,0,0,96021,1,2,2,1,2,1,2,1,3,9,3,3,0,0,1,1,1,2,1,0,14,4,62,4,1,1,4,J,69,0,0,0,0,0,0,0,0,0,0,260,10,0,0,0,1,12,999,999,999,9999999,999,999,999,8,0,1,2,0,6,0,995,9.8,998,998,998,99.8,99.8,99.8,161.973921941379,12,5
17410,33,36,1-33-2020-036-01,1,1,1HGCR2F58HA1,17,37,32,2017,4,1,4,0,1,F,2,1496,5,0,1,5,47,2,56,1,9,1,25,3,1,2,95928,1,1,2,4,7,6,2,1,1,1,1,2,0,0,3,1,1,2,9,1,11,2,13,99,9,4,1,A,1,0,0,0,0,0,0,0,0,0,0,998,998,0,0,0,2,12,999,999,999,9999999,999,999,999,7,0,3,14,1,1,0,998,0.0,999,999,999,0.0,0.0,0.0,29.5572598912697,12,5
17411,33,37,1-33-2020-037-07,7,1,1G6DJ5779801,17,19,18,2008,4,1,4,0,1,F,9,1751,5,9999,9,0,998,2,40,1,9,8,997,8,9,3,95928,1,9,2,1,1,1,2,2,1,9,3,2,0,0,3,8,1,2,9,0,1,3,50,3,2,1,2,D,20,0,0,0,0,0,0,0,0,0,0,35,50,0,0,0,1,0,999,999,999,9999999,999,999,999,9,0,0,0,0,4,0,995,9.8,998,998,998,99.8,99.8,99.8,970.801344503103,12,5
17411,33,37,1-33-2020-037-07,7,2,1N4AL3AP0EN3,17,35,47,2014,4,1,4,0,1,B,1,1451,5,0,1,5,36,2,40,1,0,0,995,0,0,0,95928,9,1,2,1,1,1,2,1,1,9,3,2,0,0,3,8,1,2,9,0,5,3,53,1,1,1,2,D,21,0,0,0,0,0,0,0,0,0,0,50,35,0,0,0,1,12,999,999,999,9999999,999,999,999,6,0,0,0,0,0,0,995,9.8,998,998,998,99.8,99.8,99.8,970.801344503103,12,5
17412,13,40,1-13-2020-040-06,6,1,KNADM4A31G66,17,63,32,2016,4,1,2,0,1,F,9,1131,5,9999,9,0,998,5,64,1,0,0,995,0,0,0,76132,9,9,2,3,4,1,1,1,1,1,1,1,0,0,1,1,2,2,9,0,1,3,50,99,1,1,2,D,20,0,0,0,0,0,0,0,0,0,0,330,340,0,0,0,1,0,999,999,999,9999999,999,999,999,9,0,95,95,95,95,0,995,9.8,998,998,998,99.8,99.8,99.8,718.004097720237,7,5
17412,13,40,1-13-2020-040-06,6,2,KNDJT2A6XC73,17,63,37,2012,6,1,2,0,1,B,9,1190,5,9999,9,0,998,2,64,1,0,0,995,0,0,0,76112,9,9,2,3,4,1,1,1,1,1,1,1,0,0,1,1,2,2,9,0,5,3,53,1,1,1,2,D,23,0,0,0,0,0,0,0,0,0,0,340,330,0,0,0,1,0,999,999,999,9999999,999,999,999,9,0,0,0,0,4,0,995,9.8,998,998,998,99.8,99.8,99.8,718.004097720237,7,5
17413,13,41,1-13-2020-041-09,9,1,3TMJU62N89M0,17,49,472,2009,34,5,30,0,1,L,9,1567,5,9999,9,0,998,2,105,1,1,1,106,2,0,0,76135,9,1,0,2,3,3,2,1,1,1,3,2,1,3,3,1,0,0,9,1,1,2,12,99,1,4,1,B,6,0,0,0,0,0,0,0,0,0,0,998,998,0,0,0,1,0,999,999,999,9999999,999,999,999,9,0,2,5,0,4,0,998,2.7,999,999,999,0.0,0.0,0.0,2679.21490667997,7,5
17414,13,42,1-13-2020-042-07,7,1,JN8AS5MT3CW2,17,35,51,2012,6,1,3,0,1,F,9,1495,5,9999,9,0,998,5,64,1,0,0,995,0,0,0,76002,9,9,2,1,2,2,1,1,2,1,1,2,0,0,1,1,1,2,9,0,11,2,15,99,1,1,4,J,68,0,0,0,0,0,0,0,0,0,0,120,340,0,0,0,1,0,999,999,999,9999999,999,999,999,9,0,95,95,95,95,0,995,9.8,998,998,998,99.8,99.8,99.8,2193.07892744503,7,5
17414,13,42,1-13-2020-042-07,7,2,4T1BF1FKXCU6,17,49,40,2012,4,1,3,0,1,F,1,1441,5,0,1,5,10,2,64,1,0,0,995,0,0,0,76017,3,9,2,1,2,2,1,1,3,1,1,2,0,0,1,1,1,2,9,0,14,4,62,99,1,1,4,J,69,0,0,0,0,0,0,0,0,0,0,340,120,0,0,0,1,12,999,999,999,9999999,999,999,999,6,0,0,0,0,0,0,995,9.8,998,998,998,99.8,99.8,99.8,2193.07892744503,7,5
17415,20,28,1-20-2020-028-01,1,1,5J6YH18708L0,17,37,403,2008,14,3,14,0,1,F,2,1535,5,9999,9,5,70,2,105,1,0,9,998,8,0,9,93950,9,9,0,1,2,2,2,1,1,1,3,2,0,0,1,1,0,0,9,1,1,2,12,99,1,4,1,B,6,0,0,0,0,0,0,0,0,0,0,998,998,0,0,0,1,12,999,999,999,9999999,999,999,999,7,0,9,97,0,1,0,998,1.3,999,120,999,89.6,10.9,93.4,63.5768741416161,11,5
17416,20,29,1-20-2020-029-01,1,1,3C3CFFAR3DT6,17,36,38,2013,3,1,1,0,1,F,3,1068,5,9999,9,5,49,2,89,1,1,8,997,8,0,0,93907,1,2,0,1,2,1,2,1,1,9,1,2,1,0,1,1,0,0,9,1,1,2,13,99,9,4,1,A,1,0,0,0,0,0,0,0,0,0,0,998,998,0,0,9,1,12,999,999,999,9999999,999,999,999,8,0,9,0,0,1,0,998,1.0,999,999,120,16.3,5.4,17.5,63.5768741416161,11,5
17417,22,40,1-22-2020-040-06,6,1,1G1PC5SB1D72,17,20,25,2013,4,1,3,0,1,F,2,1407,5,9999,9,5,9,2,40,1,0,0,995,0,0,0,83843,9,9,0,4,2,1,2,1,2,9,0,2,0,0,4,1,0,0,3,1,14,2,12,1,1,4,1,B,6,0,0,0,0,0,0,0,0,0,0,998,998,0,0,1,1,12,999,999,999,9999999,999,999,999,7,0,0,0,0,5,0,998,0.0,999,999,999,99.9,99.9,99.9,61.2029820194079,12,5
17418,22,41,1-22-2020-041-09,9,1,5GZCZ33Z57S8,17,24,401,2007,14,3,14,0,1,T,3,1455,5,0,2,5,20,2,80,1,0,1,0,2,0,0,99163,7,2,0,4,2,1,4,2,3,9,0,0,0,0,2,2,0,0,1,1,14,1,6,8,9,4,1,A,2,1,99,1,2,1,4,61,1,1,999,997,997,0,0,0,1,6,999,999,999,9999999,999,999,999,8,0,2,4,0,4,3,997,9.8,998,998,998,99.8,99.8,99.8,127.895447720681,12,5
17419,22,42,1-22-2020-042-06,6,1,1GKKRTKD9DJ2,17,23,423,2013,15,3,15,0,1,F,1,2200,5,0,2,5,15,2,105,1,0,0,995,0,0,0,98837,1,2,0,4,2,1,2,1,1,9,1,4,1,0,1,7,0,0,1,0,1,3,52,2,1,1,2,D,28,0,0,0,0,0,0,0,0,0,0,260,260,0,0,0,1,12,999,999,999,9999999,999,999,999,6,0,1,3,0,4,0,995,9.8,998,998,998,99.8,99.8,99.8,41.7298722942733,12,5
17419,22,42,1-22-2020-042-06,6,2,1FTFW1EV8AKC,17,12,481,2010,34,5,30,0,1,B,1,2586,5,9999,9,5,36,5,105,1,0,0,995,0,0,0,98922,9,9,0,4,2,1,2,1,1,9,1,4,1,0,1,7,0,0,9,0,2,3,53,99,1,1,2,D,29,0,0,0,0,0,0,0,0,0,0,260,260,0,0,0,1,12,999,999,999,9999999,999,999,999,6,0,95,95,95,95,0,995,9.8,998,998,998,99.8,99.8,99.8,41.7298722942733,12,5