CASEID,PSU,CASENO,CASENUMBER,CATEGORY,VEHNO,VIN,VINLENGTH,MAKE,MODEL,MODELYR,BODYTYPE,BODYCAT,VEHCLASS,SPECUSE,TRANSTAT,DAMPLANE,DAMSEV,CURBWT,CURBSRC,CARGOWT,CARGOSRC,INSPTYPE,INSPLAG,TOWED,SPEEDLIMIT,DRPRESENT,PARALCOHOL,ALCTEST,ALCTESTRESULT,ALCTESTSRC,PARDRUG,DRUGTEST,ZIP,RACE,ETHNICITY,RELTOJUNCT,TRAFFLOW,RDLANES,INITLANE,SURFTYPE,SURFCOND,ALIGNMENT,PROFILE,LINERIGHT,LINELEFT,RUMBINIT,RUMBROAD,LIGHTCOND,WEATHER,TRAFDEV,TRAFFUNCT,DISTRACT,PREFHE,PREMOVE,CRITCAT,CRITEVENT,MANEUVER,PRESTAB,PRELOC,CRASHCAT,CRASHCONF,CRASHTYPE,ROLLTYPE,ROLLTURN,ROLLINTRPT,ROLLPREMAN,ROLLINITYP,ROLLINLOC,ROLLOBJ,ROLLTRIP,ROLLDIR,ROLLDIST,DVANGTHIS,DVANGOTH,TOWHITCH,TRAJDOC,TREEPOLE,DVEVENT,DVBASIS,DVTOTAL,DVLONG,DVLAT,DVENERGY,DVSPEED,DVMOMENT,DVBES,DVEST,DVCONF,VAIS,VISS,VINJURED,VTREAT,INITOBJCLASS,HEADANGLECAT,SHLDRWIDTH,STRKLENGTH,STRKWIDTH,STRKHEIGHT,EDGEDISTX,EDGEDISTY,EDGEDISTZ,CASEWGT,PSUSTRAT,VERSION
17420,23,20,1-23-2020-020-06,6,1,19XFB2F5XFE1,17,37,31,2015,4,1,3,0,1,F,1,1258,5,9999,9,5,22,2,89,1,0,0,995,0,0,0,43080,9,9,2,4,2,1,2,1,1,9,1,2,0,0,1,8,2,2,1,0,11,2,15,99,1,1,4,K,76,0,0,0,0,0,0,0,0,0,0,250,185,0,0,0,1,5,999,999,999,9999999,999,999,999,6,0,9,97,0,8,0,995,9.8,998,998,998,99.8,99.8,99.8,231.594162107354,5,5
17420,23,20,1-23-2020-020-06,6,2,1HSDJAPR3FH5,17,84,884,2015,66,8,68,0,1,L,9,,,,,,,2,89,1,0,0,995,0,0,0,43050,9,9,2,4,2,1,2,1,1,9,1,2,0,0,1,8,0,0,1,0,1,4,65,99,1,1,4,K,77,,,,,,,,,,,,,,,,,,,,,,,,,,,95,95,95,95,,,9.8,998,998,998,99.8,99.8,99.8,231.594162107354,5,5
17421,23,21,1-23-2020-021-04,4,1,JTDKARFU0L31,17,49,46,2020,5,1,3,0,1,F,1,9999,9,9999,9,5,59,2,113,1,1,8,997,8,0,0,43219,9,9,0,2,4,4,2,1,2,9,3,2,1,3,5,8,0,0,1,1,14,2,12,99,9,4,1,B,6,0,0,0,0,0,0,0,0,0,0,998,998,0,0,0,1,8,999,999,999,9999999,999,999,999,6,0,0,0,0,0,0,998,3.4,999,999,999,99.9,99.9,99.9,431.505838951738,5,5
17422,23,22,1-23-2020-022-03,3,1,3GCUKREC1GG3,17,20,481,2016,34,5,31,0,1,T,3,2394,5,9999,9,5,56,2,89,1,0,0,995,0,1,2,44833,9,9,0,4,2,1,2,1,2,1,0,0,0,0,2,1,0,0,3,1,14,2,12,8,3,4,1,B,6,1,1,1,2,1,4,61,1,2,999,998,998,0,0,9,4,7,999,999,999,9999999,999,999,999,8,0,9,97,0,8,3,998,0.0,999,999,999,99.9,99.9,99.9,139.72568123666,5,5
17424,77,43,1-77-2020-043-08,8,1,KMHJF35F8XU7,17,55,35,1999,4,1,2,0,1,F,1,1206,5,0,1,1,38,2,40,1,0,0,995,0,0,0,22903,1,2,0,4,2,1,2,2,2,1,0,2,0,0,3,2,2,2,3,1,14,2,13,98,1,4,1,A,1,0,0,0,0,0,0,0,0,0,0,998,998,0,0,1,1,98,999,999,999,9999999,999,999,999,6,0,1,1,0,4,0,998,9.7,26,26,76,0.0,0.0,0.0,1027.59133103413,9,5
17425,77,44,1-77-2020-044-06,6,1,3N1AB7APXDL7,17,35,43,2013,4,1,3,0,1,F,2,1283,5,0,1,1,3,2,89,1,1,1,8,1,9,0,24590,9,9,0,4,2,1,2,1,1,1,1,2,1,0,2,1,0,0,1,1,1,2,12,3,1,4,1,B,8,0,0,0,0,0,0,0,0,0,0,998,998,0,0,0,1,12,999,999,999,9999999,999,999,999,7,0,99,99,0,99,0,998,0.0,30,30,30,30.1,1.0,30.0,2587.38620453344,9,5
17426,10,67,1-10-2020-067-10,10,1,1MEFM58U41A6,17,14,17,2001,4,1,3,0,1,F,9,1604,5,9999,9,0,998,2,40,1,0,0,995,0,0,0,45417,9,9,2,4,2,1,2,1,1,9,0,0,0,0,3,1,2,2,9,0,1,2,17,99,1,1,5,L,86,0,0,0,0,0,0,0,0,0,0,180,270,0,0,0,1,0,999,999,999,9999999,999,999,999,9,0,0,0,0,0,0,995,9.8,998,998,998,99.8,99.8,99.8,4627.9781916914,4,5
17426,10,67,1-10-2020-067-10,10,2,1N4AL21E69N5,17,35,47,2009,4,1,4,0,1,R,2,1429,5,0,1,5,5,2,40,1,0,0,995,0,0,0,45416,9,9,2,4,2,1,2,1,1,9,0,0,0,0,3,1,0,0,1,0,1,4,66,1,1,1,5,L,87,0,0,0,0,0,0,0,0,0,0,270,180,0,0,0,1,98,999,999,999,9999999,999,999,999,7,0,0,0,0,0,0,995,0.0,999,999,999,5.0,4.2,6.4,4627.9781916914,4,5
17427,10,68,1-10-2020-068-04,4,1,1FADP3F2XDL1,17,12,23,2013,4,1,4,0,1,F,9,1554,5,9999,9,0,998,2,56,1,0,0,995,0,0,0,45005,9,9,2,3,4,2,1,1,1,1,3,1,0,0,1,8,1,2,9,0,1,3,50,7,9,1,2,D,20,0,0,0,0,0,0,0,0,0,0,999,999,0,0,0,99,0,999,999,999,9999999,999,999,999,9,0,0,0,0,0,0,995,9.8,998,998,998,99.8,99.8,99.8,689.149579081829,4,5
17427,10,68,1-10-2020-068-04,4,2,3MZBN1U7XHM1,17,41,51,2017,4,1,3,0,1,B,9,1383,5,9999,9,0,998,2,56,1,0,0,995,0,0,0,45342,9,9,2,3,4,2,1,1,1,1,3,1,0,0,1,8,1,2,1,0,5,3,53,99,1,1,2,D,21,0,0,0,0,0,0,0,0,0,0,999,999,0,0,0,1,0,999,999,999,9999999,999,999,999,9,0,0,0,0,0,0,995,9.8,998,998,998,99.8,99.8,99.8,689.149579081829,4,5
17428,10,69,1-10-2020-069-10,10,1,1FTZX17W4WNB,17,12,481,1998,34,5,31,0,1,F,9,1857,5,9999,9,0,998,2,40,1,0,0,995,0,0,0,45402,9,9,0,4,2,1,2,2,3,9,0,2,0,0,1,2,0,0,1,1,14,2,13,99,9,4,1,A,3,0,0,0,0,0,0,0,0,0,0,999,999,0,0,0,1,0,999,999,999,9999999,999,999,999,9,0,0,0,0,0,0,995,9.8,998,998,998,99.8,99.8,99.8,4627.97819169139,4,5
17428,10,69,1-10-2020-069-10,10,2,1GKGK26N9RJ7,17,23,431,1994,16,3,16,0,2,B,9,2337,5,9999,9,0,998,,,,,,,,,,,,,,,,,,,,,,,,,,,,,,,,,,,,,,,,,,,,,,,,,,,,,,,,,,,,,,,,,,95,95,95,95,,,,,,,,,,4627.97819169139,4,5
17429,10,70,1-10-2020-070-08,8,1,1G4HP54K0Y41,17,18,2,2000,4,1,4,0,1,F,9,1618,5,9999,9,0,998,2,56,1,0,0,995,0,0,0,45381,9,9,3,4,2,1,2,1,1,9,0,2,0,0,1,1,0,0,9,0,11,2,15,1,1,2,4,J,68,0,0,0,0,0,0,0,0,0,0,40,270,0,0,0,1,0,999,999,999,9999999,999,999,999,9,0,9,97,0,5,0,995,9.8,998,998,998,99.8,99.8,99.8,709.605578653466,4,5
17429,10,70,1-10-2020-070-08,8,2,1G8JU54F33Y5,17,24,5,2003,4,1,3,0,1,F,9,1336,5,9999,9,0,998,2,56,1,0,0,995,0,0,0,45320,1,9,3,4,2,1,2,1,1,9,0,2,0,0,1,1,0,0,1,0,1,4,62,1,1,1,4,J,69,0,0,0,0,0,0,0,0,0,0,270,40,0,0,0,1,0,999,999,999,9999999,999,999,999,9,0,0,0,0,4,0,995,9.8,998,998,998,99.8,99.8,99.8,709.605578653466,4,5
17430,54,11,1-54-2020-011-07,7,1,4T1BE32K84U3,17,49,40,2004,4,1,3,0,1,R,9,1455,5,9999,9,5,14,2,89,1,0,0,995,0,0,0,35653,2,9,0,1,3,2,2,1,1,1,3,1,0,2,1,1,0,0,9,1,15,2,11,99,1,2,2,F,46,0,0,0,0,0,0,0,0,0,0,20,10,0,0,0,2,12,999,999,999,9999999,999,999,999,9,0,0,0,0,0,0,995,9.8,998,998,998,99.8,99.8,99.8,1275.06607983187,9,5
17430,54,11,1-54-2020-011-07,7,2,JS2YA5A53D61,17,53,40,2013,5,1,1,0,1,L,9,1283,5,9999,9,0,998,5,89,1,0,0,995,0,0,0,35660,9,9,0,1,3,1,2,1,1,1,1,3,2,2,1,1,0,0,9,0,1,4,60,99,1,1,2,F,45,0,0,0,0,0,0,0,0,0,0,10,20,0,0,0,1,0,999,999,999,9999999,999,999,999,9,0,95,95,95,95,0,995,9.8,998,998,998,99.8,99.8,99.8,1275.06607983187,9,5
17430,54,11,1-54-2020-011-07,7,3,1FAHP2D89DG1,17,12,17,2013,4,1,4,0,1,L,1,1822,5,9999,9,5,22,2,89,1,0,0,995,0,0,0,35633,2,9,0,1,3,1,2,1,1,1,1,3,2,2,1,1,0,0,9,0,1,4,60,99,1,1,6,M,98,0,0,0,0,0,0,0,0,0,0,10,20,0,0,0,2,12,999,999,999,9999999,999,999,999,6,0,0,0,0,0,0,995,3.0,999,999,999,99.9,99.9,99.9,1275.06607983187,9,5
17432,12,34,1-12-2020-034-03,3,1,3FA6P0H78GR2,17,12,23,2016,4,1,4,0,1,F,1,1558,5,0,1,1,8,2,56,1,0,0,995,0,0,0,73401,9,9,2,4,2,1,2,1,1,1,0,0,0,0,1,1,2,2,9,0,1,3,51,99,1,1,2,D,24,0,0,0,0,0,0,0,0,0,0,280,280,0,0,0,1,3,14,-14,0,11271,998,-48,13,0,4,99,99,0,99,0,995,9.8,998,998,998,99.8,99.8,99.8,540.673723790335,9,5
17432,12,34,1-12-2020-034-03,3,2,1GNEC13Z32J2,17,20,421,2002,15,3,15,0,1,B,1,2211,5,9999,9,0,998,5,56,1,0,0,995,0,0,0,73401,9,9,2,4,2,1,2,1,1,1,0,0,0,0,1,1,2,2,9,0,4,3,53,99,1,1,2,D,25,0,0,0,0,0,0,0,0,0,0,280,280,0,0,0,1,3,10,10,0,11911,998,0,12,0,4,95,95,95,95,0,995,9.8,998,998,998,99.8,99.8,99.8,540.673723790335,9,5
17433,12,33,1-12-2020-033-03,3,1,3N1AB7AP1HL6,17,35,43,2017,4,1,3,0,1,T,1,1300,5,0,1,1,8,2,72,1,0,0,995,0,0,0,73401,9,9,0,4,2,1,2,1,1,1,0,0,0,0,1,1,0,0,9,1,1,2,13,10,4,4,1,A,3,1,2,2,2,1,4,61,1,1,5,997,997,0,0,0,1,6,999,999,999,9999999,999,999,999,6,0,99,99,0,99,3,997,9.8,998,998,998,99.8,99.8,99.8,540.673723790335,9,5
17434,17,61,1-17-2020-061-07,7,1,1FMHK8F87CGA,17,12,401,2012,14,3,14,0,1,R,9,2146,5,9999,9,0,998,2,48,1,1,1,180,1,9,0,52803,9,9,2,3,2,1,2,1,3,9,0,3,0,0,3,1,0,0,9,1,14,2,13,99,9,4,1,A,1,0,0,0,0,0,0,0,0,0,0,998,998,0,0,0,1,0,999,999,999,9999999,999,999,999,9,0,0,0,0,0,0,998,1.1,999,999,999,99.9,99.9,99.9,683.710410284428,4,5
17435,17,62,1-17-2020-062-03,3,1,1GNLRGED0AJ2,17,20,24,2010,6,1,5,0,1,R,2,2234,5,9999,9,5,8,2,48,1,9,0,995,0,9,0,61265,1,2,1,1,3,1,2,1,1,9,0,3,0,0,1,8,1,2,3,0,1,2,17,2,1,1,5,L,87,0,0,0,0,0,0,0,0,0,0,70,330,0,0,0,1,12,999,999,999,9999999,999,999,999,7,0,2,5,0,6,0,995,9.8,998,998,998,99.8,99.8,99.8,141.078087811885,4,5
17435,17,62,1-17-2020-062-03,3,2,1G1FX6S06H41,17,20,40,2017,5,1,2,0,1,F,9,1625,5,9999,9,5,8,2,64,1,9,0,995,0,9,0,61265,1,2,1,3,4,2,2,1,1,9,3,1,0,0,1,8,1,2,1,0,1,4,66,1,1,1,5,L,86,0,0,0,0,0,0,0,0,0,0,330,70,0,0,0,1,12,999,999,999,9999999,999,999,999,9,0,2,9,0,3,0,995,9.8,998,998,998,99.8,99.8,99.8,141.078087811885,4,5
17435,17,62,1-17-2020-062-03,3,3,1GNKVJED5BJ1,17,20,24,2011,6,1,5,99,1,F,9,2234,5,9999,9,0,998,5,48,1,9,0,995,0,9,0,61265,9,9,1,1,5,3,2,1,1,9,3,2,0,0,1,8,1,2,9,0,5,3,54,99,1,1,6,M,98,0,0,0,0,0,0,0,0,0,0,280,10,9,0,0,2,0,999,999,999,9999999,999,999,999,9,0,95,95,95,95,0,995,9.8,998,998,998,99.8,99.8,99.8,141.078087811885,4,5
17436,17,63,1-17-2020-063-05,5,1,KMHCU4AE2DU3,17,55,36,2013,4,1,2,0,1,F,9,1155,5,9999,9,0,998,2,48,1,9,1,0,2,9,0,61265,9,9,0,3,2,1,2,1,1,9,0,0,0,0,1,1,0,0,9,1,1,2,13,99,9,4,1,A,1,0,0,0,0,0,0,0,0,0,0,998,998,0,0,9,2,0,999,999,999,9999999,999,999,999,9,0,4,24,2,3,0,998,0.0,999,999,999,99.9,99.9,99.9,72.2952189419722,4,5
17437,17,64,1-17-2020-064-04,4,1,1HGCR3F84HA0,17,37,32,2017,4,1,4,99,1,F,9,1615,5,9999,9,0,998,2,999,1,9,0,995,0,9,0,52722,9,9,3,4,4,1,2,1,1,9,0,3,0,0,1,1,0,0,2,1,11,2,10,99,1,2,4,K,84,0,0,0,0,0,0,0,0,0,0,350,0,0,0,0,1,0,999,999,999,9999999,999,999,999,9,0,0,0,0,0,0,995,9.8,998,998,998,99.8,99.8,99.8,496.045704054933,4,5
17437,17,64,1-17-2020-064-04,4,2,7FARW2H59JE1,17,37,402,2018,14,3,14,99,1,R,9,1580,5,9999,9,0,998,5,48,1,9,0,995,0,9,0,61265,9,9,3,4,4,2,2,1,1,9,3,2,0,0,1,1,0,0,9,0,1,4,61,99,1,1,4,K,84,0,0,0,0,0,0,0,0,0,0,0,350,9,0,0,1,0,999,999,999,9999999,999,999,999,9,0,95,95,95,95,0,995,9.8,998,998,998,99.8,99.8,99.8,496.045704054933,4,5
17439,11,31,1-11-2020-031-06,6,1,1C3CCBCG4CN1,17,6,18,2012,4,1,3,0,1,F,1,1537,5,0,1,1,21,2,89,1,0,1,0,2,0,0,24557,1,9,0,2,3,1,2,1,1,1,1,3,0,0,4,1,0,0,1,1,1,2,13,99,9,4,1,A,2,0,0,0,0,0,0,0,0,0,0,998,998,0,0,0,2,1,18,-18,0,23502,998,-53,18,0,4,1,1,0,4,0,998,2.5,120,54,81,11.1,2.5,11.4,1059.84329400952,8,5
17440,11,32,1-11-2020-032-04,4,1,5J6RE48769L0,17,37,402,2009,14,3,14,0,1,L,2,1604,5,0,1,1,20,2,24,1,0,0,995,0,0,0,23112,9,9,2,1,2,1,2,1,2,1,0,0,0,0,1,1,0,0,1,0,14,2,17,99,1,1,5,L,89,0,0,0,0,0,0,0,0,0,0,30,125,0,0,0,1,1,29,-10,27,31534,998,-7,22,0,1,0,0,0,0,0,995,9.8,998,998,998,99.8,99.8,99.8,1951.25810913455,8,5
17440,11,32,1-11-2020-032-04,4,2,1HGCR2F05GA0,17,37,32,2016,4,1,4,0,1,F,2,1496,5,0,1,1,19,2,72,1,0,0,995,0,0,0,23112,9,9,2,1,3,2,2,1,1,1,3,1,0,0,1,1,0,0,1,0,1,4,66,99,1,1,5,L,88,0,0,0,0,0,0,0,0,0,0,125,30,0,0,0,1,1,31,-29,-11,93951,998,-66,36,0,1,0,0,0,0,0,995,9.8,998,998,998,99.8,99.8,99.8,1951.25810913455,8,5
17440,11,32,1-11-2020-032-04,4,3,JTHCE96S9800,17,59,34,2008,4,1,4,0,1,R,1,1680,5,0,1,1,19,2,24,1,0,0,995,0,0,0,23112,9,9,2,1,2,1,2,1,2,1,0,0,0,0,1,1,2,2,1,0,11,4,68,99,1,1,6,M,98,0,0,0,0,0,0,0,0,0,0,175,90,0,0,0,2,3,5,-2,-5,3478,998,-108,6,0,1,0,0,0,0,0,995,9.8,998,998,998,99.8,99.8,99.8,1951.25810913455,8,5
17441,24,63,1-24-2020-063-04,4,1,5YFBURHE7HP6,17,49,32,2017,4,1,3,0,1,L,1,1265,5,9999,9,5,18,2,80,1,0,0,995,0,0,0,08215,3,2,2,4,4,1,2,1,1,9,1,3,0,0,2,1,0,0,3,1,11,2,12,8,9,4,1,B,6,0,0,0,0,0,0,0,0,0,0,998,998,0,0,0,1,12,999,999,999,9999999,999,999,999,6,0,0,0,0,0,0,998,0.7,999,999,999,1.7,1.1,2.3,501.94867333163,1,5
17442,24,64,1-24-2020-064-04,4,1,2C3CDXCT2KH5,17,7,24,2019,4,1,5,0,1,F,9,1996,5,9999,9,0,998,2,40,1,0,0,995,0,0,0,99999,9,9,2,4,2,1,2,2,1,9,1,2,0,0,2,2,1,2,9,1,10,2,12,99,9,4,1,B,6,0,0,0,0,0,0,0,0,0,0,130,330,0,0,0,1,0,999,999,999,9999999,999,999,999,9,0,99,99,0,99,0,995,9.8,998,998,998,99.8,99.8,99.8,501.948673344115,1,5
17442,24,64,1-24-2020-064-04,4,2,2LNBL8CV9BX7,17,13,1,2011,4,1,5,0,2,F,9,2026,5,9999,9,0,998,,,,,,,,,,,,,,,,,,,,,,,,,,,,,,,,,,,,,,,,,,,,,,,,,,,,,,,,,,,,,,,,,,95,95,95,95,,,,,,,,,,501.948673344115,1,5
17443,24,65,1-24-2020-065-03,3,1,1GYEE4371901,17,19,20,2009,6,1,5,0,1,F,2,1960,8,9999,9,5,27,2,64,1,0,0,995,0,0,0,08401,9,9,0,1,2,2,2,1,1,9,3,2,0,0,1,1,0,0,9,0,1,3,50,99,1,1,2,D,20,0,0,0,0,0,0,0,0,0,0,290,290,0,0,0,1,12,999,999,999,9999999,999,999,999,7,0,0,0,0,0,0,995,9.8,998,998,998,99.8,99.8,99.8,154.554718093495,1,5
17443,24,65,1-24-2020-065-03,3,2,3MZBM1U72GM2,17,41,51,2016,4,1,3,0,1,B,2,1301,8,9999,9,5,27,2,64,1,0,0,995,0,0,0,08401,2,9,0,1,2,2,2,1,1,9,3,2,0,0,1,1,0,0,1,0,5,3,53,1,1,1,2,D,21,0,0,0,0,0,0,0,0,0,0,290,290,0,0,0,1,12,999,999,999,9999999,999,999,999,7,0,1,2,0,4,0,995,9.8,998,998,998,99.8,99.8,99.8,154.554718093495,1,5
17444,24,66,1-24-2020-066-04,4,1,3HGGK5H80KM7,17,37,39,2019,5,1,1,0,1,R,9,1170,5,9999,9,0,998,2,72,1,0,0,995,0,0,0,08330,1,2,2,1,4,3,2,1,1,9,1,2,0,0,1,1,1,2,1,0,1,2,17,3,1,1,4,J,69,0,0,0,0,0,0,0,0,0,0,60,300,0,0,0,1,0,999,999,999,9999999,999,999,999,9,0,0,0,0,0,0,995,9.8,998,998,998,99.8,99.8,99.8,501.948673349838,1,5
17444,24,66,1-24-2020-066-04,4,2,2HKRM4H55DH6,17,37,402,2013,14,3,14,0,1,F,9,1583,5,9999,9,0,998,5,72,1,0,0,995,0,0,0,08232,9,9,2,1,4,4,2,1,1,9,1,1,0,0,1,1,1,2,9,0,11,4,63,99,1,1,4,J,68,0,0,0,0,0,0,0,0,0,0,300,60,0,0,0,1,0,999,999,999,9999999,999,999,999,9,0,95,95,95,95,0,995,9.8,998,998,998,99.8,99.8,99.8,501.948673349838,1,5
17445,48,31,1-48-2020-031-09,9,1,1FADP3L92DL2,17,12,37,2013,5,1,3,0,1,R,9,1475,5,9999,9,4,41,5,56,1,0,0,995,0,0,0,84302,9,9,3,5,5,3,2,1,1,1,4,4,0,0,1,8,0,0,9,1,15,2,11,99,1,2,2,F,46,0,0,0,0,0,0,0,0,0,0,190,180,0,0,0,1,12,999,999,999,9999999,999,999,999,9,0,95,95,95,95,0,995,9.8,998,998,998,99.8,99.8,99.8,308.627636309706,12,5
17445,48,31,1-48-2020-031-09,9,2,KM8JU3AC1AU0,17,55,402,2010,14,3,14,0,1,F,1,1439,5,0,2,1,5,2,56,1,0,0,995,0,0,0,84301,2,2,3,5,5,2,2,1,1,1,3,2,0,0,1,8,0,0,1,0,1,4,60,1,1,1,2,F,45,1,1,2,2,1,4,61,1,2,5,180,190,0,0,0,1,11,999,999,999,9999999,999,999,999,6,0,1,1,0,6,3,995,1.9,53,53,35,0.9,1.9,2.1,308.627636309706,12,5
17446,48,32,1-48-2020-032-06,6,1,1N6SD16S2TC3,17,35,471,1996,34,5,31,0,1,R,1,1336,5,9999,9,4,41,5,80,1,0,0,995,0,0,0,84312,9,9,3,5,5,3,2,1,1,1,4,4,0,0,1,1,0,0,9,1,15,2,11,99,1,2,2,F,46,0,0,0,0,0,0,0,0,0,0,190,190,0,0,0,1,3,12,11,-6,5555,998,-66,9,0,4,95,95,95,95,0,995,9.8,998,998,998,99.8,99.8,99.8,98.6541814613096,12,5
17446,48,32,1-48-2020-032-06,6,2,1C3CDFAH8DD2,17,7,29,2013,4,1,3,0,1,L,1,1471,5,0,1,1,6,2,80,1,0,0,995,0,7,0,84302,1,2,3,5,5,2,2,1,1,1,3,2,0,0,1,1,0,0,1,0,1,4,61,4,1,1,2,F,45,0,0,0,0,0,0,0,0,0,0,190,190,0,0,0,1,3,10,-9,5,10327,998,-28,13,0,4,0,0,0,0,0,995,3.6,15,15,15,0.0,0.0,0.0,98.6541814613096,12,5
17447,52,67,1-52-2020-067-04,4,1,2HGES15525H5,17,37,31,2005,4,1,2,0,1,F,1,1163,5,0,1,1,19,2,56,1,0,0,995,0,0,0,59106,9,9,3,4,2,1,2,1,1,1,0,0,0,0,1,1,0,0,2,0,11,2,15,99,1,1,4,K,82,0,0,0,0,0,0,0,0,0,0,235,350,0,0,0,1,3,23,-20,11,13493,998,93,14,0,4,0,0,0,0,0,995,9.8,998,998,998,99.8,99.8,99.8,31.8028062844461,12,5
17447,52,67,1-52-2020-067-04,4,2,1FT7W2B64HEB,17,12,481,2017,34,5,31,0,1,R,1,2938,5,0,1,3,20,2,56,1,0,0,995,0,0,0,59102,1,2,3,4,4,2,2,1,1,1,2,3,0,0,1,1,0,0,1,0,1,4,67,7,1,1,4,K,83,0,0,0,0,0,0,0,0,0,0,350,235,0,0,0,1,3,9,-7,-6,35362,998,87,16,0,4,0,0,0,0,0,995,9.8,998,998,998,99.8,99.8,99.8,31.8028062844461,12,5
17450,52,70,1-52-2020-070-07,7,1,2T1BU4EEXCC9,17,49,32,2012,4,1,2,0,1,R,1,1255,5,0,1,2,12,5,56,1,0,0,995,0,0,0,59101,9,9,2,4,5,99,2,1,1,1,9,9,0,0,1,8,1,2,9,0,1,2,17,3,9,1,5,L,87,0,0,0,0,0,0,0,0,0,0,270,190,0,0,0,1,1,16,-5,-15,12154,998,52,15,0,1,95,95,95,95,0,995,9.8,998,998,998,99.8,99.8,99.8,64.6478691146947,12,5
17450,52,70,1-52-2020-070-07,7,2,1FAHP3J2XCL1,17,12,37,2012,4,1,3,0,1,F,1,1340,5,0,1,1,9,2,40,1,0,0,995,0,0,0,59101,9,9,2,4,3,1,2,1,1,1,0,1,0,0,1,8,1,2,9,0,1,4,66,4,1,1,5,L,86,0,0,0,0,0,0,0,0,0,0,190,270,0,0,0,1,1,14,-12,7,17736,998,95,15,0,1,0,0,0,0,0,995,9.8,998,998,998,99.8,99.8,99.8,64.6478691146947,12,5
17451,28,32,1-28-2020-032-05,5,1,1C6RD7FT6CS2,17,7,482,2012,34,5,31,0,1,F,1,2385,5,0,1,5,19,2,64,1,1,1,220,1,0,1,16936,1,2,0,4,2,1,2,2,3,9,0,0,0,0,2,1,0,0,9,1,14,2,13,99,1,4,1,A,1,0,0,0,0,0,0,0,0,0,0,998,998,0,0,0,2,12,999,999,999,9999999,999,999,999,6,0,1,1,0,3,0,998,9.9,999,999,999,99.9,99.9,99.9,48.1055843593417,3,5
17452,28,33,1-28-2020-033-07,7,1,1FTFW1ET2CFA,17,12,481,2012,34,5,31,0,1,F,1,2522,5,0,1,5,3,2,80,1,0,0,995,0,0,0,16901,9,9,0,4,2,1,2,1,2,9,1,2,0,0,1,1,0,0,3,1,14,2,12,7,1,4,1,B,8,0,0,0,0,0,0,0,0,0,0,998,998,0,0,0,1,12,999,999,999,9999999,999,999,999,6,0,0,0,0,0,0,998,9.9,999,999,999,99.9,99.9,99.9,293.928636233209,3,5
17453,16,46,1-16-2020-046-10,10,1,1FALP4448SF2,17,12,3,1995,1,1,2,0,1,F,9,1343,5,0,2,0,998,2,48,1,8,0,995,0,7,0,45103,1,2,0,3,3,1,2,2,1,1,0,3,0,0,1,2,0,0,1,1,1,2,13,4,1,4,1,A,3,0,0,0,0,0,0,0,0,0,0,998,998,0,0,9,1,0,999,999,999,9999999,999,999,999,9,0,0,0,0,0,0,998,0.0,999,999,999,13.9,0.6,14.0,11806.5958230362,5,5
17454,16,47,1-16-2020-047-02,2,1,1FM5K8AR9JGC,17,12,401,2018,14,3,14,5,1,F,1,2173,5,9999,9,5,56,2,56,1,0,0,995,0,0,0,99999,9,9,3,5,5,2,2,1,1,9,3,2,0,0,5,1,0,0,1,0,1,4,72,99,1,1,4,K,83,0,0,0,0,0,0,0,0,0,0,230,130,0,0,0,1,12,999,999,999,9999999,999,999,999,2,0,9,97,0,8,0,995,9.8,998,998,998,99.8,99.8,99.8,27.91178593674,5,5
17454,16,47,1-16-2020-047-02,2,2,5XYZU3LB7GG3,17,55,401,2016,14,3,14,0,1,L,1,1569,5,9999,9,5,58,2,56,1,0,0,995,0,0,0,45208,2,2,3,3,1,1,2,1,1,9,0,0,0,0,5,1,0,0,1,0,11,2,15,99,1,1,4,K,82,0,0,0,0,0,0,0,0,0,0,130,230,0,0,0,1,12,999,999,999,9999999,999,999,999,2,0,2,12,0,3,0,995,9.8,998,998,998,99.8,99.8,99.8,27.91178593674,5,5
17454,16,47,1-16-2020-047-02,2,3,1C3CCBBG9CN2,17,6,18,2012,4,1,3,0,2,B,9,1614,5,9999,9,0,998,,,,,,,,,,,,,,,,,,,,,,,,,,,,,,,,,,,,,,,,,,,,,,,,,,,,,,,,,,,,,,,,,,95,95,95,95,,,,,,,,,,27.91178593674,5,5
17455,16,48,1-16-2020-048-01,1,1,1GCEC14Z3PZ2,17,20,481,1993,34,5,31,0,1,F,2,1690,5,9999,9,5,24,2,89,1,0,1,0,2,1,2,41046,1,2,0,2,3,1,2,1,1,9,1,3,2,3,5,1,0,0,3,1,1,2,13,1,1,4,1,A,1,0,0,0,0,0,0,0,0,0,0,998,998,0,0,9,1,12,999,999,999,9999999,999,999,999,7,0,5,59,2,1,0,998,3.4,999,999,999,99.9,99.9,99.9,42.2375651350661,5,5
17456,25,42,1-25-2020-042-07,7,1,3FADP4TJ8FM1,17,12,32,2015,5,1,1,0,1,F,1,1151,5,9999,9,5,8,2,40,1,1,8,997,8,1,3,04005,9,9,0,4,2,1,2,1,1,1,0,2,0,0,1,1,0,0,9,1,1,2,10,99,1,2,3,G,50,0,0,0,0,0,0,0,0,0,0,70,260,0,0,0,1,98,999,999,999,9999999,999,999,999,6,0,0,0,0,0,0,995,9.8,998,998,998,99.8,99.8,99.8,634.44958458756,2,5