CASEID,PSU,CASENO,CASENUMBER,CATEGORY,VEHNO,VIN,VINLENGTH,MAKE,MODEL,MODELYR,BODYTYPE,BODYCAT,VEHCLASS,SPECUSE,TRANSTAT,DAMPLANE,DAMSEV,CURBWT,CURBSRC,CARGOWT,CARGOSRC,INSPTYPE,INSPLAG,TOWED,SPEEDLIMIT,DRPRESENT,PARALCOHOL,ALCTEST,ALCTESTRESULT,ALCTESTSRC,PARDRUG,DRUGTEST,ZIP,RACE,ETHNICITY,RELTOJUNCT,TRAFFLOW,RDLANES,INITLANE,SURFTYPE,SURFCOND,ALIGNMENT,PROFILE,LINERIGHT,LINELEFT,RUMBINIT,RUMBROAD,LIGHTCOND,WEATHER,TRAFDEV,TRAFFUNCT,DISTRACT,PREFHE,PREMOVE,CRITCAT,CRITEVENT,MANEUVER,PRESTAB,PRELOC,CRASHCAT,CRASHCONF,CRASHTYPE,ROLLTYPE,ROLLTURN,ROLLINTRPT,ROLLPREMAN,ROLLINITYP,ROLLINLOC,ROLLOBJ,ROLLTRIP,ROLLDIR,ROLLDIST,DVANGTHIS,DVANGOTH,TOWHITCH,TRAJDOC,TREEPOLE,DVEVENT,DVBASIS,DVTOTAL,DVLONG,DVLAT,DVENERGY,DVSPEED,DVMOMENT,DVBES,DVEST,DVCONF,VAIS,VISS,VINJURED,VTREAT,INITOBJCLASS,HEADANGLECAT,SHLDRWIDTH,STRKLENGTH,STRKWIDTH,STRKHEIGHT,EDGEDISTX,EDGEDISTY,EDGEDISTZ,CASEWGT,PSUSTRAT,VERSION
17456,25,42,1-25-2020-042-07,7,2,2B6HB23T3HK2,17,7,461,1987,21,4,21,0,1,F,9,1753,5,9999,9,0,998,2,40,1,8,0,995,0,7,0,04093,9,9,0,4,3,2,2,1,1,1,0,0,0,0,1,1,0,0,1,0,1,4,62,99,1,1,3,G,51,0,0,0,0,0,0,0,0,0,0,260,70,0,0,0,1,0,999,999,999,9999999,999,999,999,9,0,1,1,0,4,0,995,9.8,998,998,998,99.8,99.8,99.8,634.44958458756,2,5
17457,25,43,1-25-2020-043-07,7,1,1GCRKSE78CZ2,17,20,481,2012,34,5,31,0,1,F,2,2408,5,0,2,5,9,2,56,1,8,0,995,0,7,0,04011,1,2,0,4,2,1,2,1,2,1,0,0,0,0,1,1,0,0,3,1,14,2,12,1,1,4,1,B,6,0,0,0,0,0,0,0,0,0,0,998,998,0,0,9,1,98,999,999,999,9999999,999,999,999,7,0,1,1,0,5,0,998,0.0,999,999,999,99.9,99.9,99.9,634.44958458756,2,5
17458,25,44,1-25-2020-044-06,6,1,1C3CCBABXEN2,17,6,18,2014,4,1,3,0,1,T,2,1544,5,9999,9,5,10,2,40,1,8,0,995,0,7,0,04101,9,9,2,4,2,1,2,2,1,1,1,2,0,0,1,2,3,2,9,1,1,2,12,99,1,4,1,B,6,1,4,1,2,1,4,61,1,2,999,997,997,0,0,0,6,6,999,999,999,9999999,999,999,999,7,0,1,1,0,5,3,997,9.9,999,999,999,99.9,99.9,99.9,209.503654313745,2,5
17459,73,34,1-73-2020-034-09,9,1,5FNRL38855B0,17,37,441,2005,20,4,20,0,1,F,1,2033,5,9999,9,5,34,2,80,1,8,0,995,0,7,0,04953,9,9,2,4,2,1,2,1,1,9,1,2,0,0,1,1,0,0,1,0,1,4,66,99,1,1,5,L,86,0,0,0,0,0,0,0,0,0,0,260,350,0,0,0,1,12,999,999,999,9999999,999,999,999,6,0,1,1,0,4,0,995,9.8,998,998,998,99.8,99.8,99.8,108.021574135734,3,5
17459,73,34,1-73-2020-034-09,9,2,3GNCA13B39S6,17,20,23,2009,6,1,2,0,1,R,9,1431,5,9999,9,0,998,2,80,1,8,0,995,0,7,0,04933,9,9,2,4,2,1,2,1,1,9,0,0,0,0,1,1,2,2,2,0,4,2,17,99,1,1,5,L,87,0,0,0,0,0,0,0,0,0,0,350,260,0,0,0,1,0,999,999,999,9999999,999,999,999,9,0,0,0,0,0,0,995,9.8,998,998,998,99.8,99.8,99.8,108.021574135734,3,5
17460,73,35,1-73-2020-035-07,7,1,1GT22ZCG3DZ4,17,23,481,2013,34,5,31,0,1,F,9,2824,5,9999,9,0,998,2,72,1,8,0,995,0,0,0,04930,9,9,0,4,2,1,2,2,1,1,0,0,0,0,1,1,0,0,3,1,1,2,13,99,1,4,1,A,1,1,4,2,2,1,4,61,1,2,999,998,998,0,0,9,1,0,999,999,999,9999999,999,999,999,9,0,0,0,0,0,3,998,0.0,999,999,999,9.5,2.6,9.9,112.910841604,3,5
17461,59,19,1-59-2020-019-08,8,1,1G4HD57266U2,17,18,23,2006,4,1,5,0,1,F,2,1810,5,9999,9,5,14,2,89,1,0,1,0,2,0,1,60417,1,9,2,1,3,1,2,1,1,1,1,3,0,9,1,8,1,2,3,0,1,3,50,2,1,1,2,D,20,0,0,0,0,0,0,0,0,0,0,180,180,0,0,0,1,12,999,999,999,9999999,999,999,999,7,0,1,2,0,4,0,995,9.8,998,998,998,99.8,99.8,99.8,58.0651503990931,6,5
17461,59,19,1-59-2020-019-08,8,2,1GNDT13S4522,17,20,403,2005,14,3,14,0,1,B,3,2084,5,9999,9,5,14,2,89,1,0,0,995,0,0,0,60002,1,2,2,1,3,1,2,1,1,1,1,3,0,9,1,8,1,2,1,0,5,3,53,1,1,1,2,D,21,0,0,0,0,0,0,0,0,0,0,180,180,0,0,0,1,12,999,999,999,9999999,999,999,999,8,0,3,14,1,3,0,995,9.8,998,998,998,99.8,99.8,99.8,58.0651503990931,6,5
17462,59,20,1-59-2020-020-10,10,1,2GCEC19W5113,17,20,481,2001,34,5,31,0,1,F,9,1980,5,91,8,5,15,2,89,1,0,0,995,0,7,0,47842,9,9,0,4,4,2,2,1,1,9,1,4,0,0,1,1,0,0,1,0,1,6,87,99,1,1,1,C,13,0,0,0,0,0,0,0,0,0,0,998,998,0,0,0,1,12,999,999,999,9999999,999,999,999,9,0,0,0,0,0,0,998,9.8,998,998,998,99.8,99.8,99.8,2127.75195599329,6,5
17463,32,63,1-32-2020-063-09,9,1,1FTRF12226NB,17,12,481,2006,34,5,31,0,1,F,9,2158,5,9999,9,0,998,2,105,1,0,0,995,0,0,0,75287,1,1,0,2,5,5,1,2,1,9,3,2,0,0,3,2,0,0,9,1,1,2,12,99,2,4,1,B,7,0,0,0,0,0,0,0,0,0,0,998,998,0,0,0,1,0,999,999,999,9999999,999,999,999,9,0,99,99,0,5,0,998,0.0,999,999,999,0.0,0.0,0.0,2934.17399296249,7,5
17464,32,64,1-32-2020-064-02,2,1,2C3CDXCT4KH7,17,7,24,2019,4,1,5,0,1,F,1,1934,5,0,1,1,33,2,64,1,0,0,995,0,0,0,75181,1,2,0,1,3,3,1,1,2,2,3,0,0,0,4,1,0,0,9,1,14,2,12,8,1,4,1,B,6,0,0,0,0,0,0,0,0,0,0,998,998,0,0,2,2,10,999,999,999,9999999,999,-23,17,2,0,9,97,0,8,0,998,0.0,54,13,13,0.0,0.0,0.0,21.7616442022049,7,5
17465,32,65,1-32-2020-065-03,3,1,5NMS23AD4LH2,17,55,401,2020,14,3,14,0,1,L,1,1629,5,0,1,1,30,2,64,1,0,0,995,0,0,0,75035,2,2,2,1,4,2,1,1,1,1,3,3,0,0,1,1,1,2,1,0,1,2,17,2,1,1,5,L,89,0,0,0,0,0,0,0,0,0,0,20,90,0,0,0,1,1,9,-2,9,8331,998,-95,9,0,1,1,1,0,5,0,995,9.8,998,998,998,99.8,99.8,99.8,513.072253582143,7,5
17465,32,65,1-32-2020-065-03,3,2,4T1BF1FK3HU7,17,49,40,2017,4,1,4,0,1,F,1,1467,5,0,1,1,17,2,64,1,0,0,995,0,0,0,75089,1,9,2,1,5,2,1,1,1,1,3,3,0,0,1,1,1,2,9,0,1,4,66,3,1,1,5,L,88,0,0,0,0,0,0,0,0,0,0,90,20,0,0,0,1,1,11,-9,-5,9369,998,-54,11,0,1,0,0,0,0,0,995,9.8,998,998,998,99.8,99.8,99.8,513.072253582143,7,5
17466,32,66,1-32-2020-066-01,1,1,JTHBJ46G7720,17,59,31,2007,4,1,4,0,1,L,2,1624,5,120,1,1,11,2,105,1,0,1,0,3,0,2,75043,3,2,0,1,4,4,1,2,1,2,2,3,0,0,4,2,0,0,9,1,1,1,6,1,4,4,1,B,7,0,0,0,0,0,0,0,0,0,0,60,250,0,0,0,3,5,999,999,999,9999999,999,999,999,7,0,6,75,1,1,0,995,3.8,999,999,999,7.0,3.8,8.1,37.9412188015436,7,5
17466,32,66,1-32-2020-066-01,1,2,1FTEW1CP9HKE,17,12,481,2017,34,5,31,0,1,L,9,2028,5,0,1,3,12,2,105,1,0,0,995,0,0,0,75032,1,1,0,1,4,3,1,2,1,2,3,3,0,0,4,2,0,0,9,0,1,4,60,99,1,1,6,M,98,0,0,0,0,0,0,0,0,0,0,250,130,0,0,0,2,12,999,999,999,9999999,999,999,999,9,0,0,0,0,0,0,995,9.8,998,998,998,99.8,99.8,99.8,37.9412188015436,7,5
17466,32,66,1-32-2020-066-01,1,3,3AKJHHDV8LSK,17,82,884,2020,66,8,68,0,1,F,9,,,,,,,2,105,1,0,0,995,0,0,0,30269,9,9,0,1,4,3,1,2,1,2,3,3,0,0,4,2,0,0,9,0,1,4,60,1,1,1,6,M,98,,,,,,,,,,,,,,,,,,,,,,,,,,,95,95,95,95,,,3.8,999,999,999,7.7,3.8,8.4,37.9412188015436,7,5
17467,13,43,1-13-2020-043-09,9,1,3GNEC12078G2,17,20,482,2008,34,5,31,0,1,F,1,2466,5,9999,9,0,998,2,999,1,8,0,995,0,7,0,99999,2,9,1,3,1,1,1,1,1,9,1,2,0,0,1,1,0,0,9,0,1,3,52,99,1,1,2,D,28,0,0,0,0,0,0,0,0,0,0,180,180,0,0,0,1,3,21,-21,-4,58771,998,-45,24,0,4,99,99,0,99,0,995,9.8,998,998,998,99.8,99.8,99.8,1341.63796029814,7,5
17467,13,43,1-13-2020-043-09,9,2,1G1AT18H1972,17,20,22,2009,2,1,2,0,1,B,3,1239,5,0,1,1,12,2,999,1,8,0,995,0,7,0,76012,9,1,1,3,1,1,1,1,1,9,1,2,0,0,1,1,0,0,9,0,2,3,53,1,1,1,2,D,29,0,0,0,0,0,0,0,0,0,0,180,180,0,0,0,1,3,41,41,7,83401,998,-42,39,0,4,9,97,0,5,0,995,2.0,999,999,999,0.0,0.0,0.0,1341.63796029814,7,5
17468,13,44,1-13-2020-044-03,3,1,1C4HJXDN5KW5,17,2,403,2019,14,3,14,0,1,L,1,1905,5,0,1,1,18,2,64,1,0,0,995,0,0,0,76017,2,9,2,4,3,2,2,1,1,4,1,2,0,0,1,1,2,2,9,0,11,2,15,8,1,1,4,K,82,0,0,0,0,0,0,0,0,0,0,0,90,0,0,0,1,1,16,-6,15,32321,998,-29,20,0,1,1,1,0,4,0,995,9.8,998,998,998,99.8,99.8,99.8,216.921868965115,7,5
17468,13,44,1-13-2020-044-03,3,2,1FAFP34ZX3W2,17,12,37,2003,4,1,2,0,1,F,2,1163,5,0,1,1,25,2,64,1,0,0,995,0,0,0,76010,2,9,2,1,2,2,1,1,1,1,3,0,0,0,1,1,0,0,9,0,1,4,67,99,1,1,4,K,83,0,0,0,0,0,0,0,0,0,0,90,0,0,0,0,1,1,25,-23,-8,26335,998,-63,21,0,1,3,9,1,3,0,995,9.8,998,998,998,99.8,99.8,99.8,216.921868965115,7,5
17469,13,45,1-13-2020-045-08,8,1,4T1BE32K23U2,17,49,40,2003,4,1,3,0,1,F,2,1435,5,0,1,1,21,2,113,1,0,0,995,0,0,0,76002,2,9,0,2,4,2,2,1,2,3,3,3,0,0,1,1,0,0,9,1,14,2,13,99,1,4,1,A,4,0,0,0,0,0,0,0,0,0,0,998,998,0,0,0,1,1,37,-34,-13,93655,998,-65,37,0,1,9,0,0,4,0,998,0.0,999,999,999,0.0,0.0,0.0,145.792483055188,7,5
17472,31,29,1-31-2020-029-09,9,1,WMEEJ31X19K2,17,65,31,2009,2,1,1,0,1,F,9,820,8,9999,9,5,57,2,89,1,0,0,995,0,0,0,62439,9,9,0,4,2,1,4,1,1,9,0,0,0,0,1,1,0,0,9,1,1,2,13,99,9,4,1,A,1,1,1,2,2,1,4,61,1,2,2,998,998,0,0,9,1,12,999,999,999,9999999,999,999,999,9,0,99,99,0,8,3,998,0.0,999,999,999,99.9,99.9,99.9,352.533963268111,6,5
17473,31,30,1-31-2020-030-07,7,1,2GNALBEK6D12,17,20,404,2013,14,3,14,0,1,F,9,1706,5,9999,9,5,12,2,89,1,0,0,995,0,0,0,62821,9,9,0,4,2,1,2,1,1,9,1,2,0,0,2,1,0,0,9,0,1,6,87,99,9,1,1,C,13,0,0,0,0,0,0,0,0,0,0,998,998,0,0,0,1,12,999,999,999,9999999,999,999,999,9,0,0,0,0,0,0,998,9.8,998,998,998,99.8,99.8,99.8,368.490339129658,6,5
17474,29,66,1-29-2020-066-04,4,1,1N4AL3AP9JC1,17,35,47,2018,4,1,4,0,1,R,2,1453,5,0,2,5,5,2,48,1,0,0,995,0,0,0,02865,7,1,2,4,3,1,2,1,1,9,1,1,0,0,1,8,1,9,1,0,1,2,17,1,1,1,5,L,87,0,0,0,0,0,0,0,0,0,0,15,285,0,0,0,1,12,999,999,999,9999999,999,999,999,7,0,1,1,0,0,0,995,9.8,998,998,998,99.8,99.8,99.8,62.3701260029599,2,5
17474,29,66,1-29-2020-066-04,4,2,4S4BRBKC4B33,17,48,45,2011,6,1,3,0,1,F,9,1542,5,9999,9,0,998,5,48,1,0,0,995,0,0,0,02703,9,9,2,3,2,2,2,1,1,9,1,0,0,0,1,8,1,9,1,0,1,4,66,99,1,1,5,L,86,0,0,0,0,0,0,0,0,0,0,285,15,0,0,0,1,0,999,999,999,9999999,999,999,999,9,0,95,95,95,95,0,995,9.8,998,998,998,99.8,99.8,99.8,62.3701260029599,2,5
17475,29,67,1-29-2020-067-06,6,1,5XYZGDAB5CG1,17,55,401,2012,14,3,14,0,1,F,1,1803,5,9999,9,5,4,2,48,1,0,0,995,0,0,0,02740,9,9,2,4,2,1,2,1,1,9,0,0,0,0,3,1,2,2,2,0,1,2,17,99,1,1,5,L,88,0,0,0,0,0,0,0,0,0,0,270,180,0,0,0,1,12,999,999,999,9999999,999,999,999,6,0,9,97,0,8,0,995,9.8,998,998,998,99.8,99.8,99.8,32.0351372766608,2,5
17475,29,67,1-29-2020-067-06,6,2,2HGFG1B68AH5,17,37,31,2010,2,1,3,0,1,L,9,1178,5,9999,9,0,998,5,48,1,0,0,995,0,0,0,02740,9,9,2,4,2,1,2,1,1,9,0,0,0,0,3,1,0,0,9,0,1,4,66,99,1,1,5,L,89,0,0,0,0,0,0,0,0,0,0,180,270,0,0,0,1,0,999,999,999,9999999,999,999,999,9,0,95,95,95,95,0,995,9.8,998,998,998,99.8,99.8,99.8,32.0351372766608,2,5
17476,29,68,1-29-2020-068-07,7,1,WAUBFAFL4DN0,17,32,43,2013,4,1,4,0,1,F,1,1640,5,9999,9,5,18,2,48,1,0,0,995,0,0,0,02740,9,9,0,4,2,1,2,1,1,9,0,2,0,0,5,1,0,0,9,0,1,3,50,99,1,1,2,D,20,0,0,0,0,0,0,0,0,0,0,300,300,0,0,0,1,12,999,999,999,9999999,999,999,999,6,0,0,0,0,0,0,995,9.8,998,998,998,99.8,99.8,99.8,103.279032634358,2,5
17476,29,68,1-29-2020-068-07,7,2,5TDDK3EH1BS0,17,49,403,2011,14,3,14,0,1,B,9,1960,5,9999,9,0,998,5,48,1,0,0,995,0,0,0,02744,9,9,0,4,2,1,2,1,1,9,0,2,0,0,5,1,0,0,1,0,5,3,53,99,1,1,2,D,21,0,0,0,0,0,0,0,0,0,0,300,300,0,0,0,1,0,999,999,999,9999999,999,999,999,9,0,95,95,95,95,0,995,9.8,998,998,998,99.8,99.8,99.8,103.279032634358,2,5
17477,29,69,1-29-2020-069-06,6,1,1C4PJMCS7FW7,17,2,404,2015,14,3,14,0,1,F,1,1669,5,9999,9,5,6,2,40,1,0,0,995,0,0,0,02740,9,9,2,4,3,1,2,1,1,9,0,2,0,0,1,1,1,2,3,0,1,2,17,99,1,1,5,L,88,0,0,0,0,0,0,0,0,0,0,190,90,0,0,0,1,12,999,999,999,9999999,999,999,999,6,0,99,99,0,8,0,995,0.0,999,999,999,0.0,0.0,0.0,32.0351372766608,2,5
17477,29,69,1-29-2020-069-06,6,2,WVGBV7AX6BW5,17,30,402,2011,14,3,14,0,1,L,2,1647,5,0,2,5,6,2,40,1,0,0,995,0,0,0,02748,1,2,2,3,3,2,2,1,1,9,1,1,0,0,1,1,1,2,9,0,1,4,66,99,1,1,5,L,89,0,0,0,0,0,0,0,0,0,0,90,190,0,0,0,1,12,999,999,999,9999999,999,999,999,7,0,9,97,0,99,0,995,0.0,999,999,999,0.4,0.9,1.0,32.0351372766608,2,5
17478,52,71,1-52-2020-071-06,6,1,1FMCU9G91DUB,17,12,402,2013,14,3,14,0,1,F,1,1588,5,0,1,1,14,2,40,1,0,0,995,0,0,0,59538,9,9,0,4,2,1,4,8,3,1,0,0,0,0,1,1,0,0,9,1,14,1,6,3,2,4,1,A,2,0,0,0,0,0,0,0,0,0,0,998,998,0,0,0,1,5,999,999,999,9999999,999,999,14,2,0,9,97,0,5,0,998,9.8,998,998,998,99.8,99.8,99.8,22.6502651408967,12,5
17479,21,51,1-21-2020-051-01,1,1,1G2ZF55B9641,17,22,22,2006,4,1,4,0,1,F,3,1486,5,9999,9,5,54,2,113,1,9,0,995,0,9,0,92398,1,9,0,2,2,2,2,2,1,9,3,2,1,3,2,2,0,0,9,0,1,3,50,4,2,1,6,M,98,0,0,0,0,0,0,0,0,0,0,275,175,0,0,0,1,5,999,999,999,9999999,999,999,999,8,0,3,9,1,1,0,995,9.8,998,998,998,99.8,99.8,99.8,31.5795971995564,11,5
17479,21,51,1-21-2020-051-01,1,2,1NPWL49XXED2,17,87,881,2014,66,8,68,0,1,L,9,,,,,,,3,89,1,0,0,995,0,0,0,92173,9,9,0,2,2,2,2,2,1,9,3,2,1,3,2,2,0,0,1,0,7,3,53,1,1,1,6,M,98,,,,,,,,,,,,,,,,,,,,,,,,,,,95,95,95,95,,,9.8,998,998,998,99.8,99.8,99.8,31.5795971995564,11,5
17480,21,52,1-21-2020-052-05,5,1,2G1WG5E34D11,17,20,2,2013,4,1,4,0,1,U,9,1613,5,9999,9,0,998,2,89,1,0,1,0,2,0,2,71103,1,2,0,4,2,1,2,1,2,9,1,2,0,0,1,1,0,0,3,1,14,2,12,1,1,4,1,B,6,0,0,0,0,0,0,0,0,0,0,998,998,0,0,0,2,0,999,999,999,9999999,999,999,999,9,0,3,19,1,3,0,998,0.3,999,999,999,10.6,1.6,10.5,31.8297816083011,11,5
17481,21,53,1-21-2020-053-05,5,1,WBAKN9C52FD9,17,34,35,2015,4,1,5,0,1,F,1,1980,5,9999,9,5,25,2,105,1,0,1,0,2,0,1,93505,1,9,0,1,2,1,2,1,1,9,1,3,2,3,2,1,0,0,9,1,1,2,13,1,1,4,1,A,1,0,0,0,0,0,0,0,0,0,0,998,998,0,0,0,3,12,999,999,999,9999999,999,999,999,1,0,9,0,0,3,0,998,2.9,999,999,999,7.2,0.7,7.3,31.8297816083011,11,5
17482,21,54,1-21-2020-054-06,6,1,5N1AR2MNXEC6,17,35,401,2014,14,3,14,0,1,T,1,1923,5,9999,9,5,22,2,113,1,1,8,997,8,0,0,92376,1,1,0,1,2,2,2,1,2,9,3,2,1,3,3,1,0,0,9,1,14,2,12,4,4,4,1,B,6,1,7,2,2,1,4,61,1,1,36,997,997,0,0,0,1,6,999,999,999,9999999,999,999,999,6,0,1,1,0,6,3,997,9.8,998,998,998,99.8,99.8,99.8,543.503958889642,11,5
17483,19,62,1-19-2020-062-08,8,1,1FMRU17WX2LA,17,12,422,2002,15,3,15,0,1,F,1,2424,5,0,1,1,10,2,89,1,0,1,0,1,1,0,35903,1,9,0,4,2,1,2,1,1,4,1,2,2,3,1,1,0,0,9,1,1,2,13,1,1,4,1,A,1,0,0,0,0,0,0,0,0,0,0,998,998,0,1,0,1,1,17,-17,0,30139,998,0,17,0,4,3,18,1,4,0,998,0.5,82,120,-48,10.5,2.6,10.9,159.243441438181,9,5
17484,19,63,1-19-2020-063-08,8,1,1N6SD11Y7RC3,17,35,471,1994,34,5,30,0,1,R,1,1524,5,54,1,1,8,2,48,1,0,1,100,2,0,2,35901,1,9,0,4,2,1,2,1,3,4,0,0,0,0,2,1,0,0,9,1,14,2,12,99,4,4,1,B,7,1,1,2,2,1,4,61,1,1,2,997,997,0,1,0,1,6,999,999,999,9999999,999,999,999,6,0,2,9,0,3,3,997,9.8,998,998,998,99.8,99.8,99.8,159.243441438181,9,5
17485,19,64,1-19-2020-064-02,2,1,KMHCT4AE2HU3,17,55,36,2017,4,1,2,0,1,L,2,1155,5,0,1,1,5,2,89,1,0,0,995,0,0,0,35980,1,9,0,4,3,1,2,2,3,4,1,2,2,3,2,2,0,0,9,1,14,2,13,99,1,4,1,A,1,0,0,0,0,0,0,0,0,0,0,998,998,0,1,1,5,7,999,999,999,9999999,999,999,999,7,0,9,97,0,8,0,998,0.8,120,25,-18,27.7,3.5,28.9,44.8387754761066,9,5
17486,19,65,1-19-2020-065-03,3,1,1G6DP5671502,17,19,18,2005,4,1,4,0,1,F,1,1620,5,9999,9,0,998,2,89,1,0,0,995,0,0,0,35956,1,9,2,1,2,1,2,1,1,1,1,3,2,3,1,1,0,0,3,0,1,3,52,3,2,1,2,D,28,0,0,0,0,0,0,0,0,0,0,345,350,0,1,0,1,3,11,-11,0,11491,998,0,13,0,4,9,97,0,0,0,995,9.8,998,998,998,99.8,99.8,99.8,198.212584463051,9,5
17486,19,65,1-19-2020-065-03,3,2,2T3W1RFV5KC0,17,49,402,2019,14,3,14,0,1,B,1,1528,5,0,2,1,5,2,89,1,0,0,995,0,0,0,35957,1,2,2,1,2,1,2,1,1,1,1,3,2,3,1,1,0,0,1,0,2,3,53,1,1,1,2,D,29,0,0,0,0,0,0,0,0,0,0,350,345,0,0,0,1,3,11,11,-2,9692,998,103,10,0,4,0,0,0,0,0,995,9.8,998,998,998,99.8,99.8,99.8,198.212584463051,9,5
17487,66,28,1-66-2020-028-07,7,1,1FAHP2E83DG1,17,12,17,2013,4,1,4,0,1,F,2,1918,5,9999,9,5,14,2,97,1,0,0,995,0,7,0,65708,9,9,2,4,3,1,2,1,1,1,1,1,0,1,1,1,0,0,9,0,1,3,52,99,9,1,2,D,28,0,0,0,0,0,0,0,0,0,0,90,130,0,0,0,1,12,999,999,999,9999999,999,999,999,7,0,0,0,0,0,0,995,9.8,998,998,998,99.8,99.8,99.8,388.135879615114,6,5
17487,66,28,1-66-2020-028-07,7,2,2GCEK19R7V12,17,20,481,1997,34,5,31,0,1,B,2,9999,9,9999,9,5,42,5,97,1,0,0,995,0,7,0,65605,9,9,2,4,3,1,2,1,1,1,1,1,0,1,1,1,0,0,9,0,2,3,53,1,1,1,2,D,31,0,0,0,0,0,0,0,0,0,0,130,90,0,0,0,1,98,999,999,999,9999999,999,999,999,7,0,95,95,95,95,0,995,0.0,999,999,999,99.9,99.9,99.9,388.135879615114,6,5
17488,66,29,1-66-2020-029-09,9,1,1FAFP663XYK1,17,12,35,2000,4,1,3,0,1,F,2,1261,5,9999,9,5,19,2,97,1,0,0,995,0,7,0,65705,9,9,0,4,2,1,2,1,1,4,1,2,2,3,2,1,0,0,9,0,1,6,87,2,1,1,1,C,13,0,0,0,0,0,0,0,0,0,0,998,998,0,0,0,1,12,999,999,999,9999999,999,999,999,7,0,1,1,0,99,0,998,9.8,998,998,998,99.8,99.8,99.8,371.328812032099,6,5
17489,33,38,1-33-2020-038-06,6,1,JM1BL1L57C15,17,41,51,2012,5,1,2,0,1,T,1,1387,5,0,1,5,9,2,999,1,1,8,997,8,0,9,95988,1,2,2,4,2,1,2,1,3,9,0,2,0,0,1,1,0,0,9,1,14,2,13,99,1,4,1,A,1,1,4,2,6,2,4,60,4,1,25,997,997,0,0,0,2,6,999,999,999,9999999,999,999,999,6,0,1,1,0,4,3,997,0.0,999,999,999,41.6,1.9,41.7,66.5822538756988,12,5
17490,33,39,1-33-2020-039-08,8,1,JT4RN50RXH02,17,49,471,1987,34,5,30,0,1,F,2,1143,5,57,2,5,8,2,105,1,0,1,0,2,0,0,96021,1,2,1,3,1,1,2,2,2,9,1,2,0,0,1,2,0,0,1,1,14,1,6,3,4,4,6,M,98,0,0,0,0,0,0,0,0,0,0,145,305,0,0,0,1,12,999,999,999,9999999,999,999,999,7,0,3,14,1,4,0,995,9.8,998,998,998,99.8,99.8,99.8,26.4434226183561,12,5
17490,33,39,1-33-2020-039-08,8,2,JTEGH20V9200,17,49,402,2002,14,3,14,0,1,T,3,1305,5,0,1,5,8,2,105,1,0,1,0,2,0,0,95973,1,2,1,2,2,2,2,2,1,9,2,2,0,0,1,2,0,0,9,0,1,4,74,99,9,1,6,M,98,1,1,1,5,1,3,61,1,1,5,996,996,0,0,0,3,7,999,999,999,9999999,999,999,999,8,0,1,1,0,4,3,996,4.6,999,999,999,0.0,0.0,0.0,26.4434226183561,12,5
17491,33,40,1-33-2020-040-04,4,1,ZACNJBBB6KPK,17,2,408,2019,14,3,14,0,1,R,2,1447,5,9999,9,5,34,2,56,1,0,0,995,0,0,0,93552,1,1,3,5,5,3,2,1,1,9,4,4,0,0,3,1,0,0,1,0,11,2,15,1,1,1,4,J,68,0,0,0,0,0,0,0,0,0,0,300,180,0,0,0,1,12,999,999,999,9999999,999,999,999,7,0,1,1,0,0,0,995,9.8,998,998,998,99.8,99.8,99.8,102.388166499966,12,5
17491,33,40,1-33-2020-040-04,4,2,JN1BJ1CP3JW1,17,35,51,2018,6,1,3,0,1,F,2,1550,5,0,2,5,16,2,56,1,1,0,995,0,0,0,95973,1,2,0,4,6,2,2,1,1,9,0,3,0,0,3,1,0,0,1,0,1,4,62,2,1,1,4,J,69,0,0,0,0,0,0,0,0,0,0,180,300,0,0,0,1,12,999,999,999,9999999,999,999,999,7,0,2,5,0,6,0,995,9.8,998,998,998,99.8,99.8,99.8,102.388166499966,12,5
17492,26,66,1-26-2020-066-03,3,1,WDDZF6JB3KA5,17,42,48,2019,4,1,5,0,1,L,2,1875,5,0,2,5,14,2,64,1,0,0,995,0,0,0,95624,1,2,2,4,4,1,2,1,1,9,0,1,0,0,1,1,1,2,2,0,10,2,16,1,1,1,4,K,78,0,0,0,0,0,0,0,0,0,0,255,265,0,0,0,1,12,999,999,999,9999999,999,999,999,7,0,2,4,0,3,0,995,9.8,998,998,998,99.8,99.8,99.8,600.404837560647,10,5
17492,26,66,1-26-2020-066-03,3,2,1C3CCCABXFN7,17,6,18,2015,4,1,3,0,1,F,2,1575,5,9999,9,5,21,2,72,1,0,0,995,0,0,0,95624,1,9,2,1,4,1,2,1,1,9,3,3,0,0,1,1,1,2,1,0,1,4,65,3,9,1,4,K,79,0,0,0,0,0,0,0,0,0,0,265,255,0,0,0,1,12,999,999,999,9999999,999,999,999,7,0,99,99,0,99,0,995,9.8,998,998,998,99.8,99.8,99.8,600.404837560647,10,5