CASEID,PSU,CASENO,CASENUMBER,CATEGORY,VEHNO,VIN,VINLENGTH,MAKE,MODEL,MODELYR,BODYTYPE,BODYCAT,VEHCLASS,SPECUSE,TRANSTAT,DAMPLANE,DAMSEV,CURBWT,CURBSRC,CARGOWT,CARGOSRC,INSPTYPE,INSPLAG,TOWED,SPEEDLIMIT,DRPRESENT,PARALCOHOL,ALCTEST,ALCTESTRESULT,ALCTESTSRC,PARDRUG,DRUGTEST,ZIP,RACE,ETHNICITY,RELTOJUNCT,TRAFFLOW,RDLANES,INITLANE,SURFTYPE,SURFCOND,ALIGNMENT,PROFILE,LINERIGHT,LINELEFT,RUMBINIT,RUMBROAD,LIGHTCOND,WEATHER,TRAFDEV,TRAFFUNCT,DISTRACT,PREFHE,PREMOVE,CRITCAT,CRITEVENT,MANEUVER,PRESTAB,PRELOC,CRASHCAT,CRASHCONF,CRASHTYPE,ROLLTYPE,ROLLTURN,ROLLINTRPT,ROLLPREMAN,ROLLINITYP,ROLLINLOC,ROLLOBJ,ROLLTRIP,ROLLDIR,ROLLDIST,DVANGTHIS,DVANGOTH,TOWHITCH,TRAJDOC,TREEPOLE,DVEVENT,DVBASIS,DVTOTAL,DVLONG,DVLAT,DVENERGY,DVSPEED,DVMOMENT,DVBES,DVEST,DVCONF,VAIS,VISS,VINJURED,VTREAT,INITOBJCLASS,HEADANGLECAT,SHLDRWIDTH,STRKLENGTH,STRKWIDTH,STRKHEIGHT,EDGEDISTX,EDGEDISTY,EDGEDISTZ,CASEWGT,PSUSTRAT,VERSION
17636,24,71,1-24-2020-071-09,9,2,4A3AB36F88E0,17,52,34,2008,4,1,3,0,1,L,9,1520,5,9999,9,5,13,2,40,1,0,0,995,0,0,0,08401,2,2,2,3,2,1,2,1,1,9,0,3,0,0,1,1,0,0,9,0,1,4,66,99,1,1,5,L,89,0,0,0,0,0,0,0,0,0,0,335,65,0,0,0,1,12,999,999,999,9999999,999,999,999,9,0,0,0,0,4,0,995,0.0,999,999,999,99.9,99.9,99.9,639.998158935796,1,5
17637,24,72,1-24-2020-072-09,9,1,5N1BV28U25N1,17,35,443,2005,20,4,20,0,1,F,2,1889,5,9999,9,5,22,2,80,1,0,0,995,0,0,0,08330,2,2,2,1,3,2,2,1,1,9,3,1,0,0,1,1,1,2,9,0,1,4,62,99,1,1,4,J,69,0,0,0,0,0,0,0,0,0,0,300,60,0,0,0,1,12,999,999,999,9999999,999,999,999,7,0,1,2,0,4,0,995,9.8,998,998,998,99.8,99.8,99.8,639.998158969657,1,5
17637,24,72,1-24-2020-072-09,9,2,3GNEK13T42G3,17,20,482,2002,34,5,30,0,1,R,1,2570,5,0,1,5,22,2,80,1,0,0,995,0,0,0,08234,9,9,2,1,4,4,2,1,1,9,1,2,0,0,1,1,5,2,9,0,11,2,15,99,1,1,4,J,68,0,0,0,0,0,0,0,0,0,0,60,300,0,0,0,1,12,999,999,999,9999999,999,999,999,6,0,0,0,0,0,0,995,9.8,998,998,998,99.8,99.8,99.8,639.998158969657,1,5
17638,24,73,1-24-2020-073-09,9,1,19UUA66255A0,17,54,35,2005,4,1,3,0,1,F,2,1623,5,9999,9,5,6,2,72,1,0,0,995,0,0,0,08232,9,9,0,4,3,1,2,1,1,9,1,2,0,0,1,1,0,0,3,1,1,2,13,99,9,4,1,A,1,0,0,0,0,0,0,0,0,0,0,998,998,0,0,9,1,12,999,999,999,9999999,999,999,999,7,0,99,99,0,0,0,998,0.0,999,999,999,99.9,99.9,99.9,639.998158969657,1,5
17639,24,74,1-24-2020-074-06,6,1,1C3CCCAB5FN7,17,6,18,2015,4,1,3,0,1,F,2,1575,5,9999,9,5,46,2,40,1,1,8,997,8,9,9,08203,9,9,0,2,1,1,2,2,3,9,1,0,0,0,2,1,0,0,9,1,14,2,13,99,1,4,1,A,1,0,0,0,0,0,0,0,0,0,0,998,998,0,0,0,1,12,999,999,999,9999999,999,999,999,7,0,9,97,0,99,0,998,0.0,999,999,999,99.9,99.9,99.9,358.201427805996,1,5
17641,16,53,1-16-2020-053-04,4,1,3N1CB51D44L8,17,35,43,2004,4,1,1,0,1,R,2,1149,5,9999,9,0,998,2,40,1,0,0,995,0,0,0,43054,9,9,0,4,2,1,2,1,1,4,0,0,0,0,1,1,0,0,1,0,8,2,11,99,1,7,2,F,48,0,0,0,0,0,0,0,0,0,0,30,350,0,0,0,1,3,34,22,-26,65170,998,-32,36,0,4,99,99,0,99,0,995,9.8,998,998,998,99.8,99.8,99.8,529.533183936565,5,5
17641,16,53,1-16-2020-053-04,4,2,2C3CDXCT1HH5,17,7,24,2017,4,1,5,0,1,F,1,1996,5,0,1,1,7,2,40,1,0,0,995,0,0,0,45227,9,9,0,4,2,1,2,1,1,4,0,0,0,0,1,1,0,0,1,0,1,4,60,3,1,1,2,F,48,0,0,0,0,0,0,0,0,0,0,350,30,0,0,0,1,3,20,-20,3,24616,998,33,17,0,4,0,0,0,0,0,995,9.8,998,998,998,99.8,99.8,99.8,529.533183936565,5,5
17642,16,54,1-16-2020-054-04,4,1,1GNDX03E21D2,17,20,443,2001,20,4,20,0,1,R,9,1761,5,9999,9,0,998,5,40,1,0,0,995,0,0,0,45205,9,9,2,4,2,1,2,1,1,1,0,2,0,0,3,1,1,2,9,0,1,2,17,99,1,1,5,L,87,0,0,0,0,0,0,0,0,0,0,175,85,0,0,0,1,0,999,999,999,9999999,999,999,999,9,0,95,95,95,95,0,995,9.8,998,998,998,99.8,99.8,99.8,529.533183936565,5,5
17642,16,54,1-16-2020-054-04,4,2,1N4AA6AP3HC3,17,35,47,2017,4,1,4,0,1,F,1,1574,5,0,1,1,12,2,40,1,0,0,995,0,0,0,45237,9,9,2,4,2,1,2,1,1,1,0,2,0,0,3,1,1,2,1,0,1,4,66,5,1,1,5,L,86,0,0,0,0,0,0,0,0,0,0,85,175,0,0,0,1,98,999,999,999,9999999,999,999,999,6,0,0,0,0,0,0,995,9.8,998,998,998,99.8,99.8,99.8,529.533183936565,5,5
17643,48,35,1-48-2020-035-03,3,1,5NMS3CAD1LH1,17,55,401,2020,14,3,14,0,1,F,1,1694,5,0,1,1,21,2,121,1,0,0,995,0,0,0,84321,9,9,0,2,3,2,1,1,1,1,3,3,0,3,2,1,0,0,9,1,1,2,12,99,9,4,1,B,6,0,0,0,0,0,0,0,0,0,0,998,998,0,0,0,2,1,20,-18,7,33484,998,76,20,0,1,99,99,0,99,0,998,2.5,120,999,999,12.3,2.5,12.6,68.786881604685,12,5
17644,48,36,1-48-2020-036-10,10,1,1G1ZS58F08F1,17,20,37,2008,4,1,4,0,1,F,1,1569,5,0,1,1,6,2,80,1,0,0,995,0,0,0,84337,9,9,2,4,2,1,5,1,1,1,0,0,0,0,1,1,0,0,9,0,11,2,15,99,1,1,4,K,76,0,0,0,0,0,0,0,0,0,0,220,190,0,0,0,1,12,999,999,999,9999999,999,999,999,6,0,0,0,0,0,0,995,9.8,998,998,998,99.8,99.8,99.8,1371.00910126725,12,5
17644,48,36,1-48-2020-036-10,10,2,1FT7W2BT9KEC,17,12,481,2019,34,5,31,0,1,L,9,3037,5,9999,9,0,998,5,80,1,0,0,995,0,0,0,84075,9,9,2,5,5,2,2,1,1,1,3,4,0,0,1,1,0,0,9,0,1,4,70,99,1,1,4,K,77,0,0,0,0,0,0,0,0,0,0,190,220,1,0,0,1,0,999,999,999,9999999,999,999,999,9,0,95,95,95,95,0,995,9.8,998,998,998,99.8,99.8,99.8,1371.00910126725,12,5
17645,77,49,1-77-2020-049-06,6,1,5J6RM4H7XEL0,17,37,402,2014,14,3,14,0,1,F,1,1583,5,0,1,1,8,2,72,1,0,0,995,0,0,0,22960,9,2,0,4,2,1,2,1,2,1,0,2,0,0,1,1,0,0,3,1,14,2,13,1,1,4,1,A,1,0,0,0,0,0,0,0,0,0,0,998,998,0,0,1,1,1,15,-15,-3,15310,998,28,15,0,4,3,14,1,3,0,998,0.0,74,56,90,21.0,2.9,21.0,348.859774392076,9,5
17646,28,36,1-28-2020-036-09,9,1,4A4MN21S06E0,17,52,402,2006,14,3,14,0,1,T,2,1885,5,0,1,1,13,2,64,1,0,0,995,0,0,0,16920,1,2,0,4,2,1,2,1,2,4,0,2,0,0,1,1,0,0,3,1,14,1,6,5,4,4,1,A,2,1,6,2,2,1,4,61,1,1,25,997,997,0,0,0,1,6,999,999,999,9999999,999,999,999,7,0,1,1,0,4,3,997,9.8,998,998,998,99.8,99.8,99.8,83.3211007068016,3,5
17647,28,37,1-28-2020-037-04,4,1,1FMCU9HD5JUA,17,12,402,2018,14,3,14,0,1,F,1,1668,5,0,1,4,4,2,113,1,0,0,995,0,0,0,17552,1,2,0,2,2,1,2,1,1,1,1,3,2,3,1,1,0,0,1,0,1,6,87,98,1,1,1,C,13,0,0,0,0,0,0,0,0,0,0,998,998,0,0,0,1,12,999,999,999,9999999,999,999,999,6,0,1,1,0,0,0,998,9.8,998,998,998,99.8,99.8,99.8,49.10408180968,3,5
17648,32,71,1-32-2020-071-03,3,1,1HGCF86672A0,17,37,32,2002,4,1,3,0,1,R,1,1375,5,0,1,1,15,2,48,1,0,0,995,0,0,0,75050,2,2,2,4,5,1,2,1,1,2,0,1,0,0,1,8,1,2,9,0,1,2,17,1,1,1,5,L,87,0,0,0,0,0,0,0,0,0,0,40,310,0,0,0,1,3,14,-5,-13,17668,998,-69,16,0,4,0,0,0,0,0,995,9.8,998,998,998,99.8,99.8,99.8,626.324702369227,7,5
17648,32,71,1-32-2020-071-03,3,2,2T2HZMAA6LC1,17,59,403,2020,14,3,14,0,1,F,1,2020,5,9999,9,0,998,2,48,1,0,0,995,0,0,0,75205,1,2,2,3,3,1,2,1,1,2,0,1,0,0,1,8,1,2,9,0,1,4,66,1,1,1,5,L,86,0,0,0,0,0,0,0,0,0,0,310,40,0,0,0,1,3,10,-9,3,6680,998,75,8,0,4,9,97,0,5,0,995,9.8,998,998,998,99.8,99.8,99.8,626.324702369227,7,5
17649,32,72,1-32-2020-072-05,5,1,5NPE24AF3FH0,17,55,33,2015,4,1,4,0,1,F,2,1475,5,0,1,1,19,2,105,1,1,1,213,1,1,2,75216,1,1,1,2,4,3,1,1,3,9,3,3,0,0,2,8,0,0,9,0,14,3,50,99,1,2,3,G,52,0,0,0,0,0,0,0,0,0,0,185,240,0,0,0,1,3,31,-31,0,35820,998,-48,24,0,4,2,5,0,3,0,995,9.8,998,998,998,99.8,99.8,99.8,70.6422544248843,7,5
17649,32,72,1-32-2020-072-05,5,2,2C3CDXAG3GH1,17,7,24,2016,4,1,5,5,3,R,9,1785,5,9999,9,0,998,,,,,,,,,,,,,,,,,,,,,,,,,,,,,,,,,,,,,,,,,,,,,,,,,,,,,,,,,,,,,,,,,,95,95,95,95,,,,,,,,,,70.6422544248843,7,5
17649,32,72,1-32-2020-072-05,5,3,1FUBGBD98FLG,17,82,881,2015,66,8,68,0,1,L,9,,,,,,,5,105,1,0,0,995,0,0,0,76065,9,9,1,2,4,2,1,1,2,9,3,3,0,0,2,8,0,0,9,0,14,4,60,99,1,1,6,M,98,,,,,,,,,,,,,,,,,,,,,,,,,,,95,95,95,95,,,9.8,998,998,998,99.8,99.8,99.8,70.6422544248843,7,5
17650,32,73,1-32-2020-073-02,2,1,1C4RJEAG1CC1,17,2,404,2012,14,3,14,0,1,F,1,2028,8,0,1,1,27,2,64,1,0,0,995,0,0,0,75019,1,9,2,1,4,2,1,1,1,1,5,5,0,0,1,1,1,2,9,0,1,2,17,98,1,1,5,L,88,0,0,0,0,0,0,0,0,0,0,265,180,0,0,0,1,1,16,-14,-8,44414,998,-66,21,0,4,99,99,0,5,0,995,9.8,998,998,998,99.8,99.8,99.8,65.0911164661818,7,5
17650,32,73,1-32-2020-073-02,2,2,5N1AT2MT7JC7,17,35,51,2018,6,1,3,0,1,L,1,1550,5,0,1,1,27,2,64,1,0,0,995,0,0,0,75010,3,9,2,1,3,2,1,1,1,1,5,5,0,0,1,1,1,2,9,0,1,4,66,4,1,1,5,L,89,0,0,0,0,0,0,0,0,0,0,180,265,0,0,0,1,1,19,-10,17,11300,998,73,12,0,4,9,97,0,8,0,995,9.8,998,998,998,99.8,99.8,99.8,65.0911164661818,7,5
17651,32,74,1-32-2020-074-08,8,1,1FTPW12585KD,17,12,481,2005,34,5,31,0,1,L,1,2363,5,0,1,1,21,2,56,1,0,1,0,2,0,2,75042,9,1,0,1,3,2,2,2,3,2,3,3,0,0,1,2,0,0,9,1,14,1,6,1,3,4,1,A,2,0,0,0,0,0,0,0,0,0,0,998,998,0,0,1,2,1,17,-16,6,30115,998,-50,17,0,1,3,10,1,3,0,998,0.0,56,15,17,0.0,0.0,0.0,420.950796675534,7,5
17652,59,23,1-59-2020-023-01,1,1,1B3ES56C73D2,17,7,20,2003,4,1,3,0,1,F,3,1333,5,9999,9,1,2,2,64,1,0,1,0,3,0,1,47863,1,9,0,4,2,1,2,1,1,1,0,0,0,0,2,1,0,0,9,1,1,2,13,99,1,4,1,A,1,0,0,0,0,0,0,0,0,0,0,998,998,0,0,1,1,1,56,-56,0,175260,998,20,56,0,1,6,75,1,1,0,998,0.0,23,23,40,70.2,8.0,70.8,63.6806733509579,6,5
17653,59,24,1-59-2020-024-04,4,1,3GKFK16Z92G2,17,23,431,2002,16,3,16,0,1,R,1,2228,5,9999,9,0,998,5,72,1,0,0,995,0,0,0,47842,9,9,2,5,5,3,2,1,1,1,1,2,0,0,1,8,1,2,9,0,11,2,15,9,1,2,4,J,68,0,0,0,0,0,0,0,0,0,0,205,90,0,0,0,1,3,18,-14,-11,41379,998,83,20,0,4,95,95,95,95,0,995,9.8,998,998,998,99.8,99.8,99.8,620.725101382898,6,5
17653,59,24,1-59-2020-024-04,4,2,5FNRL5H61GB0,17,37,441,2016,20,4,20,0,1,F,1,2067,5,136,8,1,8,2,72,1,0,0,995,0,0,0,47834,1,2,2,4,5,2,2,1,1,2,3,1,0,0,1,8,1,2,1,0,1,4,62,2,1,1,4,J,69,0,0,0,0,0,0,0,0,0,0,90,205,0,0,0,1,3,16,-15,6,24630,998,85,14,0,1,1,1,0,0,0,995,9.8,998,998,998,99.8,99.8,99.8,620.725101382898,6,5
17654,52,79,1-52-2020-079-04,4,1,1FAFP6536XK1,17,12,35,1999,4,1,3,0,1,L,1,1261,5,0,1,1,13,2,56,1,0,0,995,0,0,0,59101,9,9,2,4,2,1,2,2,1,1,0,0,0,0,1,2,2,2,9,0,1,2,17,99,1,1,5,L,89,0,0,0,0,0,0,0,0,0,0,175,255,0,0,0,1,3,9,-3,9,8815,998,137,9,0,4,99,99,0,99,0,995,9.8,998,998,998,99.8,99.8,99.8,91.3232657825471,12,5
17654,52,79,1-52-2020-079-04,4,2,1FMCU9J98JUC,17,12,402,2018,14,3,14,0,1,F,1,1611,5,0,2,3,13,2,56,1,0,0,995,0,0,0,59106,1,2,2,5,5,2,2,2,1,1,3,2,0,0,1,2,0,0,1,0,1,4,66,7,1,1,5,L,88,0,0,0,0,0,0,0,0,0,0,255,175,0,0,0,1,3,7,-6,-4,3333,998,-55,7,0,4,1,1,0,6,0,995,9.8,998,998,998,99.8,99.8,99.8,91.3232657825471,12,5
17655,25,48,1-25-2020-048-06,6,1,1G1PG5SC3C73,17,20,25,2012,4,1,3,0,1,R,9,1407,5,9999,9,0,998,2,56,1,9,0,995,0,9,0,04103,9,9,2,5,4,2,2,1,3,1,0,0,0,0,1,1,1,2,9,0,14,2,17,99,1,2,4,K,83,0,0,0,0,0,0,0,0,0,0,200,95,0,0,0,1,0,999,999,999,9999999,999,999,999,9,0,0,0,0,0,0,995,9.8,998,998,998,99.8,99.8,99.8,194.379271263767,2,5
17655,25,48,1-25-2020-048-06,6,2,4S4BSACC6F33,17,48,45,2015,5,1,3,0,1,F,1,1614,5,9999,9,5,11,2,56,1,0,0,995,0,0,0,04093,9,9,2,4,3,2,2,1,1,1,1,2,0,0,1,1,1,2,1,0,11,4,66,99,1,1,4,K,82,0,0,0,0,0,0,0,0,0,0,95,200,0,0,0,1,12,999,999,999,9999999,999,999,999,6,0,0,0,0,6,0,995,9.8,998,998,998,99.8,99.8,99.8,194.379271263767,2,5
17656,25,49,1-25-2020-049-03,3,1,1N4BL4BV6LC1,17,35,47,2020,4,1,4,0,1,F,1,1457,8,9999,9,5,9,2,48,1,8,0,995,0,7,0,99999,9,9,0,4,2,1,2,1,3,1,1,2,0,0,3,5,0,0,9,1,14,2,13,99,1,4,1,A,1,0,0,0,0,0,0,0,0,0,0,998,998,0,0,0,2,12,999,999,999,9999999,999,999,999,6,0,9,97,0,99,0,998,0.5,999,999,999,99.9,99.9,99.9,117.273146475193,2,5
17657,25,50,1-25-2020-050-03,3,1,3KPFL4A7XHE1,17,63,38,2017,4,1,3,0,1,L,1,1272,5,9999,9,5,23,2,48,1,0,0,995,0,0,0,04102,9,9,2,4,5,1,2,1,1,1,1,1,0,0,3,1,1,2,9,0,1,2,17,99,1,1,4,K,77,0,0,0,0,0,0,0,0,0,0,0,85,0,0,0,1,98,999,999,999,9999999,999,999,999,6,0,0,0,0,0,0,995,9.8,998,998,998,99.8,99.8,99.8,117.273146475193,2,5
17657,25,50,1-25-2020-050-03,3,2,1HGCT1B76HA0,17,37,32,2017,2,1,3,0,1,F,2,1480,5,9999,9,5,23,2,48,1,0,0,995,0,0,0,04101,9,9,2,4,3,2,2,1,1,1,1,2,0,0,3,1,1,2,9,0,11,4,70,99,1,1,4,K,76,0,0,0,0,0,0,0,0,0,0,85,0,0,0,0,1,98,999,999,999,9999999,999,999,999,7,0,1,1,0,5,0,995,9.8,998,998,998,99.8,99.8,99.8,117.273146475193,2,5
17658,73,38,1-73-2020-038-03,3,1,1C6SRFMT7KN8,17,7,482,2019,34,5,31,0,1,F,2,2327,5,0,1,1,22,2,89,1,8,0,995,0,7,0,04572,9,9,3,4,2,1,4,1,1,4,0,0,0,0,1,1,0,0,3,0,10,2,16,1,1,1,4,K,80,0,0,0,0,0,0,0,0,0,0,350,175,0,0,0,1,12,999,999,999,9999999,999,999,999,7,0,99,99,0,0,0,995,9.8,998,998,998,99.8,99.8,99.8,55.4231389277233,3,5
17658,73,38,1-73-2020-038-03,3,2,1FTPX14545NB,17,12,481,2005,34,5,31,0,1,F,2,2412,5,0,1,1,21,2,89,1,8,0,995,0,7,0,04345,9,9,3,4,2,1,2,1,1,2,1,2,0,0,1,1,0,0,1,0,1,4,72,99,1,2,4,K,81,0,0,0,0,0,0,0,0,0,0,175,350,0,0,0,1,12,999,999,999,9999999,999,999,999,7,0,1,1,0,0,0,995,9.8,998,998,998,99.8,99.8,99.8,55.4231389277233,3,5
17659,73,39,1-73-2020-039-04,4,1,2GTEK19T4313,17,23,481,2003,34,5,31,0,1,F,1,2151,5,9999,9,0,998,2,0,1,8,0,995,0,7,0,04450,9,9,0,4,2,1,4,8,1,1,0,0,0,0,1,1,0,0,1,0,1,3,50,99,1,1,2,D,20,0,0,0,0,0,0,0,0,0,0,320,320,0,0,0,1,3,17,-17,0,26312,998,0,17,0,4,0,0,0,0,0,995,9.8,998,998,998,99.8,99.8,99.8,275.887845058201,3,5
17659,73,39,1-73-2020-039-04,4,2,1GCVKREC5GZ3,17,20,481,2016,34,5,31,0,1,T,2,2366,5,0,1,1,19,2,0,1,8,0,995,0,7,0,04456,9,9,0,4,2,1,4,8,1,1,0,0,0,0,1,1,0,0,1,0,5,3,53,1,1,1,2,D,21,1,2,2,2,5,4,31,3,2,3,997,997,0,0,0,3,6,999,999,999,9999999,999,999,999,7,0,0,0,0,0,2,997,9.8,998,998,998,99.8,99.8,99.8,275.887845058201,3,5
17659,73,39,1-73-2020-039-04,4,3,1GTV2UEC7FZ1,17,23,481,2015,34,5,31,0,1,B,9,2366,5,9999,9,0,998,5,0,1,8,0,995,0,7,0,04450,9,9,0,4,2,1,4,8,1,1,0,0,0,0,1,1,0,0,1,0,5,3,53,1,1,1,6,M,98,0,0,0,0,0,0,0,0,0,0,320,320,0,0,0,2,0,999,999,999,9999999,999,999,999,9,0,95,95,95,95,0,995,9.8,998,998,998,99.8,99.8,99.8,275.887845058201,3,5
17660,13,49,1-13-2020-049-06,6,1,2C3CDZBG2FH7,17,7,28,2015,2,1,5,0,1,L,1,1785,5,0,1,1,11,2,48,1,0,0,995,0,0,0,99999,9,9,2,4,2,1,2,2,1,1,0,2,0,0,2,2,0,0,9,1,1,1,6,99,3,4,1,A,2,0,0,0,0,0,0,0,0,0,0,998,998,0,0,7,1,10,999,999,999,9999999,999,-29,19,2,0,99,99,0,0,0,998,0.0,999,999,999,1.4,0.9,1.6,702.454858070544,7,5
17661,13,50,1-13-2020-050-05,5,1,4T4BF1FK2CR1,17,49,40,2012,4,1,3,0,1,L,2,1441,5,0,1,1,17,2,48,1,0,0,995,0,0,0,79602,2,9,2,4,2,1,1,1,1,1,0,0,0,0,5,1,2,2,9,0,12,2,21,2,1,1,6,M,98,0,0,0,0,0,0,0,0,0,0,260,350,0,0,0,1,1,35,-12,32,30805,998,53,20,0,4,9,97,0,8,0,995,9.8,998,998,998,99.8,99.8,99.8,47.8004580380807,7,5
17661,13,50,1-13-2020-050-05,5,2,1FAFP4447XF2,17,12,3,1999,1,1,2,0,1,F,3,1445,5,0,1,1,16,2,48,1,0,0,995,0,0,0,76119,2,9,2,4,2,1,1,1,1,1,0,0,0,0,5,1,0,0,9,0,1,4,66,99,1,1,6,M,98,0,0,0,0,0,0,0,0,0,0,350,260,0,0,0,1,1,40,-37,-14,173077,998,-64,49,0,4,0,0,0,0,0,995,9.8,998,998,998,99.8,99.8,99.8,47.8004580380807,7,5
17662,13,51,1-13-2020-051-07,7,1,WBA3C1C52DF4,17,34,34,2013,4,1,4,0,1,F,1,1545,5,0,1,1,22,2,72,1,0,0,995,0,0,0,76011,2,9,2,4,7,1,1,1,1,1,0,1,0,0,3,1,1,2,3,1,10,2,16,4,2,4,1,B,6,0,0,0,0,0,0,0,0,0,0,998,998,0,0,0,1,98,999,999,999,9999999,999,999,999,6,0,0,0,0,0,0,998,0.0,15,120,17,0.0,0.0,0.0,2145.58517368818,7,5
17663,21,59,1-21-2020-059-03,3,1,3MYDLBZV2GY1,17,67,36,2016,4,1,2,0,1,T,2,1095,8,9999,9,5,16,2,89,1,1,1,130,1,0,0,92270,1,1,0,4,2,1,2,1,1,9,1,4,0,0,4,1,0,0,9,1,1,2,12,1,1,4,1,B,6,1,4,2,2,1,1,61,1,2,999,997,997,0,0,0,2,6,999,999,999,9999999,999,999,999,7,0,1,1,0,4,3,997,0.5,999,999,999,99.9,99.9,99.9,277.142882474002,11,5
17664,21,60,1-21-2020-060-01,1,1,1FATP8FF1H52,17,12,3,2017,1,1,3,0,1,T,2,1765,5,9999,9,5,55,2,113,1,0,1,0,2,1,2,92307,1,9,0,3,4,2,1,1,1,1,3,3,0,3,2,8,0,0,3,1,1,3,51,3,1,2,2,D,24,2,98,8,8,98,8,32,8,8,998,997,997,0,0,0,3,6,999,999,999,9999999,999,999,999,7,0,5,38,1,1,8,997,9.8,998,998,998,99.8,99.8,99.8,19.4391663287286,11,5
17664,21,60,1-21-2020-060-01,1,2,JTDKDTB30E15,17,49,46,2014,5,1,2,0,1,B,2,1135,5,9999,9,5,47,2,113,1,0,0,995,0,0,0,92555,9,1,0,3,4,2,1,1,1,1,3,3,0,3,2,8,0,0,1,0,1,3,53,1,1,1,2,D,25,2,98,8,8,98,8,32,8,8,998,10,355,0,0,0,1,12,999,999,999,9999999,999,999,999,7,0,1,1,0,99,8,995,9.8,998,998,998,99.8,99.8,99.8,19.4391663287286,11,5
17665,21,61,1-21-2020-061-01,1,1,3B7HC13Y8WG1,17,7,482,1998,34,5,31,0,1,F,2,2175,5,9999,9,5,53,2,105,1,1,9,998,8,0,9,92395,9,9,0,2,2,1,2,1,1,9,2,3,0,0,3,8,0,0,3,1,1,2,13,1,1,4,1,A,1,2,98,8,8,98,8,32,8,8,998,998,998,0,0,0,1,12,999,999,999,9999999,999,999,999,7,0,9,0,0,1,8,998,3.1,999,999,999,99.9,99.9,99.9,19.4391663287286,11,5
17666,21,62,1-21-2020-062-05,5,1,4T1BF1FK6CU5,17,49,40,2012,4,1,3,0,1,F,9,1441,5,9999,9,0,998,2,113,1,0,0,995,0,0,0,92316,1,1,0,2,2,1,2,1,2,9,3,3,0,1,1,1,9,9,9,0,14,3,52,99,1,1,2,D,28,0,0,0,0,0,0,0,0,0,0,70,70,0,0,0,1,0,999,999,999,9999999,999,999,999,9,0,1,2,0,3,0,995,9.8,998,998,998,99.8,99.8,99.8,31.5795971995564,11,5
17666,21,62,1-21-2020-062-05,5,2,1XKYD49X9LJ3,17,85,881,2020,66,8,68,0,1,B,9,,,,,,,5,89,1,0,0,995,0,0,0,92509,9,9,0,2,2,1,2,1,2,9,3,3,0,1,1,1,9,9,1,0,14,2,18,1,1,1,2,D,29,,,,,,,,,,,,,,,,,,,,,,,,,,,95,95,95,95,,,9.8,998,998,998,99.8,99.8,99.8,31.5795971995564,11,5
17667,26,74,1-26-2020-074-03,3,1,19XFC2F51GE2,17,37,31,2016,4,1,3,99,1,F,9,1244,5,9999,9,0,998,2,40,1,9,0,995,0,9,0,99999,9,9,0,4,2,1,2,1,1,9,0,0,0,0,1,1,0,0,9,1,1,2,13,99,9,4,1,C,11,0,0,0,0,0,0,0,0,0,0,185,180,0,0,0,1,0,999,999,999,9999999,999,999,999,9,0,99,99,0,99,0,995,9.8,998,998,998,99.8,99.8,99.8,323.355450327182,10,5
17667,26,74,1-26-2020-074-03,3,2,999999999999,99,35,51,2010,6,1,3,0,2,B,9,1485,5,9999,9,0,998,,,,,,,,,,,,,,,,,,,,,,,,,,,,,,,,,,,,,,,,,,,,,,,,,,,,,,,,,,,,,,,,,,95,95,95,95,,,,,,,,,,323.355450327182,10,5
17668,26,75,1-26-2020-075-03,3,1,KNDPC3AC0G78,17,63,401,2016,14,3,14,0,1,T,3,1471,5,9999,9,5,15,2,72,1,0,1,0,2,0,0,95843,1,2,2,4,2,1,2,1,3,9,3,2,0,0,1,8,0,0,9,1,14,2,13,99,9,4,1,A,1,1,5,2,6,1,4,61,1,2,999,997,997,0,0,0,2,6,999,999,999,9999999,999,999,999,8,0,2,5,0,4,3,997,1.6,999,999,999,99.9,99.9,99.9,323.355450327182,10,5
17669,26,76,1-26-2020-076-07,7,1,JF2GPACC1E82,17,48,403,2014,14,3,14,0,1,F,3,1425,5,9999,9,5,21,2,72,1,0,0,995,0,0,0,96130,1,9,0,1,2,1,2,1,1,9,1,3,0,0,3,1,0,0,3,1,1,2,13,1,1,4,1,A,1,0,0,0,0,0,0,0,0,0,0,998,998,0,0,2,1,12,999,999,999,9999999,999,999,999,8,0,0,0,0,0,0,998,0.7,999,999,999,99.9,2.5,99.9,1596.73227686307,10,5
17670,26,77,1-26-2020-077-04,4,1,1FM5K8AR4HGC,17,12,401,2017,14,3,14,5,1,F,9,2067,5,0,2,0,998,2,40,1,0,0,995,0,0,0,95841,1,2,0,4,2,1,2,1,1,9,0,0,0,0,3,1,0,0,1,1,11,2,15,1,1,4,1,B,6,0,0,0,0,0,0,0,0,0,0,998,998,0,0,1,1,0,999,999,999,9999999,999,999,999,9,0,0,0,0,0,0,998,0.0,999,999,999,99.9,1.6,99.9,1260.87744096786,10,5