CASEID,PSU,CASENO,CASENUMBER,CATEGORY,VEHNO,VIN,VINLENGTH,MAKE,MODEL,MODELYR,BODYTYPE,BODYCAT,VEHCLASS,SPECUSE,TRANSTAT,DAMPLANE,DAMSEV,CURBWT,CURBSRC,CARGOWT,CARGOSRC,INSPTYPE,INSPLAG,TOWED,SPEEDLIMIT,DRPRESENT,PARALCOHOL,ALCTEST,ALCTESTRESULT,ALCTESTSRC,PARDRUG,DRUGTEST,ZIP,RACE,ETHNICITY,RELTOJUNCT,TRAFFLOW,RDLANES,INITLANE,SURFTYPE,SURFCOND,ALIGNMENT,PROFILE,LINERIGHT,LINELEFT,RUMBINIT,RUMBROAD,LIGHTCOND,WEATHER,TRAFDEV,TRAFFUNCT,DISTRACT,PREFHE,PREMOVE,CRITCAT,CRITEVENT,MANEUVER,PRESTAB,PRELOC,CRASHCAT,CRASHCONF,CRASHTYPE,ROLLTYPE,ROLLTURN,ROLLINTRPT,ROLLPREMAN,ROLLINITYP,ROLLINLOC,ROLLOBJ,ROLLTRIP,ROLLDIR,ROLLDIST,DVANGTHIS,DVANGOTH,TOWHITCH,TRAJDOC,TREEPOLE,DVEVENT,DVBASIS,DVTOTAL,DVLONG,DVLAT,DVENERGY,DVSPEED,DVMOMENT,DVBES,DVEST,DVCONF,VAIS,VISS,VINJURED,VTREAT,INITOBJCLASS,HEADANGLECAT,SHLDRWIDTH,STRKLENGTH,STRKWIDTH,STRKHEIGHT,EDGEDISTX,EDGEDISTY,EDGEDISTZ,CASEWGT,PSUSTRAT,VERSION
17746,28,38,1-28-2020-038-01,1,2,1HTMMMML5KH5,17,84,881,2019,62,8,60,0,1,F,9,,,,,,,2,56,1,0,0,995,0,0,0,16843,9,9,3,4,2,1,2,1,1,1,1,2,0,0,1,1,0,0,1,1,1,4,72,3,2,2,4,K,83,,,,,,,,,,,,,,,,,,,,,,,,,,,95,95,95,95,,,1.3,8,8,95,30.3,21.2,37.9,47.266210623886,3,5
17748,28,40,1-28-2020-040-03,3,1,3CZRU6H30GM7,17,37,404,2016,14,3,14,0,1,F,1,1389,5,0,1,1,13,2,113,1,0,0,995,0,0,0,16875,1,9,0,2,2,1,2,1,3,1,1,3,2,3,1,1,0,0,9,0,14,6,87,4,1,1,1,C,13,0,0,0,0,0,0,0,0,0,0,998,998,0,0,0,1,10,999,999,999,9999999,999,30,12,2,0,0,0,0,4,0,998,9.8,998,998,998,99.8,99.8,99.8,49.2230191934067,3,5
17749,32,75,1-32-2020-075-03,3,1,1C3CCBBG5CN1,17,6,18,2012,4,1,3,0,1,B,9,1614,5,9999,9,0,998,5,105,1,0,0,995,0,0,0,75217,9,9,0,2,4,4,2,1,1,3,3,2,0,0,1,1,0,0,9,0,2,3,53,2,1,1,2,D,29,0,0,0,0,0,0,0,0,0,0,270,270,0,0,0,1,0,999,999,999,9999999,999,999,999,9,0,95,95,95,95,0,995,9.8,998,998,998,99.8,99.8,99.8,1039.39960636674,7,5
17749,32,75,1-32-2020-075-03,3,2,3GNEC13T23G3,17,20,482,2003,34,5,31,0,1,B,1,2466,5,9999,9,0,998,5,105,1,0,0,995,0,0,0,76105,9,9,0,2,4,4,2,1,1,3,3,2,0,0,1,1,0,0,9,0,1,3,52,99,1,1,2,D,28,0,0,0,0,0,0,0,0,0,0,270,270,0,0,0,2,3,20,20,-4,71275,998,53,26,0,4,95,95,95,95,0,995,9.8,998,998,998,99.8,99.8,99.8,1039.39960636674,7,5
17749,32,75,1-32-2020-075-03,3,3,3N1AB7AP8KY2,17,35,43,2019,4,1,3,0,1,F,2,1315,5,0,1,1,11,2,105,1,0,0,995,0,0,0,76120,1,9,0,2,4,4,2,1,1,3,3,2,0,0,1,1,0,0,9,0,1,3,52,2,1,1,6,M,98,0,0,0,0,0,0,0,0,0,0,270,270,0,0,0,2,3,35,-35,0,42309,998,34,27,0,4,9,97,0,5,0,995,9.8,998,998,998,99.8,99.8,99.8,1039.39960636674,7,5
17749,32,75,1-32-2020-075-03,3,4,ML32F3FJ7JHF,17,52,48,2018,4,1,2,0,1,F,9,975,5,9999,9,0,998,5,105,1,0,0,995,0,0,0,75092,9,9,0,2,4,4,2,1,1,3,3,2,0,0,1,1,0,0,9,0,1,3,52,99,1,1,6,M,98,0,0,0,0,0,0,0,0,0,0,270,260,0,0,0,3,0,999,999,999,9999999,999,999,999,9,0,95,95,95,95,0,995,9.8,998,998,998,99.8,99.8,99.8,1039.39960636674,7,5
17749,32,75,1-32-2020-075-03,3,5,KNAFE1215652,17,63,33,2006,4,1,2,0,1,F,9,1312,5,9999,9,0,998,5,105,1,9,0,995,0,0,0,75234,9,9,0,2,4,4,2,1,1,3,3,2,0,0,1,1,0,0,9,0,1,3,52,99,1,1,6,M,98,0,0,0,0,0,0,0,0,0,0,270,270,0,0,0,4,0,999,999,999,9999999,999,999,999,9,0,95,95,95,95,0,995,9.8,998,998,998,99.8,99.8,99.8,1039.39960636674,7,5
17750,32,76,1-32-2020-076-05,5,1,2C3CCAAG7EH3,17,6,51,2014,4,1,5,0,1,F,1,1797,5,0,1,1,11,2,72,1,0,1,137,2,0,2,75232,2,9,0,2,3,3,1,1,1,4,3,0,0,0,3,1,0,0,9,1,1,2,12,8,1,4,1,B,6,0,0,0,0,0,0,0,0,0,0,998,998,0,0,0,3,1,24,-21,12,47631,998,60,24,0,4,3,10,1,3,0,998,0.0,40,15,17,0.0,0.0,0.0,117.232373502648,7,5
17751,32,77,1-32-2020-077-01,1,1,4V4N99EH3EN1,17,51,884,2014,66,8,68,0,1,B,9,,,,,,,3,105,1,0,0,995,0,0,0,91770,9,9,1,2,3,1,1,1,1,9,1,3,0,0,3,1,0,0,9,0,2,3,53,1,1,1,2,D,29,,,,,,,,,,,,,,,,,,,,,,,,,,,95,95,95,95,,,9.8,998,998,998,99.8,99.8,99.8,76.8626399423592,7,5
17751,32,77,1-32-2020-077-01,1,2,1N4AL3AP3EN2,17,35,47,2014,4,1,4,0,1,F,3,1451,5,0,1,1,36,2,105,1,0,1,201,3,0,1,75142,1,2,1,2,3,1,1,1,1,9,1,3,0,0,3,1,0,0,9,0,1,3,52,11,1,1,2,D,28,0,0,0,0,0,0,0,0,0,0,245,245,0,0,0,1,5,999,999,999,9999999,999,999,999,8,0,6,75,1,1,0,995,3.0,120,999,999,2.9,0.5,3.0,76.8626399423592,7,5
17752,32,78,1-32-2020-078-01,1,1,5N1BA08D28N6,17,35,421,2008,15,3,15,0,1,F,1,2652,5,0,1,1,15,2,48,1,1,1,226,2,7,2,75051,1,1,2,4,5,1,1,1,1,1,0,1,0,0,3,1,1,2,9,0,1,2,17,1,1,1,5,L,88,0,0,0,0,0,0,0,0,0,0,270,180,0,0,0,1,1,16,-12,-10,60816,998,-154,17,0,4,3,10,1,3,0,995,9.8,998,998,998,99.8,99.8,99.8,76.8626399423592,7,5
17752,32,78,1-32-2020-078-01,1,2,4T1G11AK5LU3,17,49,40,2020,4,1,4,0,1,L,2,1520,5,0,1,1,16,2,48,1,0,8,997,8,0,3,75208,1,1,2,2,4,3,2,1,1,1,1,1,0,0,3,1,1,2,9,0,1,4,66,1,1,1,5,L,89,0,0,0,0,0,0,0,0,0,0,180,270,0,0,0,1,1,25,-16,19,68895,998,-124,24,0,4,6,75,4,1,0,995,9.8,998,998,998,99.8,99.8,99.8,76.8626399423592,7,5
17752,32,78,1-32-2020-078-01,1,3,JHMCM56363C0,17,37,32,2003,4,1,3,0,1,L,1,1389,5,0,1,1,16,2,48,1,0,1,0,2,0,1,75212,2,2,2,4,7,1,2,1,1,1,0,1,0,0,3,1,1,2,9,0,5,4,62,1,1,1,6,M,98,0,0,0,0,0,0,0,0,0,0,90,205,0,0,0,2,3,21,-7,20,37885,998,-81,23,0,4,2,4,0,3,0,995,9.8,998,998,998,99.8,99.8,99.8,76.8626399423592,7,5
17752,32,78,1-32-2020-078-01,1,4,1FMFU17L54LA,17,12,422,2004,15,3,15,0,1,L,1,2579,5,0,1,1,15,2,48,1,0,0,995,0,0,0,75217,2,2,2,4,7,1,2,1,1,1,0,1,0,0,3,1,1,2,9,0,5,4,62,1,1,1,6,M,98,0,0,0,0,0,0,0,0,0,0,90,100,0,0,0,3,3,10,-3,9,17232,998,98,11,0,4,0,0,0,0,0,995,9.8,998,998,998,99.8,99.8,99.8,76.8626399423592,7,5
17753,25,51,1-25-2020-051-07,7,1,2D4RN3DG7BR6,17,7,442,2011,20,4,20,0,1,F,1,2046,5,9999,9,5,6,2,40,1,8,0,995,0,7,0,04103,9,9,3,3,2,1,2,1,3,1,1,3,0,0,1,1,0,0,1,0,14,3,52,7,1,1,2,D,28,0,0,0,0,0,0,0,0,0,0,235,250,0,0,0,1,5,999,999,999,9999999,999,999,999,6,0,0,0,0,0,0,995,9.8,998,998,998,99.8,99.8,99.8,508.925321922343,2,5
17753,25,51,1-25-2020-051-07,7,2,1HTMMMMM6KH1,17,84,881,2019,62,8,60,0,1,B,9,,,,,,,5,40,1,8,0,995,0,7,0,04092,9,9,3,3,2,1,2,1,3,1,1,3,0,0,1,1,0,0,1,0,10,3,53,99,1,1,2,D,31,,,,,,,,,,,,,,,,,,,,,,,,,,,95,95,95,95,,,9.8,998,998,998,99.8,99.8,99.8,508.925321922343,2,5
17754,25,52,1-25-2020-052-07,7,1,1GKS7CF46B11,17,23,461,2011,21,4,21,0,1,F,1,2358,5,0,2,5,5,2,64,1,8,0,995,0,7,0,04093,1,2,2,4,3,2,2,1,1,1,1,2,0,0,1,1,0,0,1,0,11,2,15,99,1,1,4,J,68,0,0,0,0,0,0,0,0,0,0,270,110,0,0,0,1,98,999,999,999,9999999,999,999,999,6,0,1,1,0,5,0,995,9.8,998,998,998,99.8,99.8,99.8,508.92532197872,2,5
17754,25,52,1-25-2020-052-07,7,2,4S4BP61CX973,17,48,34,2009,5,1,3,0,1,F,1,1500,5,9999,9,5,5,2,64,1,8,0,995,0,7,0,03818,9,9,2,4,2,1,2,1,1,1,1,2,0,0,1,1,0,0,1,0,1,4,62,99,1,1,4,J,69,0,0,0,0,0,0,0,0,0,0,110,270,0,0,0,1,98,999,999,999,9999999,999,999,999,6,0,1,1,0,4,0,995,9.8,998,998,998,99.8,99.8,99.8,508.92532197872,2,5
17755,25,53,1-25-2020-053-06,6,1,JTMRFREV7DD0,17,49,402,2013,14,3,14,0,1,L,2,1600,5,9999,9,5,11,2,56,1,8,0,995,0,7,0,04102,9,9,2,1,7,3,2,1,3,1,1,1,0,0,1,1,1,2,1,0,14,4,65,99,1,1,4,K,77,0,0,0,0,0,0,0,0,0,0,350,55,0,0,0,1,12,999,999,999,9999999,999,999,999,7,0,0,0,0,5,0,995,9.8,998,998,998,99.8,99.8,99.8,168.053880539424,2,5
17755,25,53,1-25-2020-053-06,6,2,3VWSK69MX3M0,17,30,40,2003,4,1,1,0,1,F,2,1378,5,9999,9,5,8,2,56,1,8,0,995,0,7,0,04106,9,9,2,1,3,2,2,1,1,1,0,0,0,0,1,1,1,2,1,0,11,2,15,99,1,1,4,K,76,0,0,0,0,0,0,0,0,0,0,55,350,0,0,0,1,98,999,999,999,9999999,999,999,999,7,0,1,1,0,5,0,995,9.8,998,998,998,99.8,99.8,99.8,168.053880539424,2,5
17756,73,40,1-73-2020-040-10,10,1,5TFUX4ENXFX0,17,49,472,2015,34,5,31,0,1,L,9,1814,5,9999,9,0,998,5,40,1,8,0,995,0,7,0,04912,9,9,2,4,2,1,2,1,1,1,0,0,0,0,1,8,0,0,9,0,11,2,15,99,1,1,4,K,82,0,0,0,0,0,0,0,0,0,0,140,300,0,0,0,1,0,999,999,999,9999999,999,999,999,9,0,95,95,95,95,0,995,9.8,998,998,998,99.8,99.8,99.8,616.981651341492,3,5
17756,73,40,1-73-2020-040-10,10,2,5NPEU46F16H1,17,55,33,2006,4,1,3,0,1,F,2,1569,5,0,1,1,9,2,40,1,8,0,995,0,7,0,04950,9,9,2,4,2,1,2,1,1,1,0,0,0,0,1,8,2,2,9,0,5,4,67,99,1,1,4,K,83,0,0,0,0,0,0,0,0,0,0,300,140,0,0,0,1,12,999,999,999,9999999,999,999,999,7,0,0,0,0,0,0,995,9.8,998,998,998,99.8,99.8,99.8,616.981651341492,3,5
17757,73,41,1-73-2020-041-07,7,1,1FTEX1E8XFFA,17,12,481,2015,34,5,31,0,1,F,1,2081,5,0,1,3,14,2,80,1,8,0,995,0,7,0,04930,9,9,0,4,2,1,2,1,1,1,1,2,0,0,2,1,0,0,1,0,1,6,87,98,1,1,1,C,13,0,0,0,0,0,0,0,0,0,0,998,998,0,0,0,1,12,999,999,999,9999999,999,999,999,6,0,0,0,0,0,0,998,9.8,998,998,998,99.8,99.8,99.8,89.4997287780357,3,5
17758,13,52,1-13-2020-052-01,1,1,1HGCD7134SA0,17,37,32,1995,2,1,3,0,1,F,2,1265,5,9999,9,5,41,2,105,1,0,1,4,2,0,2,76020,1,9,0,3,4,1,1,99,1,1,1,3,0,0,9,99,0,0,9,1,1,2,13,99,1,4,1,A,1,0,0,0,0,0,0,0,0,0,0,998,998,0,0,0,1,12,999,999,999,9999999,999,999,999,7,0,3,14,1,1,0,998,9.9,999,999,999,99.9,99.9,99.9,61.8008364478834,7,5
17759,13,53,1-13-2020-053-07,7,1,5FNYF38539B0,17,37,421,2009,15,3,15,0,1,L,1,1967,5,0,1,1,36,2,64,1,0,0,995,0,0,0,75050,1,1,2,1,4,3,1,1,1,1,3,1,0,0,1,1,1,2,9,0,1,2,17,99,1,1,5,L,89,0,0,0,0,0,0,0,0,0,0,195,270,0,0,0,1,1,9,-8,5,25894,998,-129,14,0,4,1,2,0,4,0,995,0.0,999,999,999,0.0,0.0,0.0,4230.97360100147,7,5
17759,13,53,1-13-2020-053-07,7,2,2T1BU4EE8BC6,17,49,32,2011,4,1,2,0,1,F,1,1255,5,0,1,1,26,2,64,1,0,0,995,0,0,0,76013,9,1,2,4,6,2,1,1,1,1,3,1,0,0,1,1,1,2,9,0,1,2,17,2,1,1,5,L,88,0,0,0,0,0,0,0,0,0,0,270,195,0,0,0,1,1,14,-5,-13,13846,998,-182,10,0,4,0,0,0,0,0,995,9.8,998,998,998,99.8,99.8,99.8,4230.97360100147,7,5
17760,13,54,1-13-2020-054-03,3,1,5XXGT4L3XGG0,17,63,34,2016,4,1,4,0,1,F,3,1463,5,0,1,1,25,2,48,1,0,0,995,0,0,0,76112,2,9,0,5,5,1,2,1,3,1,0,3,0,0,1,1,0,0,3,1,14,2,13,1,1,4,1,A,1,0,0,0,0,0,0,0,0,0,0,998,998,0,0,5,3,10,999,999,999,9999999,999,-32,42,4,0,3,10,1,4,0,998,0.0,999,999,999,0.0,0.0,0.0,835.721556311708,7,5
17761,23,28,1-23-2020-028-01,1,1,JTDKN3DU0F19,17,49,46,2015,5,1,3,0,1,F,3,1380,5,0,1,4,19,2,89,1,8,1,0,1,1,2,43003,1,9,0,4,2,1,2,1,1,1,0,0,0,0,2,8,0,0,9,1,1,2,12,99,1,4,1,B,6,0,0,0,0,0,0,0,0,0,0,998,998,0,1,1,3,12,999,999,999,9999999,999,999,999,8,0,2,5,0,1,0,998,1.1,120,80,999,42.0,2.7,42.2,92.9017384876487,5,5
17762,12,43,1-12-2020-043-04,4,1,1N6BD06T78C4,17,35,472,2008,34,5,31,0,1,F,1,1676,5,9999,9,0,998,5,40,1,0,0,995,0,0,0,73401,9,9,0,4,2,1,2,1,1,1,0,0,0,0,1,1,0,0,9,1,1,2,10,99,1,2,3,I,64,0,0,0,0,0,0,0,0,0,0,185,10,0,0,0,1,3,11,-11,0,5649,998,0,9,0,4,95,95,95,95,0,995,9.8,998,998,998,99.8,99.8,99.8,258.001302193349,9,5
17762,12,43,1-12-2020-043-04,4,2,KMHGN4JE5GU1,17,55,41,2016,4,1,5,0,1,L,1,1877,5,0,1,1,11,2,40,1,0,0,995,0,0,0,73401,1,2,0,4,2,1,2,1,1,1,0,0,0,0,1,1,0,0,9,0,1,4,62,1,1,1,3,I,65,0,0,0,0,0,0,0,0,0,0,10,185,0,0,0,1,3,10,-9,2,11621,998,-95,11,0,4,0,0,0,0,0,995,9.8,998,998,998,99.8,99.8,99.8,258.001302193349,9,5
17763,12,44,1-12-2020-044-10,10,1,KNDJP3A55F72,17,63,37,2015,6,1,2,0,1,F,1,1287,5,9999,9,0,998,5,56,1,0,0,995,0,0,0,73401,9,9,3,3,2,1,2,1,1,4,0,0,0,0,1,1,0,0,9,0,11,2,15,99,1,1,4,K,82,0,0,0,0,0,0,0,0,0,0,225,350,0,0,0,1,3,9,-9,0,2306,998,0,7,0,4,95,95,95,95,0,995,9.8,998,998,998,99.8,99.8,99.8,451.000464950864,9,5
17763,12,44,1-12-2020-044-10,10,2,1GCEC14X37Z1,17,20,481,2007,34,5,31,0,1,R,1,1836,5,0,1,1,8,2,56,1,0,0,995,0,0,0,73458,9,9,3,4,4,2,2,1,1,1,3,2,0,0,1,1,0,0,9,0,1,4,67,2,1,1,4,K,83,0,0,0,0,0,0,0,0,0,0,350,225,0,0,0,1,3,6,-4,-4,6190,998,143,7,0,4,0,0,0,0,0,995,9.8,998,998,998,99.8,99.8,99.8,451.000464950864,9,5
17765,66,36,1-66-2020-036-07,7,1,2CTALSEC8B62,17,23,402,2011,14,3,14,0,1,F,1,1748,5,0,1,1,6,2,89,1,0,0,995,0,7,0,65806,9,9,2,4,2,1,2,1,1,1,1,4,0,0,1,1,0,0,9,1,6,4,61,2,1,2,4,J,73,0,0,0,0,0,0,0,0,0,0,270,200,0,0,0,1,5,999,999,999,9999999,999,999,999,6,0,0,0,0,0,0,995,9.8,998,998,998,99.8,99.8,99.8,281.929354748429,6,5
17765,66,36,1-66-2020-036-07,7,2,P07405X00109,17,98,998,1998,92,10,90,0,1,L,9,,,,,,,5,89,1,0,0,995,0,7,0,65712,9,9,2,4,2,1,2,1,1,1,1,4,0,0,1,1,0,0,9,1,11,2,10,99,1,2,4,J,72,,,,,,,,,,,,,,,,,,,,,,,,,,,95,95,95,95,,,9.8,998,998,998,99.8,99.8,99.8,281.929354748429,6,5
17766,21,63,1-21-2020-063-05,5,1,5NPDH4AE0DH2,17,55,35,2013,4,1,3,0,1,F,9,1265,5,9999,9,0,998,2,89,1,0,0,995,0,0,0,92399,1,9,0,4,2,1,2,1,2,9,1,2,0,0,1,1,0,0,9,1,14,2,13,99,1,4,1,A,1,0,0,0,0,0,0,0,0,0,0,998,998,0,0,9,2,0,999,999,999,9999999,999,999,999,9,0,2,5,0,3,0,998,2.9,999,999,999,99.9,99.9,99.9,31.5079594591645,11,5
17767,21,64,1-21-2020-064-02,2,1,3N1CN8EV9LL8,17,35,50,2020,4,1,2,0,1,F,3,1205,8,9999,9,5,15,2,113,1,0,1,234,2,0,0,92507,9,1,0,2,7,2,1,1,1,9,3,3,0,0,3,1,0,0,9,1,1,3,50,8,9,1,2,D,32,0,0,0,0,0,0,0,0,0,0,330,315,0,0,0,1,5,999,999,999,9999999,999,999,999,8,0,4,29,1,3,0,995,9.8,998,998,998,99.8,99.8,99.8,16.9494839829006,11,5
17767,21,64,1-21-2020-064-02,2,2,4V4NC9EH7JN8,17,51,881,2018,66,8,68,0,1,B,9,,,,,,,5,89,1,0,0,995,0,0,0,91761,9,9,0,2,7,2,1,1,1,9,3,3,0,0,3,1,0,0,1,0,5,3,53,1,1,1,2,D,32,,,,,,,,,,,,,,,,,,,,,,,,,,,95,95,95,95,,,9.8,998,998,998,99.8,99.8,99.8,16.9494839829006,11,5
17768,21,65,1-21-2020-065-02,2,1,1FM5K7D80JGA,17,12,401,2018,14,3,14,0,1,F,3,2067,5,0,2,5,20,2,113,1,0,0,995,0,0,2,89121,1,1,0,2,3,2,2,1,1,4,3,3,0,3,2,1,0,0,3,1,15,3,51,1,1,2,2,D,24,0,0,0,0,0,0,0,0,0,0,70,55,0,0,0,1,5,999,999,999,9999999,999,999,999,8,0,4,17,1,3,0,995,5.6,999,999,999,21.9,13.5,25.4,34.881400640758,11,5
17768,21,65,1-21-2020-065-02,2,2,3AKJGLD59FSF,17,82,881,2015,66,8,68,0,1,B,9,,,,,,,5,89,1,0,0,995,0,0,0,93230,9,9,0,2,3,1,2,1,1,4,1,3,2,3,2,1,0,0,1,0,1,4,60,1,1,1,2,D,25,,,,,,,,,,,,,,,,,,,,,,,,,,,95,95,95,95,,,9.8,998,998,998,99.8,99.8,99.8,34.881400640758,11,5
17768,21,65,1-21-2020-065-02,2,3,KM8JU3AGXEU8,17,55,402,2014,14,3,14,0,1,F,9,1582,5,9999,9,0,998,5,113,1,0,0,995,0,0,0,89074,9,9,0,2,3,2,2,1,1,4,3,3,0,3,2,1,0,0,1,0,1,6,90,1,1,1,6,M,98,0,0,0,0,0,0,0,0,0,0,998,998,0,0,0,3,0,999,999,999,9999999,999,999,999,9,0,95,95,95,95,0,998,9.8,998,998,998,99.8,99.8,99.8,34.881400640758,11,5
17769,21,66,1-21-2020-066-09,9,1,YV1JS8316S12,17,51,40,1995,4,1,3,0,1,9,9,1455,5,9999,9,0,998,2,113,1,0,0,995,0,0,0,91766,2,9,1,3,1,1,2,1,2,9,1,2,0,0,1,1,0,0,9,1,14,2,13,7,9,4,1,A,1,1,4,2,4,1,4,61,1,1,32,997,997,0,0,0,2,0,999,999,999,9999999,999,999,999,9,0,99,99,0,99,3,997,2.5,999,999,999,99.9,99.9,99.9,1577.52885430117,11,5
17770,26,78,1-26-2020-078-09,9,1,3VWRZ71K69M0,17,30,40,2009,4,1,2,0,1,F,1,1465,5,0,2,5,15,2,105,1,0,0,995,0,0,0,95821,9,1,0,2,4,4,1,1,1,9,3,2,0,0,1,1,0,0,1,1,1,2,11,1,9,2,2,E,42,0,0,0,0,0,0,0,0,0,0,285,240,0,0,0,1,12,999,999,999,9999999,999,999,999,6,0,0,0,0,0,0,995,9.8,998,998,998,99.8,99.8,99.8,999.539758853712,10,5
17770,26,78,1-26-2020-078-09,9,2,JTEBT17R7300,17,49,401,2003,14,3,14,0,1,T,2,2005,5,9999,9,5,19,2,105,1,0,1,0,2,0,1,95747,1,2,0,2,4,2,1,1,1,9,3,3,0,0,1,1,0,0,1,0,1,4,60,1,1,1,2,E,42,1,6,2,5,1,1,61,1,1,999,997,997,0,0,0,2,6,999,999,999,9999999,999,999,999,7,0,1,2,0,4,3,997,9.8,998,998,998,99.8,99.8,99.8,999.539758853712,10,5
17771,26,79,1-26-2020-079-06,6,1,1FADP3F29FL2,17,12,37,2015,4,1,3,0,1,F,9,1340,5,9999,9,0,998,5,72,1,0,0,995,0,0,0,95682,9,9,2,1,2,1,2,1,1,9,0,3,0,0,1,1,1,2,9,0,1,3,50,7,9,1,2,D,20,0,0,0,0,0,0,0,0,0,0,75,90,0,0,0,1,0,999,999,999,9999999,999,999,999,9,0,95,95,95,95,0,995,9.8,998,998,998,99.8,99.8,99.8,340.285160035448,10,5
17771,26,79,1-26-2020-079-06,6,2,JTDKDTB39E15,17,49,46,2014,5,1,2,0,1,B,1,1135,5,9999,9,5,11,2,72,1,0,0,995,0,0,0,94127,3,9,2,1,2,1,2,1,1,9,0,3,0,0,1,1,1,2,1,0,5,3,53,1,1,1,2,D,21,0,0,0,0,0,0,0,0,0,0,90,75,0,0,0,1,12,999,999,999,9999999,999,999,999,6,0,99,99,0,99,0,995,9.8,998,998,998,99.8,99.8,99.8,340.285160035448,10,5
17771,26,79,1-26-2020-079-06,6,3,1N6AA0EK9AN3,17,35,481,2010,34,5,30,99,1,B,9,2285,5,9999,9,0,998,5,72,1,0,0,995,0,0,0,95824,9,9,2,1,2,1,2,1,1,9,0,3,0,0,1,1,1,2,1,0,5,3,53,1,1,1,6,M,98,0,0,0,0,0,0,0,0,0,0,90,100,0,0,0,2,0,999,999,999,9999999,999,999,999,9,0,95,95,95,95,0,995,9.8,998,998,998,99.8,99.8,99.8,340.285160035448,10,5
17772,26,80,1-26-2020-080-03,3,1,WBA8A9C59HK6,17,34,34,2017,4,1,4,99,1,F,9,1495,5,9999,9,0,998,2,999,1,0,0,995,0,0,0,95825,2,9,2,1,3,2,2,1,1,9,3,0,0,0,3,1,1,2,9,1,11,2,13,99,9,4,1,A,1,0,0,0,0,0,0,0,0,0,0,998,998,0,0,9,3,0,999,999,999,9999999,999,999,999,9,0,0,0,0,4,0,998,0.0,999,999,999,0.0,0.0,0.0,216.446413471089,10,5
17773,26,81,1-26-2020-081-03,3,1,1HTMMAAL06H2,17,84,881,2006,64,8,60,0,1,L,9,,,,,,,5,72,1,0,0,995,0,0,0,95610,9,9,3,4,2,1,2,1,1,9,0,0,0,0,1,1,9,9,2,0,10,2,16,1,1,1,4,K,78,,,,,,,,,,,,,,,,,,,,,,,,,,,95,95,95,95,,,9.8,998,998,998,99.8,99.8,99.8,216.446413450768,10,5
17773,26,81,1-26-2020-081-03,3,2,JF2GTABC5JG3,17,48,403,2018,14,3,14,0,1,R,1,1455,5,9999,9,5,8,2,72,1,0,0,995,0,0,0,95608,1,9,3,5,5,2,2,1,1,9,3,2,0,0,1,1,0,0,1,0,1,4,70,3,9,1,4,K,79,0,0,0,0,0,0,0,0,0,0,350,305,0,0,0,1,5,999,999,999,9999999,999,999,999,6,0,2,5,0,6,0,995,9.8,998,998,998,99.8,99.8,99.8,216.446413450768,10,5
17774,19,75,1-19-2020-075-04,4,1,1GDY7RFF2H12,17,23,461,2017,28,4,28,0,1,F,1,2361,5,0,1,1,7,2,113,1,0,0,995,0,0,0,70438,1,2,0,2,2,2,2,1,1,1,3,1,1,3,1,1,0,0,3,1,1,2,13,99,9,4,1,A,2,0,0,0,0,0,0,0,0,0,0,998,998,0,1,0,1,12,999,999,999,9999999,999,999,999,6,0,0,0,0,0,0,998,3.8,999,999,999,99.9,99.9,99.9,283.223887092113,9,5
17775,19,76,1-19-2020-076-06,6,1,1G1PK5SB5E74,17,20,25,2014,4,1,3,0,1,F,3,1407,5,0,4,1,3,2,89,1,0,1,87,2,0,0,37130,1,9,0,4,3,1,2,1,3,4,1,2,2,3,2,1,0,0,3,1,14,2,13,2,1,4,1,A,1,0,0,0,0,0,0,0,0,0,0,998,998,0,1,0,1,1,44,-44,0,113036,998,0,44,0,3,2,12,0,3,0,998,0.8,120,120,-120,77.4,9.6,78.3,191.029899833888,9,5
17776,19,77,1-19-2020-077-03,3,1,KNAGM4A71B51,17,63,34,2011,4,1,4,0,1,F,2,1462,8,0,1,1,4,2,56,1,0,0,995,0,0,0,35962,1,9,0,4,4,2,2,1,1,1,3,2,0,0,1,1,0,0,3,1,1,2,10,1,1,2,3,G,50,0,0,0,0,0,0,0,0,0,0,270,130,0,0,0,1,1,26,-23,-13,83134,998,-104,30,0,4,99,99,0,8,0,995,9.8,998,998,998,99.8,99.8,99.8,94.4343925681163,9,5
17776,19,77,1-19-2020-077-03,3,2,3FA6P0PU9GR3,17,12,23,2016,4,1,4,0,1,F,1,1660,5,0,1,1,5,2,56,1,0,9,998,8,0,9,36271,1,2,0,4,4,1,2,1,1,1,0,3,0,0,1,1,0,0,1,0,1,4,62,1,1,1,3,G,51,0,0,0,0,0,0,0,0,0,0,130,270,0,0,0,1,1,24,-24,4,21873,998,15,18,0,4,1,2,0,4,0,995,0.0,999,999,999,0.0,0.0,0.0,94.4343925681163,9,5
17777,19,78,1-19-2020-078-03,3,1,2G1FB1E35D91,17,20,9,2013,2,1,4,0,1,F,1,1700,5,0,1,1,8,2,72,1,0,0,995,0,1,0,35903,1,9,2,4,3,1,2,1,1,1,1,1,0,0,1,1,1,2,9,0,1,2,17,2,1,1,5,L,86,0,0,0,0,0,0,0,0,0,0,280,345,0,0,0,1,3,16,-15,6,14523,998,51,14,0,4,0,0,0,0,0,995,9.8,998,998,998,99.8,99.8,99.8,94.4343925898225,9,5