CASEID,PSU,CASENO,CASENUMBER,CATEGORY,VEHNO,VIN,VINLENGTH,MAKE,MODEL,MODELYR,BODYTYPE,BODYCAT,VEHCLASS,SPECUSE,TRANSTAT,DAMPLANE,DAMSEV,CURBWT,CURBSRC,CARGOWT,CARGOSRC,INSPTYPE,INSPLAG,TOWED,SPEEDLIMIT,DRPRESENT,PARALCOHOL,ALCTEST,ALCTESTRESULT,ALCTESTSRC,PARDRUG,DRUGTEST,ZIP,RACE,ETHNICITY,RELTOJUNCT,TRAFFLOW,RDLANES,INITLANE,SURFTYPE,SURFCOND,ALIGNMENT,PROFILE,LINERIGHT,LINELEFT,RUMBINIT,RUMBROAD,LIGHTCOND,WEATHER,TRAFDEV,TRAFFUNCT,DISTRACT,PREFHE,PREMOVE,CRITCAT,CRITEVENT,MANEUVER,PRESTAB,PRELOC,CRASHCAT,CRASHCONF,CRASHTYPE,ROLLTYPE,ROLLTURN,ROLLINTRPT,ROLLPREMAN,ROLLINITYP,ROLLINLOC,ROLLOBJ,ROLLTRIP,ROLLDIR,ROLLDIST,DVANGTHIS,DVANGOTH,TOWHITCH,TRAJDOC,TREEPOLE,DVEVENT,DVBASIS,DVTOTAL,DVLONG,DVLAT,DVENERGY,DVSPEED,DVMOMENT,DVBES,DVEST,DVCONF,VAIS,VISS,VINJURED,VTREAT,INITOBJCLASS,HEADANGLECAT,SHLDRWIDTH,STRKLENGTH,STRKWIDTH,STRKHEIGHT,EDGEDISTX,EDGEDISTY,EDGEDISTZ,CASEWGT,PSUSTRAT,VERSION
17854,13,57,1-13-2020-057-07,7,1,1G1PE5SB4E73,17,20,25,2014,4,1,3,0,1,F,9,1407,5,9999,9,0,998,2,105,1,0,0,995,0,0,0,76131,1,9,0,2,3,1,1,2,1,2,1,3,0,0,1,2,0,0,9,1,1,1,6,99,9,4,1,A,2,0,0,0,0,0,0,0,0,0,0,998,998,0,0,0,1,0,999,999,999,9999999,999,999,999,9,0,0,0,0,0,0,998,3.3,999,999,999,0.0,0.0,0.0,3624.35880463742,7,5
17855,66,40,1-66-2020-040-06,6,1,1G11H5SL5EF1,17,20,37,2014,4,1,3,0,1,R,1,1620,5,0,1,1,24,2,72,1,0,0,995,0,7,0,65605,9,9,2,4,2,1,2,1,1,1,1,2,0,0,1,1,0,0,9,0,11,2,15,1,1,2,4,J,68,0,0,0,0,0,0,0,0,0,0,110,355,0,0,0,1,3,11,-5,-9,19362,998,194,10,0,4,9,97,0,99,0,995,9.8,998,998,998,99.8,99.8,99.8,144.470104983139,6,5
17855,66,40,1-66-2020-040-06,6,2,2MEFM74W72X6,17,14,6,2002,4,1,4,0,1,F,1,1900,5,9999,9,5,25,2,72,1,0,0,995,0,7,0,65605,9,9,2,4,2,1,2,1,1,1,1,2,0,0,1,1,0,0,9,0,1,4,62,99,1,1,4,J,69,0,0,0,0,0,0,0,0,0,0,355,110,0,0,0,1,3,9,-9,0,8311,998,0,10,0,4,0,0,0,0,0,995,9.8,998,998,998,99.8,99.8,99.8,144.470104983139,6,5
17856,32,83,1-32-2020-083-03,3,1,2D4GP44L47R3,17,7,442,2007,20,4,20,0,1,F,1,1779,5,9999,9,0,998,2,113,1,0,0,995,0,0,0,75069,1,9,0,2,4,1,1,1,1,9,1,3,0,0,3,1,0,0,9,0,1,3,51,99,1,1,2,D,24,0,0,0,0,0,0,0,0,0,0,0,0,0,0,0,1,3,20,-20,0,21536,998,0,17,0,4,0,0,0,0,0,995,9.8,998,998,998,99.8,99.8,99.8,591.283156033485,7,5
17856,32,83,1-32-2020-083-03,3,2,KNMAT2MT8HP5,17,35,51,2017,6,1,3,0,1,B,1,1550,5,0,1,1,29,2,113,1,0,0,995,0,0,0,75220,1,1,0,2,5,1,1,1,1,9,1,3,0,0,3,1,0,0,9,0,1,3,53,1,1,1,2,D,25,0,0,0,0,0,0,0,0,0,0,0,0,0,0,0,1,3,20,20,0,35043,998,0,23,0,4,1,1,0,4,0,995,9.8,998,998,998,99.8,99.8,99.8,591.283156033485,7,5
17857,18,37,1-18-2020-037-06,6,1,2CNBJ7342469,17,20,402,2004,14,3,14,0,1,F,1,1355,5,0,1,1,16,2,72,1,0,0,995,0,0,0,54701,3,2,2,1,5,1,1,1,1,1,1,1,0,0,1,1,1,2,9,1,10,2,10,1,1,2,4,K,80,0,0,0,0,0,0,0,0,0,0,40,270,0,0,0,1,1,21,-21,0,31964,998,-40,23,0,1,1,2,0,6,0,995,9.8,998,998,998,99.8,99.8,99.8,347.07067702051,6,5
17857,18,37,1-18-2020-037-06,6,2,JF2GPADC4F82,17,48,403,2015,14,3,14,0,1,L,1,1410,5,0,1,1,10,2,48,1,0,0,995,0,0,0,54701,1,9,2,4,6,4,1,1,1,1,1,2,0,0,1,1,1,2,9,0,5,4,62,1,1,1,4,K,81,0,0,0,0,0,0,0,0,0,0,270,40,0,0,0,1,1,20,-13,15,17335,998,17,17,0,1,9,97,0,99,0,995,9.8,998,998,998,99.8,99.8,99.8,347.07067702051,6,5
17858,18,38,1-18-2020-038-10,10,1,1C3EL66R24N2,17,6,43,2004,4,1,3,0,1,F,2,1464,5,0,1,1,7,2,56,1,1,0,995,0,0,0,54703,9,9,2,1,4,2,1,1,1,1,1,1,0,0,3,1,1,2,9,1,10,2,13,2,2,4,1,A,1,0,0,0,0,0,0,0,0,0,0,998,998,0,0,1,1,12,999,999,999,9999999,999,999,999,7,0,0,0,0,0,0,998,0.7,50,50,88,1.9,2.3,3.1,4976.74964838888,6,5
17861,21,67,1-21-2020-067-03,3,1,1FA6P8TH0G52,17,12,3,2016,2,1,3,0,1,F,9,1681,5,9999,9,0,998,2,113,1,1,8,997,8,0,0,92404,9,1,0,2,5,3,2,1,1,9,3,3,0,0,2,1,0,0,9,1,6,2,11,1,1,2,2,F,46,0,0,0,0,0,0,0,0,0,0,215,190,0,0,0,2,0,999,999,999,9999999,999,999,999,9,0,0,0,0,4,0,995,5.9,999,999,999,99.9,99.9,99.9,68.6458226556848,11,5
17861,21,67,1-21-2020-067-03,3,2,WBAVC57518NK,17,34,34,2008,4,1,3,0,1,L,9,1485,5,9999,9,0,998,5,113,1,0,0,995,0,0,0,92336,9,9,0,2,5,2,2,1,1,9,1,3,0,0,2,1,0,0,9,0,1,4,60,1,1,1,2,F,45,0,0,0,0,0,0,0,0,0,0,190,215,0,0,0,1,0,999,999,999,9999999,999,999,999,9,0,95,95,95,95,0,995,9.8,998,998,998,99.8,99.8,99.8,68.6458226556848,11,5
17862,21,68,1-21-2020-068-05,5,1,1G4GC5E3XDF1,17,18,22,2013,4,1,4,0,1,R,2,1785,5,9999,9,5,25,2,64,1,9,1,0,2,9,0,92335,2,9,0,4,4,2,2,1,1,9,1,1,0,0,3,1,0,0,9,0,1,1,6,99,8,1,1,C,15,1,5,1,2,1,4,61,1,2,25,998,998,0,0,1,4,7,999,999,999,9999999,999,999,999,7,0,5,50,2,3,3,998,2.5,999,999,999,11.3,1.9,11.5,10.3097274184618,11,5
17863,21,69,1-21-2020-069-04,4,1,JTHCM1D27H50,17,59,35,2017,4,1,4,0,1,F,9,1696,5,9999,9,5,19,2,105,1,0,1,235,2,0,0,90033,9,9,1,2,4,3,1,1,1,9,3,3,0,0,2,1,0,0,9,0,1,3,51,8,1,1,2,D,24,0,0,0,0,0,0,0,0,0,0,280,270,0,0,0,1,12,999,999,999,9999999,999,999,999,9,0,0,0,0,7,0,995,9.8,998,998,998,99.8,99.8,99.8,311.303807669319,11,5
17863,21,69,1-21-2020-069-04,4,2,WAUAFAFL1AN0,17,32,43,2010,4,1,4,0,1,B,3,1480,5,9999,9,5,19,2,105,1,0,0,995,0,0,2,91711,1,9,1,2,4,3,1,1,1,9,3,3,0,0,2,1,0,0,1,0,1,3,53,1,1,1,2,D,25,0,0,0,0,0,0,0,0,0,0,270,280,0,0,0,1,12,999,999,999,9999999,999,999,999,8,0,1,1,0,4,0,995,1.0,999,999,999,0.0,0.0,0.0,311.303807669319,11,5
17864,21,70,1-21-2020-070-02,2,1,1GNFC13029R1,17,20,421,2009,15,3,15,0,1,F,3,2388,5,9999,9,5,19,2,105,1,0,1,0,2,0,0,92334,9,9,1,2,4,4,2,1,1,9,3,2,0,0,2,1,0,0,1,0,1,3,50,2,9,1,3,G,52,0,0,0,0,0,0,0,0,0,0,270,90,0,0,0,1,12,999,999,999,9999999,999,999,999,8,0,2,4,0,3,0,995,9.8,998,998,998,99.8,99.8,99.8,11.3876605299267,11,5
17864,21,70,1-21-2020-070-02,2,2,JTHCM1D27H50,17,59,35,2017,4,1,4,0,1,F,3,1696,5,9999,9,5,19,2,105,1,0,1,235,2,0,2,90033,9,9,1,2,4,4,2,1,1,9,3,2,0,0,2,1,0,0,1,0,7,3,52,1,1,1,3,G,52,0,0,0,0,0,0,0,0,0,0,90,270,0,0,0,1,12,999,999,999,9999999,999,999,999,8,0,3,17,2,3,0,995,9.8,998,998,998,99.8,99.8,99.8,11.3876605299267,11,5
17864,21,70,1-21-2020-070-02,2,3,WBA3A5G52FNP,17,34,34,2015,4,1,4,0,1,R,2,1524,5,0,2,5,29,2,105,0,7,7,887,6,8,8,99998,8,8,0,2,4,4,2,1,1,9,3,2,0,0,2,1,0,0,0,8,0,3,50,0,0,0,6,M,98,0,0,0,0,0,0,0,0,0,0,320,80,0,0,0,2,12,999,999,999,9999999,999,999,999,7,0,0,0,0,0,0,995,9.8,998,998,998,99.8,99.8,99.8,11.3876605299267,11,5
17865,26,82,1-26-2020-082-10,10,1,JNKCP01DXTT5,17,58,33,1996,4,1,2,0,1,F,9,1305,5,9999,9,0,998,2,40,1,1,8,997,8,0,9,95828,2,9,2,4,2,1,2,1,2,9,0,0,0,0,3,1,0,0,9,1,14,2,12,99,9,4,1,C,11,0,0,0,0,0,0,0,0,0,0,90,305,0,0,0,1,0,999,999,999,9999999,999,999,999,9,0,0,0,0,0,0,995,0.0,999,999,999,99.9,2.0,99.9,6673.45732515026,10,5
17865,26,82,1-26-2020-082-10,10,2,4JGAB54E7XA0,17,42,401,1999,14,3,14,0,2,F,9,1920,5,9999,9,0,998,,,,,,,,,,,,,,,,,,,,,,,,,,,,,,,,,,,,,,,,,,,,,,,,,,,,,,,,,,,,,,,,,,95,95,95,95,,,,,,,,,,6673.45732515026,10,5
17866,26,83,1-26-2020-083-04,4,1,1G1PC5SB8E71,17,20,25,2014,4,1,3,0,1,L,1,1407,5,9999,9,5,7,2,64,1,0,0,995,0,0,0,95821,1,9,2,1,3,1,2,1,2,9,3,1,0,0,1,99,1,2,2,0,10,2,16,99,9,1,4,K,78,0,0,0,0,0,0,0,0,0,0,260,265,0,0,0,1,12,999,999,999,9999999,999,999,999,6,0,0,0,0,0,0,995,9.8,998,998,998,99.8,99.8,99.8,1113.26632564881,10,5
17866,26,83,1-26-2020-083-04,4,2,4S3GTAL6XJ37,17,48,38,2018,6,1,3,0,1,R,2,1382,5,9999,9,5,40,2,64,1,0,0,995,0,0,0,95841,1,9,2,1,3,2,2,1,1,9,3,3,0,0,1,99,1,2,1,0,1,4,61,99,9,1,4,K,79,0,0,0,0,0,0,0,0,0,0,265,260,0,0,0,1,12,999,999,999,9999999,999,999,999,7,0,0,0,0,0,0,995,9.8,998,998,998,99.8,99.8,99.8,1113.26632564881,10,5
17867,26,84,1-26-2020-084-02,2,1,JF1ZNAA17H87,17,49,56,2017,3,1,2,0,1,F,9,1251,5,9999,9,0,998,2,105,1,1,1,138,2,0,1,95965,3,2,0,2,3,1,2,1,1,9,1,3,0,1,3,1,0,0,9,1,1,2,13,99,9,4,1,A,1,0,0,0,0,0,0,0,0,0,0,999,999,0,0,0,99,0,999,999,999,9999999,999,999,999,9,0,4,24,1,3,0,999,9.9,999,999,999,99.9,99.9,99.9,24.5416826327623,10,5
17867,26,84,1-26-2020-084-02,2,2,1C4PJLCB5KD1,17,2,404,2019,14,3,14,0,1,F,3,1661,5,9999,9,5,4,2,105,1,0,1,0,2,0,0,95953,9,1,0,2,3,3,2,1,1,9,3,2,1,1,3,1,0,0,1,0,1,4,61,2,9,1,6,M,98,0,0,0,0,0,0,0,0,0,0,180,90,0,0,0,2,12,999,999,999,9999999,999,999,999,8,0,1,1,0,4,0,995,9.8,998,998,998,99.8,99.8,99.8,24.5416826327623,10,5
17868,26,85,1-26-2020-085-03,3,1,1C4PJMDX9LD5,17,2,404,2020,14,3,14,0,1,F,3,1839,5,9999,9,5,50,2,105,1,9,0,995,0,9,0,99999,9,9,0,2,6,4,1,1,1,9,3,3,0,0,1,1,0,0,9,0,1,3,50,8,9,2,2,D,20,0,0,0,0,0,0,0,0,0,0,120,110,0,0,0,1,12,999,999,999,9999999,999,999,999,8,0,99,99,0,99,0,995,9.8,998,998,998,99.8,99.8,99.8,285.500178229724,10,5
17868,26,85,1-26-2020-085-03,3,2,JTLZE4FE6A11,17,49,49,2010,6,1,2,0,1,B,9,1373,5,9999,9,0,998,2,105,0,7,7,887,6,8,8,99998,8,8,0,2,6,4,1,1,1,9,3,3,0,0,1,1,0,0,0,8,0,3,53,0,0,0,2,D,21,0,0,0,0,0,0,0,0,0,0,110,120,0,0,0,1,0,999,999,999,9999999,999,999,999,9,0,0,0,0,0,0,995,9.8,998,998,998,99.8,99.8,99.8,285.500178229724,10,5
17869,52,90,1-52-2020-090-07,7,1,JN8AZ1MW8CW2,17,35,49,2012,6,1,4,0,1,F,1,1891,5,0,1,1,10,2,56,1,0,0,995,0,0,0,59715,9,9,2,1,4,4,2,1,1,1,1,0,0,0,1,8,1,2,9,0,1,3,50,99,9,1,2,D,20,0,0,0,0,0,0,0,0,0,0,270,270,0,0,0,1,3,16,-16,0,16058,998,9,15,0,4,0,0,0,99,0,995,9.8,998,998,998,99.8,99.8,99.8,243.63411126946,12,5
17869,52,90,1-52-2020-090-07,7,2,3GTU2LEC4HG3,17,23,481,2017,34,5,31,0,1,B,1,2431,5,9999,9,4,11,5,56,1,0,0,995,0,0,0,90723,9,9,2,1,4,4,2,1,1,1,1,0,0,0,1,8,1,2,9,0,5,3,53,99,1,1,2,D,21,0,0,0,0,0,0,0,0,0,0,270,270,0,0,0,1,3,13,13,0,18004,998,0,14,0,4,95,95,95,95,0,995,9.8,998,998,998,99.8,99.8,99.8,243.63411126946,12,5
17869,52,90,1-52-2020-090-07,7,3,1J4FF48S11L5,17,2,404,2001,14,3,14,0,1,F,1,1522,5,9999,9,0,998,5,56,1,0,0,995,0,0,0,98103,9,9,2,1,4,4,2,1,1,1,1,0,0,0,1,8,1,2,9,0,5,3,53,99,1,1,6,M,98,0,0,0,0,0,0,0,0,0,0,270,270,0,0,0,3,3,13,-13,0,5050,998,0,9,0,4,95,95,95,95,0,995,9.8,998,998,998,99.8,99.8,99.8,243.63411126946,12,5
17869,52,90,1-52-2020-090-07,7,4,1GCHK29U24E2,17,20,481,2004,34,5,31,0,1,B,1,2575,5,100,1,2,11,5,56,1,0,0,995,0,0,0,59001,9,9,2,1,4,4,2,1,1,1,1,0,0,0,1,8,1,2,1,0,5,3,53,1,1,1,6,M,98,0,0,0,0,0,0,0,0,0,0,270,270,0,0,0,3,3,8,8,0,11419,998,44,10,0,4,95,95,95,95,0,995,9.8,998,998,998,99.8,99.8,99.8,243.63411126946,12,5
17870,33,50,1-33-2020-050-01,1,1,1GNEK18K8PJ3,17,20,421,1993,15,3,15,0,1,T,3,2125,5,0,1,1,52,2,89,1,0,1,0,4,0,1,95973,1,2,0,4,2,1,2,1,1,1,0,4,0,0,1,1,0,0,9,0,6,3,51,1,1,2,2,D,24,1,6,2,5,1,1,61,1,2,35,997,997,0,0,0,2,6,999,999,999,9999999,999,999,999,8,0,5,43,1,1,3,997,9.8,998,998,998,99.8,99.8,99.8,29.5572598912697,12,5
17870,33,50,1-33-2020-050-01,1,2,5TFDY5F19LX8,17,49,482,2020,34,5,30,0,1,B,9,2555,5,9999,9,0,998,5,89,1,0,0,995,0,0,0,83401,9,9,0,4,2,1,2,1,1,1,0,4,0,0,1,1,0,0,9,0,1,3,53,1,1,1,2,D,25,0,0,0,0,0,0,0,0,0,0,0,350,0,0,0,1,0,999,999,999,9999999,999,999,999,9,0,95,95,95,95,0,995,0.0,120,10,120,20.7,6.5,21.7,29.5572598912697,12,5
17871,33,51,1-33-2020-051-04,4,1,JTDKARFU7G30,17,49,46,2016,5,1,3,0,1,B,2,1390,5,0,1,1,24,2,105,1,0,0,995,0,0,0,95965,1,2,0,1,2,1,2,1,2,1,1,3,2,3,1,1,0,0,9,1,15,2,10,8,1,2,2,D,32,0,0,0,0,0,0,0,0,0,0,190,200,0,0,0,1,12,999,999,999,9999999,999,999,999,7,0,0,0,0,0,0,995,9.8,998,998,998,99.8,99.8,99.8,159.834093174349,12,5
17871,33,51,1-33-2020-051-04,4,2,1N4AL11D52C2,17,35,47,2002,4,1,4,0,1,F,9,1408,5,9999,9,0,998,5,105,1,0,0,995,0,0,0,95948,9,9,0,1,2,1,2,1,2,1,3,2,1,3,1,1,0,0,9,0,14,4,61,1,1,1,2,D,32,0,0,0,0,0,0,0,0,0,0,200,190,0,0,0,1,0,999,999,999,9999999,999,999,999,9,0,95,95,95,95,0,995,9.8,998,998,998,99.8,99.8,99.8,159.834093174349,12,5
17872,33,52,1-33-2020-052-06,6,1,1GCWGAFP0K11,17,20,461,2019,21,4,21,0,1,F,2,2400,5,9999,9,0,998,5,105,1,0,0,995,0,0,0,95823,9,9,2,1,2,1,1,1,1,1,1,3,0,0,1,1,0,0,3,0,1,3,52,1,1,1,2,D,28,0,0,0,0,0,0,0,0,0,0,140,145,0,0,0,1,3,30,-28,-10,82325,998,-91,26,0,4,95,95,95,95,0,995,9.8,998,998,998,99.8,99.8,99.8,103.938907527269,12,5
17872,33,52,1-33-2020-052-06,6,2,1FADP3K2XEL1,17,12,37,2014,5,1,3,0,1,B,3,1327,5,0,1,1,8,2,105,1,0,0,995,0,0,0,96021,1,9,2,1,2,1,1,1,1,1,1,3,0,0,1,1,0,0,1,1,2,3,53,11,1,4,2,D,29,0,0,0,0,0,0,0,0,0,0,145,140,0,0,0,1,3,47,46,8,157203,998,-20,51,0,4,9,97,0,99,0,995,9.8,998,998,998,99.8,99.8,99.8,103.938907527269,12,5
17873,23,29,1-23-2020-029-02,2,1,2GNALCEK3H16,17,20,404,2017,14,3,14,0,1,L,3,1706,5,0,2,5,13,2,89,1,0,0,995,0,0,0,43021,1,2,2,4,2,1,2,1,1,1,1,2,0,0,1,8,0,0,1,0,1,4,66,4,1,1,5,L,89,0,0,0,0,0,0,0,0,0,0,220,270,0,0,0,1,12,999,999,999,9999999,999,999,999,8,0,2,5,0,3,0,995,0.2,5,5,999,1.8,0.0,1.8,85.7006131020617,5,5
17873,23,29,1-23-2020-029-02,2,2,1C4BJWEG9EL3,17,2,403,2014,14,3,14,0,1,F,9,1994,5,9999,9,0,998,2,80,1,0,0,995,0,0,0,43021,9,9,2,4,2,1,2,1,1,1,1,2,0,0,1,8,2,2,9,0,1,2,17,99,1,1,5,L,88,0,0,0,0,0,0,0,0,0,0,270,220,0,0,0,1,0,999,999,999,9999999,999,999,999,9,0,0,0,0,5,0,995,9.8,998,998,998,99.8,99.8,99.8,85.7006131020617,5,5
17874,31,37,1-31-2020-037-09,9,1,1J4HR58245C6,17,2,404,2005,14,3,14,0,1,F,1,2116,5,0,1,1,60,2,89,1,0,0,995,0,0,0,42404,9,9,0,4,2,1,2,1,3,1,1,2,0,0,2,1,0,0,3,1,14,2,12,99,4,4,1,B,6,1,4,2,2,1,4,61,1,2,21,998,998,0,0,0,1,10,999,999,999,9999999,999,-109,10,2,0,9,97,0,5,3,998,1.0,120,120,-18,15.7,4.6,16.5,478.158887450759,6,5
17875,19,79,1-19-2020-079-08,8,1,1FTCR10A0RPB,17,12,471,1994,34,5,30,0,1,F,2,1326,5,0,1,1,8,2,89,1,0,9,998,8,0,9,35952,1,9,0,4,2,1,2,1,1,2,1,2,2,3,4,8,0,0,3,1,1,2,10,1,1,2,3,G,50,0,0,0,0,0,0,0,0,0,0,340,170,0,1,0,1,1,34,-33,6,20811,998,80,17,0,4,9,97,0,8,0,995,9.8,998,998,998,99.8,99.8,99.8,53.1453761107126,9,5
17875,19,79,1-19-2020-079-08,8,2,4A4MM21SX6E0,17,52,402,2006,14,3,14,0,1,F,2,1745,5,0,1,1,8,2,89,1,0,0,995,0,0,0,35957,1,2,0,4,2,1,2,1,3,4,1,2,2,3,4,8,0,0,1,1,14,4,62,7,1,2,3,G,51,0,0,0,0,0,0,0,0,0,0,170,340,0,0,0,1,1,25,-24,9,118629,998,71,36,0,4,0,0,0,0,0,995,0.6,72,74,-120,6.3,4.4,7.8,53.1453761107126,9,5
17876,19,80,1-19-2020-080-02,2,1,1FTFW1ET6CKE,17,12,481,2012,34,5,31,0,1,F,1,2522,5,0,1,1,6,2,89,1,0,0,995,0,0,0,35905,1,9,2,4,2,1,2,1,1,1,1,2,0,0,1,1,0,0,3,0,1,3,50,2,1,1,2,D,20,0,0,0,0,0,0,0,0,0,0,250,250,0,1,0,1,5,999,999,999,9999999,999,999,18,2,0,0,0,0,4,0,995,9.8,998,998,998,99.8,99.8,99.8,44.8387754761066,9,5
17876,19,80,1-19-2020-080-02,2,2,5NMZT3LB0JH0,17,55,401,2018,14,3,14,0,1,B,3,1569,5,0,2,1,7,2,89,1,0,0,995,0,0,0,36272,1,2,2,4,2,1,2,1,1,1,1,2,0,0,1,1,0,0,1,0,5,3,53,1,1,1,2,D,21,0,0,0,0,0,0,0,0,0,0,250,250,0,1,0,1,5,999,999,999,9999999,999,999,49,4,0,1,2,0,4,0,995,9.8,998,998,998,99.8,99.8,99.8,44.8387754761066,9,5
17876,19,80,1-19-2020-080-02,2,3,5TDYZ3DC7HS8,17,49,442,2017,20,4,20,0,1,B,1,2090,5,0,1,1,6,2,89,1,0,0,995,0,0,0,36272,1,9,2,4,2,1,2,1,1,1,1,2,0,0,1,1,0,0,1,0,5,3,52,1,1,1,6,M,98,0,0,0,0,0,0,0,0,0,0,250,255,0,1,0,2,3,12,12,0,13510,998,-14,13,0,4,0,0,0,0,0,995,9.8,998,998,998,99.8,99.8,99.8,44.8387754761066,9,5
17877,19,81,1-19-2020-081-04,4,1,2G1WT58K6793,17,20,2,2007,4,1,4,0,1,R,1,1630,5,0,1,1,8,2,40,1,0,0,995,0,0,0,35903,2,2,2,4,2,1,2,2,1,1,0,2,0,0,3,1,1,2,1,0,11,2,15,1,1,1,4,J,68,0,0,0,0,0,0,0,0,0,0,190,50,0,0,0,1,1,12,-7,-9,9707,998,32,12,0,1,0,0,0,0,0,995,9.8,998,998,998,99.8,99.8,99.8,198.396881910314,9,5
17877,19,81,1-19-2020-081-04,4,2,3GNCJKSB1LL1,17,20,406,2020,14,3,14,0,1,F,1,1382,5,0,1,1,8,2,40,1,0,0,995,0,0,0,35904,1,2,2,4,2,1,2,2,1,2,0,2,0,0,3,1,1,2,1,0,1,4,62,1,1,1,4,J,69,0,0,0,0,0,0,0,0,0,0,50,190,0,0,0,1,1,14,-14,-2,10511,998,21,14,0,4,0,0,0,0,0,995,9.8,998,998,998,99.8,99.8,99.8,198.396881910314,9,5
17878,19,82,1-19-2020-082-07,7,1,1FAHP2F87DG1,17,12,17,2013,4,1,4,0,1,R,1,1918,5,9999,9,0,998,5,72,1,0,0,995,0,0,0,35906,9,9,0,4,5,2,2,1,3,1,3,2,0,0,1,1,0,0,9,1,15,2,11,99,1,2,2,F,46,0,0,0,0,0,0,0,0,0,0,0,355,0,0,0,1,3,5,4,-3,1772,998,-66,4,0,4,95,95,95,95,0,995,9.8,998,998,998,99.8,99.8,99.8,386.252052873872,9,5
17878,19,82,1-19-2020-082-07,7,2,2HKRM3H76EH5,17,37,402,2014,14,3,14,0,1,L,1,1583,5,0,1,1,6,3,72,1,0,0,995,0,0,0,35906,1,9,0,4,5,1,2,1,3,1,1,3,0,0,1,1,0,0,9,0,14,4,60,99,1,1,2,F,45,0,0,0,0,0,0,0,0,0,0,355,0,0,0,0,1,3,5,-4,3,2720,998,-89,5,0,4,0,0,0,0,0,995,9.8,998,998,998,99.8,99.8,99.8,386.252052873872,9,5
17879,29,82,1-29-2020-082-01,1,1,WDDGF8BB7CR2,17,42,42,2012,4,1,3,0,1,L,3,1695,5,0,1,5,65,2,105,1,9,0,995,0,9,0,34232,9,9,0,2,3,3,2,2,1,9,3,2,1,3,5,8,0,0,9,1,1,2,12,99,1,4,1,B,6,1,4,1,2,1,3,61,1,2,999,997,997,0,0,0,2,6,999,999,999,9999999,999,999,999,8,0,9,97,0,1,3,997,2.7,999,999,999,99.9,99.9,99.9,39.5615319921823,2,5
17880,29,83,1-29-2020-083-03,3,1,JTDL9RFU9L30,17,49,46,2020,5,1,4,0,1,B,9,1505,5,9999,9,0,998,2,89,1,0,0,995,0,0,0,02726,9,9,0,2,3,2,2,1,3,9,3,3,0,3,1,8,6,9,1,1,14,8,98,99,1,2,2,D,32,0,0,0,0,0,0,0,0,0,0,120,135,0,0,0,1,0,999,999,999,9999999,999,999,999,9,0,99,99,0,8,0,995,1.4,999,999,999,99.9,99.9,99.9,280.91064174099,2,5
17880,29,83,1-29-2020-083-03,3,2,19UUA56733A0,17,54,35,2003,4,1,3,0,1,F,2,1584,5,9999,9,4,78,2,89,1,0,9,998,8,0,9,06359,9,9,0,2,3,3,2,1,3,9,3,2,1,3,1,8,6,9,1,0,14,4,61,99,1,1,2,D,32,0,0,0,0,0,0,0,0,0,0,135,120,0,0,0,1,12,999,999,999,9999999,999,999,999,7,0,0,0,0,0,0,995,9.8,998,998,998,99.8,99.8,99.8,280.91064174099,2,5
17881,29,84,1-29-2020-084-10,10,1,YV4CZ9822914,17,51,401,2009,14,3,14,0,1,F,1,2111,5,0,1,1,52,2,105,1,0,9,998,8,0,9,02721,9,9,1,2,4,4,2,1,1,9,3,2,0,2,1,1,6,2,1,1,16,2,13,99,1,4,1,A,1,0,0,0,0,0,0,0,0,0,0,998,998,0,0,0,1,10,999,999,999,9999999,999,70,12,2,0,0,0,0,0,0,998,0.0,999,999,999,4.0,0.8,4.0,6087.61817698535,2,5
17882,29,85,1-29-2020-085-04,4,1,KM8J3CA29JU7,17,55,402,2018,14,3,14,0,1,F,1,1634,5,0,1,1,27,2,105,1,0,0,995,0,0,9,02724,9,9,0,2,2,2,2,1,1,9,3,2,1,3,1,1,0,0,1,0,1,6,87,99,1,1,1,C,13,0,0,0,0,0,0,0,0,0,0,998,998,0,0,0,1,10,999,999,999,9999999,999,-14,20,2,0,0,0,0,0,0,998,9.8,998,998,998,99.8,99.8,99.8,906.503732299886,2,5
17883,12,45,1-12-2020-045-04,4,1,2GCRCPEC1K11,17,20,481,2019,34,5,31,0,1,F,1,2261,5,0,1,1,4,2,56,1,0,8,997,8,1,3,73401,2,2,0,4,3,2,1,1,1,1,1,2,0,0,1,1,0,0,9,1,1,2,10,1,1,2,3,G,50,0,0,0,0,0,0,0,0,0,0,180,5,0,0,0,1,3,12,-12,0,16842,998,-54,13,0,4,0,0,0,4,0,995,9.8,998,998,998,99.8,99.8,99.8,1244.18673777522,9,5
17883,12,45,1-12-2020-045-04,4,2,2G1WH52K3493,17,20,2,2004,4,1,4,0,1,F,1,1572,5,9999,9,0,998,5,56,1,0,0,995,0,0,0,73401,9,9,0,4,3,1,1,1,1,1,1,2,0,0,1,1,0,0,9,0,1,4,62,2,1,1,3,G,51,0,0,0,0,0,0,0,0,0,0,5,180,0,0,0,1,3,18,-18,0,16904,998,0,17,0,4,95,95,95,95,0,995,9.8,998,998,998,99.8,99.8,99.8,1244.18673777522,9,5