CASEID,PSU,CASENO,CASENUMBER,CATEGORY,VEHNO,VIN,VINLENGTH,MAKE,MODEL,MODELYR,BODYTYPE,BODYCAT,VEHCLASS,SPECUSE,TRANSTAT,DAMPLANE,DAMSEV,CURBWT,CURBSRC,CARGOWT,CARGOSRC,INSPTYPE,INSPLAG,TOWED,SPEEDLIMIT,DRPRESENT,PARALCOHOL,ALCTEST,ALCTESTRESULT,ALCTESTSRC,PARDRUG,DRUGTEST,ZIP,RACE,ETHNICITY,RELTOJUNCT,TRAFFLOW,RDLANES,INITLANE,SURFTYPE,SURFCOND,ALIGNMENT,PROFILE,LINERIGHT,LINELEFT,RUMBINIT,RUMBROAD,LIGHTCOND,WEATHER,TRAFDEV,TRAFFUNCT,DISTRACT,PREFHE,PREMOVE,CRITCAT,CRITEVENT,MANEUVER,PRESTAB,PRELOC,CRASHCAT,CRASHCONF,CRASHTYPE,ROLLTYPE,ROLLTURN,ROLLINTRPT,ROLLPREMAN,ROLLINITYP,ROLLINLOC,ROLLOBJ,ROLLTRIP,ROLLDIR,ROLLDIST,DVANGTHIS,DVANGOTH,TOWHITCH,TRAJDOC,TREEPOLE,DVEVENT,DVBASIS,DVTOTAL,DVLONG,DVLAT,DVENERGY,DVSPEED,DVMOMENT,DVBES,DVEST,DVCONF,VAIS,VISS,VINJURED,VTREAT,INITOBJCLASS,HEADANGLECAT,SHLDRWIDTH,STRKLENGTH,STRKWIDTH,STRKHEIGHT,EDGEDISTX,EDGEDISTY,EDGEDISTZ,CASEWGT,PSUSTRAT,VERSION
17884,12,46,1-12-2020-046-09,9,1,2GCEC19T9X11,17,20,481,1999,34,5,31,0,1,T,2,1932,8,0,1,5,21,2,72,1,0,0,995,0,0,0,73401,9,9,0,4,2,1,2,1,3,1,0,2,0,0,1,1,0,0,9,1,14,2,13,1,1,4,1,A,1,1,2,2,2,1,4,61,1,2,5,997,997,0,0,0,2,6,999,999,999,9999999,999,999,999,7,0,9,97,0,99,3,997,0.0,120,120,999,46.0,2.9,46.1,2165.14759772364,9,5
17885,15,48,1-15-2020-048-07,7,1,5N1AR2MM7FC6,17,35,401,2015,14,3,14,0,1,F,1,2005,5,50,1,1,65,2,89,1,8,9,998,8,7,9,11423,9,9,1,2,4,1,2,2,3,1,1,3,0,0,1,2,0,0,9,1,14,1,5,3,2,4,1,A,2,0,0,0,0,0,0,0,0,0,0,998,998,0,0,0,1,10,999,999,999,9999999,999,120,18,2,0,0,0,0,0,0,998,2.2,999,999,999,0.0,0.0,0.0,179.06324905999,1,5
17886,15,49,1-15-2020-049-02,2,1,999999999999,99,49,57,2021,3,1,1,0,1,F,3,1710,8,9999,9,4,13,2,48,1,0,1,0,2,9,1,11803,1,2,2,4,4,1,2,1,1,1,1,3,0,0,1,1,0,0,9,1,1,1,8,99,2,4,1,A,2,0,0,0,0,0,0,0,0,0,0,998,998,0,0,1,1,12,999,999,999,9999999,999,999,999,8,0,1,1,0,4,0,998,0.0,80,84,-120,22.4,2.0,22.5,14.2575838884941,1,5
17887,15,50,1-15-2020-050-05,5,1,1C4RJFBG8FC9,17,2,422,2015,15,3,15,0,1,F,9,2211,5,9999,9,0,998,2,48,1,8,1,0,2,7,9,11758,9,9,0,4,2,1,2,1,1,1,0,0,0,0,1,1,0,0,3,1,1,2,11,99,9,4,1,C,11,0,0,0,0,0,0,0,0,0,0,5,0,0,0,0,1,0,999,999,999,9999999,999,999,999,9,0,0,0,0,4,0,995,9.8,998,998,998,99.8,99.8,99.8,10.085672768252,1,5
17887,15,50,1-15-2020-050-05,5,2,JHLRD78536C0,17,37,402,2006,14,3,14,0,2,B,9,1530,5,9999,9,0,998,,,,,,,,,,,,,,,,,,,,,,,,,,,,,,,,,,,,,,,,,,,,,,,,,,,,,,,,,,,,,,,,,,95,95,95,95,,,,,,,,,,10.085672768252,1,5
17887,15,50,1-15-2020-050-05,5,3,999999999999,99,37,399,2005,2,1,9,0,2,B,9,9999,9,9999,9,0,998,,,,,,,,,,,,,,,,,,,,,,,,,,,,,,,,,,,,,,,,,,,,,,,,,,,,,,,,,,,,,,,,,,95,95,95,95,,,,,,,,,,10.085672768252,1,5
17888,27,41,1-27-2020-041-04,4,1,1C6RR7FTXHS8,17,7,482,2017,34,5,31,0,1,F,1,2305,5,0,1,1,6,2,64,1,0,0,995,0,0,0,01226,9,9,0,4,2,1,2,1,1,1,1,2,0,0,1,1,0,0,1,1,1,1,3,3,2,4,1,A,2,0,0,0,0,0,0,0,0,0,0,998,998,0,0,1,1,12,999,999,999,9999999,999,999,999,6,0,0,0,0,0,0,998,0.1,29,29,118,43.0,0.8,43.0,217.224355821947,3,5
17889,27,42,1-27-2020-042-09,9,1,WAUUL98E16A1,17,32,40,2006,6,1,3,0,1,F,1,1805,5,0,1,1,16,2,56,1,0,0,995,0,0,9,10576,9,9,0,4,2,1,2,1,3,4,1,2,0,0,1,1,0,0,1,1,14,2,13,99,1,4,1,A,3,0,0,0,0,0,0,0,0,0,0,998,998,0,0,2,1,12,999,999,999,9999999,999,999,999,6,0,1,1,0,5,0,998,0.2,34,34,56,32.6,0.9,32.6,406.459901909469,3,5
17890,22,54,1-22-2020-054-10,10,1,3D7KU28C94G1,17,7,482,2004,34,5,31,0,1,F,9,9999,9,9999,9,0,998,5,40,1,0,0,995,0,0,0,83501,9,9,2,5,3,1,2,1,1,1,0,2,0,0,1,1,1,2,3,0,1,3,50,99,1,1,2,D,20,0,0,0,0,0,0,0,0,0,0,70,70,0,0,0,1,0,999,999,999,9999999,999,999,999,9,0,95,95,95,95,0,995,9.8,998,998,998,99.8,99.8,99.8,987.278155774546,12,5
17890,22,54,1-22-2020-054-10,10,2,1FMCU9DG8AKA,17,12,402,2010,14,3,14,0,1,B,2,1609,5,0,1,1,8,2,40,1,0,0,995,0,0,0,99403,9,9,2,5,3,1,2,1,1,1,0,2,0,0,1,1,1,2,1,0,5,3,53,1,1,1,2,D,21,0,0,0,0,0,0,0,0,0,0,70,70,0,0,0,1,5,999,999,999,9999999,999,999,27,3,0,0,0,0,0,0,995,9.8,998,998,998,99.8,99.8,99.8,987.278155774546,12,5
17890,22,54,1-22-2020-054-10,10,3,1N6AA07B36N5,17,35,473,2006,34,5,31,0,1,B,9,2415,5,9999,9,0,998,5,40,1,0,0,995,0,0,0,83522,9,9,2,5,3,1,2,1,1,1,0,2,0,0,1,1,1,2,1,0,5,3,53,99,1,1,6,M,98,0,0,0,0,0,0,0,0,0,0,70,70,0,0,0,2,0,999,999,999,9999999,999,999,999,9,0,95,95,95,95,0,995,9.8,998,998,998,99.8,99.8,99.8,987.278155774546,12,5
17892,22,56,1-22-2020-056-01,1,1,3LNHL2JC5AR6,17,13,13,2010,4,1,3,0,1,F,2,1633,5,0,1,1,8,2,40,1,9,1,0,2,9,1,99403,9,9,2,1,2,1,2,1,1,2,1,1,0,0,1,1,2,2,9,0,11,2,15,9,1,1,4,K,82,0,0,0,0,0,0,0,0,0,0,340,115,0,0,0,1,5,999,999,999,9999999,999,999,28,3,0,3,19,1,1,0,995,9.8,998,998,998,99.8,99.8,99.8,38.5617335684627,12,5
17892,22,56,1-22-2020-056-01,1,2,1HTMMAAR13H5,17,84,881,2003,63,8,60,0,1,F,9,,,,,,,2,40,1,0,1,0,1,0,0,83501,9,9,2,1,3,2,2,1,1,4,1,2,0,0,1,1,0,0,9,0,1,4,67,2,1,1,4,K,83,,,,,,,,,,,,,,,,,,,,,,,,,,,95,95,95,95,,,9.8,998,998,998,99.8,99.8,99.8,38.5617335684627,12,5
17895,22,57,1-22-2020-057-06,6,1,1GKKVRED4CJ3,17,23,8,2012,6,1,5,0,1,F,2,2234,5,0,1,1,34,2,80,1,9,0,995,0,9,0,99125,1,2,0,4,2,1,2,1,3,1,1,2,0,0,1,1,0,0,1,1,14,2,13,1,1,4,1,A,1,1,1,1,4,1,1,61,1,2,16,998,998,0,0,0,1,1,31,-31,5,107304,998,67,31,0,1,1,1,0,4,3,998,0.7,26,120,30,26.1,4.7,26.4,63.0821191735572,12,5
17897,30,66,1-30-2020-066-01,1,1,2T3H1RFV3LW0,17,49,402,2020,14,3,14,0,1,F,2,1528,5,0,1,5,43,2,89,1,1,1,171,1,0,0,85388,9,9,1,2,3,1,2,1,1,1,3,1,0,0,3,1,6,2,1,0,1,3,54,1,1,1,3,G,52,0,0,0,0,0,0,0,0,0,0,0,180,0,0,0,1,12,999,999,999,9999999,999,999,999,7,0,1,1,0,4,0,995,9.8,998,998,998,99.8,99.8,99.8,40.4414868986365,10,5
17897,30,66,1-30-2020-066-01,1,2,1VWAP7A36EC0,17,30,46,2014,4,1,4,0,1,F,3,1541,5,0,1,5,43,2,89,1,1,1,177,1,0,9,85746,9,9,1,2,3,1,2,1,1,1,1,3,0,0,3,1,0,0,1,0,1,3,54,1,1,1,3,G,52,0,0,0,0,0,0,0,0,0,0,180,0,0,0,0,1,12,999,999,999,9999999,999,999,999,8,0,5,38,1,1,0,995,1.0,999,999,999,6.0,1.0,6.1,40.4414868986365,10,5
17898,30,67,1-30-2020-067-03,3,1,JTNKARJE8GJ5,17,67,37,2016,5,1,2,0,1,F,3,1335,5,0,1,1,26,2,89,1,0,0,995,0,0,0,85016,9,9,0,2,4,3,2,1,1,1,3,1,0,0,5,1,0,0,1,1,15,2,11,3,1,2,2,F,46,0,0,0,0,0,0,0,0,0,0,998,998,0,0,0,2,1,47,-46,8,143627,998,61,47,0,1,99,99,0,99,0,998,1.7,999,999,999,99.9,99.9,99.9,546.882927711711,10,5
17898,30,67,1-30-2020-067-03,3,2,JT8BF28GXY02,17,59,31,2000,4,1,3,0,1,L,9,1505,5,9999,9,0,998,5,89,1,0,0,995,0,0,0,85302,9,9,0,2,4,2,2,1,1,1,3,3,0,0,5,1,0,0,1,0,1,4,61,1,1,3,2,F,45,0,0,0,0,0,0,0,0,0,0,340,0,0,0,0,1,0,999,999,999,9999999,999,999,999,9,0,95,95,95,95,0,995,9.8,998,998,998,99.8,99.8,99.8,546.882927711711,10,5
17899,32,84,1-32-2020-084-06,6,1,JTMWF4DV1C50,17,49,402,2012,14,3,14,0,1,L,1,1524,5,0,1,1,28,2,64,1,0,0,995,0,0,0,75254,1,2,2,1,2,1,1,1,3,2,0,3,0,0,1,1,2,2,9,0,11,2,15,1,1,1,4,K,82,0,0,0,0,0,0,0,0,0,0,95,205,0,0,0,1,3,16,-10,12,25869,998,15,20,0,4,9,97,0,0,0,995,9.8,998,998,998,99.8,99.8,99.8,980.046945398888,7,5
17899,32,84,1-32-2020-084-06,6,2,3VWC57BUXKM1,17,30,40,2019,4,1,3,0,1,F,1,1350,5,9999,9,4,25,5,64,1,0,0,995,0,0,0,75081,9,9,2,1,5,2,1,1,1,4,3,3,0,0,1,1,0,0,9,0,1,4,67,99,1,1,4,K,83,0,0,0,0,0,0,0,0,0,0,205,95,0,0,0,1,3,19,-18,-7,14312,998,-69,15,0,4,95,95,95,95,0,995,9.8,998,998,998,99.8,99.8,99.8,980.046945398888,7,5
17900,31,38,1-31-2020-038-04,4,1,2LMTJ8LP8GBL,17,13,14,2016,6,1,4,0,1,R,1,1990,5,9999,9,1,36,2,89,1,0,0,995,0,0,0,62812,1,2,0,4,2,1,2,1,1,1,1,4,0,0,1,1,0,0,9,1,1,2,13,3,2,4,1,A,1,0,0,0,0,0,0,0,0,0,0,998,998,0,0,6,1,10,999,999,999,9999999,999,120,8,1,0,0,0,0,0,0,998,0.8,14,14,999,5.6,2.1,6.0,282.060604795876,6,5
17901,30,65,1-30-2020-065-07,7,1,2GCEK19TX411,17,20,481,2004,34,5,31,0,1,F,1,2151,5,9999,9,0,998,2,72,1,0,0,995,0,0,0,85086,9,9,2,1,3,1,2,1,1,1,1,3,0,0,1,1,1,2,9,0,1,3,50,7,1,1,2,D,20,0,0,0,0,0,0,0,0,0,0,85,90,0,0,0,1,3,19,-19,0,43107,998,0,22,0,4,99,99,0,99,0,995,9.8,998,998,998,99.8,99.8,99.8,3288.49649975498,10,5
17901,30,65,1-30-2020-065-07,7,2,JF1ZCAC10E96,17,48,46,2014,2,1,2,0,1,B,2,1280,5,0,1,1,15,2,72,1,0,0,995,0,0,0,85396,9,9,2,1,3,1,2,1,1,1,1,3,0,0,1,1,1,2,1,0,5,3,53,99,1,1,2,D,21,0,0,0,0,0,0,0,0,0,0,90,85,0,0,0,1,3,31,31,-5,41417,998,16,28,0,4,0,0,0,0,0,995,9.8,998,998,998,99.8,99.8,99.8,3288.49649975498,10,5
17901,30,65,1-30-2020-065-07,7,3,KMHD35LE8DU0,17,55,35,2013,5,1,2,0,1,B,2,1295,5,0,1,1,30,2,72,1,0,0,995,0,0,0,86335,9,9,2,1,3,2,2,1,1,1,3,1,0,0,1,1,1,2,1,0,5,4,61,99,1,1,6,M,98,0,0,0,0,0,0,0,0,0,0,90,75,0,0,0,2,12,999,999,999,9999999,999,999,999,7,0,0,0,0,0,0,995,9.8,998,998,998,99.8,99.8,99.8,3288.49649975498,10,5
17902,20,40,1-20-2020-040-05,5,1,JTHBK2629720,17,59,35,2007,4,1,3,0,1,L,1,1567,5,0,1,1,20,2,0,1,0,0,995,0,0,0,93927,9,1,2,1,1,1,2,1,1,2,0,0,0,0,3,1,2,2,2,0,10,2,16,2,1,1,4,K,78,0,0,0,0,0,0,0,0,0,0,290,10,0,0,0,1,3,7,-2,7,7787,998,125,8,0,4,1,1,0,6,0,995,9.8,998,998,998,99.8,99.8,99.8,64.8316263706092,11,5
17902,20,40,1-20-2020-040-05,5,2,3N1CE2CP9EL4,17,35,50,2014,5,1,2,0,1,F,1,1127,5,9999,9,0,998,2,64,1,0,0,995,0,0,0,95076,9,1,2,5,5,1,2,1,1,1,0,3,0,0,3,1,0,0,9,0,1,4,70,99,1,1,4,K,79,0,0,0,0,0,0,0,0,0,0,10,290,0,0,0,1,3,9,-8,-5,3357,998,-59,7,0,4,9,97,0,8,0,995,9.8,998,998,998,99.8,99.8,99.8,64.8316263706092,11,5
17903,20,41,1-20-2020-041-03,3,1,2HKRW5H30JH4,17,37,402,2018,14,3,14,0,1,R,1,1502,5,0,1,1,16,2,56,1,0,0,995,0,0,0,95076,1,9,0,4,2,1,2,1,3,1,0,2,0,0,2,1,0,0,9,1,14,2,13,1,1,4,1,A,1,1,1,2,6,6,4,60,3,2,6,998,998,0,0,1,2,1,8,-8,-1,6341,998,94,8,0,4,99,99,0,99,3,998,0.0,120,15,18,0.0,0.0,0.0,704.147032992242,11,5
17904,54,16,1-54-2020-016-10,10,1,1GKER33798J2,17,23,8,2008,6,1,5,0,1,R,2,2142,5,9999,9,5,17,2,56,1,0,0,995,0,0,0,35582,1,9,2,4,2,1,2,1,1,1,1,2,0,0,1,1,2,2,2,0,1,2,17,2,1,1,5,L,87,0,0,0,0,0,0,0,0,0,0,350,260,0,1,0,1,1,38,-13,-36,45799,998,-65,21,0,4,0,0,0,0,0,995,9.8,998,998,998,99.8,99.8,99.8,228.75018603834,9,5
17904,54,16,1-54-2020-016-10,10,2,1FMPU17L34LA,17,12,422,2004,15,3,15,0,1,F,2,2579,5,9999,9,5,12,2,105,1,0,0,995,0,0,0,38876,1,9,2,1,3,1,2,1,1,1,1,3,2,3,1,1,0,0,1,0,1,4,66,5,1,1,5,L,86,0,0,0,0,0,0,0,0,0,0,260,350,0,0,0,1,1,32,-30,11,235471,998,76,43,0,4,0,0,0,0,0,995,9.8,998,998,998,99.8,99.8,99.8,228.75018603834,9,5
17919,77,54,1-77-2020-054-08,8,1,YV1MS3824723,17,51,46,2007,4,1,2,0,1,F,3,1368,5,0,1,1,11,2,72,1,0,0,995,0,9,0,22923,9,9,3,1,3,1,2,2,1,1,0,3,0,0,2,2,0,0,1,0,1,2,17,1,1,1,4,K,79,0,0,0,0,0,0,0,0,0,0,30,300,0,0,0,1,1,40,-38,-14,81377,998,-42,36,0,1,0,0,0,0,0,995,9.8,998,998,998,99.8,99.8,99.8,304.253971595501,9,5
17919,77,54,1-77-2020-054-08,8,2,JTJHA31U3500,17,59,403,2005,14,3,14,0,1,L,2,1844,5,0,1,1,11,2,40,1,0,0,995,0,9,0,22902,9,9,3,4,2,1,2,2,1,1,0,0,0,0,2,2,2,2,1,0,10,4,66,1,1,1,4,K,78,0,0,0,0,0,0,0,0,0,0,300,30,0,0,0,1,1,31,-10,29,87396,998,17,34,0,1,9,97,0,99,0,995,0.0,5,5,21,7.2,9.0,11.5,304.253971595501,9,5
17920,77,55,1-77-2020-055-03,3,1,JHMGE8H33DC0,17,37,39,2013,5,1,1,0,1,L,2,1163,5,0,1,1,9,2,97,1,0,0,995,0,0,0,27587,1,2,0,2,2,1,2,2,1,1,1,3,0,1,1,2,0,0,3,1,1,2,13,1,1,4,1,A,1,0,0,0,0,0,0,0,0,0,0,998,998,0,0,0,3,1,38,-33,19,101706,998,-83,38,0,4,1,1,0,4,0,998,0.3,120,44,76,1.3,0.3,1.3,378.709261083033,9,5
17924,10,87,1-10-2020-087-08,8,1,2G4WD5327512,17,18,22,2005,4,1,4,0,1,F,2,1618,5,0,1,1,10,2,48,1,0,1,268,2,0,2,45405,2,2,2,4,2,1,2,1,1,1,0,4,0,0,1,1,0,0,9,1,1,2,12,99,2,4,1,B,6,0,0,0,0,0,0,0,0,0,0,998,998,0,0,5,3,10,999,999,999,9999999,999,0,27,3,0,4,21,1,3,0,998,0.0,45,45,120,7.0,4.0,8.0,87.9661847100439,4,5
17925,10,88,1-10-2020-088-09,9,1,999999999999,99,7,26,2009,4,1,3,0,1,R,3,1542,5,9999,9,0,998,2,56,1,8,0,995,0,7,0,99999,9,9,2,4,2,1,2,1,1,1,0,2,0,0,1,1,1,2,9,0,1,2,17,99,1,1,5,L,87,0,0,0,0,0,0,0,0,0,0,270,185,0,0,0,1,3,56,-10,-56,330505,998,-99,62,0,4,99,99,0,99,0,995,9.8,998,998,998,99.8,99.8,99.8,773.712375515695,4,5
17925,10,88,1-10-2020-088-09,9,2,2FAFP71W0YX1,17,12,16,2000,4,1,5,0,1,F,3,1722,5,0,1,1,10,2,56,1,0,0,995,0,0,0,45417,9,9,2,4,3,1,2,1,1,1,0,1,0,0,1,1,1,2,1,0,1,4,66,99,1,1,5,L,86,0,0,0,0,0,0,0,0,0,0,185,270,0,0,0,1,3,48,-45,16,141870,998,75,41,0,4,9,97,0,99,0,995,9.8,998,998,998,99.8,99.8,99.8,773.712375515695,4,5
17926,10,89,1-10-2020-089-06,6,1,1B3BD1FG1BN5,17,7,26,2011,4,1,3,0,1,L,1,1539,5,0,1,1,11,2,56,1,0,0,995,0,0,0,45458,9,9,2,4,2,1,2,1,1,1,0,0,0,0,1,1,2,2,1,0,1,2,17,1,1,1,5,L,89,0,0,0,0,0,0,0,0,0,0,0,100,0,0,0,1,1,14,-7,12,8405,998,-136,9,0,4,99,99,0,0,0,995,9.9,999,999,999,99.9,99.9,99.9,216.937850658213,4,5
17926,10,89,1-10-2020-089-06,6,2,1G2NE52F83C1,17,22,18,2003,4,1,3,0,1,F,1,1413,5,0,1,2,10,5,56,1,0,0,995,0,0,0,45401,9,9,2,4,2,1,2,1,1,1,0,2,0,0,1,1,0,0,1,0,1,4,66,99,1,1,5,L,88,0,0,0,0,0,0,0,0,0,0,100,0,0,0,0,1,1,15,-14,-5,28168,998,-65,21,0,4,95,95,95,95,0,995,9.8,998,998,998,99.8,99.8,99.8,216.937850658213,4,5
17927,10,90,1-10-2020-090-09,9,1,1GTHK24U46E1,17,23,481,2006,34,5,30,0,1,F,1,2459,5,0,1,2,20,5,105,1,0,0,995,0,0,0,45387,9,9,0,2,4,4,2,1,1,1,3,2,1,3,3,1,0,0,9,1,15,2,11,99,1,2,2,D,32,0,0,0,0,0,0,0,0,0,0,185,180,0,0,0,1,8,999,999,999,9999999,999,999,999,6,0,95,95,95,95,0,995,1.8,999,999,999,5.3,1.8,5.6,773.712375360081,4,5
17927,10,90,1-10-2020-090-09,9,2,JHLRD68516C0,17,37,402,2006,14,3,14,0,1,F,3,1585,5,0,1,1,14,2,105,1,0,0,995,0,0,0,45449,1,2,0,2,4,3,2,1,1,1,3,3,0,3,3,1,0,0,1,0,1,4,60,1,1,1,2,D,32,0,0,0,0,0,0,0,0,0,0,998,998,0,0,0,2,1,44,-41,-15,162530,998,-73,44,0,1,1,2,0,4,0,998,2.3,999,999,999,2.0,2.3,2.4,773.712375360081,4,5
17928,14,41,1-14-2020-041-02,2,1,1FTSW2A52AEB,17,12,481,2010,34,5,31,0,1,F,1,2739,5,57,1,5,36,5,48,1,1,8,997,8,1,3,78155,9,9,0,4,4,1,2,1,1,9,0,3,0,0,1,1,0,0,9,0,1,3,51,7,1,1,2,D,24,0,0,0,0,0,0,0,0,0,0,30,40,1,0,0,1,5,999,999,999,9999999,999,999,999,6,0,95,95,95,95,0,995,9.8,998,998,998,99.8,99.8,99.8,329.527147936708,8,5
17928,14,41,1-14-2020-041-02,2,2,3FADP4AJXKM1,17,12,32,2019,4,1,1,0,1,B,2,1169,5,9999,9,5,36,2,48,1,0,0,995,0,0,0,78130,1,1,0,4,4,1,2,1,1,9,0,3,0,0,1,1,0,0,9,0,1,3,53,99,1,1,2,D,25,0,0,0,0,0,0,0,0,0,0,40,30,0,0,0,1,5,999,999,999,9999999,999,999,999,7,0,1,1,0,4,0,995,9.8,998,998,998,99.8,99.8,99.8,329.527147936708,8,5
17929,14,42,1-14-2020-042-02,2,1,1C3XV66R0ND8,17,6,14,1992,4,1,4,0,1,F,1,1566,5,9999,9,5,40,2,48,1,0,0,995,0,0,0,78130,1,9,0,4,2,1,2,1,1,9,0,2,0,0,1,1,0,0,9,0,1,3,52,8,1,1,2,D,28,0,0,0,0,0,0,0,0,0,0,220,210,0,0,0,1,98,999,999,999,9999999,999,999,999,6,0,0,0,0,0,0,995,9.8,998,998,998,99.8,99.8,99.8,329.527147936708,8,5
17929,14,42,1-14-2020-042-02,2,2,ZACCJABB7HPE,17,2,408,2017,14,3,14,0,1,B,2,1372,5,9999,9,5,40,2,48,1,0,0,995,0,0,0,78132,2,2,0,4,2,1,2,1,1,9,0,2,0,0,1,1,0,0,1,0,2,3,53,99,9,1,2,D,29,0,0,0,0,0,0,0,0,0,0,210,220,0,0,0,1,98,999,999,999,9999999,999,999,999,7,0,0,0,0,4,0,995,9.8,998,998,998,99.8,99.8,99.8,329.527147936708,8,5
17930,54,17,1-54-2020-017-03,3,1,19UDE2F81GA0,17,54,41,2016,4,1,3,0,1,F,1,1415,5,0,2,1,11,2,72,1,0,0,995,0,0,1,35653,1,2,2,1,4,4,2,1,1,1,1,2,0,0,3,1,1,2,9,0,11,2,15,2,1,1,4,J,68,0,0,0,0,0,0,0,0,0,0,290,180,0,1,0,1,1,13,-8,-10,14269,998,-156,11,0,4,1,2,0,4,0,995,9.8,998,998,998,99.8,99.8,99.8,297.668006610472,9,5
17930,54,17,1-54-2020-017-03,3,2,2HGFG12658H5,17,37,31,2008,2,1,3,0,1,L,1,1178,5,9999,9,1,9,2,72,1,0,0,995,0,0,1,35630,1,9,2,1,3,1,2,1,1,1,1,3,2,2,3,1,1,2,9,0,1,4,62,8,1,4,4,J,69,0,0,0,0,0,0,0,0,0,0,180,290,0,0,0,1,1,15,-14,5,21316,998,-79,18,0,4,1,1,0,4,0,995,9.8,998,998,998,99.8,99.8,99.8,297.668006610472,9,5
17931,17,76,1-17-2020-076-09,9,1,2G1FP22S6R22,17,20,9,1994,2,1,2,0,1,F,9,1476,5,9999,9,0,998,2,113,1,9,0,995,0,9,0,61443,1,2,0,1,2,2,2,1,1,9,3,2,1,3,1,1,0,0,1,1,1,2,13,4,2,4,1,A,1,0,0,0,0,0,0,0,0,0,0,998,998,0,0,0,1,0,999,999,999,9999999,999,999,999,9,0,1,2,0,4,0,998,3.5,999,999,999,99.9,99.9,99.9,491.398917775255,4,5
17934,11,39,1-11-2020-039-04,4,1,3N1CN7AP1KL8,17,35,50,2019,4,1,2,0,1,F,1,1131,5,0,1,3,7,2,97,1,0,0,995,0,0,0,23841,1,2,0,2,3,3,2,1,3,9,3,2,0,0,1,1,0,0,1,0,14,6,87,2,9,1,1,C,13,0,0,0,0,0,0,0,0,0,0,998,998,0,0,0,1,10,999,999,999,9999999,999,89,11,2,0,0,0,0,0,0,998,9.8,998,998,998,99.8,99.8,99.8,1107.51484707532,8,5
17936,52,91,1-52-2020-091-03,3,1,JN1RZ24H5PX5,17,35,34,1993,2,1,1,0,1,R,1,1430,5,9999,9,0,998,2,40,1,0,0,995,0,0,0,83814,9,9,2,4,2,1,2,1,1,1,0,2,0,0,1,8,2,2,9,0,1,2,17,99,1,1,5,L,87,0,0,0,0,0,0,0,0,0,0,70,340,0,0,0,1,3,23,-12,-20,61823,998,60,30,0,4,1,1,0,4,0,995,9.8,998,998,998,99.8,99.8,99.8,17.9744005116638,12,5
17936,52,91,1-52-2020-091-03,3,2,4T1BK1EB7GU1,17,49,43,2016,4,1,4,0,1,F,1,1610,5,0,1,1,15,2,40,1,0,0,995,0,0,0,59037,1,2,2,4,6,3,2,1,1,1,1,1,0,0,1,8,0,0,1,0,1,4,66,4,1,1,5,L,86,0,0,0,0,0,0,0,0,0,0,340,70,0,0,0,1,3,21,-18,10,13100,998,91,12,0,4,0,0,0,0,0,995,9.8,998,998,998,99.8,99.8,99.8,17.9744005116638,12,5
17937,52,92,1-52-2020-092-09,9,1,2G1WH55K4291,17,20,2,2002,4,1,4,0,1,R,1,1552,5,0,1,1,14,2,40,1,0,0,995,0,0,0,59105,9,9,0,4,2,1,4,8,1,1,0,0,0,0,1,1,0,0,9,1,1,1,6,99,4,4,1,B,7,0,0,0,0,0,0,0,0,0,0,998,998,0,1,2,1,11,999,999,999,9999999,999,999,999,6,0,0,0,0,0,0,998,0.0,10,10,99,1.3,1.0,1.6,113.411718025208,12,5
17938,52,93,1-52-2020-093-07,7,1,3FAHP0HA1CR1,17,12,23,2012,4,1,3,0,1,F,1,1490,5,0,1,1,8,2,56,1,0,0,995,0,0,0,59230,9,9,2,1,4,1,2,1,1,1,0,1,0,0,1,1,1,2,9,0,1,3,52,4,1,1,2,D,28,0,0,0,0,0,0,0,0,0,0,270,270,0,0,0,1,3,19,-19,0,17773,998,-25,17,0,4,0,0,0,99,0,995,9.8,998,998,998,99.8,99.8,99.8,118.544953935695,12,5
17938,52,93,1-52-2020-093-07,7,2,1FDRF3F67JEC,17,12,481,2018,34,5,31,0,1,B,1,2874,5,9999,9,0,998,5,56,1,0,0,995,0,0,0,59101,9,9,2,1,4,1,2,1,1,1,1,3,0,0,1,1,1,2,9,0,2,3,53,1,1,1,2,D,29,0,0,0,0,0,0,0,0,0,0,270,270,0,0,0,1,3,10,10,0,16822,998,0,12,0,4,95,95,95,95,0,995,9.8,998,998,998,99.8,99.8,99.8,118.544953935695,12,5
17940,24,83,1-24-2020-083-03,3,1,1FM5K8AR1KGA,17,12,425,2019,15,3,15,5,1,F,1,2067,5,0,1,1,19,2,40,1,0,0,995,0,0,0,08401,2,9,2,4,2,1,2,1,1,1,2,3,0,0,1,1,1,2,9,0,1,2,17,4,1,1,5,L,86,0,0,0,0,0,0,0,0,0,0,250,350,0,0,0,1,1,8,-7,1,18453,998,90,13,0,1,9,0,0,4,0,995,9.8,998,998,998,99.8,99.8,99.8,160.912433120442,1,5