CASEID,PSU,CASENO,CASENUMBER,CATEGORY,VEHNO,VIN,VINLENGTH,MAKE,MODEL,MODELYR,BODYTYPE,BODYCAT,VEHCLASS,SPECUSE,TRANSTAT,DAMPLANE,DAMSEV,CURBWT,CURBSRC,CARGOWT,CARGOSRC,INSPTYPE,INSPLAG,TOWED,SPEEDLIMIT,DRPRESENT,PARALCOHOL,ALCTEST,ALCTESTRESULT,ALCTESTSRC,PARDRUG,DRUGTEST,ZIP,RACE,ETHNICITY,RELTOJUNCT,TRAFFLOW,RDLANES,INITLANE,SURFTYPE,SURFCOND,ALIGNMENT,PROFILE,LINERIGHT,LINELEFT,RUMBINIT,RUMBROAD,LIGHTCOND,WEATHER,TRAFDEV,TRAFFUNCT,DISTRACT,PREFHE,PREMOVE,CRITCAT,CRITEVENT,MANEUVER,PRESTAB,PRELOC,CRASHCAT,CRASHCONF,CRASHTYPE,ROLLTYPE,ROLLTURN,ROLLINTRPT,ROLLPREMAN,ROLLINITYP,ROLLINLOC,ROLLOBJ,ROLLTRIP,ROLLDIR,ROLLDIST,DVANGTHIS,DVANGOTH,TOWHITCH,TRAJDOC,TREEPOLE,DVEVENT,DVBASIS,DVTOTAL,DVLONG,DVLAT,DVENERGY,DVSPEED,DVMOMENT,DVBES,DVEST,DVCONF,VAIS,VISS,VINJURED,VTREAT,INITOBJCLASS,HEADANGLECAT,SHLDRWIDTH,STRKLENGTH,STRKWIDTH,STRKHEIGHT,EDGEDISTX,EDGEDISTY,EDGEDISTZ,CASEWGT,PSUSTRAT,VERSION
17940,24,83,1-24-2020-083-03,3,2,1GKES16S2361,17,23,401,2003,14,3,14,0,1,R,1,2194,5,0,1,1,19,2,40,1,0,0,995,0,0,0,08401,2,9,2,4,5,2,2,1,1,1,1,1,0,0,1,1,1,2,9,0,1,4,66,9,1,1,5,L,87,0,0,0,0,0,0,0,0,0,0,350,250,0,0,0,1,1,7,-2,-7,3611,998,251,3,0,1,9,0,0,4,0,995,0.0,120,15,17,0.0,0.0,0.0,160.912433120442,1,5
17941,24,84,1-24-2020-084-08,8,1,1FTYR14V5XTA,17,12,471,1999,34,5,30,0,1,F,2,1556,5,0,1,1,13,2,80,1,0,1,0,2,0,1,08201,1,2,2,4,2,1,2,2,1,1,0,2,0,0,1,2,2,2,9,0,1,2,17,99,1,1,5,L,86,0,0,0,0,0,0,0,0,0,0,200,260,0,1,0,1,5,999,999,999,9999999,999,999,33,3,0,4,29,1,3,0,995,9.8,998,998,998,99.8,99.8,99.8,111.828510688156,1,5
17941,24,84,1-24-2020-084-08,8,2,1FUBCYCY9GHH,17,82,881,2016,66,8,68,0,1,R,9,,,,,,,2,72,1,0,8,997,8,0,3,08106,9,9,2,4,2,1,2,2,1,1,1,2,0,0,1,2,0,0,9,0,1,4,66,99,1,1,5,L,87,,,,,,,,,,,,,,,,,,,,,,,,,,,95,95,95,95,,,9.8,998,998,998,99.8,99.8,99.8,111.828510688156,1,5
17942,24,85,1-24-2020-085-09,9,1,4A3AL35T67E0,17,52,37,2007,1,1,2,0,1,R,3,1575,5,0,1,1,20,2,64,1,0,0,995,0,0,0,15044,9,9,2,4,4,2,2,1,1,2,1,2,0,0,1,1,1,2,9,0,11,2,15,99,1,1,4,J,68,0,0,0,0,0,0,0,0,0,0,250,120,0,0,0,1,3,42,-32,-27,190272,998,81,47,0,4,0,0,0,0,0,995,9.8,998,998,998,99.8,99.8,99.8,684.749917579072,1,5
17942,24,85,1-24-2020-085-09,9,2,5FNRL38657B4,17,37,441,2007,20,4,20,0,1,F,2,2062,5,0,1,1,20,2,64,1,0,0,995,0,0,0,12428,9,9,2,4,4,1,2,1,1,1,0,3,0,0,1,1,1,2,9,0,1,4,62,99,1,1,4,J,69,0,0,0,0,0,0,0,0,0,0,120,250,0,0,0,1,3,33,-32,6,69812,998,66,27,0,4,99,99,0,99,0,995,9.8,998,998,998,99.8,99.8,99.8,684.749917579072,1,5
17943,24,86,1-24-2020-086-06,6,1,1C4GP45RX5B2,17,6,441,2005,20,4,20,0,1,F,1,1977,5,9999,9,0,998,5,40,1,1,1,200,1,0,0,08037,9,9,3,4,2,1,2,1,1,1,0,0,0,0,1,1,0,0,9,0,6,4,61,99,1,1,4,J,73,0,0,0,0,0,0,0,0,0,0,140,90,0,0,0,1,3,13,-13,-2,12394,998,-41,12,0,4,95,95,95,95,0,995,0.0,92,15,17,0.0,0.0,0.0,252.977687030948,1,5
17943,24,86,1-24-2020-086-06,6,2,2T1BURHE4FC3,17,49,32,2015,4,1,3,0,1,L,1,1265,5,0,1,1,11,2,40,1,0,0,995,0,0,0,08037,1,2,3,4,2,1,2,1,1,1,0,0,0,0,1,1,0,0,1,1,11,2,10,1,1,1,4,J,72,0,0,0,0,0,0,0,0,0,0,90,140,0,0,0,1,3,20,10,17,29881,998,83,21,0,4,1,1,0,4,0,995,9.8,998,998,998,99.8,99.8,99.8,252.977687030948,1,5
17944,48,41,1-48-2020-041-07,7,1,WAUBFAFL7EN0,17,32,43,2014,4,1,4,0,1,F,1,1640,5,0,1,1,8,2,129,1,0,0,995,0,0,0,43221,1,2,0,2,2,1,1,1,1,1,1,3,2,3,2,1,0,0,1,0,1,6,87,7,1,1,1,C,13,0,0,0,0,0,0,0,0,0,0,998,998,0,0,0,1,10,999,999,999,9999999,999,-50,12,2,0,0,0,0,0,0,998,9.8,998,998,998,99.8,99.8,99.8,102.223788410169,12,5
17945,48,42,1-48-2020-042-07,7,1,1G3NG52MXV63,17,21,20,1997,4,1,3,0,1,F,3,1537,5,9999,9,5,18,2,56,1,0,0,995,0,0,0,84337,9,9,2,1,3,1,2,1,1,1,1,2,0,0,1,1,8,2,9,0,11,2,15,99,1,1,4,J,68,0,0,0,0,0,0,0,0,0,0,60,270,0,0,0,1,3,42,-41,-7,125872,998,-39,43,0,4,9,97,0,0,0,995,9.8,998,998,998,99.8,99.8,99.8,102.223788410169,12,5
17945,48,42,1-48-2020-042-07,7,2,1G1125S38FU1,17,20,2,2015,4,1,4,0,1,F,2,1717,5,0,1,1,6,2,56,1,0,0,995,0,0,0,84312,9,9,2,1,3,1,2,1,1,1,0,4,0,0,1,1,8,2,9,0,1,4,62,2,1,1,4,J,69,0,0,0,0,0,0,0,0,0,0,270,60,0,0,0,1,3,34,-32,12,100477,998,74,33,0,4,0,0,0,0,0,995,9.8,998,998,998,99.8,99.8,99.8,102.223788410169,12,5
17946,28,43,1-28-2020-043-07,7,1,1N4AL3APXFC5,17,35,47,2015,4,1,4,0,1,F,1,1416,5,0,1,1,8,2,72,1,0,0,995,0,0,0,16948,7,2,0,4,2,1,2,1,3,4,1,2,0,0,1,1,6,2,1,0,14,6,87,3,1,1,1,C,13,0,0,0,0,0,0,0,0,0,0,998,998,0,0,0,1,12,999,999,999,9999999,999,999,999,6,0,0,0,0,0,0,998,9.8,998,998,998,99.8,99.8,99.8,181.437550491717,3,5
17947,28,44,1-28-2020-044-07,7,1,3N1AB7APXEY2,17,35,43,2014,4,1,3,0,1,F,1,1293,5,0,1,1,6,2,89,1,0,0,995,0,0,0,16920,9,9,0,4,2,1,2,1,1,1,1,4,1,0,1,1,6,2,9,0,1,6,87,1,1,1,1,C,13,0,0,0,0,0,0,0,0,0,0,998,998,0,0,0,1,12,999,999,999,9999999,999,999,999,1,0,0,0,0,0,0,998,9.8,998,998,998,99.8,99.8,99.8,181.437550491717,3,5
17948,66,41,1-66-2020-041-03,3,1,1FADP3F26GL3,17,12,37,2016,4,1,3,0,1,U,2,1340,5,0,1,1,53,2,89,1,0,0,995,0,7,0,65657,1,2,0,4,2,1,2,1,1,1,0,2,0,0,1,1,0,0,3,1,1,2,13,7,1,4,1,A,1,0,0,0,0,0,0,0,0,0,0,998,998,0,1,0,1,7,999,999,999,9999999,999,999,999,7,0,2,4,0,4,0,998,0.0,75,60,-15,4.6,1.1,4.8,101.661767199215,6,5
17949,66,42,1-66-2020-042-04,4,1,19XFC2F53GE0,17,37,31,2016,4,1,3,0,1,T,1,1244,5,0,2,1,30,2,113,1,0,0,995,0,7,0,64801,4,2,0,2,2,1,2,2,1,1,1,4,0,1,2,2,0,0,1,1,1,1,6,7,2,4,1,A,2,1,2,1,2,1,4,61,1,1,7,997,997,0,1,0,2,6,999,999,999,9999999,999,999,999,6,0,0,0,0,0,3,997,3.0,7,7,999,1.7,0.6,1.8,140.688438342688,6,5
17951,16,64,1-16-2020-064-08,8,1,5FNYF185X5B0,17,37,421,2005,15,3,15,0,1,F,1,2007,5,0,1,1,8,2,56,1,8,0,995,0,7,0,45211,2,2,1,3,1,1,2,1,3,2,1,2,0,0,3,8,0,0,9,1,14,9,99,99,9,9,1,C,16,0,0,0,0,0,0,0,0,0,0,999,999,0,0,0,1,12,999,999,999,9999999,999,999,17,2,0,0,0,0,0,0,999,9.8,998,998,998,99.8,99.8,99.8,156.283581468982,5,5
17952,16,65,1-16-2020-065-06,6,1,1G11B5SL7EF2,17,20,37,2014,4,1,3,0,1,F,1,1620,5,0,1,1,5,2,56,1,0,0,995,0,0,0,45205,9,9,0,4,4,2,2,1,3,2,3,2,0,0,1,1,0,0,3,1,14,2,10,1,1,2,3,I,64,0,0,0,0,0,0,0,0,0,0,310,140,0,0,0,1,1,13,-12,4,14070,998,12,15,0,4,0,0,0,0,0,995,9.8,998,998,998,99.8,99.8,99.8,385.418833030025,5,5
17952,16,65,1-16-2020-065-06,6,2,1FMCU0F72EUB,17,12,402,2014,14,3,14,0,1,L,1,1635,5,0,1,1,6,2,56,1,0,0,995,0,0,0,45238,9,9,0,4,4,2,2,1,2,4,3,2,0,0,1,1,0,0,1,1,14,4,62,4,1,1,3,I,65,0,0,0,0,0,0,0,0,0,0,140,310,0,0,0,1,1,12,-11,6,13810,998,-102,11,0,4,9,97,0,8,0,995,9.8,998,998,998,99.8,99.8,99.8,385.418833030025,5,5
17953,59,29,1-59-2020-029-02,2,1,3FAHP07177R2,17,12,23,2007,4,1,3,0,1,L,1,1490,5,0,1,1,5,2,0,1,0,0,995,0,0,0,47802,1,9,3,4,2,1,2,1,1,1,0,0,0,0,1,1,2,2,2,0,4,2,19,1,1,1,4,K,85,0,0,0,0,0,0,0,0,0,0,190,270,0,0,0,1,1,8,-1,8,5940,998,138,7,0,4,1,1,0,4,0,995,9.8,998,998,998,99.8,99.8,99.8,48.5689789823997,6,5
17953,59,29,1-59-2020-029-02,2,2,KMHCT4AE6GU0,17,55,36,2016,4,1,2,0,1,F,1,1155,5,0,1,1,9,2,72,1,0,0,995,0,0,0,47834,9,9,3,4,4,1,2,1,1,1,1,3,0,0,1,1,0,0,9,0,1,4,70,99,1,1,4,K,85,0,0,0,0,0,0,0,0,0,0,270,190,0,0,0,1,1,10,-10,-3,6566,998,-30,11,0,4,2,5,0,4,0,995,9.8,998,998,998,99.8,99.8,99.8,48.5689789823997,6,5
17954,59,30,1-59-2020-030-05,5,1,1FTFW1ET4EFB,17,12,481,2014,34,5,31,0,1,F,3,2600,5,9999,9,1,4,2,48,1,8,1,0,2,7,1,47842,1,9,2,1,4,1,2,1,1,2,0,3,0,0,1,1,0,0,3,1,1,2,13,4,3,4,1,A,2,0,0,0,0,0,0,0,0,0,0,998,998,0,0,1,2,8,999,999,999,9999999,999,999,999,8,0,4,17,1,1,0,998,0.0,120,16,15,0.2,0.8,2.7,97.4660716944817,6,5
17955,32,85,1-32-2020-085-05,5,1,1C6RD7FT6CS2,17,7,482,2012,34,5,31,0,1,F,1,2404,5,0,1,1,13,2,48,1,0,0,995,0,0,0,75203,9,9,0,4,4,2,1,1,1,4,3,2,0,0,3,1,0,0,9,1,1,2,10,99,1,2,3,G,50,0,0,0,0,0,0,0,0,0,0,300,120,0,0,0,1,1,24,-23,-4,75622,998,7,28,0,4,9,97,0,8,0,995,9.8,998,998,998,99.8,99.8,99.8,86.7302740738339,7,5
17955,32,85,1-32-2020-085-05,5,2,1G1PC5SH7B71,17,20,25,2011,4,1,3,0,1,F,2,1407,5,0,1,1,14,2,48,1,0,1,178,2,0,2,75006,2,2,0,4,4,2,1,1,1,2,4,2,0,0,3,1,0,0,9,0,1,4,62,2,1,1,3,G,51,0,0,0,0,0,0,0,0,0,0,120,300,0,0,0,1,1,39,-38,-7,65780,998,8,34,0,4,1,1,0,3,0,995,9.8,998,998,998,99.8,99.8,99.8,86.7302740738339,7,5
17956,32,86,1-32-2020-086-07,7,1,3FAHP0HA5BR1,17,12,23,2011,4,1,3,0,1,R,1,1490,5,0,1,1,22,2,48,1,0,0,995,0,0,0,75210,2,2,1,1,2,1,1,1,1,1,1,1,0,0,1,1,1,2,9,0,1,2,17,1,1,1,5,L,87,0,0,0,0,0,0,0,0,0,0,210,130,0,0,0,1,5,999,999,999,9999999,999,999,16,2,0,0,0,0,0,0,995,0.0,30,30,65,2.8,1.4,3.1,3599.64567897848,7,5
17956,32,86,1-32-2020-086-07,7,2,1NPAL50XX7D6,17,87,881,2007,64,8,60,0,1,F,9,,,,,,,5,48,1,0,0,995,0,0,0,75098,9,9,2,3,2,1,2,1,1,4,0,1,0,0,1,1,1,2,9,0,1,4,66,99,1,1,5,L,86,,,,,,,,,,,,,,,,,,,,,,,,,,,95,95,95,95,,,9.8,998,998,998,99.8,99.8,99.8,3599.64567897848,7,5
17957,13,58,1-13-2020-058-03,3,1,1C6RR7LM1GS3,17,7,482,2016,34,5,31,0,1,F,2,2336,5,0,1,5,47,2,48,1,0,0,995,0,0,0,76039,1,2,0,1,2,1,1,1,3,1,0,3,0,0,1,1,0,0,9,1,14,2,13,99,1,4,1,A,1,1,1,2,1,1,1,61,1,2,2,998,998,0,0,1,1,12,999,999,999,9999999,999,999,999,7,0,1,1,0,4,3,998,0.0,40,40,100,5.8,0.7,5.9,623.978692184853,7,5
17958,13,59,1-13-2020-059-02,2,1,4S3BNAN69K30,17,48,34,2019,4,1,3,0,1,F,2,1543,5,0,1,1,13,2,105,1,0,1,90,2,0,1,76102,1,9,1,3,2,1,1,1,2,1,1,1,0,0,3,1,0,0,9,1,14,2,12,99,1,4,1,B,6,0,0,0,0,0,0,0,0,0,0,998,998,0,0,0,1,10,999,999,999,9999999,999,-10,29,3,0,3,19,1,1,0,998,0.0,999,999,999,0.0,0.0,0.0,28.6225024828571,7,5
17960,25,57,1-25-2020-057-05,5,1,2LNBL8EVXBX7,17,13,1,2011,4,1,5,0,1,R,2,1971,8,0,1,1,16,2,56,1,8,9,998,8,7,9,04224,9,9,0,4,2,1,2,1,3,4,0,0,0,0,1,1,0,0,1,1,14,1,3,2,9,4,1,B,7,1,4,2,2,1,4,61,1,2,28,997,997,0,0,0,2,6,999,999,999,9999999,999,999,999,7,0,9,97,0,8,3,997,0.0,120,44,999,99.9,99.9,99.9,97.0342006570357,2,5
17963,11,41,1-11-2020-041-08,8,1,1G1ZW53196F1,17,20,37,2006,4,1,3,0,1,T,3,1549,5,0,1,1,19,2,56,1,0,1,0,2,7,1,23220,2,2,0,4,2,1,2,2,3,4,1,2,0,0,2,2,0,0,1,1,14,2,13,5,9,4,1,A,2,1,1,1,6,1,4,61,1,1,4,996,996,0,0,1,3,7,999,999,999,9999999,999,999,999,8,0,3,11,1,3,3,996,0.0,31,27,120,23.7,3.8,24.4,243.92533792674,8,5
17964,27,43,1-27-2020-043-07,7,1,2D8HN44H38R7,17,7,442,2008,20,4,20,0,1,B,1,1960,5,9999,9,0,998,5,40,1,8,0,995,0,7,0,01230,9,9,3,4,2,1,2,1,2,4,1,2,0,0,1,1,0,0,9,0,5,3,53,1,1,1,2,D,22,0,0,0,0,0,0,0,0,0,0,50,50,0,0,0,1,3,10,10,0,8053,998,0,10,0,4,95,95,95,95,0,995,9.8,998,998,998,99.8,99.8,99.8,169.737748075007,3,5
17964,27,43,1-27-2020-043-07,7,2,3VWPL7AJ0EM6,17,30,40,2014,6,1,2,0,1,F,1,1490,5,0,1,1,7,2,40,1,8,0,995,0,7,9,01257,9,9,0,4,2,1,2,1,2,4,1,2,0,0,1,1,0,0,9,0,14,3,50,99,1,1,2,D,20,0,0,0,0,0,0,0,0,0,0,50,50,0,0,0,1,3,13,-13,0,10404,998,-49,12,0,4,0,0,0,0,0,995,9.8,998,998,998,99.8,99.8,99.8,169.737748075007,3,5
17965,27,44,1-27-2020-044-08,8,1,1GCDT1365482,17,20,473,2004,34,5,30,0,1,F,3,1815,5,54,1,1,8,2,64,1,0,1,134,2,0,1,01201,1,2,0,4,2,1,2,1,1,4,1,2,0,0,1,1,0,0,9,1,1,2,12,1,1,4,1,B,6,0,0,0,0,0,0,0,0,0,0,998,998,0,0,1,2,1,60,-60,0,268946,998,-3,60,0,4,3,10,1,3,0,998,1.7,9,9,999,16.0,2.8,16.3,20.6029304600827,3,5
17966,23,30,1-23-2020-030-02,2,1,JM1GJ1U58G14,17,41,50,2016,4,1,4,0,1,F,3,1474,5,0,1,5,10,2,89,1,0,0,995,0,0,0,43015,9,9,0,4,2,1,2,1,1,1,1,2,0,0,1,8,0,0,9,1,1,2,13,99,1,4,1,A,1,0,0,0,0,0,0,0,0,0,0,998,998,0,0,0,1,12,999,999,999,9999999,999,999,999,8,0,0,0,0,0,0,998,0.8,999,999,999,19.6,1.5,19.6,80.507304816423,5,5
17966,23,30,1-23-2020-030-02,2,2,1G1JA6SH3G41,17,20,28,2016,5,1,1,0,1,F,9,1019,5,9999,9,0,998,2,89,1,0,0,995,0,0,0,43201,9,9,0,4,2,1,2,1,1,1,1,4,0,0,1,8,0,0,9,0,1,4,62,8,1,1,6,M,98,0,0,0,0,0,0,0,0,0,0,190,240,0,0,0,2,0,999,999,999,9999999,999,999,999,9,0,9,97,0,8,0,995,9.8,998,998,998,99.8,99.8,99.8,80.507304816423,5,5
17967,31,39,1-31-2020-039-07,7,1,2G1FD1E39F92,17,20,9,2015,2,1,4,0,1,F,2,1687,5,0,1,1,13,2,89,1,0,0,995,0,0,0,62982,9,9,2,4,2,1,2,1,1,2,1,2,0,0,1,1,0,0,9,0,1,3,52,2,1,1,2,D,28,0,0,0,0,0,0,0,0,0,0,90,90,0,0,0,1,5,999,999,999,9999999,999,999,30,3,0,0,0,0,0,0,995,9.8,998,998,998,99.8,99.8,99.8,1288.71619092716,6,5
17967,31,39,1-31-2020-039-07,7,2,1XKDDR9X0XJ8,17,85,881,1999,66,8,67,0,1,D,9,,,,,,,5,89,1,0,0,995,0,0,0,62982,9,9,2,4,2,1,2,1,1,2,1,2,0,0,1,1,0,0,9,0,2,3,53,1,1,1,2,D,29,,,,,,,,,,,,,,,,,,,,,,,,,,,95,95,95,95,,,9.8,998,998,998,99.8,99.8,99.8,1288.71619092716,6,5
17968,31,40,1-31-2020-040-01,1,1,1C6RR7GG7ES2,17,7,482,2014,34,5,31,0,1,F,2,2407,5,9999,9,1,42,2,89,1,0,0,995,0,0,0,62919,9,9,0,4,2,1,2,1,1,1,1,2,0,0,1,1,0,0,9,1,1,2,12,99,9,4,1,B,6,0,0,0,0,0,0,0,0,0,0,998,998,0,0,1,2,1,34,-33,6,115093,998,36,34,0,4,9,97,0,1,0,998,0.5,36,36,-120,35.2,5.3,35.4,265.213577621193,6,5
17969,52,95,1-52-2020-095-06,6,1,5NPEB4AC3BH2,17,55,33,2011,4,1,4,0,1,L,1,1454,5,0,1,1,12,2,72,1,0,0,995,0,0,0,59106,1,2,2,4,2,1,2,1,1,1,1,2,0,0,1,1,2,2,1,0,11,2,15,1,1,1,4,K,82,0,0,0,0,0,0,0,0,0,0,180,285,0,0,0,1,3,18,-11,13,33915,998,-94,20,0,4,0,0,0,0,0,995,9.8,998,998,998,99.8,99.8,99.8,36.3601420620204,12,5
17969,52,95,1-52-2020-095-06,6,2,1GNDT13S4621,17,20,403,2006,14,3,14,0,1,F,1,2084,5,9999,9,0,998,5,72,1,0,0,995,0,0,0,59106,9,9,2,4,2,1,2,1,1,1,1,2,0,0,1,1,1,2,3,0,1,4,67,99,1,1,4,K,83,0,0,0,0,0,0,0,0,0,0,285,180,0,0,0,1,3,13,-11,-6,12822,998,-113,10,0,4,95,95,95,95,0,995,9.8,998,998,998,99.8,99.8,99.8,36.3601420620204,12,5
17970,76,44,1-76-2020-044-04,4,1,4T1B61HKXJU1,17,49,40,2018,4,1,4,0,1,R,1,1520,5,0,1,1,10,2,89,1,1,9,998,8,7,9,11746,9,9,0,4,2,1,2,1,3,1,1,4,1,0,5,1,0,0,9,1,14,6,87,7,9,4,1,A,3,0,0,0,0,0,0,0,0,0,0,998,998,0,1,0,1,10,999,999,999,9999999,999,136,8,1,0,0,0,0,0,0,998,0.9,999,999,999,43.5,2.8,43.6,16.9395948574112,3,5
17971,76,45,1-76-2020-045-07,7,1,3BPZL70X6EF2,17,87,999,2014,99,10,99,0,1,B,9,,,,,,,5,64,1,8,9,998,8,7,9,12414,9,9,2,4,2,1,2,1,1,4,1,2,0,0,1,1,2,2,9,0,13,2,20,99,1,1,6,M,92,,,,,,,,,,,,,,,,,,,,,,,,,,,95,95,95,95,,,9.8,998,998,998,99.8,99.8,99.8,19.8676509563161,3,5
17971,76,45,1-76-2020-045-07,7,2,5XYKT4A12BG0,17,63,402,2011,14,3,14,0,1,F,1,1635,5,0,2,1,11,2,64,1,8,9,998,8,7,9,12058,1,2,2,4,2,1,2,1,1,4,1,2,0,0,1,1,2,2,1,0,13,3,56,98,1,1,6,M,93,0,0,0,0,0,0,0,0,0,0,285,285,0,0,0,1,5,999,999,999,9999999,999,999,13,2,0,0,0,0,0,0,995,9.8,998,998,998,99.8,99.8,99.8,19.8676509563161,3,5
17972,19,83,1-19-2020-083-03,3,1,1FTEX15N5TKA,17,12,481,1996,34,5,31,0,1,F,1,1905,5,113,2,0,998,2,89,1,0,0,995,0,0,0,35967,1,2,0,4,2,1,2,1,2,1,1,2,2,3,1,1,0,0,1,0,14,3,50,3,1,1,2,D,20,0,0,0,0,0,0,0,0,0,0,210,215,0,0,0,1,3,9,-9,-2,10331,998,-43,11,0,4,0,0,0,0,0,995,9.8,998,998,998,99.8,99.8,99.8,120.182781416247,9,5
17972,19,83,1-19-2020-083-03,3,2,5NPDH4AE3GH6,17,55,35,2016,4,1,3,0,1,B,1,1305,5,0,1,1,8,2,89,1,0,0,995,0,0,0,35901,2,9,0,4,2,1,2,1,2,1,1,2,2,3,1,1,0,0,9,0,5,3,53,1,1,1,2,D,21,0,0,0,0,0,0,0,0,0,0,215,210,0,0,0,1,3,14,14,0,8293,998,51,12,0,4,1,1,0,4,0,995,9.8,998,998,998,99.8,99.8,99.8,120.182781416247,9,5
17972,19,83,1-19-2020-083-03,3,3,JTHBA30G5551,17,59,31,2005,4,1,3,0,1,B,1,1570,5,0,1,1,8,2,89,1,0,0,995,0,0,0,35173,1,9,0,4,2,1,2,1,2,1,1,2,2,3,1,1,0,0,9,0,5,3,53,99,1,1,6,M,98,0,0,0,0,0,0,0,0,0,0,220,225,0,0,0,2,3,10,10,2,12165,998,-89,12,0,4,0,0,0,0,0,995,9.8,998,998,998,99.8,99.8,99.8,120.182781416247,9,5
17973,19,84,1-19-2020-084-01,1,1,1G1ZA5E08AF1,17,20,37,2010,4,1,4,0,1,T,2,1549,5,0,1,1,3,2,89,1,9,9,998,8,9,9,35120,2,9,0,4,2,1,2,1,3,1,1,2,2,3,1,1,0,0,9,1,14,2,13,1,1,4,1,A,1,2,98,8,8,98,8,32,8,8,998,997,997,0,1,0,2,6,999,999,999,9999999,999,999,999,7,0,9,97,0,1,8,997,0.7,120,120,-62,38.4,2.8,38.6,60.346493743352,9,5
17974,19,85,1-19-2020-085-03,3,1,1G1PE5SB4G71,17,20,25,2016,4,1,3,0,1,R,1,1399,5,0,1,1,5,2,40,1,0,0,995,0,0,0,35906,1,2,2,4,3,1,2,1,1,1,0,1,0,0,1,1,1,2,1,0,1,2,17,9,1,1,5,L,87,0,0,0,0,0,0,0,0,0,0,200,120,0,1,0,1,1,23,-11,-20,11096,998,112,11,0,1,1,3,0,4,0,995,9.8,998,998,998,99.8,99.8,99.8,120.182781416247,9,5
17974,19,85,1-19-2020-085-03,3,2,1FTEX1CM8DFA,17,12,481,2013,34,5,31,0,1,F,1,2350,5,0,1,1,6,2,40,1,0,8,997,8,0,3,35903,1,9,2,4,3,1,2,1,1,1,0,1,0,0,1,1,1,2,9,0,1,4,66,3,1,1,5,L,86,0,0,0,0,0,0,0,0,0,0,120,200,0,1,0,1,1,13,-10,9,68900,998,161,20,0,1,9,97,0,99,0,995,9.8,998,998,998,99.8,99.8,99.8,120.182781416247,9,5
17974,19,85,1-19-2020-085-03,3,3,1FTNW21P54EB,17,12,481,2004,34,5,31,0,1,F,9,2728,5,9999,9,0,998,5,40,1,0,0,995,0,0,0,35903,9,9,2,4,3,1,2,1,1,1,0,1,0,0,1,1,1,2,9,0,5,4,62,1,1,1,6,M,98,0,0,0,0,0,0,0,0,0,0,20,270,0,1,0,2,0,999,999,999,9999999,999,999,999,9,0,95,95,95,95,0,995,9.8,998,998,998,99.8,99.8,99.8,120.182781416247,9,5
17975,19,86,1-19-2020-086-09,9,1,5FNRL38706B4,17,37,441,2006,20,4,20,0,1,F,3,2062,5,0,4,1,3,2,40,1,1,1,331,2,0,1,35904,1,9,2,4,2,1,2,2,1,1,0,0,0,0,2,8,2,2,9,1,11,2,13,99,1,4,1,A,1,0,0,0,0,0,0,0,0,0,0,998,998,0,1,1,1,1,49,-49,0,216782,998,-41,49,0,1,3,17,1,3,0,998,0.0,26,26,80,3.4,2.6,4.2,671.355813686648,9,5
17976,26,86,1-26-2020-086-09,9,1,JTDBT9232710,17,49,51,2007,4,1,2,0,1,F,2,1050,5,0,1,1,15,2,56,1,0,0,995,0,0,0,95831,2,2,2,4,2,1,2,1,1,1,1,2,0,0,1,1,1,2,1,1,1,1,8,98,9,4,1,B,7,0,0,0,0,0,0,0,0,0,0,998,998,0,1,0,5,10,999,999,999,9999999,999,-32,25,3,0,1,1,0,0,0,998,3.7,120,16,14,8.4,3.7,9.3,864.637564686499,10,5
17977,26,87,1-26-2020-087-06,6,1,19UYA42611A0,17,54,37,2001,2,1,3,0,1,F,9,1592,5,9999,9,0,998,5,72,1,0,0,995,0,0,0,94533,9,9,2,4,5,3,2,1,1,1,1,2,0,0,1,1,0,0,2,0,11,2,15,1,1,1,4,J,68,0,0,0,0,0,0,0,0,0,0,10,230,0,0,0,1,0,999,999,999,9999999,999,999,999,9,0,95,95,95,95,0,995,9.8,998,998,998,99.8,99.8,99.8,294.358808098921,10,5
17977,26,87,1-26-2020-087-06,6,2,JN8AS5MV1FW7,17,35,51,2015,6,1,3,0,1,L,9,1610,5,9999,9,5,42,2,72,1,0,0,995,0,0,0,95838,2,9,2,5,5,2,2,1,1,1,3,2,0,0,1,1,0,0,1,1,1,4,62,8,1,2,4,J,69,0,0,0,0,0,0,0,0,0,0,230,10,0,0,0,1,12,999,999,999,9999999,999,999,999,9,0,0,0,0,4,0,995,9.8,998,998,998,99.8,99.8,99.8,294.358808098921,10,5
17977,26,87,1-26-2020-087-06,6,3,1FTEW1E56LKD,17,12,481,2020,34,5,30,0,1,L,9,2130,5,9999,9,0,998,5,72,1,0,0,995,0,0,0,94505,9,9,2,4,5,3,2,1,1,1,1,2,0,0,1,1,0,0,1,0,12,4,60,1,1,1,6,M,98,0,0,0,0,0,0,0,0,0,0,210,230,0,0,0,2,0,999,999,999,9999999,999,999,999,9,0,95,95,95,95,0,995,9.8,998,998,998,99.8,99.8,99.8,294.358808098921,10,5
17980,29,86,1-29-2020-086-07,7,1,YV1SZ58D7110,17,51,43,2001,6,1,3,0,1,R,1,1630,5,9999,9,0,998,5,40,1,8,0,995,0,7,0,02871,9,9,0,4,2,1,2,1,3,1,0,2,0,0,1,8,0,0,1,0,6,4,61,99,1,1,6,M,98,0,0,0,0,0,0,0,0,0,0,235,210,0,0,0,1,3,3,-3,0,668,998,93,3,0,4,95,95,95,95,0,995,9.8,998,998,998,99.8,99.8,99.8,202.734877650807,2,5