CASEID,PSU,CASENO,CASENUMBER,CATEGORY,VEHNO,VIN,VINLENGTH,MAKE,MODEL,MODELYR,BODYTYPE,BODYCAT,VEHCLASS,SPECUSE,TRANSTAT,DAMPLANE,DAMSEV,CURBWT,CURBSRC,CARGOWT,CARGOSRC,INSPTYPE,INSPLAG,TOWED,SPEEDLIMIT,DRPRESENT,PARALCOHOL,ALCTEST,ALCTESTRESULT,ALCTESTSRC,PARDRUG,DRUGTEST,ZIP,RACE,ETHNICITY,RELTOJUNCT,TRAFFLOW,RDLANES,INITLANE,SURFTYPE,SURFCOND,ALIGNMENT,PROFILE,LINERIGHT,LINELEFT,RUMBINIT,RUMBROAD,LIGHTCOND,WEATHER,TRAFDEV,TRAFFUNCT,DISTRACT,PREFHE,PREMOVE,CRITCAT,CRITEVENT,MANEUVER,PRESTAB,PRELOC,CRASHCAT,CRASHCONF,CRASHTYPE,ROLLTYPE,ROLLTURN,ROLLINTRPT,ROLLPREMAN,ROLLINITYP,ROLLINLOC,ROLLOBJ,ROLLTRIP,ROLLDIR,ROLLDIST,DVANGTHIS,DVANGOTH,TOWHITCH,TRAJDOC,TREEPOLE,DVEVENT,DVBASIS,DVTOTAL,DVLONG,DVLAT,DVENERGY,DVSPEED,DVMOMENT,DVBES,DVEST,DVCONF,VAIS,VISS,VINJURED,VTREAT,INITOBJCLASS,HEADANGLECAT,SHLDRWIDTH,STRKLENGTH,STRKWIDTH,STRKHEIGHT,EDGEDISTX,EDGEDISTY,EDGEDISTZ,CASEWGT,PSUSTRAT,VERSION
18017,30,72,1-30-2020-072-03,3,2,5GADV33L15D1,17,18,441,2005,20,4,20,0,1,F,3,1991,5,0,1,1,41,2,72,1,0,0,995,0,0,0,85061,9,9,2,3,3,2,2,1,3,1,3,2,0,0,1,1,0,0,1,0,14,4,66,99,1,1,5,L,88,0,0,0,0,0,0,0,0,0,0,320,195,0,0,0,1,3,55,-48,-27,266187,998,-138,43,0,4,0,0,0,0,0,995,9.8,998,998,998,99.8,99.8,99.8,130.458919866089,10,5
18018,13,61,1-13-2020-061-03,3,1,55SWF4JB0HU2,17,42,42,2017,4,1,4,0,1,F,1,1625,5,0,1,4,36,2,72,1,0,0,995,0,0,0,76244,1,9,2,1,3,1,1,1,1,1,1,1,0,0,1,1,1,2,9,0,1,2,17,99,1,1,5,L,88,0,0,0,0,0,0,0,0,0,0,180,60,0,0,0,1,3,6,-4,-4,1644,998,-105,4,0,4,99,99,0,8,0,995,9.8,998,998,998,99.8,99.8,99.8,623.978692206325,7,5
18018,13,61,1-13-2020-061-03,3,2,JTKKT6244400,17,49,48,2004,5,1,1,0,1,L,1,1078,5,0,1,1,15,2,72,1,0,0,995,0,0,0,76001,9,9,2,3,4,2,1,1,1,1,3,3,0,0,1,1,1,2,9,0,1,4,66,99,1,1,5,L,89,0,0,0,0,0,0,0,0,0,0,60,180,0,0,0,1,3,8,-8,3,5116,998,-30,10,0,1,0,0,0,0,0,995,9.8,998,998,998,99.8,99.8,99.8,623.978692206325,7,5
18020,77,56,1-77-2020-056-05,5,1,1XKWDB9X91J8,17,85,881,2001,63,8,60,99,1,F,9,,,,,,,5,89,1,0,0,995,0,0,0,22827,9,9,2,4,2,1,2,2,3,1,1,2,1,0,1,2,0,0,1,0,14,3,52,2,2,1,2,D,28,,,,,,,,,,,,,,,,,,,,,,,,,,,95,95,95,95,,,9.8,998,998,998,99.8,99.8,99.8,118.801040043351,9,5
18020,77,56,1-77-2020-056-05,5,2,5J6RM4H56CL0,17,37,402,2012,14,3,14,0,1,B,3,1583,5,0,1,1,13,2,89,1,0,0,995,0,0,0,21704,9,9,2,4,2,1,2,2,3,1,1,2,1,0,1,2,0,0,1,0,2,3,53,1,1,1,2,D,30,0,0,0,0,0,0,0,0,0,0,130,130,0,0,0,1,5,999,999,999,9999999,999,999,40,4,0,99,99,0,4,0,995,9.8,998,998,998,99.8,99.8,99.8,118.801040043351,9,5
18022,10,91,1-10-2020-091-03,3,1,5XXGT4L37HG1,17,63,34,2017,4,1,4,0,1,F,2,1463,5,0,1,1,8,2,56,1,0,0,995,0,0,0,45402,9,9,0,5,5,2,2,1,1,1,3,2,0,0,1,8,0,0,3,1,1,2,10,1,1,2,3,G,50,0,0,0,0,0,0,0,0,0,0,340,180,0,0,0,1,1,28,-28,-5,38669,998,-64,23,0,4,9,97,0,5,0,995,9.8,998,998,998,99.8,99.8,99.8,176.188805900644,4,5
18022,10,91,1-10-2020-091-03,3,2,1G2NV12E2YM7,17,22,18,2000,2,1,3,0,1,F,2,1383,5,0,1,1,6,2,56,1,0,1,0,2,0,0,45420,1,2,0,5,5,1,2,1,1,1,0,3,0,0,1,8,0,0,1,0,1,4,62,1,1,1,3,G,51,0,0,0,0,0,0,0,0,0,0,180,340,0,0,0,1,1,27,-27,5,65449,998,5,32,0,4,2,6,0,4,0,995,9.8,998,998,998,99.8,99.8,99.8,176.188805900644,4,5
18023,10,92,1-10-2020-092-08,8,1,1FTHF25F0TEA,17,12,481,1996,34,5,30,0,1,F,2,1966,5,9999,9,0,998,2,80,1,0,0,995,0,0,0,47341,9,9,2,4,2,1,2,1,1,1,1,2,0,0,1,8,0,0,1,0,1,3,50,99,1,1,2,D,20,0,0,0,0,0,0,0,0,0,0,280,270,0,0,0,1,3,35,-35,0,87845,998,0,33,0,4,0,0,0,0,0,995,9.8,998,998,998,99.8,99.8,99.8,118.415923753331,4,5
18023,10,92,1-10-2020-092-08,8,2,2G1WX12K8W92,17,20,36,1998,2,1,3,0,1,B,3,1566,5,0,1,1,5,2,80,1,0,1,0,2,0,0,45381,1,2,2,4,2,1,2,1,1,1,1,2,0,0,1,8,0,0,1,0,5,3,53,1,1,1,2,D,21,0,0,0,0,0,0,0,0,0,0,270,280,0,0,0,1,3,43,42,7,133529,998,-43,44,0,4,1,2,0,3,0,995,9.8,998,998,998,99.8,99.8,99.8,118.415923753331,4,5
18024,10,93,1-10-2020-093-07,7,1,1VWBP7A37CC0,17,30,46,2012,4,1,4,0,1,F,1,1436,5,0,1,1,9,2,40,1,1,1,190,1,0,0,45458,9,9,0,4,2,1,2,1,3,1,0,0,0,0,2,1,0,0,9,1,14,2,13,1,1,4,1,A,1,0,0,0,0,0,0,0,0,0,0,998,998,0,0,0,1,10,999,999,999,9999999,999,999,999,6,0,0,0,0,0,0,998,0.0,120,5,117,1.0,0.6,1.2,852.551466236519,4,5
18025,10,94,1-10-2020-094-08,8,1,2HGES26774H6,17,37,31,2004,4,1,2,0,1,F,1,1117,5,9999,9,4,22,2,105,1,0,1,0,2,0,3,45424,4,9,0,3,3,1,2,1,3,9,1,3,2,3,3,8,0,0,9,1,14,2,13,99,2,4,1,A,1,0,0,0,0,0,0,0,0,0,0,998,998,0,1,0,1,12,999,999,999,9999999,999,999,999,6,0,2,9,0,4,0,998,2.5,999,999,999,11.8,3.5,12.3,118.415923729588,4,5
18026,54,18,1-54-2020-018-07,7,1,5NPEB4AC3BH1,17,55,33,2011,4,1,4,0,1,L,1,1454,5,0,1,1,14,2,72,1,0,0,995,0,0,0,35654,1,9,2,4,2,1,2,1,1,1,0,2,0,0,4,1,2,2,1,0,10,2,16,1,1,1,4,K,78,0,0,0,0,0,0,0,0,0,0,140,175,0,0,0,1,3,8,5,6,5583,998,76,9,0,4,0,0,0,0,0,995,9.8,998,998,998,99.8,99.8,99.8,1975.14049751942,9,5
18026,54,18,1-54-2020-018-07,7,2,1FTPX14576NA,17,12,481,2006,34,5,31,0,1,F,1,2478,5,0,1,1,15,2,72,1,0,0,995,0,0,0,35674,1,9,2,1,2,1,2,1,1,1,1,3,2,2,4,1,0,0,9,0,1,4,65,1,1,1,4,K,79,0,0,0,0,0,0,0,0,0,0,175,140,0,0,0,1,3,5,-5,-2,2361,998,-87,4,0,4,0,0,0,0,0,995,9.8,998,998,998,99.8,99.8,99.8,1975.14049751942,9,5
18027,14,43,1-14-2020-043-04,4,1,1FTYR14U44PA,17,12,471,2004,34,5,30,0,1,F,9,1502,5,9999,9,0,998,2,97,1,0,0,995,0,0,0,78163,1,9,2,5,3,2,2,1,2,1,4,4,0,0,1,1,0,0,9,0,11,2,15,99,1,1,4,J,68,0,0,0,0,0,0,0,0,0,0,190,45,0,0,9,1,0,999,999,999,9999999,999,999,999,9,0,99,99,0,99,0,995,9.8,998,998,998,99.8,99.8,99.8,3141.35423464178,8,5
18027,14,43,1-14-2020-043-04,4,2,2C4RDGBG2HR8,17,7,442,2017,20,4,20,99,1,F,9,2050,5,9999,9,0,998,2,97,1,0,0,995,0,0,0,91902,1,9,2,1,2,2,2,1,3,1,1,2,0,0,1,1,0,0,9,0,14,4,62,99,1,1,4,J,69,0,0,0,0,0,0,0,0,0,0,45,190,0,0,0,1,0,999,999,999,9999999,999,999,999,9,0,99,99,0,99,0,995,2.0,999,999,999,2.4,1.3,2.8,3141.35423464178,8,5
18028,14,44,1-14-2020-044-06,6,1,1FALP45T0RF1,17,12,3,1994,1,1,2,0,1,L,1,1258,5,0,1,1,23,2,97,1,0,0,995,0,0,0,78221,9,1,0,4,2,1,2,1,1,1,1,2,0,0,1,1,0,0,9,0,1,6,90,99,1,1,6,M,98,0,0,0,0,0,0,0,0,0,0,998,998,0,0,0,1,12,999,999,999,9999999,999,999,999,6,0,0,0,0,0,0,998,9.8,998,998,998,99.8,99.8,99.8,1490.99806961332,8,5
18028,14,44,1-14-2020-044-06,6,2,2C4RC1CG7DR7,17,6,441,2013,20,4,20,99,1,F,9,2115,5,9999,9,0,998,2,97,1,0,0,995,0,0,0,78108,9,1,0,4,2,1,2,1,1,1,1,2,0,0,1,1,0,0,9,0,1,6,90,99,1,1,6,M,98,0,0,0,0,0,0,0,0,0,0,998,998,0,0,0,2,0,999,999,999,9999999,999,999,999,9,0,1,1,0,4,0,998,9.8,998,998,998,99.8,99.8,99.8,1490.99806961332,8,5
18029,17,79,1-17-2020-079-07,7,1,1NXBR18E9WZ0,17,49,32,1998,4,1,1,0,1,F,1,1145,5,0,1,1,6,2,48,1,9,0,995,0,9,0,61201,9,9,2,4,5,2,1,1,1,4,3,1,0,0,1,1,1,2,9,0,1,2,17,99,1,1,5,L,88,0,0,0,0,0,0,0,0,0,0,180,90,0,0,0,1,1,16,-16,-3,17915,998,-33,19,0,1,0,0,0,0,0,995,9.8,998,998,998,99.8,99.8,99.8,772.125447004337,4,5
18029,17,79,1-17-2020-079-07,7,2,2FMDK3GC8BBA,17,12,24,2011,6,1,4,0,1,L,1,1852,5,0,1,1,6,2,48,1,9,0,995,0,9,0,61265,9,9,2,4,3,2,2,1,1,1,1,2,0,0,1,1,1,2,9,0,1,4,66,4,1,1,5,L,89,0,0,0,0,0,0,0,0,0,0,90,180,0,0,0,1,1,11,-2,10,3968,998,26,7,0,1,0,0,0,0,0,995,9.8,998,998,998,99.8,99.8,99.8,772.125447004337,4,5
18031,17,80,1-17-2020-080-10,10,1,2G1WH52K3593,17,20,2,2005,4,1,4,0,1,L,1,1572,5,0,1,1,13,2,48,1,9,0,995,0,9,0,61244,9,9,2,4,2,1,2,1,1,1,0,0,0,0,1,1,2,2,9,0,1,2,17,2,1,1,5,L,89,0,0,0,0,0,0,0,0,0,0,0,90,0,0,0,1,1,11,-6,10,7243,998,108,9,0,1,0,0,0,0,0,995,9.8,998,998,998,99.8,99.8,99.8,3761.96867150173,4,5
18031,17,80,1-17-2020-080-10,10,2,WVGAV75N59W5,17,30,402,2009,14,3,14,0,1,F,1,1542,5,0,1,1,12,2,48,1,9,0,995,0,9,0,61081,9,9,2,4,4,2,2,1,1,1,3,2,0,0,1,1,0,0,9,0,1,4,66,99,1,1,5,L,88,0,0,0,0,0,0,0,0,0,0,90,0,0,0,0,1,1,11,-10,-6,15767,998,-89,13,0,1,0,0,0,0,0,995,9.8,998,998,998,99.8,99.8,99.8,3761.96867150173,4,5
18032,11,42,1-11-2020-042-01,1,1,JTHBD1821100,17,59,35,2001,4,1,3,0,1,T,3,1485,5,0,1,1,21,2,89,1,9,1,0,4,9,1,23838,9,9,0,4,2,1,2,2,3,1,1,2,0,0,1,2,0,0,9,1,14,2,13,99,2,4,1,A,2,0,0,0,0,0,0,0,0,0,0,996,996,0,0,1,2,7,999,999,999,9999999,999,999,999,8,0,4,29,2,1,0,996,0.0,32,30,81,8.0,4.0,9.0,243.506555944601,8,5
18033,11,43,1-11-2020-043-05,5,1,1GNKVHKD4EJ2,17,20,423,2014,15,3,15,0,1,F,2,2197,5,0,1,1,11,2,56,1,1,1,335,2,9,1,23237,2,2,0,4,2,1,2,1,1,1,1,2,0,0,2,1,0,0,1,1,1,2,13,1,1,4,1,A,1,0,0,0,0,0,0,0,0,0,0,998,998,0,0,1,3,11,999,999,999,9999999,999,999,999,7,0,1,1,0,3,0,998,0.0,999,60,60,72.0,3.0,72.0,371.400872234531,8,5
18034,24,87,1-24-2020-087-03,3,1,2C4RC1DG0LR1,17,6,444,2020,20,4,20,0,1,F,1,1964,8,9999,9,4,20,2,40,1,0,0,995,0,0,0,08401,2,2,2,4,2,1,2,1,1,1,0,0,0,0,1,1,2,2,2,0,1,2,17,1,1,1,5,L,88,0,0,0,0,0,0,0,0,0,0,55,325,0,0,0,1,12,999,999,999,9999999,999,999,999,6,0,0,0,0,0,0,995,0.0,999,999,999,0.9,0.8,1.2,382.642515824603,1,5
18034,24,87,1-24-2020-087-03,3,2,KNAFX5A85G56,17,63,38,2016,5,1,3,0,1,L,2,1321,5,0,1,1,21,2,40,1,0,0,995,0,0,0,08401,2,2,2,4,2,1,2,1,1,4,0,2,0,0,1,1,0,0,9,0,1,4,66,99,1,1,5,L,89,0,0,0,0,0,0,0,0,0,0,325,55,0,0,0,1,12,999,999,999,9999999,999,999,999,7,0,1,1,0,4,0,995,9.8,998,998,998,99.8,99.8,99.8,382.642515824603,1,5
18035,24,88,1-24-2020-088-06,6,1,2GNALPEKXC62,17,20,404,2012,14,3,14,0,1,F,1,1706,5,0,1,1,22,2,80,1,0,0,995,0,0,1,08234,1,2,0,2,2,1,2,1,1,1,1,3,0,0,1,1,0,0,9,0,1,3,53,99,1,1,2,D,25,1,3,2,5,2,4,54,4,1,13,998,998,0,0,0,2,1,15,-14,5,16982,998,38,15,0,1,2,5,0,3,3,998,2.8,120,999,999,3.6,2.9,4.6,601.569541573681,1,5
18035,24,88,1-24-2020-088-06,6,2,JTMBK31V6850,17,49,402,2008,14,3,14,0,1,F,9,1658,5,9999,9,0,998,2,80,1,0,0,995,0,0,0,08330,1,2,0,2,2,1,2,1,1,1,1,3,0,0,1,1,0,0,9,0,1,3,51,99,1,1,2,D,24,0,0,0,0,0,0,0,0,0,0,120,120,0,0,0,1,0,999,999,999,9999999,999,999,999,9,0,0,0,0,0,0,995,3.1,28,30,85,20.5,5.2,21.0,601.569541573681,1,5
18036,24,89,1-24-2020-089-03,3,1,2FMDK3GC8ABA,17,12,24,2010,6,1,4,0,1,F,9,1853,5,9999,9,0,998,2,0,1,0,0,995,0,0,0,08330,9,9,2,1,3,2,2,1,1,1,1,1,0,0,1,1,1,2,9,0,5,4,62,1,1,1,6,M,98,0,0,0,0,0,0,0,0,0,0,10,160,0,0,0,3,0,999,999,999,9999999,999,999,999,9,0,0,0,0,0,0,995,9.8,998,998,998,99.8,99.8,99.8,382.642515769075,1,5
18036,24,89,1-24-2020-089-03,3,2,1C4RJFBG7FC1,17,2,422,2015,15,3,15,0,1,F,2,2211,5,0,1,1,14,2,999,1,0,0,995,0,0,0,08534,9,9,2,1,3,2,2,1,1,1,0,1,0,0,1,1,1,2,9,0,1,4,62,99,1,1,4,J,69,0,0,0,0,0,0,0,0,0,0,100,230,0,0,0,1,1,25,-24,4,105989,998,14,33,0,1,0,0,0,0,0,995,9.8,998,998,998,99.8,99.8,99.8,382.642515769075,1,5
18036,24,89,1-24-2020-089-03,3,3,1C4HJWEG9GL2,17,2,403,2016,14,3,14,0,1,R,2,1948,5,0,1,1,13,2,999,1,0,0,995,0,0,0,08087,9,9,2,4,5,3,2,1,1,9,1,2,0,0,1,1,1,2,9,0,11,2,15,2,1,1,4,J,68,0,0,0,0,0,0,0,0,0,0,230,100,0,0,0,1,1,29,-22,-18,17849,998,-12,15,0,1,0,0,0,4,0,995,9.8,998,998,998,99.8,99.8,99.8,382.642515769075,1,5
18037,24,90,1-24-2020-090-01,1,1,3GCRKSE39AG1,17,20,481,2010,34,5,31,0,1,F,3,2397,5,0,1,5,18,2,80,1,1,1,66,2,7,2,08618,2,9,2,4,4,2,2,1,3,1,3,1,0,0,3,1,0,0,9,1,14,2,10,99,1,2,3,G,50,0,0,0,0,0,0,0,0,0,0,120,310,0,1,0,1,12,999,999,999,9999999,999,999,999,8,0,3,14,2,3,0,995,9.8,998,998,998,99.8,99.8,99.8,97.4673874654262,1,5
18037,24,90,1-24-2020-090-01,1,2,2HGES16513H5,17,37,31,2003,4,1,2,0,1,F,3,1151,5,0,1,5,18,2,80,1,9,1,0,3,9,1,08330,1,2,2,4,4,2,2,1,2,1,3,2,0,0,3,1,0,0,9,0,14,4,62,99,1,1,3,G,51,0,0,0,0,0,0,0,0,0,0,310,120,0,0,0,1,12,999,999,999,9999999,999,999,999,8,0,4,34,1,1,0,995,9.8,998,998,998,99.8,99.8,99.8,97.4673874654262,1,5
18038,52,96,1-52-2020-096-03,3,1,2C3CCACGXCH3,17,6,51,2012,4,1,5,0,1,F,1,1797,5,9999,9,0,998,2,56,1,0,1,0,2,0,2,59102,9,9,2,4,5,2,2,1,1,1,1,1,0,0,1,1,1,2,9,0,1,2,17,99,1,1,5,L,86,0,0,0,0,0,0,0,0,0,0,50,140,0,0,0,1,3,4,-3,2,1215,998,153,3,0,4,9,0,0,6,0,995,9.8,998,998,998,99.8,99.8,99.8,99.8508208865517,12,5
18038,52,96,1-52-2020-096-03,3,2,2T3EWRFV8LW0,17,49,402,2020,14,3,14,0,1,R,1,1703,5,0,1,1,15,2,56,1,0,0,995,0,0,0,59106,9,9,2,4,5,2,2,1,1,1,1,1,0,0,1,1,1,2,9,0,1,4,66,3,1,1,5,L,87,0,0,0,0,0,0,0,0,0,0,140,50,0,0,0,1,3,4,-3,-3,1983,998,-54,5,0,4,1,1,0,4,0,995,9.8,998,998,998,99.8,99.8,99.8,99.8508208865517,12,5
18038,52,96,1-52-2020-096-03,3,3,2HKRW2H82JH6,17,37,402,2018,14,3,14,0,1,L,1,1580,5,0,1,1,14,2,56,1,0,0,995,0,0,0,59106,1,2,2,1,3,1,2,1,1,1,3,1,0,0,1,1,1,2,1,0,1,4,62,8,1,1,6,M,98,0,0,0,0,0,0,0,0,0,0,340,70,0,0,0,3,3,7,-3,7,5178,998,-28,9,0,4,0,0,0,0,0,995,9.8,998,998,998,99.8,99.8,99.8,99.8508208865517,12,5
18039,52,97,1-52-2020-097-05,5,1,JF1GC4353TH5,17,48,38,1996,4,1,1,0,1,R,3,1055,5,0,1,1,14,2,97,1,0,1,0,2,0,2,59106,1,9,0,4,2,1,2,2,1,1,1,2,0,0,2,2,0,0,3,1,1,1,6,99,4,2,3,I,64,0,0,0,0,0,0,0,0,0,0,50,270,0,0,0,1,1,41,-36,-21,27444,998,-19,25,0,4,1,1,0,4,0,995,9.8,998,998,998,99.8,99.8,99.8,24.7078982723699,12,5
18039,52,97,1-52-2020-097-05,5,2,KL8CA6S97DC6,17,20,29,2013,5,1,1,0,1,F,2,1050,5,0,1,1,15,2,97,1,0,1,0,2,0,1,59101,1,9,0,4,2,1,2,2,1,1,1,2,0,0,2,2,0,0,9,0,1,4,62,2,1,1,3,I,65,0,0,0,0,0,0,0,0,0,0,270,50,0,0,0,1,1,39,-38,7,115702,998,-9,50,0,4,4,41,1,3,0,995,9.8,998,998,998,99.8,99.8,99.8,24.7078982723699,12,5
18040,52,98,1-52-2020-098-04,4,1,1GNSKBKC5GR4,17,20,421,2016,15,3,15,0,1,F,1,2515,5,0,1,1,8,2,72,1,0,0,995,0,0,0,59106,9,9,0,4,2,1,2,1,1,1,1,2,0,0,1,8,0,0,3,0,1,3,52,2,1,1,2,D,28,0,0,0,0,0,0,0,0,0,0,270,270,0,0,0,1,1,15,-15,0,19954,998,4,14,0,1,99,99,0,99,0,995,9.8,998,998,998,99.8,99.8,99.8,323.960101740463,12,5
18040,52,98,1-52-2020-098-04,4,2,2G1WC5812692,17,20,2,2006,4,1,4,0,1,B,1,1630,5,0,1,1,9,2,72,1,0,0,995,0,0,0,59102,9,9,0,4,2,1,2,1,1,1,1,2,0,0,1,8,0,0,9,0,2,3,53,1,1,1,2,D,29,0,0,0,0,0,0,0,0,0,0,270,270,0,0,0,1,1,22,22,0,33988,998,0,23,0,1,99,99,0,99,0,995,9.8,998,998,998,99.8,99.8,99.8,323.960101740463,12,5
18040,52,98,1-52-2020-098-04,4,3,SALCR2BG7GH6,17,62,405,2016,14,3,14,0,1,B,1,1744,5,0,1,2,10,5,72,1,0,0,995,0,0,0,59106,9,9,0,4,2,1,2,1,1,1,1,2,0,0,1,8,0,0,9,0,1,3,53,99,1,1,6,M,98,0,0,0,0,0,0,0,0,0,0,270,270,0,0,0,2,3,11,11,0,5951,998,0,9,0,4,95,95,95,95,0,995,9.8,998,998,998,99.8,99.8,99.8,323.960101740463,12,5
18041,52,99,1-52-2020-099-06,6,1,1FVHCYCY0GHH,17,82,881,2016,63,8,60,0,1,F,9,,,,,,,5,40,1,0,0,995,0,0,0,59072,9,9,2,4,2,1,2,1,1,1,0,2,0,0,1,1,2,2,9,0,1,2,17,99,1,1,5,L,86,,,,,,,,,,,,,,,,,,,,,,,,,,,95,95,95,95,,,9.8,998,998,998,99.8,99.8,99.8,201.98671049354,12,5
18041,52,99,1-52-2020-099-06,6,2,5TFUY5F11BX1,17,49,482,2011,34,5,31,0,1,R,1,2470,5,0,1,1,7,2,40,1,0,0,995,0,0,0,59106,1,2,2,4,2,1,2,1,1,1,0,0,0,0,1,1,0,0,1,0,1,4,66,1,1,1,5,L,87,1,1,2,5,7,1,1,2,2,9,90,0,0,0,0,1,5,999,999,999,9999999,999,999,20,2,0,1,1,0,4,1,995,9.8,998,998,998,99.8,99.8,99.8,201.98671049354,12,5
18042,48,43,1-48-2020-043-04,4,1,KL4CJESBXHB0,17,18,404,2017,14,3,14,0,1,F,2,1523,5,0,1,1,9,2,105,1,0,0,995,0,0,0,84321,1,2,0,2,2,1,1,1,1,1,1,3,2,3,4,1,0,0,1,0,1,6,87,2,1,1,1,C,13,0,0,0,0,0,0,0,0,0,0,998,998,0,0,0,1,10,999,999,999,9999999,999,999,999,7,0,1,1,0,0,0,998,9.8,998,998,998,99.8,99.8,99.8,648.720899821906,12,5
18043,48,44,1-48-2020-044-10,10,1,5UXFB33572LH,17,34,401,2002,14,3,14,0,1,B,1,2188,5,0,1,1,23,2,121,1,0,0,995,0,0,0,84403,9,9,0,2,3,1,1,6,2,1,1,3,2,3,5,2,0,0,9,1,14,1,6,99,3,4,1,A,2,0,0,0,0,0,0,0,0,0,0,998,998,0,0,0,2,10,999,999,999,9999999,999,999,999,6,0,0,0,0,99,0,998,2.8,8,8,50,45.1,4.5,45.6,6139.47496663974,12,5
18044,28,45,1-28-2020-045-08,8,1,1FTPW14538FB,17,12,481,2008,34,5,31,0,1,F,3,2543,5,3175,8,5,18,2,56,1,0,1,0,2,0,2,16950,1,2,0,4,2,1,2,1,3,4,1,2,0,0,4,1,0,0,3,1,14,2,13,1,1,4,1,A,1,0,0,0,0,0,0,0,0,0,0,998,998,1,0,1,1,5,999,999,999,9999999,999,999,999,5,0,3,22,2,3,0,998,3.0,100,100,118,41.8,6.1,42.2,52.8789869549227,3,5
18045,28,46,1-28-2020-046-09,9,1,1J4FA29P31P3,17,2,403,2001,14,3,14,0,1,F,3,1388,5,0,1,1,12,2,89,1,0,1,0,2,0,1,16950,1,2,0,4,2,1,5,1,3,4,0,0,0,0,1,1,0,0,1,1,14,6,87,8,1,4,1,A,3,0,0,0,0,0,0,0,0,0,0,998,998,0,0,1,1,1,51,-51,0,158345,998,31,51,0,1,1,1,0,4,0,998,0.0,41,41,108,10.6,1.6,10.7,391.357253421114,3,5
18046,59,31,1-59-2020-031-01,1,1,3VWCD21C0YM4,17,30,47,2000,3,1,1,0,1,R,3,1304,5,0,1,1,6,2,48,1,0,8,997,8,0,2,47802,1,2,0,4,2,99,2,1,1,1,0,0,0,0,4,1,0,0,9,1,3,2,12,99,4,4,1,B,7,1,2,2,2,1,9,61,1,1,2,997,997,0,0,0,2,6,999,999,999,9999999,999,999,999,8,0,4,26,2,1,3,997,0.0,999,35,38,14.3,1.5,13.8,95.9950773831727,6,5
18047,59,32,1-59-2020-032-02,2,1,1G1JC52F2473,17,20,16,2004,4,1,2,0,1,L,1,1214,5,0,1,1,9,2,56,1,0,0,995,0,0,0,47802,1,9,2,4,2,1,2,1,1,2,0,2,0,0,1,1,2,2,2,0,4,2,15,2,1,1,4,K,82,0,0,0,0,0,0,0,0,0,0,170,270,0,0,0,1,3,14,-5,13,18476,998,125,14,0,4,1,2,0,4,0,995,9.8,998,998,998,99.8,99.8,99.8,48.5689789823997,6,5
18047,59,32,1-59-2020-032-02,2,2,1N4AL3AP6HC1,17,35,47,2017,4,1,4,0,1,F,1,1453,5,0,1,1,8,2,72,1,0,9,998,8,0,9,47802,1,9,2,4,2,1,2,1,1,1,1,2,0,0,1,1,0,0,1,0,1,4,67,3,1,1,4,K,83,0,0,0,0,0,0,0,0,0,0,270,170,0,0,0,1,3,12,-12,-2,7964,998,23,11,0,4,1,1,0,4,0,995,9.8,998,998,998,99.8,99.8,99.8,48.5689789823997,6,5
18048,32,87,1-32-2020-087-02,2,1,YV4A22PLXJ13,17,51,401,2018,14,3,14,0,1,F,3,2101,5,0,1,1,43,2,113,1,0,1,0,2,0,0,75218,1,2,0,2,4,4,1,1,1,2,3,2,0,0,2,1,0,0,9,0,1,3,50,3,1,1,2,D,20,0,0,0,0,0,0,0,0,0,0,90,100,0,0,0,1,5,999,999,999,9999999,999,999,46,4,0,2,9,0,3,0,995,9.8,998,998,998,99.8,99.8,99.8,50.6212509805766,7,5
18048,32,87,1-32-2020-087-02,2,2,1XKDDB9X55J1,17,85,884,2005,66,8,68,0,1,B,9,,,,,,,5,113,1,0,0,995,0,0,0,75050,9,9,0,2,4,4,1,1,1,2,3,2,0,0,2,1,0,0,9,0,5,3,53,1,1,1,2,D,21,,,,,,,,,,,,,,,,,,,,,,,,,,,95,95,95,95,,,9.8,998,998,998,99.8,99.8,99.8,50.6212509805766,7,5
18049,32,88,1-32-2020-088-01,1,1,1D7RB1CT0AS2,17,7,482,2010,34,5,31,0,1,F,3,2295,5,0,1,1,11,2,64,1,1,1,340,2,1,2,75042,1,1,2,1,5,2,1,1,1,1,3,3,0,0,3,1,1,2,9,0,1,2,17,1,1,1,5,L,88,1,2,2,1,1,4,63,1,1,999,275,195,0,0,0,1,1,68,-64,-23,350062,998,-79,56,0,4,1,1,0,6,3,995,0.0,999,15,15,0.0,0.0,0.0,88.2576675486604,7,5
18049,32,88,1-32-2020-088-01,1,2,JTHBJ46G8720,17,59,31,2007,4,1,4,0,1,L,3,1624,5,0,1,1,11,2,64,1,0,1,0,3,0,1,75042,1,1,2,1,6,3,1,1,2,1,3,3,0,0,3,1,1,2,9,0,14,4,66,99,1,1,5,L,89,0,0,0,0,0,0,0,0,0,0,195,275,0,0,0,1,1,95,-16,93,785283,998,-37,106,0,4,6,75,1,1,0,995,0.0,999,15,15,0.0,0.0,0.0,88.2576675486604,7,5