CASEID,PSU,CASENO,CASENUMBER,CATEGORY,VEHNO,VIN,VINLENGTH,MAKE,MODEL,MODELYR,BODYTYPE,BODYCAT,VEHCLASS,SPECUSE,TRANSTAT,DAMPLANE,DAMSEV,CURBWT,CURBSRC,CARGOWT,CARGOSRC,INSPTYPE,INSPLAG,TOWED,SPEEDLIMIT,DRPRESENT,PARALCOHOL,ALCTEST,ALCTESTRESULT,ALCTESTSRC,PARDRUG,DRUGTEST,ZIP,RACE,ETHNICITY,RELTOJUNCT,TRAFFLOW,RDLANES,INITLANE,SURFTYPE,SURFCOND,ALIGNMENT,PROFILE,LINERIGHT,LINELEFT,RUMBINIT,RUMBROAD,LIGHTCOND,WEATHER,TRAFDEV,TRAFFUNCT,DISTRACT,PREFHE,PREMOVE,CRITCAT,CRITEVENT,MANEUVER,PRESTAB,PRELOC,CRASHCAT,CRASHCONF,CRASHTYPE,ROLLTYPE,ROLLTURN,ROLLINTRPT,ROLLPREMAN,ROLLINITYP,ROLLINLOC,ROLLOBJ,ROLLTRIP,ROLLDIR,ROLLDIST,DVANGTHIS,DVANGOTH,TOWHITCH,TRAJDOC,TREEPOLE,DVEVENT,DVBASIS,DVTOTAL,DVLONG,DVLAT,DVENERGY,DVSPEED,DVMOMENT,DVBES,DVEST,DVCONF,VAIS,VISS,VINJURED,VTREAT,INITOBJCLASS,HEADANGLECAT,SHLDRWIDTH,STRKLENGTH,STRKWIDTH,STRKHEIGHT,EDGEDISTX,EDGEDISTY,EDGEDISTZ,CASEWGT,PSUSTRAT,VERSION
18050,32,89,1-32-2020-089-02,2,1,3C63RRHL3KG5,17,7,482,2019,34,5,31,0,1,F,9,3134,5,9999,9,0,998,5,72,1,0,0,995,0,0,0,75090,9,9,2,3,2,1,1,1,1,1,1,1,0,0,1,8,1,2,9,0,1,2,17,99,1,1,5,L,88,0,0,0,0,0,0,0,0,0,0,210,90,1,0,0,1,0,999,999,999,9999999,999,999,999,9,0,95,95,95,95,0,995,9.8,998,998,998,99.8,99.8,99.8,50.6212509805766,7,5
18050,32,89,1-32-2020-089-02,2,2,3N1CP5DV0LL4,17,35,56,2020,5,1,2,0,1,L,9,1200,5,0,1,3,41,2,72,1,0,0,995,0,0,0,75224,9,1,2,1,3,1,1,1,1,1,1,1,0,0,1,8,1,2,9,0,1,4,66,4,1,1,5,L,89,0,0,0,0,0,0,0,0,0,0,90,210,0,0,0,1,12,999,999,999,9999999,999,999,999,9,0,0,0,0,4,0,995,9.8,998,998,998,99.8,99.8,99.8,50.6212509805766,7,5
18051,32,90,1-32-2020-090-06,6,1,1GNEC03058R2,17,20,421,2008,15,3,15,5,1,F,1,2388,5,91,1,5,14,2,64,1,0,0,995,0,0,0,75201,1,9,2,3,2,2,1,1,2,4,1,2,0,0,1,1,0,0,9,0,14,4,66,2,1,1,5,L,88,0,0,0,0,0,0,0,0,0,0,40,310,0,0,0,1,12,999,999,999,9999999,999,999,999,6,0,9,97,0,5,0,995,9.8,998,998,998,99.8,99.8,99.8,1978.20397011526,7,5
18051,32,90,1-32-2020-090-06,6,2,2HNYD2H65BH5,17,54,421,2011,15,3,15,0,1,L,9,2064,5,9999,9,0,998,2,64,1,0,0,995,0,0,0,75237,2,9,2,4,2,1,1,1,1,1,0,2,0,0,1,1,2,2,2,0,1,2,17,99,1,1,5,L,89,0,0,0,0,0,0,0,0,0,0,310,40,0,0,0,1,0,999,999,999,9999999,999,999,999,9,0,99,99,0,5,0,995,9.8,998,998,998,99.8,99.8,99.8,1978.20397011526,7,5
18052,66,43,1-66-2020-043-09,9,1,1B7GG12X72S5,17,7,472,2002,34,5,31,0,1,F,1,1755,5,0,1,1,16,2,48,1,0,0,995,0,7,0,65738,9,9,2,4,2,1,2,1,1,1,0,0,0,0,1,1,0,0,1,0,1,4,66,99,1,1,5,L,88,0,0,0,0,0,0,0,0,0,0,180,90,0,0,0,1,1,15,-11,-10,28221,998,-98,17,0,4,0,0,0,0,0,995,9.8,998,998,998,99.8,99.8,99.8,1280.78924805732,6,5
18052,66,43,1-66-2020-043-09,9,2,2C3HE66G91H6,17,6,51,2001,4,1,4,0,1,L,1,1645,5,0,1,1,16,2,48,1,0,0,995,0,7,0,65605,9,9,2,4,2,1,2,1,1,1,0,0,0,0,1,1,2,2,9,0,1,2,17,99,1,1,5,L,89,0,0,0,0,0,0,0,0,0,0,90,180,0,0,0,1,1,16,-10,12,15282,998,84,13,0,4,99,99,0,8,0,995,9.8,998,998,998,99.8,99.8,99.8,1280.78924805732,6,5
18053,66,44,1-66-2020-044-03,3,1,2C4RDGBG4ER2,17,7,442,2014,20,4,20,0,1,L,1,2050,5,0,1,1,24,2,89,1,0,0,995,0,7,0,65708,9,9,2,4,2,1,1,1,2,1,1,2,0,0,1,1,2,2,2,0,11,2,15,4,1,1,4,K,82,0,0,0,0,0,0,0,0,0,0,145,260,0,0,0,1,1,10,-6,8,18242,998,-158,10,0,4,99,99,0,99,0,995,9.8,998,998,998,99.8,99.8,99.8,220.365913470322,6,5
18053,66,44,1-66-2020-044-03,3,2,19XFC1F33KE0,17,37,31,2019,4,1,3,0,1,F,1,1252,5,0,1,1,24,2,97,1,0,0,995,0,7,0,65804,4,2,2,4,3,2,2,1,1,1,1,2,1,1,1,1,0,0,1,0,1,4,67,4,1,1,4,K,83,0,0,0,0,0,0,0,0,0,0,260,145,0,0,0,1,1,14,-13,-5,18134,998,-117,14,0,4,1,1,0,0,0,995,7.4,7,7,999,0.8,0.6,0.8,220.365913470322,6,5
18054,25,58,1-25-2020-058-06,6,1,1G1JB5SH5C42,17,20,28,2012,4,1,1,0,1,F,1,1237,5,0,1,1,19,2,56,1,8,0,995,0,7,0,04072,9,9,2,4,2,1,2,1,1,1,1,2,0,0,1,1,8,2,3,1,6,4,61,99,1,1,4,J,73,0,0,0,0,0,0,0,0,0,0,70,55,0,0,0,1,5,999,999,999,9999999,999,999,999,6,0,1,1,0,4,0,995,9.8,998,998,998,99.8,99.8,99.8,460.674888036835,2,5
18054,25,58,1-25-2020-058-06,6,2,1HSDJAPR9FH0,17,84,884,2015,66,8,68,0,1,L,9,,,,,,,2,56,1,8,0,995,0,7,0,03104,9,9,2,4,2,1,2,1,1,1,1,2,0,0,1,1,8,2,1,1,11,2,10,99,1,1,4,J,72,,,,,,,,,,,,,,,,,,,,,,,,,,,95,95,95,95,,,9.8,998,998,998,99.8,99.8,99.8,460.674888036835,2,5
18055,25,59,1-25-2020-059-09,9,1,5J6RE4H74AL0,17,37,402,2010,14,3,14,0,1,L,2,1604,5,0,1,1,28,2,56,1,0,0,995,0,0,0,04102,9,9,2,4,2,1,2,1,1,4,0,0,0,0,1,1,2,2,1,0,11,2,15,99,1,1,4,K,82,0,0,0,0,0,0,0,0,0,0,20,120,0,0,0,1,12,999,999,999,9999999,999,999,999,7,0,99,99,0,99,0,995,9.8,998,998,998,99.8,99.8,99.8,1704.32864266277,2,5
18055,25,59,1-25-2020-059-09,9,2,1FTRF12207NA,17,12,481,2007,34,5,31,0,1,F,2,2129,5,0,1,1,22,2,56,1,0,0,995,0,0,0,04103,9,9,2,1,1,1,2,1,1,1,1,2,0,0,1,1,0,0,1,0,1,4,67,99,1,1,4,K,83,0,0,0,0,0,0,0,0,0,0,120,20,0,0,0,1,12,999,999,999,9999999,999,999,999,7,0,0,0,0,0,0,995,9.8,998,998,998,99.8,99.8,99.8,1704.32864266277,2,5
18056,25,60,1-25-2020-060-01,1,1,3C4NJDBB2JT1,17,2,1,2018,6,1,2,0,1,R,2,1509,5,0,1,1,9,2,80,1,8,1,0,3,7,0,04040,9,9,0,4,2,1,2,1,3,1,1,2,0,0,1,1,0,0,1,1,14,2,13,99,1,4,1,A,1,1,2,2,2,1,4,41,1,1,6,997,997,0,0,0,2,6,999,999,999,9999999,999,999,999,7,0,3,14,1,1,3,997,0.1,25,25,120,24.2,3.9,24.5,36.2903642992438,2,5
18057,13,62,1-13-2020-062-03,3,1,2G61N5S31H91,17,19,23,2017,4,1,4,0,1,R,2,1912,5,0,1,4,39,2,64,1,0,0,995,0,0,0,76109,1,2,2,1,4,4,2,1,3,4,1,0,0,0,1,1,0,0,1,0,11,2,15,1,1,1,4,J,68,0,0,0,0,0,0,0,0,0,0,95,345,0,0,0,1,3,36,-28,-23,249401,998,133,43,0,4,0,0,0,0,0,995,9.8,998,998,998,99.8,99.8,99.8,1512.47262641996,7,5
18057,13,62,1-13-2020-062-03,3,2,5NPD74LF8HH1,17,55,35,2017,4,1,3,0,1,F,3,1275,5,0,1,1,40,2,64,1,0,0,995,0,0,0,76132,1,2,2,1,4,2,2,1,2,2,3,3,0,0,1,1,0,0,9,0,14,4,62,99,1,1,4,J,69,0,0,0,0,0,0,0,0,0,0,345,95,0,0,0,1,3,46,-40,23,100843,998,88,35,0,4,2,5,0,3,0,995,0.0,5,5,999,1.1,0.4,1.2,1512.47262641996,7,5
18058,13,63,1-13-2020-063-07,7,1,3GTU2UEC5EG4,17,23,481,2014,34,5,31,0,1,L,1,2378,5,0,1,1,37,2,97,1,0,0,995,0,0,0,76244,1,9,0,2,2,1,2,2,1,1,1,3,2,3,1,2,0,0,9,0,1,4,60,2,1,1,2,F,45,0,0,0,0,0,0,0,0,0,0,180,190,0,0,0,1,1,10,-7,8,26893,998,76,15,0,4,0,0,0,0,0,995,9.8,998,998,998,99.8,99.8,99.8,7657.1337729495,7,5
18058,13,63,1-13-2020-063-07,7,2,1GNET16S0562,17,20,403,2005,14,3,14,0,1,R,1,2271,5,0,1,1,38,2,97,1,8,0,995,0,7,0,99999,9,9,0,1,2,2,1,2,1,1,3,2,1,3,1,2,0,0,9,1,6,2,11,99,2,2,2,F,46,0,0,0,0,0,0,0,0,0,0,190,180,0,0,0,1,1,11,6,-10,12102,998,-193,7,0,4,99,99,0,0,0,995,3.2,999,999,999,0.0,0.0,0.0,7657.1337729495,7,5
18059,13,64,1-13-2020-064-05,5,1,1GT42YEY2HF2,17,23,481,2017,34,5,31,0,1,F,1,3635,5,9999,9,0,998,5,999,1,0,0,995,0,0,0,74966,9,9,2,1,4,4,1,1,1,1,1,0,0,0,3,1,1,2,9,0,11,2,15,99,1,1,4,J,68,0,0,0,0,0,0,0,0,0,0,110,5,0,0,0,1,3,9,-6,-7,18394,998,-228,7,0,4,95,95,95,95,0,995,9.8,998,998,998,99.8,99.8,99.8,170.589593037072,7,5
18059,13,64,1-13-2020-064-05,5,2,1C3CDFBB7FD2,17,7,29,2015,4,1,3,0,1,L,1,1445,5,0,1,1,34,2,999,1,0,1,0,2,0,0,76116,1,2,2,4,4,1,1,1,1,1,1,3,0,0,3,1,1,2,9,0,1,4,62,99,1,1,4,J,69,0,0,0,0,0,0,0,0,0,0,5,110,0,0,0,1,3,20,-18,10,43501,998,-91,22,0,4,2,9,0,3,0,995,9.8,998,998,998,99.8,99.8,99.8,170.589593037072,7,5
18061,76,46,1-76-2020-046-09,9,1,1GKDT13S8523,17,23,401,2005,14,3,14,0,1,F,2,2092,5,0,1,1,24,2,89,1,8,9,998,8,7,9,13838,1,9,0,4,2,1,2,1,1,2,1,2,0,0,5,1,0,0,3,1,1,2,13,1,1,4,1,A,1,0,0,0,0,0,0,0,0,0,0,998,998,0,0,1,3,11,999,999,999,9999999,999,999,999,7,0,1,1,0,4,0,998,0.8,120,8,21,6.9,0.8,7.0,70.8650774447511,3,5
18062,76,47,1-76-2020-047-03,3,1,3MYDLBYV8HY1,17,49,51,2017,4,1,2,0,1,F,2,1095,5,0,2,1,22,2,89,1,8,9,998,8,7,9,13753,1,2,0,4,2,1,2,1,2,1,1,2,0,0,1,1,0,0,9,1,14,2,13,3,1,4,1,A,1,0,0,0,0,0,0,0,0,0,0,998,998,0,0,3,2,11,999,999,999,9999999,999,999,999,7,0,2,5,0,4,0,998,2.1,120,4,95,54.7,5.7,55.0,15.8345460521654,3,5
18063,31,41,1-31-2020-041-07,7,1,1FTSX30FXXEE,17,12,481,1999,34,5,31,0,1,R,1,4491,8,9999,9,0,998,5,89,1,0,0,995,0,0,0,62242,9,9,2,4,2,1,2,1,1,1,1,2,0,0,1,1,2,2,9,0,1,2,17,99,1,1,5,L,87,0,0,0,0,0,0,0,0,0,0,270,180,0,0,0,1,3,8,-4,-7,48236,998,63,16,0,4,95,95,95,95,0,995,9.8,998,998,998,99.8,99.8,99.8,619.866389499539,6,5
18063,31,41,1-31-2020-041-07,7,2,3FADP4EJ1FM2,17,12,32,2015,5,1,1,0,1,F,2,1151,5,0,1,1,8,2,89,1,0,0,995,0,0,0,62242,9,9,2,4,2,1,2,1,1,1,1,4,2,3,1,1,0,0,9,0,1,4,66,4,1,1,5,L,86,0,0,0,0,0,0,0,0,0,0,180,270,0,0,0,1,3,26,-23,13,17973,998,91,15,0,4,99,99,0,99,0,995,9.8,998,998,998,99.8,99.8,99.8,619.866389499539,6,5
18064,31,42,1-31-2020-042-10,10,1,1FTPX14V37FA,17,12,481,2007,34,5,30,0,1,F,2,2478,5,0,1,1,4,2,89,1,0,0,995,0,0,0,62934,9,9,0,4,2,1,4,8,3,1,0,0,0,0,1,1,0,0,9,1,14,2,13,99,1,4,1,A,1,0,0,0,0,0,0,0,0,0,0,998,998,0,0,0,1,1,37,-37,0,137783,998,13,37,0,4,99,99,0,99,0,998,0.0,120,20,41,24.2,1.3,24.3,3310.67454262276,6,5
18065,19,87,1-19-2020-087-04,4,1,3GTU9AEFXLG2,17,23,481,2020,34,5,31,0,1,F,1,2193,5,0,2,3,3,2,89,1,0,0,995,0,0,0,35961,1,2,3,4,2,1,2,1,1,1,1,2,2,3,1,1,0,0,3,0,1,3,52,4,1,1,2,D,28,0,0,0,0,0,0,0,0,0,0,50,30,0,0,0,1,3,9,-8,3,6706,998,23,9,0,4,0,0,0,0,0,995,9.8,998,998,998,99.8,99.8,99.8,301.928146929996,9,5
18065,19,87,1-19-2020-087-04,4,2,1G4HD57278U1,17,18,23,2008,4,1,5,0,1,B,1,1800,5,0,4,1,2,2,89,1,0,0,995,0,0,0,35954,1,9,3,4,2,1,2,1,1,1,1,2,2,3,1,1,0,0,9,0,1,2,18,99,1,1,2,D,30,0,0,0,0,0,0,0,0,0,0,30,50,0,0,0,1,3,11,11,0,9516,998,-52,11,0,4,0,0,0,0,0,995,9.8,998,998,998,99.8,99.8,99.8,301.928146929996,9,5
18066,19,88,1-19-2020-088-03,3,1,1C6RR6GT2GS2,17,7,482,2016,34,5,31,0,1,F,1,2355,5,0,1,1,4,2,89,1,0,0,995,0,0,0,35906,1,9,0,1,2,2,2,1,1,1,3,2,1,3,1,8,0,0,9,0,1,3,50,3,1,1,2,D,20,0,0,0,0,0,0,0,0,0,0,160,160,0,0,0,1,1,17,-16,3,27280,998,-10,17,0,1,0,0,0,0,0,995,9.8,998,998,998,99.8,99.8,99.8,121.886837400236,9,5
18066,19,88,1-19-2020-088-03,3,2,JTMDWRFVXKJ0,17,49,402,2019,14,3,14,0,1,B,1,1703,5,0,1,1,4,2,89,1,0,0,995,0,0,0,35950,1,2,0,1,2,2,2,1,1,1,3,2,1,3,1,8,0,0,1,0,1,3,53,1,1,1,2,D,21,0,0,0,0,0,0,0,0,0,0,160,160,0,0,0,1,1,22,21,-4,33292,998,25,21,0,1,1,2,0,4,0,995,9.8,998,998,998,99.8,99.8,99.8,121.886837400236,9,5
18067,19,89,1-19-2020-089-04,4,1,1HGCV1F17KA0,17,37,32,2019,4,1,4,0,1,R,1,1433,5,0,1,1,10,2,56,1,0,0,995,0,0,0,35903,1,2,2,4,2,1,2,1,1,4,1,2,0,0,1,1,2,2,2,0,1,2,17,1,1,1,5,L,87,0,0,0,0,0,0,0,0,0,0,65,335,0,0,0,1,1,23,-11,-20,38101,998,168,17,0,4,0,0,0,0,0,995,0.0,999,999,999,1.4,0.4,1.5,301.928146929996,9,5
18067,19,89,1-19-2020-089-04,4,2,KMHTG6AF7KU0,17,55,42,2019,9,1,3,0,1,F,2,1240,5,0,1,1,16,2,56,1,0,0,995,0,0,0,35906,1,2,2,3,2,1,2,1,1,1,1,3,0,0,1,1,0,0,1,0,1,4,66,1,1,1,5,L,86,0,0,0,0,0,0,0,0,0,0,335,65,0,0,0,1,1,26,-23,13,85653,998,87,33,0,4,1,1,0,0,0,995,9.8,998,998,998,99.8,99.8,99.8,301.928146929996,9,5
18068,19,90,1-19-2020-090-07,7,1,1FTFW1EF5BFC,17,12,481,2011,34,5,31,0,1,T,2,2522,5,0,1,1,6,2,72,1,0,0,995,0,0,0,35953,1,9,0,3,2,2,2,2,3,2,3,2,1,3,1,2,0,0,9,1,14,2,12,2,2,4,1,B,7,1,2,2,2,2,4,44,4,1,16,997,997,0,1,0,2,6,999,999,999,9999999,999,999,999,7,0,0,0,0,5,3,997,1.3,999,999,999,15.1,1.2,15.3,587.813505178138,9,5
18069,33,56,1-33-2020-056-06,6,1,2G1WB58K3813,17,20,2,2008,4,1,4,0,1,R,1,1630,5,0,1,1,31,2,89,1,0,0,995,0,0,0,95973,2,1,0,4,3,2,2,1,3,1,3,2,1,3,1,1,0,0,1,1,14,2,10,4,4,2,3,I,64,0,0,0,0,0,0,0,0,0,0,240,220,0,0,0,1,1,12,4,-12,31265,998,-200,13,0,4,1,1,0,6,0,995,9.8,998,998,998,99.8,99.8,99.8,108.326271815318,12,5
18069,33,56,1-33-2020-056-06,6,2,3C4PDCBG0FT5,17,7,27,2015,6,1,4,0,1,L,1,1834,5,0,1,1,12,2,89,1,0,1,0,2,0,1,95948,1,1,0,4,3,1,2,1,2,1,1,2,3,3,1,1,0,0,9,1,14,4,62,8,1,4,3,I,65,0,0,0,0,0,0,0,0,0,0,220,240,0,0,0,1,1,12,-8,9,14324,998,-101,12,0,4,1,1,0,4,0,995,9.8,998,998,998,99.8,99.8,99.8,108.326271815318,12,5
18070,33,57,1-33-2020-057-06,6,1,JHMES16593S0,17,37,31,2003,4,1,2,0,1,F,1,1151,5,9999,9,0,998,5,24,1,0,0,995,0,0,0,95973,9,9,3,4,2,1,2,1,1,1,0,0,0,0,1,1,0,0,9,0,11,2,15,99,1,1,4,K,82,0,0,0,0,0,0,0,0,0,0,220,305,0,0,0,1,3,11,-9,5,4564,998,99,8,0,4,95,95,95,95,0,995,9.8,998,998,998,99.8,99.8,99.8,108.326271815318,12,5
18070,33,57,1-33-2020-057-06,6,2,VNKKTUD38FA0,17,49,51,2015,5,1,1,0,1,R,1,1085,5,0,1,1,34,2,56,1,0,0,995,0,0,0,95926,3,9,3,5,5,2,2,1,1,1,3,2,0,0,1,1,0,0,9,0,1,4,72,7,1,1,4,K,83,1,2,2,5,7,1,1,2,2,11,305,220,0,0,0,1,3,11,-5,-9,11970,998,98,13,0,4,99,99,0,5,1,995,9.8,998,998,998,99.8,99.8,99.8,108.326271815318,12,5
18071,33,58,1-33-2020-058-09,9,1,1HGCM72397A0,17,37,32,2007,2,1,3,0,1,L,9,1405,5,9999,9,0,998,5,105,1,0,0,995,0,0,0,95917,9,9,0,1,2,2,2,1,1,1,1,2,0,0,1,1,0,0,3,1,1,2,11,4,3,6,2,F,44,0,0,0,0,0,0,0,0,0,0,110,330,0,0,0,1,0,999,999,999,9999999,999,999,999,9,0,95,95,95,95,0,995,9.8,998,998,998,99.8,99.8,99.8,307.059662370825,12,5
18071,33,58,1-33-2020-058-09,9,2,1J4FA39S23P3,17,2,403,2003,14,3,14,0,1,L,2,1467,5,0,1,1,18,2,105,1,0,0,995,0,0,0,95938,1,9,0,1,2,1,2,1,1,1,1,3,0,0,1,1,0,0,9,0,1,4,60,99,1,1,2,F,45,1,4,2,5,7,1,1,2,1,999,330,110,0,0,0,1,12,999,999,999,9999999,999,999,999,7,0,99,99,0,99,1,995,9.8,998,998,998,99.8,99.8,99.8,307.059662370825,12,5
18072,29,90,1-29-2020-090-06,6,1,JN1BV7ARXFM4,17,58,41,2015,4,1,4,0,1,F,1,1718,5,0,1,1,43,2,105,1,0,0,995,0,0,0,01907,9,9,0,2,2,2,2,1,1,9,3,2,1,3,2,5,0,0,9,1,1,2,12,98,1,4,1,B,6,0,0,0,0,0,0,0,0,0,0,998,998,0,0,0,1,1,17,-16,6,19558,998,20,17,0,4,9,97,0,8,0,998,1.3,999,999,999,7.4,2.0,7.8,43.8099494177558,2,5
18072,29,90,1-29-2020-090-06,6,2,3FA6P0CD7KR1,17,12,23,2019,4,1,4,0,1,U,9,1558,5,9999,9,0,998,5,105,1,0,0,995,0,0,0,02724,9,9,0,2,2,2,2,1,1,9,3,2,1,3,2,5,0,0,1,0,1,6,90,99,1,1,6,M,98,0,0,0,0,0,0,0,0,0,0,998,998,0,0,0,3,0,999,999,999,9999999,999,999,999,9,0,95,95,95,95,0,998,9.8,998,998,998,99.8,99.8,99.8,43.8099494177558,2,5
18073,29,91,1-29-2020-091-06,6,1,5TFUY5F15EX3,17,49,482,2014,34,5,31,0,1,L,1,2480,5,0,1,1,9,2,56,1,0,0,995,0,0,0,02766,9,9,2,1,1,1,2,2,1,1,1,2,0,0,1,2,2,2,9,0,11,2,15,1,1,1,4,K,82,0,0,0,0,0,0,0,0,0,0,100,210,0,0,0,1,3,5,-2,5,7157,998,-208,5,0,4,0,0,0,0,0,995,9.8,998,998,998,99.8,99.8,99.8,43.809949427944,2,5
18073,29,91,1-29-2020-091-06,6,2,1LNHL9EK2EG6,17,13,15,2014,4,1,4,0,1,F,1,1940,5,9999,9,4,5,2,56,1,1,0,995,0,0,0,02703,9,9,2,4,2,1,2,2,1,1,1,2,0,0,1,2,6,2,9,0,1,4,67,99,1,1,4,K,83,0,0,0,0,0,0,0,0,0,0,210,100,0,0,0,1,3,6,-6,0,2720,998,0,6,0,4,99,99,0,8,0,995,9.8,998,998,998,99.8,99.8,99.8,43.809949427944,2,5
18074,29,92,1-29-2020-092-06,6,1,4T1BF1FKXFU0,17,49,40,2015,4,1,4,0,1,F,1,1467,5,0,1,1,6,2,48,1,0,0,995,0,0,0,02744,9,9,2,4,2,1,2,1,1,1,0,0,0,0,1,8,2,2,9,0,1,2,17,4,1,1,5,L,88,0,0,0,0,0,0,0,0,0,0,355,265,0,1,0,1,3,18,-15,-9,16322,998,-101,13,0,1,99,99,0,8,0,995,9.8,998,998,998,99.8,99.8,99.8,43.809949457045,2,5
18074,29,92,1-29-2020-092-06,6,2,1HGCS21838A0,17,37,32,2008,2,1,3,0,1,L,1,1623,5,9999,9,0,998,5,48,1,0,0,995,0,0,0,02360,9,9,2,4,2,1,2,1,1,1,0,0,0,0,1,8,0,0,1,0,1,4,66,99,1,1,5,L,89,0,0,0,0,0,0,0,0,0,0,265,355,0,0,0,1,3,18,-9,15,37866,998,-75,22,0,4,95,95,95,95,0,995,9.8,998,998,998,99.8,99.8,99.8,43.809949457045,2,5
18075,29,93,1-29-2020-093-08,8,1,2G4WS52J8Y11,17,18,7,2000,4,1,3,0,1,F,3,1528,5,9999,9,1,7,2,48,1,0,0,995,0,0,0,02721,9,9,0,4,2,1,2,1,1,1,0,2,0,0,3,1,0,0,9,1,1,2,12,2,1,4,1,B,6,0,0,0,0,0,0,0,0,0,0,998,998,0,1,1,2,1,54,-54,0,185200,998,-19,54,0,1,9,97,0,8,0,998,0.0,120,26,11,0.0,0.0,0.0,17.7645076342521,2,5
18076,18,41,1-18-2020-041-09,9,1,JN8AZ08WX7W6,17,35,49,2007,6,1,4,0,1,T,3,1822,5,0,1,1,15,2,113,1,0,0,995,0,0,0,53129,9,9,1,3,1,1,2,2,1,1,1,2,0,0,1,2,0,0,9,1,1,2,12,99,4,4,1,B,6,1,4,1,2,1,4,61,1,1,10,997,997,0,0,0,1,6,999,999,999,9999999,999,999,999,8,0,99,99,0,0,3,997,1.2,20,15,85,14.4,5.1,15.2,552.924493640775,6,5
18077,18,42,1-18-2020-042-04,4,1,4S3BNAC6XG30,17,48,34,2016,4,1,3,0,1,F,1,1543,5,0,1,1,5,2,89,1,0,0,995,0,0,0,54766,1,2,0,4,2,1,2,1,1,1,1,2,0,0,2,1,0,0,9,0,1,6,87,3,1,1,1,C,13,0,0,0,0,0,0,0,0,0,0,998,998,0,0,0,1,10,999,999,999,9999999,999,33,12,2,0,0,0,0,0,0,998,9.8,998,998,998,99.8,99.8,99.8,299.587807187509,6,5
18078,12,50,1-12-2020-050-04,4,1,JN8AY2NC9L96,17,35,421,2020,15,3,15,0,1,F,1,2684,5,0,1,1,11,2,113,1,0,0,995,0,0,0,73135,2,2,0,2,2,1,2,1,2,1,1,3,2,3,2,1,0,0,1,0,14,6,87,2,1,1,1,C,13,0,0,0,0,0,0,0,0,0,0,998,998,0,0,0,1,10,999,999,999,9999999,999,-43,16,2,0,0,0,0,0,0,998,9.8,998,998,998,99.8,99.8,99.8,498.084523554652,9,5
18079,12,51,1-12-2020-051-04,4,1,5NPD84LF1JH3,17,55,35,2018,4,1,3,0,1,L,1,1275,5,0,1,1,5,2,40,1,0,0,995,0,0,0,73443,1,2,2,3,1,1,2,1,1,1,0,0,0,0,1,1,0,0,1,0,1,2,17,1,1,1,5,L,89,0,0,0,0,0,0,0,0,0,0,275,5,0,0,0,1,1,13,-8,10,7529,998,-14,12,0,1,0,0,0,0,0,995,0.0,26,26,71,1.2,0.6,1.2,498.084523554652,9,5
18079,12,51,1-12-2020-051-04,4,2,1FAHP3N27CL2,17,12,37,2012,5,1,3,0,1,F,1,1327,5,0,1,1,17,2,40,1,0,0,995,0,0,0,73401,9,9,2,4,2,1,2,1,1,1,0,2,0,0,1,1,0,0,9,0,1,4,66,2,1,1,5,L,88,0,0,0,0,0,0,0,0,0,0,5,275,0,0,0,1,1,13,-10,-9,21644,998,-131,14,0,1,99,99,0,99,0,995,9.8,998,998,998,99.8,99.8,99.8,498.084523554652,9,5
18080,16,67,1-16-2020-067-03,3,1,4T1BF1FK2GU5,17,49,40,2016,4,1,4,0,1,F,1,1467,5,0,1,1,16,2,56,1,8,0,995,0,7,0,45005,9,9,2,4,5,2,2,1,1,1,3,1,0,0,1,1,1,2,1,0,1,2,17,4,1,1,5,L,86,0,0,0,0,0,0,0,0,0,0,20,100,0,0,0,1,1,24,-23,8,60023,998,31,31,0,1,0,0,0,0,0,995,9.8,998,998,998,99.8,99.8,99.8,439.396085830761,5,5
18080,16,67,1-16-2020-067-03,3,2,1FMCU0F7XKUB,17,12,402,2019,14,3,14,0,1,R,1,1611,5,0,1,1,11,2,48,1,8,0,995,0,7,0,45229,9,9,2,4,5,2,2,1,3,1,3,1,0,0,1,1,1,2,1,0,3,4,66,7,1,1,5,L,87,1,4,2,5,7,1,1,2,2,15,100,20,0,0,0,1,1,21,-4,-21,10585,998,46,12,0,1,9,97,0,99,1,995,9.8,998,998,998,99.8,99.8,99.8,439.396085830761,5,5
18081,16,68,1-16-2020-068-07,7,1,JTDBL40E7990,17,49,32,2009,4,1,2,0,1,R,2,1279,5,9999,9,0,998,2,40,1,0,0,995,0,0,0,45069,9,1,2,3,4,2,2,1,1,1,1,1,0,0,1,1,1,2,9,0,1,2,17,99,1,1,5,L,87,0,0,0,0,0,0,0,0,0,0,200,110,0,0,0,1,3,25,0,-25,34098,998,15,26,0,4,1,1,0,5,0,995,9.8,998,998,998,99.8,99.8,99.8,2098.07809691096,5,5
18081,16,68,1-16-2020-068-07,7,2,SALSF2D45DA7,17,62,421,2013,15,3,15,0,1,F,1,2489,5,0,1,1,43,2,56,1,0,0,995,0,0,0,45238,9,9,2,4,4,2,2,1,1,1,1,2,0,0,1,1,1,2,1,0,1,4,66,99,1,1,5,L,86,0,0,0,0,0,0,0,0,0,0,110,200,0,0,0,1,3,13,-13,2,12891,998,-15,11,0,4,0,0,0,0,0,995,9.8,998,998,998,99.8,99.8,99.8,2098.07809691096,5,5
18082,16,69,1-16-2020-069-03,3,1,1C6SRFMT8KN7,17,7,482,2019,34,5,31,0,1,F,1,2373,5,0,1,1,67,2,105,1,0,0,995,0,0,0,45152,1,9,1,2,3,1,2,2,1,9,1,3,2,3,3,2,0,0,1,1,1,1,6,98,3,4,1,A,2,0,0,0,0,0,0,0,0,0,0,998,998,0,0,0,1,1,16,-16,0,24800,998,7,16,0,4,9,97,0,8,0,998,5.6,999,999,999,7.6,5.4,9.7,439.396085875659,5,5