CASEID,PSU,CASENO,CASENUMBER,CATEGORY,VEHNO,VIN,VINLENGTH,MAKE,MODEL,MODELYR,BODYTYPE,BODYCAT,VEHCLASS,SPECUSE,TRANSTAT,DAMPLANE,DAMSEV,CURBWT,CURBSRC,CARGOWT,CARGOSRC,INSPTYPE,INSPLAG,TOWED,SPEEDLIMIT,DRPRESENT,PARALCOHOL,ALCTEST,ALCTESTRESULT,ALCTESTSRC,PARDRUG,DRUGTEST,ZIP,RACE,ETHNICITY,RELTOJUNCT,TRAFFLOW,RDLANES,INITLANE,SURFTYPE,SURFCOND,ALIGNMENT,PROFILE,LINERIGHT,LINELEFT,RUMBINIT,RUMBROAD,LIGHTCOND,WEATHER,TRAFDEV,TRAFFUNCT,DISTRACT,PREFHE,PREMOVE,CRITCAT,CRITEVENT,MANEUVER,PRESTAB,PRELOC,CRASHCAT,CRASHCONF,CRASHTYPE,ROLLTYPE,ROLLTURN,ROLLINTRPT,ROLLPREMAN,ROLLINITYP,ROLLINLOC,ROLLOBJ,ROLLTRIP,ROLLDIR,ROLLDIST,DVANGTHIS,DVANGOTH,TOWHITCH,TRAJDOC,TREEPOLE,DVEVENT,DVBASIS,DVTOTAL,DVLONG,DVLAT,DVENERGY,DVSPEED,DVMOMENT,DVBES,DVEST,DVCONF,VAIS,VISS,VINJURED,VTREAT,INITOBJCLASS,HEADANGLECAT,SHLDRWIDTH,STRKLENGTH,STRKWIDTH,STRKHEIGHT,EDGEDISTX,EDGEDISTY,EDGEDISTZ,CASEWGT,PSUSTRAT,VERSION
18083,21,76,1-21-2020-076-05,5,1,1FADP3F27EL1,17,12,37,2014,4,1,3,0,1,F,1,1340,5,9999,9,5,90,2,64,1,1,8,997,8,0,0,92313,1,9,2,1,5,2,2,1,1,1,2,3,0,0,1,1,1,2,9,0,1,2,17,1,1,1,5,L,88,0,0,0,0,0,0,0,0,0,0,255,190,0,0,0,1,3,20,-19,-7,15753,998,-67,15,0,4,0,0,0,0,0,995,9.8,998,998,998,99.8,99.8,99.8,216.700068938184,11,5
18083,21,76,1-21-2020-076-05,5,2,3N1AB7AP7FY2,17,35,43,2015,4,1,3,0,1,L,1,1293,5,0,1,1,86,2,64,1,0,0,995,0,0,0,92324,9,9,2,1,3,2,2,1,1,1,1,1,0,0,1,1,1,2,9,0,1,4,66,8,1,1,5,L,89,0,0,0,0,0,0,0,0,0,0,190,255,0,0,0,1,3,21,4,20,36547,998,53,25,0,4,1,1,0,99,0,995,9.8,998,998,998,99.8,99.8,99.8,216.700068938184,11,5
18084,21,77,1-21-2020-077-02,2,1,1N6BD0CTXJN7,17,35,472,2018,34,5,31,0,1,T,3,1712,5,9999,9,5,11,2,113,1,0,0,995,0,0,0,92307,9,9,0,1,2,2,2,1,1,9,3,2,1,3,1,1,0,0,9,1,1,1,1,7,4,4,1,B,7,1,7,2,2,1,4,61,1,1,23,997,997,0,0,0,1,6,999,999,999,9999999,999,999,999,8,0,2,5,0,4,3,997,9.8,998,998,998,99.8,99.8,99.8,116.572269685659,11,5
18085,15,54,1-15-2020-054-05,5,1,JTHCE1BL9FA0,17,59,34,2015,4,1,4,0,1,F,3,1765,5,0,1,1,83,2,48,1,8,1,0,2,7,9,11550,2,2,0,4,2,1,2,1,3,4,0,2,0,0,1,1,0,0,1,1,14,6,87,7,1,4,1,A,3,0,0,0,0,0,0,0,0,0,0,998,998,0,0,7,1,10,999,999,999,9999999,999,18,42,4,0,1,1,0,4,0,998,0.0,999,999,999,0.5,0.2,0.6,20.1713455365039,1,5
18086,15,55,1-15-2020-055-03,3,1,1N4BL4CW4KN3,17,35,47,2019,4,1,4,0,1,F,3,1545,5,0,1,1,21,2,48,1,8,1,237,2,7,9,11003,2,2,0,4,4,1,2,1,1,1,1,3,0,0,3,1,0,0,3,1,1,2,13,1,1,4,1,A,1,0,0,0,0,0,0,0,0,0,0,998,998,0,0,2,1,10,999,999,999,9999999,999,51,43,4,0,1,1,0,4,0,998,2.2,30,30,83,12.7,3.2,13.1,18.619027066652,1,5
18087,15,56,1-15-2020-056-04,4,1,1HGCV1F32KA1,17,37,32,2019,4,1,4,0,1,F,9,1462,5,0,2,0,998,2,48,1,8,9,998,8,1,3,11706,7,1,2,4,2,1,2,1,1,1,0,0,0,0,1,8,0,0,3,1,1,2,12,1,1,4,1,B,6,0,0,0,0,0,0,0,0,0,0,998,998,0,0,3,1,0,999,999,999,9999999,999,999,999,9,0,0,0,0,0,0,998,0.0,14,14,-120,2.0,0.6,2.0,55.9485003737937,1,5
18088,27,45,1-27-2020-045-06,6,1,5NPDH4AE4DH3,17,55,35,2013,4,1,3,0,1,F,9,1265,5,9999,9,0,998,5,48,1,0,0,995,0,0,0,01201,9,9,2,4,2,1,2,1,1,4,1,2,0,0,1,1,0,0,9,0,11,2,15,99,1,1,4,K,82,0,0,0,0,0,0,0,0,0,0,340,110,0,0,0,1,0,999,999,999,9999999,999,999,999,9,0,95,95,95,95,0,995,9.8,998,998,998,99.8,99.8,99.8,76.3508868519256,3,5
18088,27,45,1-27-2020-045-06,6,2,5NPEC4AC2EH8,17,55,33,2014,4,1,4,0,1,F,9,1475,5,9999,9,0,998,3,48,1,0,0,995,0,0,0,01201,2,2,2,4,2,1,2,1,1,4,0,0,0,0,1,1,2,2,1,0,5,4,67,99,1,1,4,K,83,0,0,0,0,0,0,0,0,0,0,110,340,0,0,0,1,0,999,999,999,9999999,999,999,999,9,0,0,0,0,4,0,995,9.8,998,998,998,99.8,99.8,99.8,76.3508868519256,3,5
18089,27,46,1-27-2020-046-06,6,1,KL4CJBSB3FB1,17,18,404,2015,14,3,14,0,1,L,1,1468,5,0,1,1,4,2,40,1,0,0,995,0,0,0,01550,1,2,2,4,2,1,2,1,1,1,0,2,0,0,1,1,2,2,2,0,1,2,17,2,1,1,5,L,89,0,0,0,0,0,0,0,0,0,0,95,205,0,0,0,1,3,12,-7,9,10124,998,27,13,0,4,0,0,0,0,0,995,9.8,998,998,998,99.8,99.8,99.8,76.3508868621165,3,5
18089,27,46,1-27-2020-046-06,6,2,1D7HW58N45S2,17,7,472,2005,34,5,30,0,1,F,1,2041,5,9999,9,0,998,5,40,1,0,0,995,0,0,0,01220,9,9,2,4,2,1,2,1,1,1,0,2,0,0,1,1,0,0,9,0,1,4,66,99,1,1,5,L,88,0,0,0,0,0,0,0,0,0,0,205,95,0,0,0,1,3,8,-8,-3,5494,998,-81,7,0,4,95,95,95,95,0,995,9.8,998,998,998,99.8,99.8,99.8,76.3508868621165,3,5
18090,22,61,1-22-2020-061-04,4,1,ZACCJBBB8JPG,17,2,408,2018,14,3,14,0,1,L,1,1447,5,0,1,1,12,2,40,1,0,0,995,0,0,0,83501,9,9,2,4,3,2,2,1,1,1,1,2,0,0,1,1,1,2,9,0,1,4,66,99,1,1,5,L,89,0,0,0,0,0,0,0,0,0,0,160,250,0,0,0,1,3,3,-3,1,1827,998,-79,5,0,4,0,0,0,0,0,995,9.8,998,998,998,99.8,99.8,99.8,186.717137743871,12,5
18090,22,61,1-22-2020-061-04,4,2,5XYZUDLB9HG4,17,55,401,2017,14,3,14,0,1,F,1,1640,5,9999,9,0,998,5,40,1,0,0,995,0,0,0,83501,9,9,2,4,2,1,2,1,1,1,0,2,0,0,1,1,1,2,9,0,1,2,17,99,1,1,5,L,88,0,0,0,0,0,0,0,0,0,0,250,160,0,0,0,1,3,3,-1,-3,887,998,-205,2,0,4,95,95,95,95,0,995,9.8,998,998,998,99.8,99.8,99.8,186.717137743871,12,5
18091,22,62,1-22-2020-062-09,9,1,JTMBD31V5860,17,49,402,2008,14,3,14,0,1,F,2,1562,5,0,1,1,22,2,40,1,0,0,995,0,0,0,83855,9,9,0,5,3,1,2,1,1,1,0,2,0,0,1,1,0,0,3,0,1,3,52,99,1,1,2,D,28,0,0,0,0,0,0,0,0,0,0,240,240,0,0,0,1,3,34,-34,0,30551,998,-29,21,0,4,99,99,0,0,0,995,9.8,998,998,998,99.8,99.8,99.8,346.044779597367,12,5
18091,22,62,1-22-2020-062-09,9,2,JHLRD17611S0,17,37,402,2001,14,3,14,0,1,B,2,1452,5,9999,9,0,998,5,40,1,0,0,995,0,0,0,99102,9,9,0,5,3,1,2,1,1,1,0,2,0,0,1,1,0,0,9,0,2,3,53,1,1,1,2,D,29,0,0,0,0,0,0,0,0,0,0,240,240,0,0,0,1,3,38,38,0,124598,998,0,47,0,4,95,95,95,95,0,995,9.8,998,998,998,99.8,99.8,99.8,346.044779597367,12,5
18092,22,63,1-22-2020-063-04,4,1,1C3CCBBG6EN1,17,6,18,2014,4,1,3,0,1,L,1,1544,5,0,1,1,13,2,40,1,0,0,995,0,0,0,83843,1,9,2,3,4,3,1,1,1,1,3,3,0,0,1,1,1,2,9,0,1,2,17,1,1,1,5,L,89,0,0,0,0,0,0,0,0,0,0,160,240,0,0,0,1,3,12,-8,9,20638,998,40,18,0,4,1,1,0,5,0,995,9.8,998,998,998,99.8,99.8,99.8,186.717137776714,12,5
18092,22,63,1-22-2020-063-04,4,2,1C4PJLCB0HW6,17,2,422,2017,15,3,15,0,1,F,1,1669,5,0,1,1,14,2,40,1,0,0,995,0,0,0,83843,1,2,2,4,3,1,1,1,1,1,1,1,0,0,1,1,1,2,1,0,1,4,66,7,1,1,5,L,88,0,0,0,0,0,0,0,0,0,0,240,160,0,0,0,1,3,10,-7,-8,7802,998,-175,6,0,4,2,5,0,6,0,995,9.8,998,998,998,99.8,99.8,99.8,186.717137776714,12,5
18093,26,92,1-26-2020-092-02,2,1,2HGFC2F88GH5,17,37,31,2016,4,1,3,0,1,T,3,1244,5,0,1,1,25,2,105,1,1,1,290,2,0,1,95673,1,9,1,3,1,1,2,1,2,9,1,2,0,0,3,1,0,0,9,1,14,2,12,99,9,4,1,B,6,1,4,1,2,1,4,61,1,2,23,998,998,0,0,0,3,7,999,999,999,9999999,999,999,999,8,0,5,33,1,3,3,998,0.9,999,999,999,99.9,1.7,99.9,47.8725130541507,10,5
18094,26,93,1-26-2020-093-10,10,1,4T3ZF19C9YU2,17,49,442,2000,20,4,20,0,1,L,1,1760,5,0,1,1,32,2,48,1,0,0,995,0,0,0,95826,2,9,2,1,2,2,2,1,1,1,0,0,0,0,1,1,0,0,9,1,12,2,21,99,1,1,6,M,98,0,0,0,0,0,0,0,0,0,0,255,300,0,0,0,1,3,8,5,6,9873,998,126,9,0,4,99,99,0,99,0,995,9.8,998,998,998,99.8,99.8,99.8,19840.3313289495,10,5
18094,26,93,1-26-2020-093-10,10,2,SALVP2BG5GH0,17,62,404,2016,14,3,14,0,1,F,1,1770,5,9999,9,4,32,5,48,1,0,0,995,0,0,0,95670,9,9,2,1,2,2,2,1,1,1,0,0,0,0,1,1,0,0,1,0,1,4,61,2,9,1,6,M,98,0,0,0,0,0,0,0,0,0,0,300,255,0,0,0,1,3,9,-8,-1,3910,998,30,7,0,4,95,95,95,95,0,995,9.8,998,998,998,99.8,99.8,99.8,19840.3313289495,10,5
18095,30,73,1-30-2020-073-04,4,1,2HGES268X5H5,17,37,31,2005,4,1,2,0,1,F,9,1163,5,9999,9,0,998,5,64,1,0,0,995,0,0,0,85033,9,9,2,4,3,2,2,1,1,1,1,2,0,0,1,1,1,2,1,0,11,2,15,1,1,1,4,K,82,0,0,0,0,0,0,0,0,0,0,90,185,0,0,0,1,0,999,999,999,9999999,999,999,999,9,0,95,95,95,95,0,995,9.8,998,998,998,99.8,99.8,99.8,478.762875562787,10,5
18095,30,73,1-30-2020-073-04,4,2,2GCEC19T4Y11,17,20,481,2000,34,5,31,0,1,R,9,9999,9,9999,9,0,998,2,64,1,0,0,995,0,0,0,85033,9,9,2,4,5,1,2,1,1,1,0,3,0,0,1,1,1,2,1,0,1,4,67,1,1,1,4,K,83,0,0,0,0,0,0,0,0,0,0,185,90,0,0,0,1,0,999,999,999,9999999,999,999,999,9,0,99,99,0,0,0,995,9.8,998,998,998,99.8,99.8,99.8,478.762875562787,10,5
18095,30,73,1-30-2020-073-04,4,3,1C4PJLLB3KD4,17,2,404,2019,14,3,14,0,1,F,1,1661,5,0,1,1,24,2,64,1,0,0,995,0,0,0,85326,9,9,2,4,6,3,2,1,1,1,3,1,0,0,1,1,1,2,1,0,5,4,62,1,1,1,6,M,98,0,0,0,0,0,0,0,0,0,0,5,275,0,0,0,2,12,999,999,999,9999999,999,999,16,2,0,0,0,0,0,0,995,9.8,998,998,998,99.8,99.8,99.8,478.762875562787,10,5
18096,30,74,1-30-2020-074-07,7,1,1FTFW1EF2DFE,17,12,481,2013,34,5,31,0,1,F,9,9999,9,9999,9,0,998,5,72,1,0,0,995,0,0,0,85119,9,9,2,4,7,1,2,1,1,1,0,1,0,0,1,1,1,2,9,0,1,3,52,99,1,1,2,D,28,0,0,0,0,0,0,0,0,0,0,80,90,0,0,0,1,0,999,999,999,9999999,999,999,999,9,0,95,95,95,95,0,995,9.8,998,998,998,99.8,99.8,99.8,801.86343781571,10,5
18096,30,74,1-30-2020-074-07,7,2,2C4RDGCG1FR6,17,7,442,2015,20,4,20,0,1,B,1,2050,5,0,1,1,29,2,72,1,0,0,995,0,0,0,85119,9,9,2,4,7,1,2,1,1,1,0,1,0,0,1,1,1,2,1,0,2,3,53,4,1,1,2,D,31,0,0,0,0,0,0,0,0,0,0,90,80,0,0,0,1,12,999,999,999,9999999,999,999,16,2,0,0,0,0,0,0,995,9.8,998,998,998,99.8,99.8,99.8,801.86343781571,10,5
18096,30,74,1-30-2020-074-07,7,3,1HGCR2F89DA1,17,37,32,2013,4,1,4,0,1,L,9,1521,5,9999,9,0,998,5,72,1,0,0,995,0,0,0,85208,9,9,2,1,3,3,2,1,1,1,1,0,0,0,1,1,1,2,1,0,5,4,62,1,1,1,6,M,98,0,0,0,0,0,0,0,0,0,0,350,125,0,0,0,2,0,999,999,999,9999999,999,999,999,9,0,95,95,95,95,0,995,9.8,998,998,998,99.8,99.8,99.8,801.86343781571,10,5
18096,30,74,1-30-2020-074-07,7,4,1D7HA16KX8J1,17,7,482,2008,34,5,31,0,1,F,9,9999,9,9999,9,0,998,5,72,1,0,0,995,0,0,0,85208,9,9,2,1,3,3,2,1,1,1,1,0,0,0,1,1,1,2,1,0,5,4,62,1,1,1,6,M,98,0,0,0,0,0,0,0,0,0,0,350,115,0,0,0,3,0,999,999,999,9999999,999,999,999,9,0,95,95,95,95,0,995,9.8,998,998,998,99.8,99.8,99.8,801.86343781571,10,5
18097,30,75,1-30-2020-075-02,2,1,2C3CDZAG4JH3,17,7,28,2018,2,1,5,0,1,F,3,1785,5,0,1,1,41,2,72,1,0,0,995,0,0,0,85205,9,9,2,4,6,2,2,1,1,1,1,3,0,0,3,1,1,2,1,0,1,2,17,1,1,1,4,J,69,0,0,0,0,0,0,0,0,0,0,270,20,0,0,0,1,3,66,-57,33,170638,998,73,44,0,4,9,97,0,8,0,995,9.8,998,998,998,99.8,99.8,99.8,14.4527535243767,10,5
18097,30,75,1-30-2020-075-02,2,2,1FTFW1ET6EFC,17,12,481,2014,34,5,31,0,1,R,3,2574,5,9999,9,4,20,2,72,1,0,0,995,0,0,0,85205,9,9,2,4,6,4,2,1,1,1,1,2,0,0,3,1,1,2,1,0,11,4,63,1,1,1,4,J,68,0,0,0,0,0,0,0,0,0,0,20,270,0,0,0,1,3,46,-36,-30,449065,998,-38,64,0,4,0,0,0,0,0,995,9.8,998,998,998,99.8,99.8,99.8,14.4527535243767,10,5
18099,23,31,1-23-2020-031-07,7,1,KNDMG4C73C64,17,63,441,2012,20,4,20,0,1,F,1,2087,5,9999,9,4,54,2,89,1,0,0,995,0,0,0,43016,9,9,0,4,2,1,2,1,1,1,1,2,0,0,5,1,0,0,9,0,1,6,87,99,1,1,1,C,13,0,0,0,0,0,0,0,0,0,0,998,998,0,0,0,1,12,999,999,999,9999999,999,999,999,6,0,0,0,0,0,0,998,9.8,998,998,998,99.8,99.8,99.8,9360.12502304218,5,5
18100,77,58,1-77-2020-058-04,4,1,3N1CN7AP4JL8,17,35,50,2018,4,1,2,0,1,F,1,1114,5,0,1,1,13,2,89,1,0,0,995,0,0,0,22901,9,9,2,1,4,3,2,1,1,1,3,1,0,0,2,1,0,0,1,1,1,6,87,7,1,4,1,B,8,0,0,0,0,0,0,0,0,0,0,998,998,0,0,0,1,1,15,-15,0,9605,998,0,14,0,1,0,0,0,0,0,998,0.0,999,999,999,13.8,4.1,14.6,2963.0231751528,9,5
18101,20,46,1-20-2020-046-03,3,1,JM1BJ225X301,17,41,35,2003,4,1,2,0,1,L,1,1194,5,0,1,1,21,2,89,1,0,0,995,0,0,0,93927,9,1,2,4,2,1,2,1,1,1,0,2,0,0,1,1,2,2,1,0,11,2,15,99,1,1,4,K,82,0,0,0,0,0,0,0,0,0,0,170,280,0,0,0,1,1,15,-3,15,28150,998,-205,13,0,1,99,99,0,8,0,995,9.8,998,998,998,99.8,99.8,99.8,789.91007632948,11,5
18101,20,46,1-20-2020-046-03,3,2,1HGCV1F35LA0,17,37,32,2020,4,1,4,0,1,F,1,1462,5,0,1,1,15,2,105,1,0,0,995,0,0,0,95023,9,1,2,2,4,3,2,1,1,1,3,1,0,0,1,1,0,0,1,0,1,4,67,4,1,1,4,K,83,0,0,0,0,0,0,0,0,0,0,280,170,0,0,0,1,1,13,-12,2,19487,998,2,18,0,1,99,99,0,99,0,995,9.8,998,998,998,99.8,99.8,99.8,789.91007632948,11,5
18102,77,59,1-77-2020-059-08,8,1,2HGES26784H5,17,37,31,2004,4,1,2,0,1,L,3,1117,5,0,1,5,5,2,97,1,1,8,997,8,9,9,22936,9,9,0,2,2,1,2,2,3,1,1,2,2,3,2,1,0,0,1,1,14,2,12,2,4,4,1,B,7,0,0,0,0,0,0,0,0,0,0,998,998,0,0,1,2,1,41,7,40,134441,998,-116,41,0,1,2,5,0,4,0,998,0.7,65,45,22,15.2,2.4,15.3,1405.16821001253,9,5
18103,77,60,1-77-2020-060-02,2,1,1G11E5SA1GF1,17,20,37,2016,4,1,3,0,1,F,1,1625,5,0,1,1,6,2,72,1,0,0,995,0,0,0,22949,9,9,3,4,2,1,2,1,1,1,1,2,0,0,1,1,0,0,1,0,1,4,72,2,1,1,4,K,83,0,0,0,0,0,0,0,0,0,0,70,320,0,0,0,1,3,23,-22,-4,20406,998,24,17,0,4,1,1,0,4,0,995,9.8,998,998,998,99.8,99.8,99.8,95.8545028325594,9,5
18103,77,60,1-77-2020-060-02,2,2,2FMDK4KC8EBA,17,12,24,2014,6,1,4,0,1,L,1,1993,5,0,1,1,7,2,72,1,0,0,995,0,0,0,22901,9,9,3,4,2,1,2,1,1,2,0,0,0,0,1,1,0,0,1,0,11,2,15,2,1,1,4,K,82,0,0,0,0,0,0,0,0,0,0,320,70,0,0,0,1,3,19,-9,16,50467,998,-59,23,0,4,99,99,0,99,0,995,9.8,998,998,998,99.8,99.8,99.8,95.8545028325594,9,5
18105,14,46,1-14-2020-046-04,4,1,JN8AT2MT4GW0,17,35,51,2016,6,1,3,0,1,L,3,1550,5,0,1,1,19,2,97,1,0,0,995,0,0,0,78130,9,1,0,4,2,1,2,1,1,1,1,2,0,0,2,1,0,0,1,1,1,6,87,4,1,4,1,A,3,1,5,1,2,5,4,31,1,2,26,996,996,0,1,1,5,7,999,999,999,9999999,999,999,999,8,0,0,0,0,0,2,996,2.2,4,999,999,99.9,99.9,99.9,1654.97466196157,8,5
18106,54,19,1-54-2020-019-01,1,1,1G2ZH58N5742,17,22,22,2007,4,1,4,0,1,F,3,1542,5,9999,9,1,7,2,56,1,9,0,995,0,9,0,35653,2,2,0,4,2,1,2,1,1,1,0,0,0,0,1,1,0,0,3,1,1,2,13,99,1,4,1,A,1,0,0,0,0,0,0,0,0,0,0,998,998,0,0,1,1,1,89,-89,0,535630,998,25,89,0,1,2,9,0,1,0,998,0.2,48,48,80,7.6,2.0,7.8,486.535594413535,9,5
18107,10,95,1-10-2020-095-06,6,1,2G1WB5E37C11,17,20,2,2012,4,1,4,0,1,F,1,1658,5,0,1,1,5,2,72,1,0,0,995,0,0,0,45424,9,9,0,4,4,1,2,1,1,1,1,3,0,0,1,1,0,0,1,1,1,2,10,1,1,2,3,G,50,0,0,0,0,0,0,0,0,0,0,270,80,0,0,0,1,3,15,-15,-3,19853,998,-38,17,0,4,0,0,0,0,0,995,2.2,999,999,999,5.5,3.0,6.3,510.106030941344,4,5
18107,10,95,1-10-2020-095-06,6,2,1FMCU9EG6CKC,17,12,402,2012,14,3,14,0,1,F,1,1585,5,0,1,1,5,2,72,1,0,0,995,0,0,0,45431,9,9,0,4,4,2,1,1,1,1,3,2,0,0,1,1,0,0,1,0,1,4,62,3,1,1,3,G,51,0,0,0,0,0,0,0,0,0,0,80,270,0,0,0,1,3,16,-15,-5,12240,998,1,14,0,4,9,97,0,5,0,995,9.8,998,998,998,99.8,99.8,99.8,510.106030941344,4,5
18108,10,96,1-10-2020-096-01,1,1,1FAFP24116G1,17,12,21,2006,4,1,4,0,1,T,9,1662,5,9999,9,0,998,2,64,1,1,8,997,8,1,3,45406,2,9,2,5,5,1,2,1,1,1,0,3,0,0,1,8,0,0,9,1,15,1,9,4,3,4,1,B,7,1,2,1,6,1,4,68,1,2,4,997,997,0,1,0,4,0,999,999,999,9999999,999,999,999,9,0,5,50,3,1,3,997,0.0,63,10,10,0.0,0.0,0.0,24.1627329633423,4,5
18109,10,97,1-10-2020-097-09,9,1,1HA3GTCG5HN0,17,20,461,2017,29,4,29,0,1,F,9,2282,5,9999,9,0,998,5,56,1,0,0,995,0,0,0,45458,9,9,0,4,7,2,2,1,1,1,3,2,0,0,1,8,0,0,9,0,1,3,50,99,1,1,2,D,20,0,0,0,0,0,0,0,0,0,0,280,280,0,0,0,1,0,999,999,999,9999999,999,999,999,9,0,95,95,95,95,0,995,9.8,998,998,998,99.8,99.8,99.8,1819.30146227167,4,5
18109,10,97,1-10-2020-097-09,9,2,1FTPW12V19FA,17,12,481,2009,34,5,30,0,1,B,1,2408,5,0,1,4,8,2,56,1,0,0,995,0,0,0,45417,1,2,0,4,7,2,2,1,1,1,3,2,0,0,1,8,0,0,3,0,5,3,53,99,1,1,2,D,21,0,0,0,0,0,0,0,0,0,0,280,280,0,0,0,1,5,999,999,999,9999999,999,999,999,6,0,0,0,0,4,0,995,9.8,998,998,998,99.8,99.8,99.8,1819.30146227167,4,5
18110,10,98,1-10-2020-098-04,4,1,3FA6P0H7XLR1,17,12,23,2020,4,1,4,0,1,F,2,1558,5,0,1,4,15,2,56,1,0,0,995,0,0,0,45322,9,9,0,4,5,2,2,1,1,1,3,1,0,0,1,1,0,0,1,0,1,6,87,99,1,1,1,C,13,0,0,0,0,0,0,0,0,0,0,998,998,0,0,0,1,10,999,999,999,9999999,999,999,999,7,0,0,0,0,0,0,998,9.8,998,998,998,99.8,99.8,99.8,929.322171168465,4,5
18111,17,81,1-17-2020-081-05,5,1,1FAHP2KT0CG1,17,12,23,2012,4,1,4,0,1,F,3,1918,5,0,1,1,9,2,72,1,1,1,219,2,9,2,60035,1,2,0,4,2,1,2,1,2,2,0,0,0,0,1,1,0,0,9,1,14,2,12,99,1,4,1,B,6,0,0,0,0,0,0,0,0,0,0,998,998,0,0,4,2,11,999,999,999,9999999,999,999,999,8,0,3,10,1,3,0,998,0.0,999,999,999,21.9,1.7,22.1,107.129744665769,4,5
18112,17,82,1-17-2020-082-06,6,1,2T3DFREV3DW0,17,49,402,2013,14,3,14,0,1,F,1,1615,5,0,1,1,7,2,89,1,9,0,995,0,9,0,61232,9,9,0,4,2,1,2,1,1,1,1,4,0,0,1,1,0,0,9,1,1,2,13,7,1,4,1,A,1,0,0,0,0,0,0,0,0,0,0,998,998,0,0,6,1,10,999,999,999,9999999,999,62,11,2,0,1,1,0,4,0,998,0.0,999,13,999,11.2,28.2,30.3,234.955368879615,4,5
18114,11,45,1-11-2020-045-02,2,1,1N4AL3AP2HC1,17,35,47,2017,4,1,4,0,1,T,2,1453,5,0,1,1,5,2,97,1,1,1,186,2,1,2,23882,2,2,1,1,3,1,2,1,2,1,1,1,0,0,1,1,0,0,1,1,14,2,12,8,9,4,1,B,7,1,6,2,6,1,4,61,1,2,999,997,997,0,0,0,2,6,999,999,999,9999999,999,999,999,7,0,3,11,1,3,3,997,9.9,120,999,999,72.0,4.0,72.0,160.354301858142,8,5
18115,24,91,1-24-2020-091-07,7,1,2HGFB6E53CH7,17,37,31,2012,4,1,3,0,1,F,1,1311,5,0,1,1,11,2,80,1,0,0,995,0,0,0,08234,9,9,0,4,2,1,2,1,1,1,1,2,0,0,1,1,6,2,1,0,1,3,52,4,1,1,2,D,28,0,0,0,0,0,0,0,0,0,0,310,300,0,0,0,1,3,12,-12,0,8957,998,-27,13,0,4,0,0,0,0,0,995,9.8,998,998,998,99.8,99.8,99.8,869.852796897705,1,5
18115,24,91,1-24-2020-091-07,7,2,JN8AT2MVXKW3,17,35,404,2019,14,3,14,0,1,B,1,1610,5,9999,9,0,998,5,80,1,0,0,995,0,0,0,08360,9,9,0,4,2,1,2,1,1,1,1,2,0,0,1,1,6,2,1,0,2,3,53,1,1,1,2,D,29,0,0,0,0,0,0,0,0,0,0,300,310,0,0,0,1,3,10,10,2,5401,998,-42,9,0,4,95,95,95,95,0,995,9.8,998,998,998,99.8,99.8,99.8,869.852796897705,1,5
18116,24,92,1-24-2020-092-06,6,1,1HGEM225X5L0,17,37,31,2005,2,1,2,0,1,L,2,1140,5,0,1,1,12,2,40,1,0,0,995,0,0,0,08330,9,9,2,4,4,2,2,1,1,1,1,2,0,0,2,1,1,2,1,0,1,2,17,99,1,1,5,L,89,0,0,0,0,0,0,0,0,0,0,305,35,0,0,0,1,1,31,-16,27,25288,998,-68,20,0,1,1,1,0,4,0,995,0.0,65,50,44,4.9,3.7,4.6,300.53409857271,1,5
18116,24,92,1-24-2020-092-06,6,2,5TDDK3DC0DS0,17,49,442,2013,20,4,20,0,1,F,1,2115,5,0,1,1,11,2,40,1,0,0,995,0,0,0,08401,2,9,2,3,2,2,2,1,1,1,3,0,0,0,2,1,1,2,1,0,1,4,66,99,1,1,5,L,88,0,0,0,0,0,0,0,0,0,0,35,305,0,0,0,1,1,18,-16,-9,79595,998,-109,25,0,1,1,1,0,4,0,995,0.0,999,999,999,0.7,0.6,0.8,300.53409857271,1,5
18117,48,45,1-48-2020-045-07,7,1,3MZBM1U73FM1,17,41,51,2015,4,1,3,0,1,B,1,1352,5,0,1,1,47,2,113,1,8,0,995,0,7,0,95355,9,9,0,2,2,1,2,2,1,1,1,3,2,3,2,2,0,0,9,1,1,1,6,5,3,4,1,A,2,0,0,0,0,0,0,0,0,0,0,998,998,0,0,0,1,1,13,13,-2,10379,998,42,13,0,4,0,0,0,0,0,998,3.0,120,10,54,0.0,0.0,0.0,1011.19760329442,12,5
18118,48,46,1-48-2020-046-06,6,1,KMHDH4AE7CU4,17,55,35,2012,4,1,3,0,1,F,1,1265,5,0,1,1,8,2,121,1,0,0,995,0,0,0,84307,1,2,0,2,3,2,1,2,3,1,3,3,0,3,1,2,0,0,1,1,14,1,6,1,4,4,1,B,7,0,0,0,0,0,0,0,0,0,0,998,998,0,0,0,1,12,999,999,999,9999999,999,999,999,6,0,1,1,0,4,0,998,2.6,120,999,999,99.9,99.9,99.9,309.237087037183,12,5