CASEID,PSU,CASENO,CASENUMBER,CATEGORY,VEHNO,VIN,VINLENGTH,MAKE,MODEL,MODELYR,BODYTYPE,BODYCAT,VEHCLASS,SPECUSE,TRANSTAT,DAMPLANE,DAMSEV,CURBWT,CURBSRC,CARGOWT,CARGOSRC,INSPTYPE,INSPLAG,TOWED,SPEEDLIMIT,DRPRESENT,PARALCOHOL,ALCTEST,ALCTESTRESULT,ALCTESTSRC,PARDRUG,DRUGTEST,ZIP,RACE,ETHNICITY,RELTOJUNCT,TRAFFLOW,RDLANES,INITLANE,SURFTYPE,SURFCOND,ALIGNMENT,PROFILE,LINERIGHT,LINELEFT,RUMBINIT,RUMBROAD,LIGHTCOND,WEATHER,TRAFDEV,TRAFFUNCT,DISTRACT,PREFHE,PREMOVE,CRITCAT,CRITEVENT,MANEUVER,PRESTAB,PRELOC,CRASHCAT,CRASHCONF,CRASHTYPE,ROLLTYPE,ROLLTURN,ROLLINTRPT,ROLLPREMAN,ROLLINITYP,ROLLINLOC,ROLLOBJ,ROLLTRIP,ROLLDIR,ROLLDIST,DVANGTHIS,DVANGOTH,TOWHITCH,TRAJDOC,TREEPOLE,DVEVENT,DVBASIS,DVTOTAL,DVLONG,DVLAT,DVENERGY,DVSPEED,DVMOMENT,DVBES,DVEST,DVCONF,VAIS,VISS,VINJURED,VTREAT,INITOBJCLASS,HEADANGLECAT,SHLDRWIDTH,STRKLENGTH,STRKWIDTH,STRKHEIGHT,EDGEDISTX,EDGEDISTY,EDGEDISTZ,CASEWGT,PSUSTRAT,VERSION
18119,14,45,1-14-2020-045-04,4,1,1GC2KVEGXFZ5,17,20,481,2015,34,5,31,99,1,F,9,2704,5,9999,9,0,998,5,64,1,0,0,995,0,0,0,78108,9,9,3,4,2,1,8,1,1,2,0,0,0,0,1,1,0,0,9,0,10,2,16,99,1,1,4,K,78,0,0,0,0,0,0,0,0,0,0,235,285,0,0,0,1,0,999,999,999,9999999,999,999,999,9,0,95,95,95,95,0,995,9.8,998,998,998,99.8,99.8,99.8,1654.97466196157,8,5
18119,14,45,1-14-2020-045-04,4,2,2HGFC3B75HH3,17,37,32,2017,2,1,3,0,1,R,9,1480,5,0,2,0,998,2,64,1,0,0,995,0,0,0,78623,1,2,3,4,3,1,2,1,1,2,1,1,0,0,1,1,0,0,1,0,1,4,70,3,1,1,4,K,79,0,0,0,0,0,0,0,0,0,0,285,235,0,0,0,1,0,999,999,999,9999999,999,999,999,9,0,0,0,0,0,0,995,9.8,998,998,998,99.8,99.8,99.8,1654.97466196157,8,5
18122,25,63,1-25-2020-063-03,3,1,1FM5K8AR2HGA,17,12,401,2017,14,3,14,5,1,R,1,2146,5,300,1,3,1,2,40,1,8,0,995,0,7,0,04101,9,9,2,4,2,1,2,2,1,1,0,2,0,0,1,2,1,2,1,0,1,2,17,3,1,1,5,L,87,0,0,0,0,0,0,0,0,0,0,130,50,0,0,0,1,12,999,999,999,9999999,999,999,999,6,0,1,1,0,4,0,995,9.8,998,998,998,99.8,99.8,99.8,54.7664837497981,2,5
18122,25,63,1-25-2020-063-03,3,2,KL7CJRSB5FB0,17,20,406,2015,14,3,14,0,1,F,1,1476,5,0,1,5,3,2,40,1,8,0,995,0,7,0,04102,9,9,2,4,2,1,2,2,1,2,0,2,0,0,1,2,1,2,1,0,1,4,66,1,1,1,5,L,86,0,0,0,0,0,0,0,0,0,0,50,130,0,0,0,1,12,999,999,999,9999999,999,999,999,6,0,0,0,0,5,0,995,9.8,998,998,998,99.8,99.8,99.8,54.7664837497981,2,5
18124,73,49,1-73-2020-049-10,10,1,1FAHP36N87W1,17,12,37,2007,6,1,2,0,1,F,9,1262,5,9999,9,0,998,2,72,1,8,0,995,0,7,0,04963,9,9,0,4,2,1,2,1,1,1,0,2,0,0,1,1,0,0,3,1,1,2,12,99,1,4,1,B,6,0,0,0,0,0,0,0,0,0,0,998,998,0,1,2,1,0,999,999,999,9999999,999,999,999,9,0,0,0,0,0,0,998,0.0,30,30,120,42.5,2.9,42.6,1322.34271979761,3,5
18125,13,65,1-13-2020-065-01,1,1,1G2ZH57N1941,17,22,22,2009,4,1,4,0,1,L,3,1542,5,0,1,1,34,2,64,1,8,1,0,2,7,2,76119,9,1,2,4,2,1,2,1,1,1,0,0,0,0,4,1,2,2,9,0,1,2,17,99,1,1,5,L,89,0,0,0,0,0,0,0,0,0,0,135,225,0,0,0,1,1,63,-11,62,406206,998,17,79,0,1,4,34,1,1,0,995,9.8,998,998,998,99.8,99.8,99.8,155.094309207661,7,5
18125,13,65,1-13-2020-065-01,1,2,2C3CDXHGXCH1,17,7,24,2012,4,1,5,0,1,F,3,1797,5,0,1,1,28,2,64,1,0,0,995,0,0,0,76106,9,1,2,1,2,1,2,1,1,4,1,3,0,0,4,1,0,0,9,0,1,4,68,3,1,1,5,L,88,0,0,0,0,0,0,0,0,0,0,225,135,0,0,0,1,1,54,-53,-9,82170,998,-37,32,0,1,2,5,0,4,0,995,9.8,998,998,998,99.8,99.8,99.8,155.094309207661,7,5
18126,59,33,1-59-2020-033-07,7,1,1FTYR10U05PA,17,12,471,2005,34,5,30,0,1,R,1,1392,5,9999,9,1,5,2,48,1,0,0,995,0,0,0,47802,9,9,2,4,4,2,2,1,1,1,1,2,0,0,1,1,1,2,9,0,11,2,15,99,1,1,4,J,68,1,1,2,5,7,1,2,2,2,4,300,190,0,0,0,1,1,19,-7,-18,25616,998,47,20,0,1,1,1,0,5,1,995,9.8,998,998,998,99.8,99.8,99.8,534.961972887573,6,5
18126,59,33,1-59-2020-033-07,7,2,3FA6P0HD4ER1,17,12,23,2014,4,1,4,0,1,F,1,1554,5,0,2,1,6,2,48,1,0,0,995,0,0,0,47802,1,2,2,4,4,1,2,1,1,1,0,1,0,0,1,1,1,2,1,0,1,4,62,4,1,1,4,J,69,0,0,0,0,0,0,0,0,0,0,190,300,0,0,0,1,1,17,-17,0,16189,998,15,16,0,1,0,0,0,0,0,995,9.8,998,998,998,99.8,99.8,99.8,534.961972887573,6,5
18127,59,34,1-59-2020-034-04,4,1,1FADP3E27GL2,17,12,37,2016,4,1,3,0,1,F,1,1340,5,0,1,1,1,2,48,1,8,0,995,0,7,0,47804,9,9,2,4,5,2,2,1,1,1,1,1,0,0,1,1,1,2,1,0,2,3,56,1,1,1,6,M,93,0,0,0,0,0,0,0,0,0,0,270,270,0,0,0,1,3,17,-17,0,11175,998,-14,14,0,4,0,0,0,0,0,995,9.8,998,998,998,99.8,99.8,99.8,277.65153014412,6,5
18127,59,34,1-59-2020-034-04,4,2,3GTP2WE7XCG2,17,23,481,2012,34,5,31,0,1,B,1,2439,5,9999,9,0,998,5,48,1,8,0,995,0,7,0,47885,9,9,2,4,5,2,2,1,1,1,1,1,0,0,1,1,1,2,9,0,13,2,20,99,1,1,6,M,92,0,0,0,0,0,0,0,0,0,0,270,270,0,0,0,1,3,10,10,0,15276,998,0,13,0,4,95,95,95,95,0,995,9.8,998,998,998,99.8,99.8,99.8,277.65153014412,6,5
18128,11,44,1-11-2020-044-01,1,1,2C3CDZC99GH2,17,7,28,2016,2,1,5,0,1,R,3,1891,5,0,1,1,16,2,72,1,9,1,0,3,9,2,23236,1,2,0,4,2,1,2,2,3,1,1,4,0,0,1,2,0,0,1,1,14,2,12,4,4,4,1,B,7,0,0,0,0,0,0,0,0,0,0,996,996,0,0,1,3,7,999,999,999,9999999,999,999,999,8,0,3,9,1,1,0,996,0.0,9,9,999,1.0,1.0,1.0,273.622518722446,8,5
18129,28,47,1-28-2020-047-04,4,1,1G1BE5SMXH72,17,20,25,2017,4,1,3,0,1,F,1,1250,5,52,1,1,14,2,40,1,0,0,995,0,0,0,17765,1,2,0,4,2,1,5,1,3,1,0,0,0,0,2,7,0,0,1,1,14,2,13,1,1,4,1,A,1,0,0,0,0,0,0,0,0,0,0,998,998,0,0,0,1,1,12,-11,-4,9096,998,-63,12,0,1,0,0,0,0,0,998,9.8,998,998,998,99.8,99.8,99.8,54.6861536221974,3,5
18130,16,70,1-16-2020-070-06,6,1,JN1AZ4EH9CM5,17,35,48,2012,2,1,2,0,1,F,9,1497,5,9999,9,0,998,5,56,1,8,0,995,0,1,3,41042,9,9,0,4,2,1,2,1,3,2,0,2,0,0,1,1,0,0,9,1,14,2,10,99,1,2,3,I,64,0,0,0,0,0,0,0,0,0,0,40,240,0,0,0,1,0,999,999,999,9999999,999,999,999,9,0,95,95,95,95,0,995,9.8,998,998,998,99.8,99.8,99.8,277.781469956187,5,5
18130,16,70,1-16-2020-070-06,6,2,3N1AB7AP5FY2,17,35,43,2015,4,1,3,0,1,L,1,1293,5,0,1,1,11,2,56,1,8,0,995,0,7,0,41048,9,9,0,4,2,1,2,1,1,4,0,2,0,0,1,1,0,0,1,0,1,4,62,4,1,1,3,I,65,0,0,0,0,0,0,0,0,0,0,240,40,0,0,0,1,8,999,999,999,9999999,999,999,999,6,0,99,99,0,99,0,995,9.8,998,998,998,99.8,99.8,99.8,277.781469956187,5,5
18131,16,71,1-16-2020-071-03,3,1,KL7CJPSB2KB8,17,20,406,2019,14,3,14,0,1,F,1,1476,5,0,1,1,34,2,56,1,0,0,995,0,0,0,45215,9,9,2,4,5,2,2,2,1,1,3,1,0,0,1,2,1,2,9,0,1,2,17,2,9,1,5,L,88,0,0,0,0,0,0,0,0,0,0,15,275,0,0,0,1,3,24,-23,-4,23089,998,-72,17,0,4,99,99,0,99,0,995,9.8,998,998,998,99.8,99.8,99.8,167.591465909988,5,5
18131,16,71,1-16-2020-071-03,3,2,1FMFU18L74LB,17,12,422,2004,15,3,15,0,1,L,1,2579,5,9999,9,0,998,2,56,1,0,0,995,0,0,0,99999,9,1,2,4,2,1,2,2,1,1,2,0,0,0,1,2,1,2,1,0,1,4,66,1,1,1,5,L,89,0,0,0,0,0,0,0,0,0,0,275,15,0,0,0,1,3,14,-5,13,42419,998,-41,20,0,4,0,0,0,4,0,995,9.8,998,998,998,99.8,99.8,99.8,167.591465909988,5,5
18133,32,91,1-32-2020-091-05,5,1,999999999999,99,99,999,9999,99,10,99,99,1,B,9,,,,,,,5,64,1,8,0,995,0,7,0,99999,9,9,0,3,4,1,1,1,1,4,0,3,0,0,2,1,0,0,9,1,15,3,53,1,1,1,2,D,32,,,,,,,,,,,,,,,,,,,,,,,,,,,95,95,95,95,,,9.8,998,998,998,99.8,99.8,99.8,79.9788683448481,7,5
18133,32,91,1-32-2020-091-05,5,2,3N1CN7AP0FL9,17,35,50,2015,4,1,2,0,1,F,3,1096,5,0,1,1,16,2,64,1,0,0,995,0,0,0,75217,1,1,0,3,4,2,1,1,1,4,3,3,0,0,2,1,0,0,9,0,1,4,61,3,1,1,2,D,32,0,0,0,0,0,0,0,0,0,0,998,998,0,0,0,2,1,50,-49,-9,119186,998,-30,50,0,1,9,97,0,8,0,998,0.0,120,30,120,0.9,6.3,6.4,79.9788683448481,7,5
18134,32,92,1-32-2020-092-07,7,1,1FTNS24L54HA,17,12,461,2004,21,4,21,0,1,F,1,2328,5,0,1,1,51,2,72,1,0,0,995,0,0,0,92591,1,1,2,1,4,2,1,1,1,1,3,3,0,0,1,1,1,2,9,0,1,2,17,99,1,1,4,K,83,0,0,0,0,0,0,0,0,0,0,998,998,0,0,1,3,1,22,-22,0,44402,998,17,22,0,1,0,0,0,0,0,998,0.0,60,60,120,13.7,7.9,15.7,3319.43592778187,7,5
18134,32,92,1-32-2020-092-07,7,2,4T1BK1FK1DU5,17,49,40,2013,4,1,3,0,1,F,1,1441,5,0,1,1,49,2,72,1,0,0,995,0,0,0,70001,2,2,2,1,4,2,1,1,1,1,1,1,0,0,1,1,1,2,9,0,11,4,66,2,1,1,4,K,82,0,0,0,0,0,0,0,0,0,0,240,330,0,0,0,1,3,23,-22,8,31785,998,69,21,0,4,0,0,0,0,0,995,9.8,998,998,998,99.8,99.8,99.8,3319.43592778187,7,5
18135,32,93,1-32-2020-093-03,3,1,JM1BK3238512,17,41,51,2005,4,1,2,0,1,R,1,1230,5,0,1,1,12,2,64,1,0,0,995,0,0,0,75075,1,2,0,1,3,2,2,1,1,2,3,3,0,0,1,1,0,0,9,1,15,2,11,1,1,1,2,F,46,0,0,0,0,0,0,0,0,0,0,60,55,0,0,0,1,1,17,14,-8,6337,998,-53,10,0,4,99,99,0,5,0,995,9.8,998,998,998,99.8,99.8,99.8,709.104505790928,7,5
18135,32,93,1-32-2020-093-03,3,2,1C6RR6TT5HS7,17,7,482,2017,34,5,31,0,1,F,1,2245,5,9999,9,1,15,2,64,1,0,0,995,0,0,0,75075,1,2,0,1,3,1,2,1,1,2,0,3,0,0,1,1,0,0,9,0,1,4,60,4,1,1,2,F,45,0,0,0,0,0,0,0,0,0,0,55,60,0,0,0,1,1,9,-8,5,18575,998,67,13,0,4,99,99,0,5,0,995,9.8,998,998,998,99.8,99.8,99.8,709.104505790928,7,5
18136,32,94,1-32-2020-094-04,4,1,1N4AL3AP7GC1,17,35,47,2016,4,1,4,0,1,F,1,1453,5,0,1,1,13,2,105,1,0,0,995,0,0,0,75104,2,2,1,2,2,2,1,1,1,9,3,1,0,0,1,1,0,0,9,0,1,3,52,4,1,1,2,D,28,0,0,0,0,0,0,0,0,0,0,55,45,0,0,0,1,10,999,999,999,9999999,999,-11,18,2,0,0,0,0,0,0,995,9.8,998,998,998,99.8,99.8,99.8,2077.23323400208,7,5
18136,32,94,1-32-2020-094-04,4,2,999999999999,99,12,499,9999,48,6,48,99,1,B,9,9999,9,9999,9,0,998,5,105,1,9,0,995,0,9,0,99999,9,9,1,2,2,2,1,1,1,9,3,1,0,0,1,1,0,0,9,0,2,3,53,99,1,1,2,D,29,0,0,0,0,0,0,0,0,0,0,45,55,0,0,0,1,0,999,999,999,9999999,999,999,999,9,0,95,95,95,95,0,995,9.8,998,998,998,99.8,99.8,99.8,2077.23323400208,7,5
18137,66,45,1-66-2020-045-07,7,1,5J6RE4H75BL0,17,37,402,2011,14,3,14,0,1,F,1,1604,5,0,1,1,17,2,89,1,0,0,995,0,7,0,85390,9,9,0,4,2,1,2,1,1,1,1,2,0,0,1,8,0,0,3,1,1,2,13,1,1,4,1,A,1,0,0,0,0,0,0,0,0,0,0,998,998,0,1,0,1,10,999,999,999,9999999,999,999,999,6,0,99,99,0,99,0,998,0.0,120,120,0,8.8,1.5,9.0,176.644743101493,6,5
18138,66,46,1-66-2020-046-07,7,1,2C3CDXBG8DH6,17,7,24,2013,4,1,5,0,1,F,1,1797,5,0,1,1,16,2,40,1,0,0,995,0,7,0,65705,9,9,2,4,2,1,2,2,1,1,0,0,0,0,3,2,0,0,1,0,1,4,66,98,1,1,5,L,88,0,0,0,0,0,0,0,0,0,0,5,270,0,0,0,1,1,17,-17,-3,25800,998,-41,18,0,1,99,99,0,99,0,995,9.8,998,998,998,99.8,99.8,99.8,176.644743101493,6,5
18138,66,46,1-66-2020-046-07,7,2,5NPEB4AC4DH5,17,55,33,2013,4,1,4,0,1,L,1,1475,5,0,1,1,16,2,40,1,0,0,995,0,7,0,65712,9,9,2,4,2,1,2,2,1,1,0,0,0,0,3,2,2,2,9,0,1,2,17,99,1,1,5,L,89,0,0,0,0,0,0,0,0,0,0,270,5,0,0,0,1,1,20,-3,19,23556,998,-57,18,0,1,99,99,0,99,0,995,9.8,998,998,998,99.8,99.8,99.8,176.644743101493,6,5
18140,27,48,1-27-2020-048-02,2,1,JM1GJ1V50G14,17,41,50,2016,4,1,4,0,1,R,2,1474,5,0,1,1,7,2,80,1,9,1,215,2,9,1,01201,1,2,0,4,2,1,2,1,2,4,1,2,0,0,3,1,0,0,9,1,14,2,12,2,4,4,1,B,7,1,1,1,2,1,4,61,1,1,15,998,998,0,0,2,6,7,999,999,999,9999999,999,999,999,7,0,2,9,0,3,3,998,2.9,8,8,-40,21.6,10.9,23.3,18.3538797245497,3,5
18141,31,43,1-31-2020-043-08,8,1,1G2ZH1580642,17,22,22,2006,2,1,4,0,1,T,3,1548,5,9999,9,1,24,2,89,1,0,0,995,0,0,0,62979,9,9,0,4,2,1,2,1,1,1,1,2,0,0,2,1,0,0,9,1,1,6,87,8,3,4,1,A,3,1,6,2,2,1,4,61,1,2,20,997,997,0,0,0,2,6,999,999,999,9999999,999,999,999,8,0,9,97,0,8,3,997,0.0,120,120,-120,14.2,5.2,15.1,235.760097906673,6,5
18142,31,44,1-31-2020-044-08,8,1,1FTCR10A7TUA,17,12,471,1996,34,5,30,0,1,F,2,1347,5,9999,9,1,32,2,89,1,0,0,995,0,0,0,62984,9,9,0,4,2,1,2,1,1,4,1,4,0,0,1,5,0,0,9,1,1,2,12,99,1,4,1,B,6,0,0,0,0,0,0,0,0,0,0,998,998,0,0,7,1,8,999,999,999,9999999,999,999,999,7,0,1,2,0,4,0,998,1.5,29,29,120,17.3,3.6,17.6,235.760097906673,6,5
18144,12,52,1-12-2020-052-07,7,1,5J6RE3H30BL0,17,37,402,2011,14,3,14,0,1,L,1,1597,5,0,1,1,7,2,56,1,0,0,995,0,0,0,73443,9,9,2,4,3,2,1,1,1,1,1,2,0,0,1,1,2,2,9,0,11,2,15,99,1,1,4,K,82,0,0,0,0,0,0,0,0,0,0,150,265,0,0,0,1,3,9,-6,7,9253,998,-132,9,0,4,99,99,0,0,0,995,9.8,998,998,998,99.8,99.8,99.8,960.093824284171,9,5
18144,12,52,1-12-2020-052-07,7,2,1FMJK1JT4LEA,17,12,422,2020,15,3,15,0,1,F,1,2551,5,9999,9,0,998,5,56,1,0,0,995,0,0,0,73443,9,9,2,1,3,2,1,1,1,1,0,2,0,0,1,1,0,0,9,0,1,4,67,99,1,1,4,K,83,0,0,0,0,0,0,0,0,0,0,265,150,0,0,0,1,3,6,-5,-2,4490,998,-84,6,0,4,95,95,95,95,0,995,9.8,998,998,998,99.8,99.8,99.8,960.093824284171,9,5
18145,12,53,1-12-2020-053-03,3,1,5NPD84LF8HH0,17,55,35,2017,4,1,3,0,1,F,2,1275,5,0,1,1,13,2,105,1,0,0,995,0,0,0,73401,1,2,2,4,2,1,2,1,1,1,1,2,2,3,1,1,0,0,1,1,1,2,17,2,1,2,4,J,73,0,0,0,0,0,0,0,0,0,0,220,175,0,0,0,1,5,999,999,999,9999999,999,999,999,7,0,1,1,0,0,0,995,9.8,998,998,998,99.8,99.8,99.8,215.144928295839,9,5
18145,12,53,1-12-2020-053-03,3,2,3C6UR5CL9JG3,17,7,482,2018,34,5,31,0,1,L,1,3090,5,0,1,3,20,2,105,1,0,0,995,0,0,0,73030,9,9,2,4,2,1,2,1,1,1,1,2,2,3,1,1,0,0,9,0,11,4,60,1,1,1,4,J,72,0,0,0,0,0,0,0,0,0,0,175,220,1,0,0,1,5,999,999,999,9999999,999,999,999,6,0,0,0,0,0,0,995,9.8,998,998,998,99.8,99.8,99.8,215.144928295839,9,5
18147,76,48,1-76-2020-048-03,3,1,1FMCU9GD6HUD,17,12,402,2017,14,3,14,0,1,F,3,1668,5,0,1,1,20,2,89,1,8,9,998,8,7,9,10704,9,9,2,4,2,1,2,1,1,1,1,2,0,0,1,1,0,0,9,0,11,2,15,98,1,1,4,J,68,0,0,0,0,0,0,0,0,0,0,10,190,0,0,0,1,3,55,-55,0,166626,998,0,49,0,4,0,0,0,0,0,995,9.8,998,998,998,99.8,99.8,99.8,15.8345460521654,3,5
18147,76,48,1-76-2020-048-03,3,2,1C6RR7TT5KS5,17,7,482,2019,34,5,31,0,1,F,2,2373,5,0,1,1,20,2,89,1,8,0,995,0,7,0,13782,9,9,2,4,2,1,2,1,1,1,1,2,0,0,1,1,0,0,9,0,1,4,62,4,1,1,4,J,69,0,0,0,0,0,0,0,0,0,0,190,10,0,0,0,1,3,39,-39,0,186364,998,0,44,0,2,2,4,0,4,0,995,1.1,999,999,999,99.9,99.9,99.9,15.8345460521654,3,5
18148,19,91,1-19-2020-091-09,9,1,WBANA73585CR,17,34,35,2005,4,1,4,0,1,F,2,1575,5,0,1,1,2,2,89,1,0,0,995,0,0,0,35952,1,9,0,4,2,1,2,1,2,1,1,2,2,3,1,1,0,0,3,1,14,2,13,99,1,4,1,A,1,1,4,2,2,2,4,60,4,2,23,998,998,0,1,0,1,12,999,999,999,9999999,999,999,999,7,0,1,1,0,4,3,998,0.7,120,120,-70,29.7,0.9,29.5,611.606315965053,9,5
18149,19,92,1-19-2020-092-08,8,1,1B7FL26X9NS5,17,7,472,1992,34,5,30,0,1,F,9,1347,5,9999,9,0,998,2,72,1,0,1,0,2,0,1,35966,1,2,0,4,2,1,2,1,1,2,1,2,0,0,1,1,0,0,3,1,1,2,12,1,1,4,1,B,6,0,0,0,0,0,0,0,0,0,0,998,998,0,1,2,1,0,999,999,999,9999999,999,999,999,9,0,1,1,0,3,0,998,0.2,21,21,81,9.9,4.7,10.9,87.9613302685543,9,5
18150,19,93,1-19-2020-093-05,5,1,3N1AB7APXFY2,17,35,43,2015,4,1,3,0,1,R,3,1293,5,0,1,1,3,2,56,1,0,1,0,2,0,0,35592,1,2,2,4,2,1,2,1,1,4,1,2,0,0,1,1,2,2,2,0,1,2,17,7,1,1,5,L,87,0,0,0,0,0,0,0,0,0,0,75,335,0,1,0,1,1,44,-22,-38,143293,998,1,49,0,1,5,50,2,3,0,995,9.8,998,998,998,99.8,99.8,99.8,61.4181527827887,9,5
18150,19,93,1-19-2020-093-05,5,2,3D7KS28L89G5,17,7,482,2009,34,5,31,0,1,F,1,2719,5,0,1,1,3,3,72,1,0,0,995,0,0,0,35907,1,9,2,3,2,1,2,1,1,4,1,3,0,0,1,1,0,0,1,0,1,4,66,99,1,1,5,L,86,0,0,0,0,0,0,0,0,0,0,335,75,0,1,0,1,1,24,-22,8,49298,998,90,19,0,1,0,0,0,0,0,995,9.8,998,998,998,99.8,99.8,99.8,61.4181527827887,9,5
18151,19,94,1-19-2020-094-03,3,1,5TDZY64A68S0,17,49,422,2008,15,3,15,0,1,F,1,2581,5,9999,9,0,998,5,72,1,0,0,995,0,0,0,35956,9,9,2,1,3,1,2,1,1,1,1,3,2,2,1,1,0,0,9,0,1,3,52,4,1,1,2,D,28,0,0,0,0,0,0,0,0,0,0,115,110,0,0,0,1,3,5,-5,-1,2533,998,-41,5,0,4,95,95,95,95,0,995,9.8,998,998,998,99.8,99.8,99.8,109.486723263458,9,5
18151,19,94,1-19-2020-094-03,3,2,JTDS4RCE8LJ0,17,49,32,2020,4,1,3,0,1,B,1,1395,5,0,1,1,8,2,72,1,0,0,995,0,0,0,35954,1,2,2,1,3,1,2,1,1,1,1,3,2,2,1,1,0,0,1,0,2,3,53,2,1,1,2,D,29,0,0,0,0,0,0,0,0,0,0,110,115,0,0,0,1,3,9,9,2,6957,998,-90,9,0,4,1,2,0,4,0,995,9.8,998,998,998,99.8,99.8,99.8,109.486723263458,9,5
18151,19,94,1-19-2020-094-03,3,3,5TDYK3DC7BS1,17,49,442,2011,20,4,20,0,1,B,9,2045,5,9999,9,0,998,5,72,1,0,0,995,0,0,0,38834,9,9,2,1,3,1,2,1,1,1,1,3,2,2,1,1,0,0,1,0,5,3,53,1,1,1,6,M,98,0,0,0,0,0,0,0,0,0,0,105,105,0,0,0,2,0,999,999,999,9999999,999,999,999,9,0,95,95,95,95,0,995,9.8,998,998,998,99.8,99.8,99.8,109.486723263458,9,5
18152,26,94,1-26-2020-094-03,3,1,3CZRU5H32GM7,17,37,404,2016,14,3,14,0,1,F,3,1320,5,0,1,1,11,2,72,1,1,1,90,1,0,0,95673,1,9,0,1,3,2,2,1,1,1,1,3,0,0,4,8,0,0,1,1,1,2,13,1,1,4,1,A,1,0,0,0,0,0,0,0,0,0,0,998,998,0,0,1,1,12,999,999,999,9999999,999,999,999,8,0,99,99,0,99,0,998,1.7,37,37,102,0.0,0.0,0.0,385.508508424433,10,5
18153,26,95,1-26-2020-095-01,1,1,4S3BH6750376,17,48,34,2003,6,1,3,0,1,F,9,1617,5,9999,9,0,998,2,105,1,9,1,243,4,9,2,95476,1,9,0,2,2,2,2,1,1,9,3,2,1,3,2,1,0,0,9,0,1,3,54,99,9,1,3,G,52,0,0,0,0,0,0,0,0,0,0,270,90,0,0,0,1,0,999,999,999,9999999,999,999,999,9,0,9,0,0,1,0,995,9.8,998,998,998,99.8,99.8,99.8,27.0400738735143,10,5
18153,26,95,1-26-2020-095-01,1,2,1HGCB9870NA0,17,37,32,1992,6,1,3,99,1,F,9,1450,5,9999,9,0,998,2,105,1,9,1,0,4,9,2,96009,1,9,0,2,2,2,2,1,1,9,3,2,1,3,2,1,0,0,9,0,1,3,54,99,9,1,3,G,52,1,3,2,5,1,1,61,1,1,12,90,270,0,0,0,1,0,999,999,999,9999999,999,999,999,9,0,5,38,1,1,3,995,9.8,998,998,998,99.8,99.8,99.8,27.0400738735143,10,5
18154,26,96,1-26-2020-096-04,4,1,3N1AB7AP2HY2,17,35,43,2017,4,1,3,0,1,L,1,1300,5,0,1,1,14,2,40,1,0,0,995,0,0,0,95673,1,9,3,4,2,1,2,1,1,1,0,2,0,0,5,1,0,0,2,1,12,2,21,2,1,2,6,M,98,0,0,0,0,0,0,0,0,0,0,5,40,0,0,0,1,5,999,999,999,9999999,999,999,13,2,0,99,99,0,99,0,995,9.8,998,998,998,99.8,99.8,99.8,1503.23423073676,10,5
18154,26,96,1-26-2020-096-04,4,2,1HD1YJJ29LB0,17,72,706,2020,80,9,80,0,1,F,9,,,,,,,2,40,1,0,0,995,0,0,0,95673,9,9,3,4,2,1,2,1,1,1,0,2,0,0,5,1,0,0,1,1,1,3,51,7,1,2,6,M,98,,,,,,,,,,,,,,,,,,,,,,,,,,,95,95,95,95,,,9.8,998,998,998,99.8,99.8,99.8,1503.23423073676,10,5
18157,18,44,1-18-2020-044-03,3,1,2GNFLEEK6E63,17,20,404,2014,14,3,14,0,1,F,3,1782,5,0,1,1,11,2,89,1,1,0,995,0,0,0,54742,1,9,2,4,2,1,2,1,1,1,1,2,0,0,2,1,2,2,3,0,1,3,51,1,1,1,2,D,24,0,0,0,0,0,0,0,0,0,0,270,270,0,0,0,1,1,59,-59,0,163174,998,25,47,0,4,0,0,0,0,0,995,9.8,998,998,998,99.8,99.8,99.8,80.3385692412094,6,5
18157,18,44,1-18-2020-044-03,3,2,JTMRFREVXHJ7,17,49,402,2017,14,3,14,99,1,B,3,1581,5,68,2,1,20,2,89,1,0,0,995,0,0,0,54729,1,2,2,4,2,1,2,1,1,1,1,2,0,0,2,1,2,2,1,0,3,3,53,1,1,1,2,D,25,0,0,0,0,0,0,0,0,0,0,270,270,0,0,0,1,1,60,60,0,348516,998,0,70,0,4,1,3,0,6,0,995,9.8,998,998,998,99.8,99.8,99.8,80.3385692412094,6,5
18158,29,94,1-29-2020-094-09,9,1,999999999999,99,49,472,1999,34,5,30,0,1,R,1,1524,5,9999,9,0,998,2,64,1,9,0,995,0,9,0,02860,9,9,2,4,3,2,2,2,1,1,1,2,0,0,1,2,1,2,9,1,11,1,6,99,4,2,4,K,84,0,0,0,0,0,0,0,0,0,0,330,200,0,1,0,1,3,19,-6,-18,38507,998,39,24,0,4,99,99,0,8,0,995,2.0,120,120,-120,12.0,7.6,14.0,236.156488434503,2,5
18158,29,94,1-29-2020-094-09,9,2,5Y2SL65817Z4,17,22,32,2007,6,1,2,0,1,F,1,1227,5,0,1,1,34,2,64,1,0,0,995,0,0,0,02771,1,2,2,4,4,2,2,2,1,1,1,2,0,0,1,2,1,2,1,0,1,4,62,7,1,1,4,K,84,0,0,0,0,0,0,0,0,0,0,200,330,0,0,0,1,3,23,-22,-8,14693,998,-36,16,0,4,0,0,0,0,0,995,9.8,998,998,998,99.8,99.8,99.8,236.156488434503,2,5
18159,29,95,1-29-2020-095-03,3,1,JTHB21B15K20,17,59,31,2019,4,1,4,0,1,F,1,1680,5,0,1,1,17,2,40,1,0,0,995,0,9,0,02719,1,2,0,4,2,1,2,2,2,1,1,2,0,0,1,8,0,0,3,1,14,2,10,1,1,2,3,I,64,0,0,0,0,0,0,0,0,0,0,150,40,0,0,0,1,5,999,999,999,9999999,999,999,23,2,0,1,1,0,5,0,995,9.8,998,998,998,99.8,99.8,99.8,85.4802505447714,2,5