CASEID,PSU,CASENO,CASENUMBER,CATEGORY,VEHNO,VIN,VINLENGTH,MAKE,MODEL,MODELYR,BODYTYPE,BODYCAT,VEHCLASS,SPECUSE,TRANSTAT,DAMPLANE,DAMSEV,CURBWT,CURBSRC,CARGOWT,CARGOSRC,INSPTYPE,INSPLAG,TOWED,SPEEDLIMIT,DRPRESENT,PARALCOHOL,ALCTEST,ALCTESTRESULT,ALCTESTSRC,PARDRUG,DRUGTEST,ZIP,RACE,ETHNICITY,RELTOJUNCT,TRAFFLOW,RDLANES,INITLANE,SURFTYPE,SURFCOND,ALIGNMENT,PROFILE,LINERIGHT,LINELEFT,RUMBINIT,RUMBROAD,LIGHTCOND,WEATHER,TRAFDEV,TRAFFUNCT,DISTRACT,PREFHE,PREMOVE,CRITCAT,CRITEVENT,MANEUVER,PRESTAB,PRELOC,CRASHCAT,CRASHCONF,CRASHTYPE,ROLLTYPE,ROLLTURN,ROLLINTRPT,ROLLPREMAN,ROLLINITYP,ROLLINLOC,ROLLOBJ,ROLLTRIP,ROLLDIR,ROLLDIST,DVANGTHIS,DVANGOTH,TOWHITCH,TRAJDOC,TREEPOLE,DVEVENT,DVBASIS,DVTOTAL,DVLONG,DVLAT,DVENERGY,DVSPEED,DVMOMENT,DVBES,DVEST,DVCONF,VAIS,VISS,VINJURED,VTREAT,INITOBJCLASS,HEADANGLECAT,SHLDRWIDTH,STRKLENGTH,STRKWIDTH,STRKHEIGHT,EDGEDISTX,EDGEDISTY,EDGEDISTZ,CASEWGT,PSUSTRAT,VERSION
18159,29,95,1-29-2020-095-03,3,2,1GTSKVE34AZ1,17,23,481,2010,34,5,31,0,1,L,1,2408,5,0,1,1,8,2,40,1,0,0,995,0,0,0,02740,9,9,0,4,2,1,2,2,3,1,1,2,0,0,1,8,0,0,1,1,14,4,62,4,1,2,3,I,65,0,0,0,0,0,0,0,0,0,0,40,150,1,0,0,1,5,999,999,999,9999999,999,999,999,2,0,9,97,0,8,0,995,9.8,998,998,998,99.8,99.8,99.8,85.4802505447714,2,5
18160,29,96,1-29-2020-096-04,4,1,2GTEK13M4715,17,23,481,2007,34,5,31,0,1,F,1,2416,5,0,2,1,7,2,40,1,8,9,998,8,7,9,02719,1,2,3,4,2,1,2,1,1,1,0,0,0,0,1,8,0,0,1,0,11,2,15,1,1,1,4,K,82,0,0,0,0,0,0,0,0,0,0,125,245,0,0,0,1,5,999,999,999,9999999,999,999,12,2,0,0,0,0,0,0,995,9.8,998,998,998,99.8,99.8,99.8,116.73767882123,2,5
18160,29,96,1-29-2020-096-04,4,2,JM3KE4DY2G08,17,41,403,2016,14,3,14,0,1,F,1,1629,5,0,2,1,6,2,40,1,8,9,998,8,7,9,02719,1,2,3,4,2,1,2,1,1,1,1,2,0,0,1,8,0,0,1,0,1,4,72,7,1,1,4,K,83,0,0,0,0,0,0,0,0,0,0,245,125,0,1,0,1,5,999,999,999,9999999,999,999,14,2,0,0,0,0,6,0,995,2.2,28,26,11,0.0,0.0,0.0,116.73767882123,2,5
18161,29,97,1-29-2020-097-07,7,1,JN8AS5MV2FW7,17,35,51,2015,6,1,3,0,1,F,2,1610,5,0,1,1,8,2,56,1,0,9,998,8,0,9,02745,9,9,1,4,2,1,2,1,1,4,1,2,0,0,1,8,0,0,9,0,1,3,52,4,1,1,2,D,28,0,0,0,0,0,0,0,0,0,0,250,240,0,0,0,1,3,26,-26,5,44736,998,40,25,0,4,0,0,0,0,0,995,9.8,998,998,998,99.8,99.8,99.8,193.306560450716,2,5
18161,29,97,1-29-2020-097-07,7,2,2HKYF18554H5,17,37,421,2004,15,3,15,0,1,B,1,2007,5,9999,9,0,998,5,56,1,0,9,998,8,0,9,02746,9,9,1,3,1,1,2,1,1,1,1,2,0,0,1,8,3,2,2,0,2,3,53,99,1,1,2,D,30,0,0,0,0,0,0,0,0,0,0,240,250,0,0,0,1,3,23,23,0,47081,998,0,25,0,4,95,95,95,95,0,995,9.8,998,998,998,99.8,99.8,99.8,193.306560450716,2,5
18162,15,57,1-15-2020-057-03,3,1,19UDE2F73KA0,17,54,41,2019,4,1,3,0,1,L,2,1415,5,0,2,4,76,2,64,1,8,9,998,8,7,9,11803,1,2,2,4,2,1,2,1,1,4,1,2,0,0,1,1,2,2,1,0,11,2,15,1,1,1,4,K,82,0,0,0,0,0,0,0,0,0,0,265,15,0,0,0,1,12,999,999,999,9999999,999,999,999,7,0,0,0,0,0,0,995,9.8,998,998,998,99.8,99.8,99.8,33.8359370292136,1,5
18162,15,57,1-15-2020-057-03,3,2,5N1AT2MT2JC7,17,35,51,2018,6,1,3,0,1,F,2,1550,5,9999,9,4,103,5,64,1,8,9,998,8,7,9,11801,9,9,2,4,3,2,2,1,3,1,1,2,0,0,1,1,0,0,9,0,14,4,67,99,1,1,4,K,83,0,0,0,0,0,0,0,0,0,0,15,265,0,0,0,1,12,999,999,999,9999999,999,999,999,7,0,95,95,95,95,0,995,9.8,998,998,998,99.8,99.8,99.8,33.8359370292136,1,5
18164,15,59,1-15-2020-059-07,7,1,2GNFLGEK5F63,17,20,404,2015,14,3,14,0,1,F,2,1782,5,0,1,1,14,2,48,1,8,9,998,8,7,9,11579,1,2,0,4,2,1,2,1,3,1,1,2,0,0,1,1,0,0,1,0,14,3,52,2,1,1,2,D,28,0,0,0,0,0,0,0,0,0,0,180,180,0,0,0,1,3,25,-25,0,42155,998,0,24,0,4,0,0,0,0,0,995,9.8,998,998,998,99.8,99.8,99.8,158.616328344448,1,5
18164,15,59,1-15-2020-059-07,7,2,1C6RR7UT4JS1,17,7,482,2018,34,5,31,0,1,B,1,2443,5,9999,9,0,998,5,48,1,8,9,998,8,7,9,10025,9,9,0,4,2,1,2,1,3,1,1,2,0,0,1,1,0,0,9,0,2,3,53,99,1,1,2,D,29,0,0,0,0,0,0,0,0,0,0,180,180,0,0,0,1,3,19,19,0,38823,998,0,20,0,4,95,95,95,95,0,995,9.8,998,998,998,99.8,99.8,99.8,158.616328344448,1,5
18165,22,64,1-22-2020-064-10,10,1,2GTEK19K1R15,17,23,481,1994,34,5,30,0,1,R,2,2009,5,0,1,1,12,2,80,1,0,0,995,0,0,0,83843,9,9,0,4,2,1,4,1,3,1,0,0,0,0,1,1,0,0,3,1,14,2,13,99,2,4,1,A,2,1,1,1,2,5,4,31,6,1,16,997,997,0,0,0,1,6,999,999,999,9999999,999,999,999,7,0,99,99,0,0,2,997,0.0,120,120,-120,26.0,6.5,26.6,756.843192171865,12,5
18166,22,65,1-22-2020-065-09,9,1,2HGEJ6523WH6,17,37,31,1998,4,1,2,0,1,L,1,1060,5,0,1,1,7,2,80,1,8,0,995,0,7,0,83843,9,9,0,4,2,1,2,2,1,1,1,2,0,0,1,1,0,0,3,1,1,2,13,99,1,4,1,A,1,1,5,1,6,1,4,61,1,2,17,997,997,0,1,0,3,6,999,999,999,9999999,999,999,999,6,0,1,1,0,5,3,997,0.3,3,4,101,42.4,1.5,42.6,148.211084853025,12,5
18167,22,66,1-22-2020-066-10,10,1,4F4YR12C2WTM,17,41,471,1998,34,5,30,0,1,T,1,1372,5,0,1,1,5,2,56,1,0,0,995,0,0,0,99403,9,9,0,4,2,1,2,1,3,4,1,2,0,0,1,1,0,0,3,1,14,2,13,99,1,4,1,A,1,1,2,1,2,1,3,61,1,1,6,997,997,0,0,0,1,6,999,999,999,9999999,999,999,999,6,0,0,0,0,0,3,997,1.0,999,999,999,30.0,5.0,30.0,756.843192171865,12,5
18168,33,59,1-33-2020-059-06,6,1,1FM5K7F86EGC,17,12,401,2014,14,3,14,0,1,R,9,2146,5,9999,9,0,998,2,89,1,0,0,995,0,0,0,95901,3,2,0,4,2,1,2,1,1,1,1,2,0,0,1,1,0,0,3,1,1,2,13,99,1,4,1,A,1,0,0,0,0,0,0,0,0,0,0,998,998,0,0,0,99,0,999,999,999,9999999,999,999,999,9,0,1,1,0,4,0,998,0.0,120,51,73,0.0,0.0,0.0,83.7433780869698,12,5
18169,33,60,1-33-2020-060-08,8,1,1G1ZC5EB5AF2,17,20,37,2010,4,1,4,0,1,F,3,1549,5,0,1,1,17,2,89,1,0,1,174,2,0,1,95973,1,1,0,4,2,1,2,1,2,1,0,2,0,0,1,1,0,0,9,1,14,2,10,1,1,2,3,G,50,0,0,0,0,0,0,0,0,0,0,110,300,0,0,0,1,1,55,-55,0,241567,998,0,62,0,4,2,4,0,3,0,995,9.8,998,998,998,99.8,99.8,99.8,33.259035393675,12,5
18169,33,60,1-33-2020-060-08,8,2,1GTEK19T21E1,17,23,481,2001,34,5,31,0,1,F,3,2154,5,0,1,1,16,2,89,1,0,0,995,0,0,0,95951,1,1,0,1,2,1,2,1,3,1,0,2,0,0,1,1,0,0,1,0,14,4,62,2,1,1,3,G,51,0,0,0,0,0,0,0,0,0,0,300,110,0,0,0,1,1,40,-40,7,99223,998,43,33,0,4,1,1,0,6,0,995,9.8,998,998,998,99.8,99.8,99.8,33.259035393675,12,5
18170,33,61,1-33-2020-061-03,3,1,JHMCD563XRC0,17,37,32,1994,4,1,3,0,1,F,1,1275,5,9999,9,0,998,2,64,1,0,1,0,1,1,3,95966,1,9,0,5,4,1,2,1,2,1,1,3,0,0,1,1,0,0,9,1,14,2,10,1,1,2,3,I,64,0,0,0,0,0,0,0,0,0,0,330,175,0,0,0,1,3,14,-14,-2,9190,998,-34,13,0,4,99,99,0,99,0,995,2.9,5,5,120,11.8,0.9,0.3,41.3979960630342,12,5
18170,33,61,1-33-2020-061-03,3,2,JTDZN3EU0HJ0,17,49,46,2017,5,1,4,0,1,L,1,1505,5,0,1,1,16,2,64,1,0,0,995,0,0,0,97420,1,9,0,5,4,1,2,1,1,1,1,2,0,0,1,1,0,0,9,1,1,4,62,98,1,4,3,I,65,0,0,0,0,0,0,0,0,0,0,175,330,0,0,0,1,3,12,-11,4,16479,998,-115,13,0,4,1,1,0,8,0,995,2.9,5,5,120,7.6,1.0,7.7,41.3979960630342,12,5
18171,15,60,1-15-2020-060-03,3,1,1GYS4HKJ4KR3,17,19,421,2019,15,3,15,0,1,R,2,2740,5,0,1,1,15,2,48,1,8,0,995,0,7,0,11791,1,2,2,1,3,3,2,1,1,1,1,2,0,0,1,1,0,0,9,0,11,2,15,2,1,1,4,J,68,0,0,0,0,0,0,0,0,0,0,70,20,0,0,0,1,3,32,-11,-30,356459,998,72,52,0,4,2,9,0,4,0,995,9.8,998,998,998,99.8,99.8,99.8,33.8359370292136,1,5
18171,15,60,1-15-2020-060-03,3,2,1J8GR48K08C1,17,2,404,2008,14,3,14,0,1,F,3,2014,5,9999,9,0,998,2,48,1,8,1,0,2,7,2,11542,9,9,2,2,2,1,2,1,1,1,1,3,0,0,1,1,0,0,9,0,1,4,62,99,1,1,4,J,69,0,0,0,0,0,0,0,0,0,0,20,70,0,0,0,1,3,43,-21,37,193387,998,186,29,0,4,2,5,0,3,0,995,9.8,998,998,998,99.8,99.8,99.8,33.8359370292136,1,5
18172,18,45,1-18-2020-045-03,3,1,JHMEH626XPS0,17,37,31,1993,4,1,2,0,1,R,3,1027,5,9999,9,0,998,5,72,1,8,0,995,0,7,0,55122,9,9,2,1,5,5,1,1,1,1,0,0,0,0,1,1,1,2,9,0,11,2,15,99,1,1,4,J,68,0,0,0,0,0,0,0,0,0,0,195,90,0,0,0,1,3,40,-14,-38,88099,998,48,44,0,4,95,95,95,95,0,995,9.8,998,998,998,99.8,99.8,99.8,80.3385692412094,6,5
18172,18,45,1-18-2020-045-03,3,2,3GTU2PECXHG3,17,23,481,2017,34,5,31,0,1,F,1,2394,5,0,1,1,9,3,72,1,0,0,995,0,0,0,54703,1,9,2,1,4,2,1,1,1,1,1,3,0,0,1,1,1,2,1,0,1,4,62,2,1,1,4,J,69,0,0,0,0,0,0,0,0,0,0,90,195,0,0,0,1,3,17,-16,3,18389,998,98,12,0,4,1,1,0,5,0,995,9.8,998,998,998,99.8,99.8,99.8,80.3385692412094,6,5
18173,21,78,1-21-2020-078-05,5,1,1HGCR2F33EA0,17,37,32,2014,4,1,4,0,1,F,9,1496,5,9999,9,0,998,2,113,1,0,0,995,0,0,0,90037,2,9,0,1,2,1,2,1,1,9,1,3,2,3,2,1,0,0,3,1,1,2,13,7,1,4,1,A,1,0,0,0,0,0,0,0,0,0,0,998,998,0,0,0,1,0,999,999,999,9999999,999,999,999,9,0,3,13,1,4,0,998,3.7,999,999,999,49.7,3.8,49.8,31.5795971995564,11,5
18174,21,79,1-21-2020-079-08,8,1,1J4FA59S22P7,17,2,403,2002,14,3,14,0,1,R,1,1388,5,0,1,1,29,2,64,1,1,1,297,2,0,2,92346,1,9,2,4,3,2,2,1,3,9,1,2,0,0,2,1,0,0,9,0,11,2,15,99,1,1,4,J,68,0,0,0,0,0,0,0,0,0,0,25,235,0,0,0,1,3,17,-16,-6,26303,998,69,18,0,4,2,8,0,4,0,995,9.8,998,998,998,99.8,99.8,99.8,106.373823744425,11,5
18174,21,79,1-21-2020-079-08,8,2,YV1SW59V3424,17,51,43,2004,6,1,3,0,1,F,1,1485,5,9999,9,0,998,2,64,1,0,0,995,0,0,0,92359,1,9,2,4,3,1,2,1,2,9,1,1,0,0,2,1,0,0,1,0,14,4,62,2,1,1,4,J,69,0,0,0,0,0,0,0,0,0,0,235,25,0,0,0,1,3,16,-16,3,14552,998,37,15,0,4,0,0,0,0,0,995,9.8,998,998,998,99.8,99.8,99.8,106.373823744425,11,5
18175,21,80,1-21-2020-080-03,3,1,3C63RRGL4JG3,17,7,482,2018,34,5,31,0,1,L,9,3324,5,46,2,0,998,2,89,1,0,0,995,0,0,0,33014,1,1,1,2,4,1,2,1,2,9,1,3,2,2,4,1,0,0,1,1,14,2,12,2,9,4,1,B,7,1,1,2,1,1,2,61,1,2,8,999,999,1,0,0,99,0,999,999,999,9999999,999,999,999,9,0,0,0,0,0,3,999,3.5,999,999,999,0.0,0.0,0.0,153.063567531302,11,5
18176,21,81,1-21-2020-081-09,9,1,1YVHZ8BH1A5M,17,41,50,2010,4,1,4,0,1,F,3,1486,5,9999,9,1,35,2,56,1,9,0,995,0,9,0,99999,9,9,2,5,5,3,2,1,1,1,3,2,0,0,3,1,1,2,9,1,11,2,13,3,2,4,1,A,1,0,0,0,0,0,0,0,0,0,0,998,998,0,0,1,2,1,57,-57,0,191092,998,20,57,0,4,99,99,0,99,0,998,2.5,28,15,4,0.0,0.0,0.0,705.590017497526,11,5
18177,20,47,1-20-2020-047-03,3,1,4T1B61HK4KU7,17,49,40,2019,4,1,4,0,1,T,1,1520,5,0,1,1,19,2,89,1,1,8,997,8,0,9,93635,9,1,0,4,2,1,2,1,1,1,1,2,2,3,2,8,0,0,1,1,1,2,13,7,1,4,1,A,1,1,2,1,2,5,4,31,1,1,6,997,997,0,1,0,1,6,999,999,999,9999999,999,999,999,6,0,9,97,0,8,2,997,2.3,65,60,120,11.5,6.5,13.4,587.292438349496,11,5
18178,30,76,1-30-2020-076-05,5,1,4T1BF3EK9BU1,17,49,40,2011,4,1,4,0,1,R,2,1500,5,0,1,1,50,2,121,1,0,1,120,2,0,0,85712,1,9,0,1,2,2,2,1,1,1,3,2,1,3,1,1,0,0,3,1,1,2,12,1,1,4,1,B,6,0,0,0,0,0,0,0,0,0,0,998,998,0,0,9,2,12,999,999,999,9999999,999,999,999,7,0,1,1,0,4,0,998,3.3,999,999,999,99.9,99.9,99.9,50.4722118136646,10,5
18179,30,77,1-30-2020-077-03,3,1,1N6AD0ER9GN7,17,35,472,2016,34,5,31,0,1,F,9,2085,5,9999,9,0,998,5,105,1,0,0,995,0,0,0,85395,9,9,0,2,7,6,2,1,1,1,3,1,0,0,1,1,0,0,9,0,1,3,50,99,1,1,2,D,20,0,0,0,0,0,0,0,0,0,0,275,275,0,0,0,1,0,999,999,999,9999999,999,999,999,9,0,95,95,95,95,0,995,9.8,998,998,998,99.8,99.8,99.8,447.494113819992,10,5
18179,30,77,1-30-2020-077-03,3,2,KM8J33AL2KU0,17,55,402,2019,14,3,14,0,1,B,9,1560,5,0,1,6,21,2,105,1,0,0,995,0,0,0,85392,1,2,0,2,7,6,2,1,1,1,3,1,0,0,1,1,0,0,1,0,5,3,53,1,1,1,2,D,21,0,0,0,0,0,0,0,0,0,0,275,275,0,0,0,1,12,999,999,999,9999999,999,999,999,9,0,0,0,0,0,0,995,9.8,998,998,998,99.8,99.8,99.8,447.494113819992,10,5
18179,30,77,1-30-2020-077-03,3,3,1G1ZH57BX9F1,17,20,37,2009,4,1,4,0,1,B,9,1569,5,9999,9,0,998,5,105,1,0,0,995,0,0,0,85353,9,9,2,2,7,6,2,1,1,1,3,1,0,0,1,1,0,0,1,0,5,3,53,1,1,1,6,M,98,0,0,0,0,0,0,0,0,0,0,275,275,0,0,0,2,0,999,999,999,9999999,999,999,999,9,0,95,95,95,95,0,995,9.8,998,998,998,99.8,99.8,99.8,447.494113819992,10,5
18180,30,78,1-30-2020-078-08,8,1,1GNDT13X93K1,17,20,403,2003,14,3,14,0,1,T,2,1835,5,0,1,5,17,2,105,1,0,0,995,0,0,0,85544,9,9,0,3,2,1,2,1,1,1,1,3,2,3,1,1,0,0,9,1,1,2,12,1,9,4,1,B,6,1,4,2,2,1,4,61,1,2,16,997,997,0,0,0,1,6,999,999,999,9999999,999,999,999,7,0,9,0,0,8,3,997,9.8,998,998,998,99.8,99.8,99.8,300.759339377117,10,5
18181,23,32,1-23-2020-032-05,5,1,1FUJGLDR3GLH,17,82,881,2016,66,8,68,0,1,B,9,,,,,,,5,113,1,0,0,995,0,0,0,44313,9,9,0,2,3,1,2,2,1,1,1,3,2,3,1,2,0,0,1,0,1,3,53,1,1,1,2,D,25,,,,,,,,,,,,,,,,,,,,,,,,,,,95,95,95,95,,,9.8,998,998,998,99.8,99.8,99.8,210.924876430152,5,5
18181,23,32,1-23-2020-032-05,5,2,1G11C5SL5FF2,17,20,37,2015,4,1,3,0,1,B,3,1625,5,9999,9,4,59,2,113,1,0,0,995,0,0,0,46952,9,9,0,2,3,1,2,2,1,1,1,3,2,3,1,2,0,0,1,0,1,3,51,99,9,1,2,D,24,0,0,0,0,0,0,0,0,0,0,998,998,0,0,0,3,12,999,999,999,9999999,999,999,999,8,0,9,97,0,8,0,998,4.0,999,999,999,0.5,0.5,0.7,210.924876430152,5,5
18181,23,32,1-23-2020-032-05,5,3,1G1AB5F5XA71,17,20,22,2010,4,1,2,0,1,F,9,1261,5,9999,9,0,998,2,113,1,0,0,995,0,0,0,44125,9,9,0,2,3,2,2,2,1,1,3,3,0,3,1,2,0,0,1,0,1,4,61,99,9,1,6,M,98,0,0,0,0,0,0,0,0,0,0,225,55,0,0,0,2,0,999,999,999,9999999,999,999,999,9,0,9,97,0,8,0,995,9.8,998,998,998,99.8,99.8,99.8,210.924876430152,5,5
18182,26,98,1-26-2020-098-05,5,1,WBAGH83471DP,17,34,37,2001,4,1,5,0,1,F,1,1945,5,0,1,1,13,2,64,1,0,0,995,0,0,0,95608,2,9,2,1,3,2,2,1,1,1,3,1,0,0,3,1,1,2,1,0,1,2,17,2,1,1,5,L,88,0,0,0,0,0,0,0,0,0,0,55,325,0,1,0,1,1,15,-12,-10,23159,998,-113,14,0,1,1,1,0,99,0,995,9.8,998,998,998,99.8,99.8,99.8,35.4942113079088,10,5
18182,26,98,1-26-2020-098-05,5,2,2T3YFREV1EW0,17,49,402,2014,14,3,14,0,1,L,1,1615,5,0,1,1,13,2,64,1,1,1,37,2,1,9,95608,1,2,2,1,3,1,2,1,1,1,3,3,0,0,3,1,1,2,9,0,1,4,66,4,1,1,5,L,89,0,0,0,0,0,0,0,0,0,0,325,55,0,1,0,1,1,18,-12,14,32072,998,51,20,0,1,5,30,1,3,0,995,2.0,40,48,44,0.9,0.4,1.0,35.4942113079088,10,5
18185,52,102,1-52-2020-102-03,3,1,2C3CDXL99JH1,17,7,24,2018,4,1,5,0,1,F,3,2075,5,0,1,1,6,2,56,1,0,0,995,0,0,0,59102,1,2,2,1,5,1,2,1,1,1,0,3,0,0,1,8,0,0,9,1,1,4,62,4,2,4,1,A,3,0,0,0,0,0,0,0,0,0,0,998,998,0,1,0,4,12,999,999,999,9999999,999,999,999,8,0,1,1,0,0,0,998,0.0,87,15,15,13.7,7.6,15.3,34.117839054314,12,5
18186,52,103,1-52-2020-103-06,6,1,1G11E5SA7DF2,17,20,37,2013,4,1,3,0,1,U,3,1602,5,0,1,1,8,2,24,1,1,0,995,0,0,0,59101,9,9,0,4,2,1,2,1,3,1,0,0,0,0,3,1,0,0,9,1,14,2,13,99,1,4,1,A,1,1,2,1,9,1,1,61,1,2,2,998,998,0,1,0,4,11,999,999,999,9999999,999,999,999,8,0,1,1,0,4,3,998,0.0,120,120,999,13.4,0.9,13.6,69.0164589388676,12,5
18187,52,100,1-52-2020-100-10,10,1,1G2WJ52K7YF2,17,22,20,2000,4,1,4,0,1,F,9,1531,5,0,2,4,9,2,72,1,0,0,995,0,0,0,59106,1,2,0,4,2,1,2,2,1,1,1,2,0,0,1,8,0,0,1,0,1,3,52,99,1,1,2,D,28,0,0,0,0,0,0,0,0,0,0,90,90,0,0,0,1,5,999,999,999,9999999,999,999,999,9,0,0,0,0,0,0,995,9.8,998,998,998,99.8,99.8,99.8,1047.59820667203,12,5
18187,52,100,1-52-2020-100-10,10,2,1GD374CG4B19,17,23,470,2011,28,4,28,0,1,B,9,9999,9,9999,9,4,11,5,72,1,0,0,995,0,0,0,59102,9,9,0,4,2,1,2,2,1,1,1,2,0,0,1,8,0,0,9,0,2,3,53,1,1,1,2,D,29,0,0,0,0,0,0,0,0,0,0,90,90,0,0,0,1,12,999,999,999,9999999,999,999,999,9,0,95,95,95,95,0,995,9.8,998,998,998,99.8,99.8,99.8,1047.59820667203,12,5
18188,52,104,1-52-2020-104-03,3,1,1C4RDJDG1FC7,17,7,422,2015,15,3,15,0,1,L,1,2262,5,0,1,2,4,5,56,1,0,0,995,0,0,0,59102,9,9,2,3,4,2,2,1,1,1,1,1,0,0,1,1,1,2,9,1,11,2,10,4,1,2,4,J,72,0,0,0,0,0,0,0,0,0,0,210,250,0,0,0,1,1,11,4,11,5343,998,-50,7,0,1,95,95,95,95,0,995,9.8,998,998,998,99.8,99.8,99.8,34.117839054314,12,5
18188,52,104,1-52-2020-104-03,3,2,4S4BSANC8H33,17,48,45,2017,5,1,3,0,1,F,1,1614,5,0,1,1,3,2,56,1,0,0,995,0,0,0,59105,1,2,2,3,4,4,2,1,1,1,1,0,0,0,1,1,1,2,1,0,1,4,61,3,9,1,4,J,73,0,0,0,0,0,0,0,0,0,0,250,210,0,0,0,1,1,15,-13,-8,24767,998,-57,18,0,1,1,1,0,5,0,995,9.8,998,998,998,99.8,99.8,99.8,34.117839054314,12,5
18189,16,73,1-16-2020-073-08,8,1,WBAET37435NJ,17,34,34,2005,4,1,3,0,1,R,1,1470,5,0,1,1,18,2,89,1,0,0,995,0,0,0,45241,1,9,1,2,4,3,2,2,2,9,3,3,0,3,1,2,0,0,1,1,14,1,6,99,3,2,2,F,48,0,0,0,0,0,0,0,0,0,0,115,40,0,0,0,1,3,20,7,-19,36274,998,-51,23,0,4,9,0,0,8,0,995,9.8,998,998,998,99.8,99.8,99.8,112.637679506153,5,5
18189,16,73,1-16-2020-073-08,8,2,1GCGG25C5811,17,20,461,2008,21,4,21,0,1,F,1,2188,5,9999,9,0,998,5,89,1,0,0,995,0,0,0,45102,9,9,1,2,4,2,2,2,2,9,3,3,0,3,1,2,0,0,1,0,14,4,60,99,1,1,2,F,48,0,0,0,0,0,0,0,0,0,0,40,115,0,0,0,1,3,15,-14,-3,11399,998,-46,11,0,4,95,95,95,95,0,995,9.8,998,998,998,99.8,99.8,99.8,112.637679506153,5,5
18190,73,50,1-73-2020-050-04,4,1,1C4RJFLGXLC1,17,2,422,2020,15,3,15,0,1,L,1,2211,5,48,1,1,11,2,72,1,8,0,995,0,7,0,07452,9,9,0,4,2,1,2,1,1,2,1,2,0,0,1,8,0,0,1,1,12,2,21,99,1,4,6,M,98,0,0,0,0,0,0,0,0,0,0,30,75,0,0,0,1,12,999,999,999,9999999,999,999,999,6,0,0,0,0,0,0,995,9.8,998,998,998,99.8,99.8,99.8,139.723895564568,3,5
18190,73,50,1-73-2020-050-04,4,2,2G1WB58K2693,17,20,2,2006,4,1,4,0,1,F,1,1630,5,0,1,1,11,2,72,1,8,0,995,0,7,0,04924,9,9,0,4,2,1,2,1,1,2,1,2,0,0,1,8,0,0,1,0,1,4,72,99,1,1,6,M,98,0,0,0,0,0,0,0,0,0,0,75,30,0,1,0,1,12,999,999,999,9999999,999,999,999,6,0,0,0,0,0,0,995,9.8,998,998,998,99.8,99.8,99.8,139.723895564568,3,5
18191,25,64,1-25-2020-064-03,3,1,YV4CZ5922612,17,51,401,2006,14,3,14,0,1,F,1,1936,5,0,1,1,30,2,48,1,8,0,995,0,7,0,04055,9,9,2,4,4,2,2,2,1,2,1,2,0,0,1,2,1,2,9,0,1,2,17,99,1,1,5,L,86,0,0,0,0,0,0,0,0,0,0,160,260,0,0,0,1,3,12,-11,4,11491,998,77,11,0,4,0,0,0,0,0,995,9.8,998,998,998,99.8,99.8,99.8,54.7664837497981,2,5
18191,25,64,1-25-2020-064-03,3,2,MAJ6P1CL5JC1,17,12,403,2018,14,3,14,0,1,R,1,1370,5,9999,9,4,30,2,48,1,8,0,995,0,7,0,04074,9,9,2,4,4,2,2,2,1,1,1,1,0,0,1,2,1,2,1,0,1,4,66,99,1,1,5,L,87,0,0,0,0,0,0,0,0,0,0,260,160,0,0,0,1,3,17,-9,-15,23681,998,63,18,0,4,0,0,0,5,0,995,9.8,998,998,998,99.8,99.8,99.8,54.7664837497981,2,5
18192,25,65,1-25-2020-065-07,7,1,1FMCU9G94FUB,17,12,402,2015,14,3,14,0,1,R,1,1635,5,0,1,1,34,2,56,1,8,0,995,0,7,0,04530,9,9,3,4,4,2,2,1,1,1,3,2,0,0,1,8,0,0,2,0,11,2,15,1,1,2,4,J,68,0,0,0,0,0,0,0,0,0,0,60,290,0,0,0,1,5,999,999,999,9999999,999,999,13,2,0,0,0,0,0,0,995,9.8,998,998,998,99.8,99.8,99.8,274.89810434755,2,5
18192,25,65,1-25-2020-065-07,7,2,1HD1GHV142Y3,17,72,706,2002,80,9,80,0,1,F,9,,,,,,,2,56,1,8,0,995,0,7,0,04579,9,9,3,4,4,1,2,1,1,1,1,3,0,0,1,8,0,0,1,0,1,4,62,99,1,1,4,J,69,,,,,,,,,,,,,,,,,,,,,,,,,,,95,95,95,95,,,9.8,998,998,998,99.8,99.8,99.8,274.89810434755,2,5
18193,27,49,1-27-2020-049-03,3,1,5NPDH4AEXGH7,17,55,35,2016,4,1,3,0,1,L,1,1305,5,0,1,1,13,2,48,1,0,0,995,0,0,9,01201,1,2,0,4,2,98,2,1,1,1,0,1,0,0,1,1,0,0,9,1,8,2,10,99,1,7,2,F,48,0,0,0,0,0,0,0,0,0,0,85,95,0,0,0,1,3,5,3,4,3529,998,152,5,0,4,1,1,0,4,0,995,9.8,998,998,998,99.8,99.8,99.8,22.2144422650259,3,5
18193,27,49,1-27-2020-049-03,3,2,4T4BF1FK5DR2,17,49,40,2013,4,1,3,0,1,F,1,1441,5,46,1,1,13,2,48,1,0,0,995,0,0,9,01201,9,9,0,4,2,1,1,1,1,1,1,2,0,0,1,1,0,0,1,0,1,4,64,7,1,1,2,F,48,0,0,0,0,0,0,0,0,0,0,95,85,0,0,0,1,3,4,-3,-3,1521,998,-133,4,0,4,1,2,0,4,0,995,9.8,998,998,998,99.8,99.8,99.8,22.2144422650259,3,5