CASEID,PSU,CASENO,CASENUMBER,CATEGORY,VEHNO,VIN,VINLENGTH,MAKE,MODEL,MODELYR,BODYTYPE,BODYCAT,VEHCLASS,SPECUSE,TRANSTAT,DAMPLANE,DAMSEV,CURBWT,CURBSRC,CARGOWT,CARGOSRC,INSPTYPE,INSPLAG,TOWED,SPEEDLIMIT,DRPRESENT,PARALCOHOL,ALCTEST,ALCTESTRESULT,ALCTESTSRC,PARDRUG,DRUGTEST,ZIP,RACE,ETHNICITY,RELTOJUNCT,TRAFFLOW,RDLANES,INITLANE,SURFTYPE,SURFCOND,ALIGNMENT,PROFILE,LINERIGHT,LINELEFT,RUMBINIT,RUMBROAD,LIGHTCOND,WEATHER,TRAFDEV,TRAFFUNCT,DISTRACT,PREFHE,PREMOVE,CRITCAT,CRITEVENT,MANEUVER,PRESTAB,PRELOC,CRASHCAT,CRASHCONF,CRASHTYPE,ROLLTYPE,ROLLTURN,ROLLINTRPT,ROLLPREMAN,ROLLINITYP,ROLLINLOC,ROLLOBJ,ROLLTRIP,ROLLDIR,ROLLDIST,DVANGTHIS,DVANGOTH,TOWHITCH,TRAJDOC,TREEPOLE,DVEVENT,DVBASIS,DVTOTAL,DVLONG,DVLAT,DVENERGY,DVSPEED,DVMOMENT,DVBES,DVEST,DVCONF,VAIS,VISS,VINJURED,VTREAT,INITOBJCLASS,HEADANGLECAT,SHLDRWIDTH,STRKLENGTH,STRKWIDTH,STRKHEIGHT,EDGEDISTX,EDGEDISTY,EDGEDISTZ,CASEWGT,PSUSTRAT,VERSION
18196,77,61,1-77-2020-061-06,6,1,4T1BF1FK9EU3,17,49,40,2014,4,1,3,0,1,F,1,1441,5,0,1,1,12,2,105,1,0,0,995,0,0,0,19711,9,9,1,2,3,3,2,1,1,9,3,2,1,1,5,1,0,0,1,0,1,6,87,4,1,1,1,C,13,0,0,0,0,0,0,0,0,0,0,998,998,0,0,0,1,10,999,999,999,9999999,999,-28,12,2,0,1,1,0,4,0,998,9.8,998,998,998,99.8,99.8,99.8,2879.59987344554,9,5
18197,77,62,1-77-2020-062-01,1,1,2HGFB2F56DH5,17,37,31,2013,4,1,3,0,1,F,3,1236,5,0,1,1,10,2,89,1,0,1,0,3,0,1,22923,1,2,0,4,2,1,2,1,2,1,1,2,1,0,1,1,0,0,3,1,14,2,10,4,1,2,3,G,50,0,0,0,0,0,0,0,0,0,0,50,190,0,0,0,1,5,999,999,999,9999999,999,999,56,5,0,3,17,1,1,0,995,9.8,998,998,998,99.8,99.8,99.8,137.699144407547,9,5
18197,77,62,1-77-2020-062-01,1,2,1GC0KXCG1CF1,17,20,481,2012,34,5,31,0,1,F,1,2685,5,9999,9,1,10,2,89,1,0,0,995,0,0,0,22911,9,9,0,4,2,1,2,1,3,1,1,2,1,0,1,1,0,0,1,1,14,4,62,3,1,2,3,G,51,0,0,0,0,0,0,0,0,0,0,190,50,1,1,0,1,5,999,999,999,9999999,999,999,999,6,0,1,1,0,6,0,995,9.8,998,998,998,99.8,99.8,99.8,137.699144407547,9,5
18198,14,47,1-14-2020-047-04,4,1,2T1BURHEXGC5,17,49,32,2016,4,1,3,0,1,F,2,1265,5,0,1,1,12,2,72,1,1,1,177,1,9,3,78130,1,1,1,3,1,1,2,1,3,9,1,2,0,0,3,1,0,0,1,1,14,2,13,7,2,4,1,A,2,0,0,0,0,0,0,0,0,0,0,998,998,0,0,9,1,12,999,999,999,9999999,999,999,999,7,0,0,0,0,0,0,998,9.9,999,999,999,99.9,99.9,99.9,4226.74985549991,8,5
18199,14,48,1-14-2020-048-03,3,1,5TFRM5F18HX1,17,49,482,2017,34,5,31,0,1,L,2,2310,5,181,2,4,25,2,89,1,1,1,250,2,1,3,78132,1,2,0,1,1,1,2,1,1,2,0,0,0,0,2,1,0,0,9,1,1,2,13,99,9,4,1,A,1,1,1,2,5,3,1,31,2,2,999,997,997,0,0,0,2,6,999,999,999,9999999,999,999,999,7,0,1,1,0,4,2,997,0.0,999,46,103,0.0,0.0,0.0,1210.36217545778,8,5
18200,10,99,1-10-2020-099-03,3,1,999999999999,99,99,999,9999,99,10,99,0,1,L,9,,,,,,,5,40,1,0,0,995,0,0,0,99999,9,9,2,4,6,3,2,1,1,1,1,2,0,0,1,1,1,2,9,0,1,2,17,99,1,1,5,L,89,,,,,,,,,,,,,,,,,,,,,,,,,,,95,95,95,95,,,9.8,998,998,998,99.8,99.8,99.8,135.947308525461,4,5
18200,10,99,1-10-2020-099-03,3,2,3N1CN7AP6HL8,17,35,50,2017,4,1,2,0,1,F,1,1114,5,0,1,1,10,2,40,1,0,0,995,0,0,0,45431,1,9,2,1,5,2,2,1,1,1,1,0,0,0,1,1,1,2,1,0,1,4,66,99,1,1,5,L,88,0,0,0,0,0,0,0,0,0,0,90,0,0,0,0,1,5,999,999,999,9999999,999,999,13,2,0,1,1,0,4,0,995,9.8,998,998,998,99.8,99.8,99.8,135.947308525461,4,5
18201,10,100,1-10-2020-100-04,4,1,1G1ZE5ST3HF1,17,20,37,2017,4,1,4,0,1,F,1,1400,5,0,1,3,9,2,80,1,0,0,995,0,0,0,45416,9,9,2,2,3,1,2,1,1,1,0,1,0,0,3,1,1,2,3,0,10,2,16,2,1,1,4,K,78,0,0,0,0,0,0,0,0,0,0,320,340,0,0,0,1,12,999,999,999,9999999,999,999,999,6,0,0,0,0,0,0,995,9.8,998,998,998,99.8,99.8,99.8,410.513861435004,4,5
18201,10,100,1-10-2020-100-04,4,2,2C3CDXAT8DH5,17,7,24,2013,4,1,5,5,1,R,2,1797,5,350,1,4,11,2,80,1,0,0,995,0,0,0,99999,9,9,2,2,3,3,2,1,1,1,3,2,0,0,3,1,1,2,1,0,1,4,65,1,1,1,4,K,79,0,0,0,0,0,0,0,0,0,0,340,320,0,0,0,1,12,999,999,999,9999999,999,999,999,7,0,0,0,0,0,0,995,9.8,998,998,998,99.8,99.8,99.8,410.513861435004,4,5
18202,10,101,1-10-2020-101-03,3,1,2HGFC2F52JH5,17,37,31,2018,4,1,3,0,1,B,3,1244,5,0,1,1,20,2,72,1,0,0,995,0,0,0,45042,9,9,2,4,5,1,2,1,1,1,1,3,0,0,1,1,1,2,1,0,5,3,53,1,1,1,2,D,21,0,0,0,0,0,0,0,0,0,0,5,5,0,0,0,1,3,49,49,0,104862,998,0,45,0,4,1,1,0,4,0,995,9.8,998,998,998,99.8,99.8,99.8,135.947308508329,4,5
18202,10,101,1-10-2020-101-03,3,2,2G1WG5E3XD12,17,20,2,2013,4,1,4,0,1,F,2,1613,5,9999,9,0,998,2,72,1,0,0,995,0,0,0,45342,9,9,2,4,5,1,2,1,1,1,1,3,0,0,1,1,1,2,1,0,1,3,50,1,1,1,2,D,20,0,0,0,0,0,0,0,0,0,0,5,5,0,0,0,1,3,38,-38,0,115078,998,0,42,0,4,9,97,0,99,0,995,9.8,998,998,998,99.8,99.8,99.8,135.947308508329,4,5
18203,10,102,1-10-2020-102-06,6,1,1B3ES56CX4D6,17,7,20,2004,4,1,3,0,1,F,1,1230,5,0,1,1,3,2,64,1,0,0,995,0,0,0,45401,9,9,1,4,7,3,2,1,1,9,3,1,0,0,1,1,1,2,9,0,1,2,17,99,1,1,4,K,83,0,0,0,0,0,0,0,0,0,0,195,70,0,0,0,1,1,16,-15,6,30894,998,62,22,0,4,99,99,0,5,0,995,9.8,998,998,998,99.8,99.8,99.8,225.331540565832,4,5
18203,10,102,1-10-2020-102-06,6,2,2G1WB5EK5B11,17,20,2,2011,4,1,4,0,1,L,1,1549,5,0,1,1,3,2,56,1,0,0,995,0,0,0,45236,9,9,1,3,3,2,2,1,1,9,1,1,0,0,1,1,1,2,1,0,11,4,66,1,1,1,4,K,82,0,0,0,0,0,0,0,0,0,0,70,195,0,0,0,1,1,13,-2,13,13890,998,-183,9,0,4,99,99,0,5,0,995,9.8,998,998,998,99.8,99.8,99.8,225.331540565832,4,5
18204,54,20,1-54-2020-020-04,4,1,KNDJN2A21G78,17,63,37,2016,6,1,2,0,1,F,9,1287,5,9999,9,0,998,2,72,1,0,0,995,0,0,0,35653,1,2,0,4,2,1,2,1,3,1,1,2,0,0,1,1,0,0,9,1,14,2,13,98,9,4,1,A,1,0,0,0,0,0,0,0,0,0,0,998,998,0,0,3,1,0,999,999,999,9999999,999,999,999,9,0,0,0,0,0,0,998,0.3,4,4,80,8.0,8.1,11.2,587.709061356159,9,5
18205,17,83,1-17-2020-083-06,6,1,2GNALBEK4C63,17,20,404,2012,14,3,14,0,1,F,2,1706,5,0,1,1,21,2,48,1,9,0,995,0,9,0,61265,9,9,0,4,4,1,1,1,1,1,0,3,0,0,1,1,0,0,3,0,1,3,52,2,1,1,2,D,28,0,0,0,0,0,0,0,0,0,0,280,280,0,0,0,1,3,26,-26,0,47117,998,10,26,0,4,9,97,0,0,0,995,9.8,998,998,998,99.8,99.8,99.8,416.55518176818,4,5
18205,17,83,1-17-2020-083-06,6,2,1HGCR2F80EA1,17,37,32,2014,4,1,4,0,1,B,2,1496,5,0,1,1,32,2,48,1,9,0,995,0,9,0,61265,9,9,3,4,4,1,1,1,1,1,0,3,0,0,1,1,0,0,9,0,2,3,53,1,1,1,2,D,29,0,0,0,0,0,0,0,0,0,0,280,280,0,0,0,1,3,30,30,0,54101,998,20,30,0,4,9,97,0,0,0,995,9.8,998,998,998,99.8,99.8,99.8,416.55518176818,4,5
18205,17,83,1-17-2020-083-06,6,3,1FMCU0C75BKC,17,12,402,2011,14,3,14,99,1,B,1,1540,5,9999,9,0,998,5,48,1,9,0,995,0,9,0,61244,9,9,3,4,4,1,1,1,1,1,0,3,0,0,1,1,0,0,9,0,5,3,53,99,1,1,6,M,98,0,0,0,0,0,0,0,0,0,0,280,280,0,0,0,2,3,14,14,0,10603,998,0,13,0,4,95,95,95,95,0,995,9.8,998,998,998,99.8,99.8,99.8,416.55518176818,4,5
18206,17,84,1-17-2020-084-08,8,1,3GNCA63X98S7,17,20,23,2008,6,1,2,0,1,R,2,1488,5,0,1,1,32,2,48,1,9,0,995,0,9,0,61265,9,9,1,1,3,3,1,1,1,1,1,2,0,0,1,1,1,2,9,0,11,2,15,99,1,1,4,J,68,0,0,0,0,0,0,0,0,0,0,230,90,0,0,0,1,1,26,-23,-13,11720,998,15,14,0,1,0,0,0,0,0,995,9.8,998,998,998,99.8,99.8,99.8,168.909067505589,4,5
18206,17,84,1-17-2020-084-08,8,2,2G4WS52M6X14,17,18,7,1999,4,1,3,0,1,F,2,1516,5,0,1,1,19,2,48,1,9,0,995,0,9,0,99999,9,9,2,1,3,3,1,1,1,1,3,1,0,0,1,1,1,2,9,0,1,4,62,2,1,1,4,J,69,0,0,0,0,0,0,0,0,0,0,90,230,0,0,0,1,1,25,-25,4,75835,998,33,33,0,1,2,4,0,4,0,995,9.8,998,998,998,99.8,99.8,99.8,168.909067505589,4,5
18211,11,46,1-11-2020-046-08,8,1,1GCCT14B2F22,17,20,471,1985,34,5,30,0,1,F,1,1324,5,68,1,1,16,2,72,1,0,0,995,0,0,0,99999,9,9,2,2,5,2,2,1,1,1,3,1,0,0,1,1,0,0,3,1,1,2,12,99,1,4,1,B,6,0,0,0,0,0,0,0,0,0,0,998,998,0,0,3,2,10,999,999,999,9999999,999,-6,19,2,0,1,1,0,3,0,998,0.0,120,120,120,0.0,14.2,14.2,499.911326265923,8,5
18212,11,47,1-11-2020-047-07,7,1,2T1BURHE2FC4,17,49,32,2015,4,1,3,0,1,F,1,1265,5,0,1,1,18,2,72,1,0,0,995,0,0,0,23112,9,9,0,2,4,3,2,1,1,9,3,3,0,0,1,1,0,0,3,0,1,3,50,8,2,1,2,D,20,0,0,0,0,0,0,0,0,0,0,225,220,0,0,0,1,1,14,-14,0,9434,998,-51,13,0,4,0,0,0,0,0,995,9.8,998,998,998,99.8,99.8,99.8,3557.65293253277,8,5
18212,11,47,1-11-2020-047-07,7,2,JH4CU26619C0,17,54,39,2009,4,1,3,0,1,B,1,1545,5,0,1,1,18,2,72,1,0,0,995,0,0,0,23234,9,9,0,2,4,3,2,1,1,9,3,3,0,0,1,1,0,0,1,0,5,3,53,99,1,1,2,D,21,0,0,0,0,0,0,0,0,0,0,220,225,0,0,0,1,1,11,11,0,9286,998,-12,12,0,1,0,0,0,0,0,995,9.8,998,998,998,99.8,99.8,99.8,3557.65293253277,8,5
18213,52,105,1-52-2020-105-07,7,1,1FTHX26F5VEC,17,12,481,1997,34,5,31,0,1,F,1,2390,5,9999,9,0,998,5,56,1,9,9,998,8,9,9,59068,9,9,2,4,5,2,2,1,1,1,1,1,0,0,1,1,1,2,9,0,1,2,17,99,1,1,4,K,83,0,0,0,0,0,0,0,0,0,0,180,35,0,0,0,1,3,5,-5,2,6741,998,92,8,0,4,95,95,95,95,0,995,9.8,998,998,998,99.8,99.8,99.8,228.799610151338,12,5
18213,52,105,1-52-2020-105-07,7,2,1N4AL3AP8FC4,17,35,47,2015,4,1,4,0,1,L,1,1416,5,0,1,1,10,2,56,1,0,0,995,0,0,0,59102,9,9,2,4,3,2,2,1,1,1,1,2,0,0,1,1,1,2,9,0,11,4,66,99,1,1,4,K,82,0,0,0,0,0,0,0,0,0,0,35,180,0,0,0,1,3,8,-4,7,10173,998,-236,7,0,4,0,0,0,99,0,995,9.8,998,998,998,99.8,99.8,99.8,228.799610151338,12,5
18214,52,106,1-52-2020-106-02,2,1,2GCEK19K1R11,17,20,481,1994,34,5,31,0,1,F,2,2000,5,136,1,1,19,2,97,1,0,0,995,0,0,0,59072,1,2,2,4,2,1,2,1,1,1,1,2,0,0,1,1,2,2,1,0,1,2,17,1,1,1,5,L,86,0,0,0,0,0,0,0,0,0,0,90,180,0,0,0,1,1,31,-20,24,121869,998,186,25,0,4,2,5,0,4,0,995,9.8,998,998,998,99.8,99.8,99.8,20.3744460339419,12,5
18214,52,106,1-52-2020-106-02,2,2,1GKS2HKJ8GR2,17,23,421,2016,15,3,15,0,1,R,1,2713,5,0,1,1,17,2,97,1,0,0,995,0,0,0,80513,1,2,2,4,2,1,2,1,1,1,1,2,0,0,1,1,0,0,1,0,1,4,66,2,1,1,5,L,87,1,4,2,2,1,4,61,1,1,12,180,90,0,1,0,1,1,23,-18,-15,130148,998,64,31,0,4,1,2,0,3,3,995,9.8,998,998,998,99.8,99.8,99.8,20.3744460339419,12,5
18215,52,107,1-52-2020-107-03,3,1,3Q2C0CHB5885,13,84,999,1973,79,8,79,99,1,B,9,,,,,,,5,72,1,0,0,995,0,0,0,59037,9,9,0,4,2,1,2,1,1,2,1,2,0,0,1,1,0,0,9,0,1,3,53,99,1,1,6,M,98,,,,,,,,,,,,,,,,,,,,,,,,,,,95,95,95,95,,,9.8,998,998,998,99.8,99.8,99.8,34.6917831019914,12,5
18215,52,107,1-52-2020-107-03,3,2,JM1GL1U57H11,17,41,50,2017,4,1,4,0,1,B,2,1474,5,0,1,1,19,2,72,1,0,0,995,0,0,0,59073,1,2,0,4,2,1,2,1,1,2,1,2,0,0,1,1,0,0,1,0,1,3,53,1,1,1,2,D,25,0,0,0,0,0,0,0,0,0,0,0,0,0,0,0,1,3,34,34,0,59358,998,0,32,0,4,3,9,1,3,0,995,9.8,998,998,998,99.8,99.8,99.8,34.6917831019914,12,5
18215,52,107,1-52-2020-107-03,3,3,3GCUKSEC1HG4,17,20,481,2017,34,5,31,0,1,F,1,2431,5,0,1,3,19,2,72,1,0,0,995,0,0,0,59037,1,2,0,4,2,1,2,1,1,2,1,2,0,0,1,1,0,0,3,0,1,3,51,2,1,1,2,D,24,0,0,0,0,0,0,0,0,0,0,0,0,0,0,0,1,3,20,-20,0,46803,998,0,22,0,4,2,5,0,6,0,995,9.8,998,998,998,99.8,99.8,99.8,34.6917831019914,12,5
18218,24,94,1-24-2020-094-04,4,1,5PVNJ8JV3J4S,17,98,806,2018,64,8,60,0,1,B,9,,,,,,,5,72,1,0,0,995,0,0,0,08232,9,9,2,4,2,1,2,1,1,1,1,2,0,0,1,1,2,2,9,0,13,2,20,99,1,1,6,M,92,,,,,,,,,,,,,,,,,,,,,,,,,,,95,95,95,95,,,9.8,998,998,998,99.8,99.8,99.8,165.554338071133,1,5
18218,24,94,1-24-2020-094-04,4,2,3KPF24AD6KE1,17,63,38,2019,4,1,3,0,1,9,9,1253,5,0,1,6,13,2,72,1,0,0,995,0,0,0,08234,1,2,2,4,2,1,2,1,1,1,1,2,0,0,1,1,2,2,1,0,1,3,56,1,1,1,6,M,93,0,0,0,0,0,0,0,0,0,0,130,130,0,0,0,1,5,999,999,999,9999999,999,999,999,9,0,0,0,0,0,0,995,9.8,998,998,998,99.8,99.8,99.8,165.554338071133,1,5
18219,24,95,1-24-2020-095-04,4,1,999999999999,99,99,399,9999,9,1,9,0,1,B,9,9999,9,9999,9,0,998,5,80,1,0,0,995,0,0,0,08012,9,9,2,1,2,1,2,1,1,1,1,3,0,0,1,1,1,2,9,0,5,3,53,99,1,1,2,D,21,0,0,0,0,0,0,0,0,0,0,290,290,1,0,0,1,0,999,999,999,9999999,999,999,999,9,0,95,95,95,95,0,995,9.8,998,998,998,99.8,99.8,99.8,165.554338071133,1,5
18219,24,95,1-24-2020-095-04,4,2,1FAHP2L89KG1,17,12,17,2019,4,1,4,5,1,F,1,1923,5,0,1,3,30,2,80,1,0,0,995,0,0,0,08330,9,9,2,1,2,1,2,1,1,1,1,3,0,0,1,1,1,2,9,0,1,3,50,4,1,1,2,D,20,0,0,0,0,0,0,0,0,0,0,290,290,0,0,0,1,12,999,999,999,9999999,999,999,999,6,0,0,0,0,0,0,995,9.8,998,998,998,99.8,99.8,99.8,165.554338071133,1,5
18220,24,96,1-24-2020-096-07,7,1,4S3BMBG6XD30,17,48,34,2013,4,1,3,0,1,9,9,1624,5,0,1,6,21,2,80,1,0,0,995,0,0,0,08234,1,2,0,4,2,1,2,1,1,1,1,4,1,1,2,1,0,0,1,0,1,6,87,2,1,1,1,C,13,0,0,0,0,0,0,0,0,0,0,998,998,0,0,0,1,10,999,999,999,9999999,999,999,999,9,0,0,0,0,0,0,998,9.8,998,998,998,99.8,99.8,99.8,231.957354879625,1,5
18221,28,48,1-28-2020-048-06,6,1,1FMCU9C76BKB,17,12,402,2011,14,3,14,0,1,T,2,1609,5,0,1,1,20,2,89,1,0,0,995,0,0,0,16915,9,9,0,4,2,1,2,2,1,1,1,2,0,0,1,2,0,0,3,1,1,2,13,1,1,4,1,A,1,1,2,2,2,5,4,31,6,2,17,997,997,0,0,0,5,6,999,999,999,9999999,999,999,999,7,0,1,1,0,4,2,997,0.2,120,84,-80,38.4,1.3,38.5,44.099430412312,3,5
18222,28,49,1-28-2020-049-04,4,1,4S4BSETCXH33,17,48,45,2017,6,1,3,0,1,F,1,1744,5,0,1,3,13,2,40,1,0,0,995,0,0,0,19426,3,2,0,4,2,1,4,1,3,4,0,0,0,0,1,1,0,0,1,1,14,2,13,7,2,4,1,A,1,0,0,0,0,0,0,0,0,0,0,998,998,0,0,0,2,11,999,999,999,9999999,999,999,999,6,0,1,1,0,0,0,998,0.0,120,120,40,4.9,1.8,5.2,76.1041429983023,3,5
18223,48,47,1-48-2020-047-03,3,1,2C3CCARGXHH5,17,6,51,2017,4,1,5,0,1,T,1,2047,5,0,1,1,17,2,129,1,0,0,995,0,0,0,84335,1,2,0,1,2,1,1,2,3,1,3,2,1,3,5,2,0,0,9,1,14,1,6,4,4,4,1,B,7,1,2,2,2,1,4,61,1,2,11,997,997,0,0,0,1,6,999,999,999,9999999,999,999,999,6,0,99,99,0,4,3,997,9.8,998,998,998,99.8,99.8,99.8,90.5708007975306,12,5
18224,48,48,1-48-2020-048-03,3,1,1HGCR2F68HA0,17,37,32,2017,4,1,4,0,1,R,2,1496,5,9999,9,4,16,2,80,1,1,1,263,2,0,1,84337,1,2,3,5,3,1,2,1,1,1,1,2,0,0,2,1,0,0,9,1,1,2,10,99,1,2,3,I,64,0,0,0,0,0,0,0,0,0,0,220,110,0,0,0,1,12,999,999,999,9999999,999,999,999,7,0,0,0,0,4,0,995,9.8,998,998,998,99.8,99.8,99.8,90.5708007975306,12,5
18224,48,48,1-48-2020-048-03,3,2,5TFBV58168X0,17,49,482,2008,34,5,31,0,1,F,2,9999,9,9999,9,4,22,2,80,1,0,0,995,0,0,0,84337,1,2,3,5,3,1,2,1,1,1,1,2,0,0,2,1,0,0,1,1,1,4,62,4,1,2,3,I,65,0,0,0,0,0,0,0,0,0,0,110,220,0,0,0,1,12,999,999,999,9999999,999,999,999,7,0,0,0,0,4,0,995,9.8,998,998,998,99.8,99.8,99.8,90.5708007975306,12,5
18224,48,48,1-48-2020-048-03,3,3,1G1BE5SM7H71,17,20,25,2017,4,1,3,0,2,B,9,1250,5,9999,9,0,998,,,,,,,,,,,,,,,,,,,,,,,,,,,,,,,,,,,,,,,,,,,,,,,,,,,,,,,,,,,,,,,,,,95,95,95,95,,,,,,,,,,90.5708007975306,12,5
18225,16,74,1-16-2020-074-03,3,1,3GNCA13B19S5,17,20,23,2009,6,1,2,0,1,F,1,1431,5,0,1,1,7,2,56,1,8,0,995,0,7,0,41011,9,9,2,4,4,2,2,1,1,4,3,2,0,0,1,1,1,2,1,0,1,2,17,1,1,1,5,L,86,0,0,0,0,0,0,0,0,0,0,180,250,0,0,0,1,3,10,-6,7,5501,998,158,6,0,4,99,99,0,99,0,995,0.0,999,999,999,0.0,0.0,0.0,338.470187989308,5,5
18225,16,74,1-16-2020-074-03,3,2,3KPF34ADXLE2,17,63,38,2020,4,1,3,0,1,R,1,1366,5,0,1,1,9,2,56,1,8,0,995,0,7,0,45118,9,9,2,3,4,3,2,1,3,2,3,3,0,0,1,1,1,2,1,0,14,4,66,99,1,1,5,L,87,0,0,0,0,0,0,0,0,0,0,250,180,0,0,0,1,3,10,-5,-9,12762,998,26,15,0,4,99,99,0,99,0,995,0.0,999,999,999,0.7,0.8,1.1,338.470187989308,5,5
18226,16,75,1-16-2020-075-02,2,1,JNKCV54E86M7,17,58,37,2006,2,1,4,0,1,F,2,1551,5,0,1,1,11,2,40,1,0,0,995,0,7,0,45206,9,9,2,4,4,2,2,1,1,1,3,2,0,0,1,1,1,2,1,0,1,2,17,99,1,1,5,L,86,0,0,0,0,0,0,0,0,0,0,70,160,0,0,0,1,12,999,999,999,9999999,999,999,999,7,0,9,97,0,8,0,995,0.0,23,25,48,1.8,0.1,1.8,14.6435043214116,5,5
18226,16,75,1-16-2020-075-02,2,2,JM1GL1U51H11,17,41,50,2017,4,1,4,0,1,R,2,1474,5,0,1,1,21,2,40,1,0,0,995,0,0,0,45215,9,9,2,4,2,1,2,1,1,1,0,2,0,0,1,1,1,2,1,0,1,4,66,2,1,1,5,L,87,0,0,0,0,0,0,0,0,0,0,160,70,0,0,0,1,12,999,999,999,9999999,999,999,999,7,0,9,97,0,8,0,995,0.0,25,28,77,0.8,0.1,0.8,14.6435043214116,5,5
18227,16,76,1-16-2020-076-01,1,1,5N1BV28U25N1,17,35,443,2005,20,4,20,0,1,F,3,1814,5,0,1,1,81,2,48,1,0,1,0,3,0,1,45247,1,9,0,1,2,2,2,1,1,4,3,2,0,0,1,1,0,0,9,1,1,2,12,99,1,4,1,B,6,0,0,0,0,0,0,0,0,0,0,998,998,0,0,0,1,1,60,-60,0,278126,998,24,59,0,4,6,75,1,1,0,998,0.0,120,25,120,14.3,3.5,14.7,25.0295574784597,5,5
18228,16,77,1-16-2020-077-05,5,1,2HGEJ6671TH5,17,37,31,1996,4,1,2,0,1,F,3,1051,5,0,1,1,13,2,56,1,0,0,995,0,0,0,45244,1,2,1,1,2,2,2,1,1,2,3,2,0,0,1,1,1,2,1,0,1,4,62,99,1,1,4,J,69,0,0,0,0,0,0,0,0,0,0,55,185,0,0,0,1,1,50,-43,25,40783,998,42,29,0,1,1,2,0,4,0,995,9.8,998,998,998,99.8,99.8,99.8,38.1755614056615,5,5
18228,16,77,1-16-2020-077-05,5,2,1GNFLEEK7DZ1,17,20,404,2013,14,3,14,0,1,F,2,1782,5,0,1,1,5,2,56,1,0,0,995,0,0,0,45103,1,2,1,4,5,3,2,1,1,4,1,2,0,0,1,1,1,2,1,0,11,2,15,2,1,1,4,J,68,0,0,0,0,0,0,0,0,0,0,185,55,0,0,0,1,1,30,-29,-10,158796,998,-67,43,0,1,1,1,0,4,0,995,9.8,998,998,998,99.8,99.8,99.8,38.1755614056615,5,5
18229,59,35,1-59-2020-035-07,7,1,3GTP2VE37BG3,17,23,481,2011,34,5,31,0,1,F,2,2397,5,0,1,1,25,2,89,1,1,1,270,1,0,1,47974,9,9,0,4,2,1,2,6,1,1,0,0,0,0,2,1,0,0,1,1,1,6,87,4,1,4,1,A,3,0,0,0,0,0,0,0,0,0,0,998,998,0,0,0,1,98,999,999,999,9999999,999,999,999,7,0,0,0,0,0,0,998,0.0,120,25,15,4.7,0.5,4.8,5393.51012639741,6,5
18230,66,47,1-66-2020-047-07,7,1,3FAHP0JA9BR1,17,12,23,2011,4,1,3,0,1,F,1,1490,5,9999,9,1,15,2,40,1,0,0,995,0,7,0,65712,9,9,3,4,2,1,2,1,2,4,0,0,0,0,1,1,0,0,9,0,14,4,62,3,1,1,4,J,69,0,0,0,0,0,0,0,0,0,0,95,220,0,0,0,1,3,13,-13,2,8863,998,78,11,0,4,99,99,0,99,0,995,9.8,998,998,998,99.8,99.8,99.8,138.754407815887,6,5
18230,66,47,1-66-2020-047-07,7,2,KNDJC7367857,17,63,402,2008,14,3,14,99,1,R,1,2024,5,9999,9,0,998,5,40,1,0,0,995,0,7,0,65705,9,9,3,4,2,1,2,1,3,2,0,0,0,0,1,1,0,0,9,0,11,2,15,99,1,2,4,J,68,0,0,0,0,0,0,0,0,0,0,220,95,0,0,0,1,3,10,-6,-8,14329,998,73,12,0,4,95,95,95,95,0,995,9.8,998,998,998,99.8,99.8,99.8,138.754407815887,6,5
18231,66,48,1-66-2020-048-10,10,1,1B7GG22X2YS5,17,7,472,2000,34,5,31,99,1,F,9,1826,5,9999,9,0,998,2,64,1,0,0,995,0,7,0,85308,9,9,0,4,2,1,2,1,1,1,0,0,0,0,1,1,0,0,3,1,1,2,12,1,1,4,1,B,6,1,1,2,2,5,4,31,6,2,2,996,996,0,0,0,99,0,999,999,999,9999999,999,999,999,9,0,0,0,0,0,2,996,0.0,120,18,16,2.9,0.2,3.0,245.931127348391,6,5
18232,32,95,1-32-2020-095-06,6,1,1GCCS19Z3J81,17,20,471,1988,34,5,30,0,1,R,2,1168,5,9999,9,0,998,5,72,1,0,0,995,0,0,0,75234,9,9,2,4,2,1,1,1,1,1,2,3,0,0,3,1,1,2,9,0,11,2,15,99,1,1,4,K,76,0,0,0,0,0,0,0,0,0,0,330,280,0,0,0,1,3,34,17,-30,75192,998,-31,40,0,4,95,95,95,95,0,995,9.8,998,998,998,99.8,99.8,99.8,2700.59992908386,7,5
18232,32,95,1-32-2020-095-06,6,2,JTHBE1D2XE50,17,59,35,2014,4,1,4,0,1,F,1,1600,5,0,1,1,22,2,72,1,0,0,995,0,0,0,75050,1,1,2,1,4,2,1,1,1,1,3,3,0,0,3,1,1,2,9,0,1,4,65,4,2,1,4,K,77,0,0,0,0,0,0,0,0,0,0,280,330,0,0,0,1,3,24,-24,4,16518,998,-15,16,0,4,99,99,0,0,0,995,9.8,998,998,998,99.8,99.8,99.8,2700.59992908386,7,5