CASEID,PSU,CASENO,CASENUMBER,CATEGORY,VEHNO,VIN,VINLENGTH,MAKE,MODEL,MODELYR,BODYTYPE,BODYCAT,VEHCLASS,SPECUSE,TRANSTAT,DAMPLANE,DAMSEV,CURBWT,CURBSRC,CARGOWT,CARGOSRC,INSPTYPE,INSPLAG,TOWED,SPEEDLIMIT,DRPRESENT,PARALCOHOL,ALCTEST,ALCTESTRESULT,ALCTESTSRC,PARDRUG,DRUGTEST,ZIP,RACE,ETHNICITY,RELTOJUNCT,TRAFFLOW,RDLANES,INITLANE,SURFTYPE,SURFCOND,ALIGNMENT,PROFILE,LINERIGHT,LINELEFT,RUMBINIT,RUMBROAD,LIGHTCOND,WEATHER,TRAFDEV,TRAFFUNCT,DISTRACT,PREFHE,PREMOVE,CRITCAT,CRITEVENT,MANEUVER,PRESTAB,PRELOC,CRASHCAT,CRASHCONF,CRASHTYPE,ROLLTYPE,ROLLTURN,ROLLINTRPT,ROLLPREMAN,ROLLINITYP,ROLLINLOC,ROLLOBJ,ROLLTRIP,ROLLDIR,ROLLDIST,DVANGTHIS,DVANGOTH,TOWHITCH,TRAJDOC,TREEPOLE,DVEVENT,DVBASIS,DVTOTAL,DVLONG,DVLAT,DVENERGY,DVSPEED,DVMOMENT,DVBES,DVEST,DVCONF,VAIS,VISS,VINJURED,VTREAT,INITOBJCLASS,HEADANGLECAT,SHLDRWIDTH,STRKLENGTH,STRKWIDTH,STRKHEIGHT,EDGEDISTX,EDGEDISTY,EDGEDISTZ,CASEWGT,PSUSTRAT,VERSION
18233,32,96,1-32-2020-096-02,2,1,1J8GP28K39W5,17,2,405,2009,14,3,14,0,1,F,3,1793,5,0,1,1,21,2,105,1,1,8,997,8,1,3,75050,2,2,0,2,2,2,1,1,1,4,2,3,0,2,3,1,0,0,9,0,1,3,54,1,1,1,6,M,98,0,0,0,0,0,0,0,0,0,0,55,225,0,0,0,3,1,51,-48,17,161943,998,65,43,0,4,0,0,0,0,0,995,9.8,998,998,998,99.8,99.8,99.8,69.1070025363159,7,5
18233,32,96,1-32-2020-096-02,2,2,1C4HJXDG2LW2,17,2,403,2020,14,3,14,0,1,L,1,1905,5,0,1,1,20,2,105,1,0,0,995,0,0,0,76065,1,2,0,2,2,2,1,1,1,2,3,2,0,1,3,1,0,0,9,1,1,3,54,3,1,2,6,M,98,0,0,0,0,0,0,0,0,0,0,998,998,0,0,0,2,1,3,-1,3,2842,998,-222,3,0,3,0,0,0,0,0,998,3.8,999,999,999,12.2,3.8,12.3,69.1070025363159,7,5
18233,32,96,1-32-2020-096-02,2,3,3FADP4EJ3HM1,17,12,32,2017,5,1,1,0,1,F,3,1151,5,0,1,1,21,2,105,1,0,1,0,2,0,2,75253,2,2,0,2,2,2,1,1,1,2,3,4,0,1,3,1,0,0,9,0,1,3,54,1,1,1,6,M,98,0,0,0,0,0,0,0,0,0,0,225,55,0,0,0,3,1,74,-73,13,353287,998,27,82,0,4,5,30,1,3,0,995,9.8,998,998,998,99.8,99.8,99.8,69.1070025363159,7,5
18234,32,97,1-32-2020-097-07,7,1,1N4BA41E34C8,17,35,39,2004,4,1,4,0,1,R,1,1571,5,0,1,1,8,2,72,1,0,0,995,0,0,0,75104,2,2,2,5,5,3,1,2,1,1,2,2,0,0,1,8,0,0,9,0,11,2,15,99,1,1,4,J,68,0,0,0,0,0,0,0,0,0,0,35,265,0,0,0,1,1,11,-6,-10,10622,998,168,9,0,1,0,0,0,0,0,995,9.8,998,998,998,99.8,99.8,99.8,7627.16119747764,7,5
18234,32,97,1-32-2020-097-07,7,2,3FA6P0HD3ER2,17,12,23,2014,4,1,4,0,1,F,1,1554,5,0,1,1,9,2,72,1,0,0,995,0,0,0,75249,2,2,2,1,2,2,1,2,1,1,3,3,0,0,1,8,0,0,9,0,1,4,62,98,1,1,4,J,69,0,0,0,0,0,0,0,0,0,0,265,35,0,0,0,1,1,11,-11,-2,15963,998,-22,16,0,1,0,0,0,0,0,995,9.8,998,998,998,99.8,99.8,99.8,7627.16119747764,7,5
18234,32,97,1-32-2020-097-07,7,3,1FA6P8TH9L51,17,12,3,2020,2,1,3,0,1,F,9,1681,5,9999,9,0,998,5,72,1,0,0,995,0,0,0,75249,9,9,2,4,3,2,1,2,1,1,1,2,0,0,1,8,2,2,9,0,5,4,67,1,1,1,6,M,98,0,0,0,0,0,0,0,0,0,0,205,165,0,0,0,2,0,999,999,999,9999999,999,999,999,9,0,95,95,95,95,0,995,9.8,998,998,998,99.8,99.8,99.8,7627.16119747764,7,5
18235,32,98,1-32-2020-098-05,5,1,1G4GD5G34FF1,17,18,22,2015,4,1,4,0,1,F,3,1772,5,0,1,1,31,2,56,1,8,1,257,2,7,2,75227,1,1,2,1,3,3,1,1,1,2,1,3,0,0,3,1,8,2,9,0,1,3,52,2,1,1,2,D,28,0,0,0,0,0,0,0,0,0,0,195,185,0,0,0,1,1,59,-58,10,112691,998,8,39,0,4,3,10,1,3,0,995,9.8,998,998,998,99.8,99.8,99.8,183.769692962751,7,5
18235,32,98,1-32-2020-098-05,5,2,5TFEM5F14CX0,17,49,482,2012,34,5,31,0,1,B,3,2551,5,0,1,1,32,2,56,1,0,0,995,0,0,0,75062,1,2,2,1,3,3,1,1,1,2,3,1,0,0,3,1,8,2,9,0,2,3,53,1,1,1,2,D,29,0,0,0,0,0,0,0,0,0,0,185,195,0,0,0,1,1,43,43,0,337703,998,-35,56,0,4,0,0,0,0,0,995,9.8,998,998,998,99.8,99.8,99.8,183.769692962751,7,5
18236,27,50,1-27-2020-050-06,6,1,1FTNF1CF1BKD,17,12,481,2011,34,5,31,0,1,F,3,2205,5,227,1,1,16,2,56,1,8,9,998,8,7,9,01085,1,2,2,1,3,1,2,1,1,1,1,1,0,0,1,1,1,2,9,0,1,3,50,8,1,1,2,D,20,0,0,0,0,0,0,0,0,0,0,25,25,0,0,0,1,5,999,999,999,9999999,999,999,47,4,0,1,1,0,4,0,995,9.8,998,998,998,99.8,99.8,99.8,95.1928898831639,3,5
18236,27,50,1-27-2020-050-06,6,2,3ALACWFC3KDK,17,82,881,2019,62,8,60,0,1,B,9,,,,,,,5,56,1,8,9,998,8,7,9,06108,9,9,2,1,3,1,2,1,1,1,1,1,0,0,1,1,1,2,1,0,5,3,53,99,1,1,2,D,21,,,,,,,,,,,,,,,,,,,,,,,,,,,95,95,95,95,,,9.8,998,998,998,99.8,99.8,99.8,95.1928898831639,3,5
18237,27,51,1-27-2020-051-08,8,1,1J8FT47W77D2,17,2,1,2007,6,1,2,0,1,F,1,1404,5,0,1,1,3,2,48,1,0,1,0,2,9,2,01201,1,9,0,4,2,1,2,1,1,1,0,0,0,0,4,8,0,0,9,1,1,2,10,1,1,1,1,C,12,0,0,0,0,0,0,0,0,0,0,998,998,0,1,0,1,12,999,999,999,9999999,999,999,16,2,0,4,20,1,1,0,998,9.8,998,998,998,99.8,99.8,99.8,37.8062572369884,3,5
18238,25,66,1-25-2020-066-04,4,1,ZACCJBBT5GPD,17,2,408,2016,14,3,14,0,1,R,1,1447,5,0,1,5,7,2,56,1,8,0,995,0,7,0,04011,9,9,3,4,4,2,2,2,1,1,3,2,0,0,1,2,0,0,9,0,11,2,15,2,1,2,4,J,68,0,0,0,0,0,0,0,0,0,0,255,125,0,0,0,1,12,999,999,999,9999999,999,999,999,6,0,0,0,0,0,0,995,9.8,998,998,998,99.8,99.8,99.8,984.9235049581,2,5
18238,25,66,1-25-2020-066-04,4,2,1C6SRFBT5KN6,17,7,482,2019,34,5,30,0,1,F,9,2308,5,9999,9,0,998,5,56,1,8,0,995,0,7,0,04008,9,9,3,4,5,1,2,2,1,1,0,3,0,0,1,2,0,0,1,0,1,4,62,99,1,1,4,J,69,0,0,0,0,0,0,0,0,0,0,125,255,0,0,0,1,0,999,999,999,9999999,999,999,999,9,0,95,95,95,95,0,995,9.8,998,998,998,99.8,99.8,99.8,984.9235049581,2,5
18239,25,67,1-25-2020-067-01,1,1,JF1GF48531H8,17,48,38,2001,6,1,1,0,1,L,3,1297,5,0,1,5,8,2,40,1,8,1,143,3,7,0,04106,9,9,0,4,2,1,2,2,2,1,1,2,0,0,1,5,0,0,9,1,14,2,13,99,3,4,1,A,2,0,0,0,0,0,0,0,0,0,0,998,998,0,1,1,1,12,999,999,999,9999999,999,999,999,8,0,1,2,0,1,0,998,0.7,45,45,120,10.9,1.6,11.1,61.4497288993112,2,5
18241,73,52,1-73-2020-052-06,6,1,2T1BU4EE7BC5,17,49,32,2011,4,1,2,0,1,F,2,1255,5,0,1,1,24,2,56,1,1,8,997,8,7,0,04937,9,9,0,4,2,1,2,1,3,4,0,0,0,0,1,8,6,2,9,1,14,2,13,99,1,4,1,A,1,1,2,1,6,1,4,61,1,1,5,998,998,0,1,7,5,10,999,999,999,9999999,999,0,29,3,0,1,1,0,4,3,998,0.0,9,9,120,17.6,1.5,17.6,49.7405053445085,3,5
18242,12,54,1-12-2020-054-06,6,1,KMHEC4A40EA1,17,55,33,2014,4,1,4,0,1,F,9,1475,5,9999,9,0,998,5,56,1,0,0,995,0,0,0,73401,9,9,0,4,2,1,2,1,3,1,0,0,0,0,1,1,6,9,9,1,14,2,10,99,1,2,3,G,50,0,0,0,0,0,0,0,0,0,0,340,140,0,0,0,1,0,999,999,999,9999999,999,999,999,9,0,95,95,95,95,0,995,9.8,998,998,998,99.8,99.8,99.8,1492.11449438368,9,5
18242,12,54,1-12-2020-054-06,6,2,2GKFLWE5XC61,17,23,402,2012,14,3,14,0,1,F,1,1748,5,0,1,1,7,2,56,1,0,0,995,0,0,0,73446,9,9,0,4,2,1,2,1,2,1,0,0,0,0,1,1,6,2,9,0,14,4,62,99,1,1,3,G,51,0,0,0,0,0,0,0,0,0,0,140,340,0,0,0,1,12,999,999,999,9999999,999,999,999,6,0,99,99,0,99,0,995,9.8,998,998,998,99.8,99.8,99.8,1492.11449438368,9,5
18243,12,55,1-12-2020-055-02,2,1,5YFBURHE1GP4,17,49,32,2016,4,1,3,0,1,T,2,1265,5,0,1,1,10,2,113,1,0,0,995,0,0,0,73401,2,2,0,2,2,2,2,1,1,1,3,2,1,3,2,1,0,0,9,1,1,1,1,8,4,4,1,B,7,1,4,2,2,1,4,61,1,1,24,997,997,0,0,0,1,6,999,999,999,9999999,999,999,999,7,0,2,6,0,4,3,997,1.4,120,999,999,17.9,13.9,22.9,247.959490892901,9,5
18244,13,66,1-13-2020-066-06,6,1,2LMDJ8JK9FBL,17,13,14,2015,6,1,4,0,1,R,9,2008,5,9999,9,0,998,2,89,1,0,0,995,0,0,0,64134,2,9,0,2,4,4,1,1,1,1,3,2,0,0,1,6,0,0,9,0,1,4,61,99,1,1,2,F,45,0,0,0,0,0,0,0,0,0,0,0,0,0,0,0,1,0,999,999,999,9999999,999,999,999,9,0,1,1,0,4,0,995,9.8,998,998,998,99.8,99.8,99.8,3006.15303117512,7,5
18244,13,66,1-13-2020-066-06,6,2,3C63RRNLXFG5,17,7,482,2015,34,5,31,0,1,L,9,3324,5,9999,9,0,998,5,89,1,0,0,995,0,0,0,75147,9,9,0,2,4,3,1,1,1,1,3,3,0,0,1,6,0,0,9,1,15,2,10,99,1,2,2,F,47,0,0,0,0,0,0,0,0,0,0,0,0,0,0,0,1,0,999,999,999,9999999,999,999,999,9,0,95,95,95,95,0,995,9.8,998,998,998,99.8,99.8,99.8,3006.15303117512,7,5
18245,19,95,1-19-2020-095-03,3,1,5TFDW5F13JX7,17,49,482,2018,34,5,31,0,1,R,2,2377,5,0,1,3,8,2,105,1,0,0,995,0,0,0,35901,1,2,2,4,2,1,2,2,1,2,1,2,0,0,1,2,2,2,2,0,1,2,17,98,1,1,5,L,87,0,0,0,0,0,0,0,0,0,0,170,70,0,1,0,1,3,26,-9,-25,128086,998,47,34,0,4,1,2,0,6,0,995,9.8,998,998,998,99.8,99.8,99.8,64.5814083383092,9,5
18245,19,95,1-19-2020-095-03,3,2,JTEBU5JR6H54,17,49,401,2017,14,3,14,0,1,F,2,2111,5,0,1,1,8,2,105,1,0,0,995,0,0,0,35983,1,2,2,1,3,1,2,2,1,1,1,3,0,0,1,2,0,0,1,0,1,4,66,4,1,1,5,L,86,0,0,0,0,0,0,0,0,0,0,70,170,0,1,0,1,3,32,-31,5,42866,998,38,21,0,4,1,2,0,6,0,995,9.8,998,998,998,99.8,99.8,99.8,64.5814083383092,9,5
18246,19,96,1-19-2020-096-03,3,1,4T1B11HK9JU6,17,49,40,2018,4,1,4,0,1,F,1,1470,5,0,1,1,7,2,72,1,0,0,995,0,0,0,35904,1,2,1,3,1,1,2,1,2,9,1,2,0,0,1,8,0,0,3,0,14,3,50,3,1,1,2,D,20,0,0,0,0,0,0,0,0,0,0,235,235,0,0,0,1,1,22,-22,0,51793,998,-9,30,0,1,1,1,0,0,0,995,9.8,998,998,998,99.8,99.8,99.8,64.5814083383092,9,5
18246,19,96,1-19-2020-096-03,3,2,4T1B11HK6JU5,17,49,40,2018,4,1,4,0,1,B,1,1470,5,0,1,1,8,3,72,0,7,7,887,6,8,8,99998,8,8,1,3,1,1,2,1,2,9,1,2,0,0,1,8,0,0,0,8,0,3,53,0,0,0,2,D,21,0,0,0,0,0,0,0,0,0,0,235,235,0,0,0,1,1,23,23,0,8923,998,-37,12,0,1,0,0,0,0,0,995,9.8,998,998,998,99.8,99.8,99.8,64.5814083383092,9,5
18247,19,97,1-19-2020-097-08,8,1,1GCEC19C57Z5,17,20,481,2007,34,5,31,0,1,R,3,2176,8,0,1,1,3,2,113,1,0,1,0,2,0,0,35968,9,1,0,2,2,2,2,2,1,1,3,2,1,3,1,2,0,0,1,1,1,1,6,2,9,4,1,B,7,0,0,0,0,0,0,0,0,0,0,998,998,0,0,0,3,12,999,999,999,9999999,999,999,999,8,0,2,4,0,3,0,998,1.9,999,999,999,99.9,2.2,99.9,52.5663000327448,9,5
18251,19,99,1-19-2020-099-09,9,1,2G4WS52J6112,17,18,7,2001,4,1,3,0,1,F,9,1528,5,9999,9,0,998,3,89,1,0,1,0,2,0,2,35952,1,9,0,4,3,1,2,1,1,1,1,2,2,3,1,1,0,0,9,1,1,2,13,99,1,4,1,A,4,0,0,0,0,0,0,0,0,0,0,998,998,0,1,0,1,0,999,999,999,9999999,999,999,999,9,0,0,0,0,3,0,998,4.3,90,120,-20,13.8,5.5,14.4,360.759698128721,9,5
18252,18,46,1-18-2020-046-02,2,1,2GNAXTEX7J61,17,20,404,2018,14,3,14,0,1,F,1,1580,5,0,1,1,12,2,56,1,0,1,0,2,0,2,54703,9,9,2,1,3,2,2,1,2,1,1,0,0,0,1,1,1,2,9,1,14,2,12,1,1,4,1,B,6,0,0,0,0,0,0,0,0,0,0,998,998,0,1,0,2,1,18,-18,0,22380,998,-34,18,0,1,2,9,0,3,0,998,0.0,10,15,999,7.6,3.6,8.3,42.4991659387168,6,5
18253,18,47,1-18-2020-047-08,8,1,3VWSE69M62M0,17,30,40,2002,4,1,1,0,1,T,1,1331,5,0,1,1,6,2,113,1,0,1,0,2,0,0,54822,9,9,0,1,2,2,2,1,3,1,3,2,1,3,1,1,0,0,9,1,14,1,6,99,4,4,1,B,7,1,6,2,2,1,4,61,1,1,28,997,997,0,1,0,1,6,999,999,999,9999999,999,999,999,6,0,2,5,0,4,3,997,9.8,998,998,998,99.8,99.8,99.8,260.925785453875,6,5
18254,29,98,1-29-2020-098-10,10,1,1G8AL52F25Z1,17,24,7,2005,4,1,2,0,1,R,1,1221,5,0,1,1,28,2,56,1,0,0,995,0,0,0,02914,1,2,0,4,2,1,2,1,1,4,1,2,0,0,1,1,0,0,1,1,1,2,13,1,1,4,1,A,3,0,0,0,0,0,0,0,0,0,0,998,998,0,0,1,1,8,999,999,999,9999999,999,999,999,6,0,0,0,0,4,0,998,0.8,50,50,120,13.3,5.2,14.2,204.014509262873,2,5
18255,29,99,1-29-2020-099-04,4,1,1N4AL3AP6GN3,17,35,47,2016,4,1,4,0,1,R,1,1453,5,0,1,1,10,2,48,1,8,9,998,8,7,9,02538,9,9,2,4,2,1,2,1,1,2,0,0,0,0,1,1,2,2,9,0,1,2,17,7,1,1,5,L,87,0,0,0,0,0,0,0,0,0,0,260,170,0,0,0,1,3,12,-6,-10,16307,998,113,13,0,4,0,0,0,0,0,995,9.8,998,998,998,99.8,99.8,99.8,30.3796836048955,2,5
18255,29,99,1-29-2020-099-04,4,2,5UXKR0C58G0P,17,34,401,2016,14,3,14,0,1,F,1,2173,5,9999,9,0,998,5,48,1,8,9,998,8,7,9,02746,9,9,2,4,2,1,2,1,1,1,0,2,0,0,1,1,0,0,9,0,1,4,66,99,1,1,5,L,86,0,0,0,0,0,0,0,0,0,0,170,260,0,0,0,1,3,8,-7,4,6165,998,118,7,0,4,95,95,95,95,0,995,9.8,998,998,998,99.8,99.8,99.8,30.3796836048955,2,5
18256,29,100,1-29-2020-100-06,6,1,KMHDU4AD3AU8,17,55,35,2010,4,1,3,0,1,F,1,1246,5,0,1,1,7,2,40,1,8,0,995,0,7,0,02744,9,9,2,3,1,1,2,1,1,2,0,0,0,0,1,1,2,2,9,0,1,2,17,99,1,1,5,L,88,0,0,0,0,0,0,0,0,0,0,280,190,0,0,0,1,1,19,-15,-12,56969,998,-113,26,0,4,9,97,0,8,0,995,9.8,998,998,998,99.8,99.8,99.8,15.9283113200266,2,5
18256,29,100,1-29-2020-100-06,6,2,3FA6P0H71ER1,17,12,23,2014,4,1,4,0,1,L,1,1554,5,0,1,1,23,2,40,1,8,0,995,0,7,0,02740,9,9,2,3,1,1,2,1,1,4,0,0,0,0,1,1,0,0,9,0,1,4,66,4,1,1,5,L,89,0,0,0,0,0,0,0,0,0,0,190,280,0,0,0,1,1,16,-10,12,3447,998,-134,6,0,4,9,97,0,8,0,995,9.8,998,998,998,99.8,99.8,99.8,15.9283113200266,2,5
18257,29,101,1-29-2020-101-04,4,1,SHHFK7H3XKU4,17,37,31,2019,5,1,3,0,1,R,2,1323,5,0,1,1,7,2,40,1,0,0,995,0,0,0,02360,9,9,2,3,1,1,2,1,1,1,0,0,0,0,1,8,2,2,9,0,1,2,17,1,1,1,5,L,87,0,0,0,0,0,0,0,0,0,0,95,0,0,0,0,1,1,28,-18,-21,9626,998,-23,13,0,4,0,0,0,0,0,995,9.8,998,998,998,99.8,99.8,99.8,30.3796836048955,2,5
18257,29,101,1-29-2020-101-04,4,2,2CNALBEC6B62,17,20,404,2011,14,3,14,0,1,F,1,1706,5,0,1,1,8,2,40,1,0,0,995,0,0,0,02745,1,2,2,4,2,1,2,1,1,1,0,0,0,0,1,8,0,0,1,0,1,4,66,1,1,1,5,L,86,0,0,0,0,0,0,0,0,0,0,0,95,0,0,0,1,1,21,-18,10,78344,998,98,27,0,3,2,4,0,4,0,995,9.8,998,998,998,99.8,99.8,99.8,30.3796836048955,2,5
18259,15,61,1-15-2020-061-01,1,1,3VWGG71K67M0,17,30,40,2007,4,1,2,0,1,F,9,1465,5,9999,9,0,998,2,48,1,8,1,0,3,7,1,11550,9,1,0,4,5,1,2,1,1,1,1,3,0,0,1,1,0,0,9,1,1,2,13,99,1,4,1,A,1,0,0,0,0,0,0,0,0,0,0,998,998,0,0,1,1,0,999,999,999,9999999,999,999,999,9,0,3,10,1,1,0,998,0.3,33,46,120,3.6,0.8,3.7,17.3601016794599,1,5
18261,15,63,1-15-2020-063-10,10,1,WAULD54B32N0,17,32,42,2002,4,1,3,0,1,F,9,1740,5,9999,9,0,998,2,48,1,8,9,998,8,7,0,11691,9,9,0,4,2,1,2,2,3,1,1,2,0,0,3,2,0,0,9,1,14,1,9,99,9,4,1,B,7,0,0,0,0,0,0,0,0,0,0,998,998,0,1,0,1,0,999,999,999,9999999,999,999,999,9,0,0,0,0,0,0,998,0.9,120,20,58,3.2,1.9,3.7,472.488292175532,1,5
18262,76,49,1-76-2020-049-10,10,1,1HGCM56337A0,17,37,32,2007,4,1,3,0,1,F,2,1440,5,0,1,1,17,2,89,1,8,9,998,8,7,9,12192,9,9,0,4,2,1,2,1,3,2,1,2,0,0,1,1,0,0,9,1,14,2,13,99,1,4,1,A,1,0,0,0,0,0,0,0,0,0,0,998,998,0,0,1,1,12,999,999,999,9999999,999,999,999,7,0,0,0,0,0,0,998,0.2,26,26,81,8.2,1.2,8.3,29.6113433995243,3,5
18263,33,62,1-33-2020-062-06,6,1,19XFB2F50DE0,17,37,31,2013,4,1,3,0,1,F,2,1236,5,0,1,1,13,2,64,1,1,8,997,8,0,0,95965,3,9,0,4,2,1,2,1,2,4,1,2,0,0,2,1,0,0,3,1,14,2,12,4,1,4,1,C,11,0,0,0,0,0,0,0,0,0,0,260,265,0,0,0,1,3,31,-31,0,38372,998,0,27,0,4,1,1,0,6,0,995,9.8,998,998,998,99.8,99.8,99.8,434.632334778542,12,5
18263,33,62,1-33-2020-062-06,6,2,1FMRU17L3XLB,17,12,422,1999,15,3,15,0,2,B,1,2177,5,9999,9,4,12,,,,,,,,,,,,,,,,,,,,,,,,,,,,,,,,,,,,,,,,,,,,,,,,,,,,,,,,,,,,,,,,,,95,95,95,95,,,,,,,,,,434.632334778542,12,5
18264,26,101,1-26-2020-101-02,2,1,JF1ZCAB13H96,17,48,46,2017,2,1,2,0,1,F,1,1254,5,0,1,1,13,2,105,1,0,0,995,0,0,0,95632,1,1,0,2,2,2,2,1,1,1,3,2,1,3,1,1,0,0,1,0,1,3,52,3,1,1,2,D,28,0,0,0,0,0,0,0,0,0,0,325,335,0,0,0,1,3,10,-9,-5,5199,998,-56,9,0,4,2,4,0,4,0,995,3.3,999,999,999,4.4,3.0,5.4,24.5416826327623,10,5
18264,26,101,1-26-2020-101-02,2,2,3N1AB7AP0JY3,17,35,43,2018,4,1,3,0,1,B,1,1300,5,0,1,1,18,2,105,1,0,0,995,0,0,0,95632,9,1,0,2,2,2,2,1,1,1,3,2,1,3,1,1,0,0,9,0,2,3,53,1,1,1,2,D,29,0,0,0,0,0,0,0,0,0,0,335,325,0,0,0,1,3,10,9,3,7259,998,-50,11,0,4,1,3,0,4,0,995,9.8,998,998,998,99.8,99.8,99.8,24.5416826327623,10,5
18267,22,68,1-22-2020-068-03,3,1,4S4BSAFC1G32,17,48,45,2016,6,1,3,0,1,F,1,1614,5,0,1,1,6,2,105,1,0,0,995,0,0,0,83536,9,9,0,4,2,1,2,1,1,1,1,4,0,0,1,1,0,0,1,0,1,6,87,2,1,1,1,C,13,0,0,0,0,0,0,0,0,0,0,998,998,0,0,0,1,10,999,999,999,9999999,999,-9,14,2,0,99,99,0,0,0,998,9.8,998,998,998,99.8,99.8,99.8,39.228953483812,12,5
18268,22,69,1-22-2020-069-06,6,1,1FTHX26G0MKB,17,12,481,1991,34,5,30,0,1,R,9,2334,5,9999,9,0,998,5,105,1,0,0,995,0,0,0,83524,9,9,2,4,2,1,2,1,1,1,1,2,2,3,1,8,0,0,9,1,6,4,61,99,1,2,4,J,73,0,0,0,0,0,0,0,0,0,0,30,10,1,0,0,1,0,999,999,999,9999999,999,999,999,9,0,95,95,95,95,0,995,9.8,998,998,998,99.8,99.8,99.8,79.3556547742115,12,5
18268,22,69,1-22-2020-069-06,6,2,5TFBY5F16FX4,17,49,482,2015,34,5,30,0,1,L,1,2450,5,600,2,1,5,2,40,1,0,0,995,0,0,0,59715,1,2,2,4,2,1,2,1,1,4,1,2,2,3,1,8,0,0,1,1,11,2,10,2,1,1,4,J,72,0,0,0,0,0,0,0,0,0,0,10,30,0,0,0,1,5,999,999,999,9999999,999,999,9,1,0,1,1,0,0,0,995,9.8,998,998,998,99.8,99.8,99.8,79.3556547742115,12,5
18269,21,82,1-21-2020-082-04,4,1,JTDEPRAE8LJ0,17,49,32,2020,4,1,3,0,1,F,2,1315,5,9999,9,5,36,2,113,1,0,0,995,0,0,0,89014,1,9,0,1,2,1,2,1,1,9,1,3,2,3,2,1,0,0,3,0,1,3,50,1,1,1,2,D,32,0,0,0,0,0,0,0,0,0,0,240,210,0,0,0,1,98,999,999,999,9999999,999,999,999,7,0,99,99,0,99,0,995,9.8,998,998,998,99.8,99.8,99.8,1562.75795820311,11,5
18269,21,82,1-21-2020-082-04,4,2,2T1KR32E68C7,17,49,47,2008,6,1,2,0,1,B,2,1211,5,9999,9,5,16,2,113,0,7,7,887,6,8,8,99998,8,8,0,1,2,1,2,1,1,9,1,3,2,3,2,1,0,0,0,8,0,3,53,0,0,0,2,D,32,0,0,0,0,0,0,0,0,0,0,210,240,0,0,0,1,98,999,999,999,9999999,999,999,999,7,0,0,0,0,0,0,995,9.8,998,998,998,99.8,99.8,99.8,1562.75795820311,11,5
18270,21,83,1-21-2020-083-02,2,1,3N6CM0KN4JK7,17,35,446,2018,20,4,20,0,1,F,2,1479,5,9999,9,5,22,2,105,1,0,0,995,0,0,0,92399,9,1,0,2,4,1,2,1,1,9,3,2,0,0,3,1,0,0,9,0,1,3,51,2,1,1,2,D,24,0,0,0,0,0,0,0,0,0,0,180,180,0,0,0,1,98,999,999,999,9999999,999,999,999,7,0,0,0,0,0,0,995,4.2,999,999,999,0.0,0.0,0.0,17.067942302898,11,5
18270,21,83,1-21-2020-083-02,2,2,JTHP9JBH6L20,17,59,43,2020,5,1,2,0,1,B,1,1635,5,0,2,5,46,2,105,1,0,0,995,0,0,0,92240,1,2,0,2,4,1,2,1,1,9,3,2,0,0,3,1,0,0,1,0,1,3,53,1,1,1,2,D,25,0,0,0,0,0,0,0,0,0,0,180,180,0,0,0,1,12,999,999,999,9999999,999,999,999,2,0,2,5,0,4,0,995,9.8,998,998,998,99.8,99.8,99.8,17.067942302898,11,5
18271,21,84,1-21-2020-084-01,1,1,3NSVPE928KF7,17,98,734,2019,90,9,90,0,1,9,9,,,,,,,2,89,1,0,0,995,0,0,0,92365,9,9,2,4,2,1,2,1,1,9,0,0,0,0,1,1,2,2,9,0,1,2,17,99,9,1,5,L,87,,,,,,,,,,,,,,,,,,,,,,,,,,,95,95,95,95,,,3.0,999,999,999,99.9,99.9,99.9,31.5795971995564,11,5
18271,21,84,1-21-2020-084-01,1,2,1J4FY19S9WP7,17,2,403,1998,14,3,14,0,1,F,2,1477,5,9999,9,4,85,2,89,1,9,1,0,3,9,1,92365,1,9,2,4,2,1,2,1,1,9,0,2,0,0,1,1,0,0,9,0,1,4,66,2,1,1,5,L,86,0,0,0,0,0,0,0,0,0,0,90,180,0,0,0,1,5,999,999,999,9999999,999,999,999,7,0,4,29,1,1,0,995,3.0,999,999,999,7.3,6.1,9.5,31.5795971995564,11,5
18272,21,85,1-21-2020-085-06,6,1,5NPEC4AC9CH4,17,55,33,2012,4,1,4,0,1,R,1,1454,5,0,2,1,10,2,105,1,0,0,995,0,0,0,89101,2,2,0,1,2,2,1,1,1,9,3,2,1,3,1,1,0,0,1,1,1,1,1,7,4,4,1,B,7,0,0,0,0,0,0,0,0,0,0,998,998,0,0,0,1,12,999,999,999,9999999,999,999,999,6,0,0,0,0,0,0,998,9.8,998,998,998,99.8,99.8,99.8,541.768831714634,11,5
18273,23,33,1-23-2020-033-02,2,1,1FCJE39L07DA,17,12,461,2007,21,4,21,0,1,F,9,9999,9,9999,9,4,41,2,72,1,8,0,995,0,7,0,43302,9,9,2,5,5,1,2,1,1,1,1,3,0,0,1,1,1,2,9,0,1,2,17,99,9,1,4,J,69,0,0,0,0,0,0,0,0,0,0,180,300,0,0,0,1,12,999,999,999,9999999,999,999,999,9,0,9,97,0,5,0,995,9.7,999,999,999,0.6,0.5,0.8,98.6481035370378,5,5
18273,23,33,1-23-2020-033-02,2,2,1G6AF5SX3J01,17,19,24,2018,4,1,4,0,1,R,9,1607,8,9999,9,4,41,2,72,1,8,9,998,8,7,9,43015,9,9,2,4,5,3,2,1,1,1,1,2,0,0,1,1,1,2,1,0,11,4,63,99,1,1,4,J,68,0,0,0,0,0,0,0,0,0,0,300,180,0,0,0,1,12,999,999,999,9999999,999,999,999,9,0,9,97,0,8,0,995,9.8,998,998,998,99.8,99.8,99.8,98.6481035370378,5,5