CASEID,PSU,CASENO,CASENUMBER,CATEGORY,VEHNO,VIN,VINLENGTH,MAKE,MODEL,MODELYR,BODYTYPE,BODYCAT,VEHCLASS,SPECUSE,TRANSTAT,DAMPLANE,DAMSEV,CURBWT,CURBSRC,CARGOWT,CARGOSRC,INSPTYPE,INSPLAG,TOWED,SPEEDLIMIT,DRPRESENT,PARALCOHOL,ALCTEST,ALCTESTRESULT,ALCTESTSRC,PARDRUG,DRUGTEST,ZIP,RACE,ETHNICITY,RELTOJUNCT,TRAFFLOW,RDLANES,INITLANE,SURFTYPE,SURFCOND,ALIGNMENT,PROFILE,LINERIGHT,LINELEFT,RUMBINIT,RUMBROAD,LIGHTCOND,WEATHER,TRAFDEV,TRAFFUNCT,DISTRACT,PREFHE,PREMOVE,CRITCAT,CRITEVENT,MANEUVER,PRESTAB,PRELOC,CRASHCAT,CRASHCONF,CRASHTYPE,ROLLTYPE,ROLLTURN,ROLLINTRPT,ROLLPREMAN,ROLLINITYP,ROLLINLOC,ROLLOBJ,ROLLTRIP,ROLLDIR,ROLLDIST,DVANGTHIS,DVANGOTH,TOWHITCH,TRAJDOC,TREEPOLE,DVEVENT,DVBASIS,DVTOTAL,DVLONG,DVLAT,DVENERGY,DVSPEED,DVMOMENT,DVBES,DVEST,DVCONF,VAIS,VISS,VINJURED,VTREAT,INITOBJCLASS,HEADANGLECAT,SHLDRWIDTH,STRKLENGTH,STRKWIDTH,STRKHEIGHT,EDGEDISTX,EDGEDISTY,EDGEDISTZ,CASEWGT,PSUSTRAT,VERSION
18274,22,67,1-22-2020-067-07,7,1,156393J,7,85,999,1977,99,10,99,0,1,L,9,,,,,,,5,105,1,0,0,995,0,0,0,83524,9,9,2,4,2,1,2,1,1,4,1,2,0,0,1,1,2,2,9,0,10,2,16,99,1,1,4,K,78,,,,,,,,,,,,,,,,,,,,,,,,,,,95,95,95,95,,,9.8,998,998,998,99.8,99.8,99.8,254.220783682203,12,5
18274,22,67,1-22-2020-067-07,7,2,5NPEB4ACXEH8,17,55,33,2014,4,1,4,0,1,F,1,1475,5,0,1,1,15,2,105,1,0,0,995,0,0,0,83524,5,2,2,4,2,1,2,1,1,4,1,2,2,3,1,1,0,0,9,0,1,4,65,99,1,1,4,K,79,0,0,0,0,0,0,0,0,0,0,255,215,0,0,0,1,5,999,999,999,9999999,999,999,18,2,0,0,0,0,0,0,995,9.8,998,998,998,99.8,99.8,99.8,254.220783682203,12,5
18275,20,48,1-20-2020-048-02,2,1,KNAFX6A84G55,17,63,38,2016,2,1,3,0,1,F,3,1302,5,0,1,1,20,2,89,1,0,1,0,2,0,2,93901,1,1,0,4,2,1,2,1,1,9,1,2,0,0,2,8,0,0,9,1,1,2,10,8,1,2,3,G,52,0,0,0,0,0,0,0,0,0,0,340,150,0,0,0,1,1,62,-61,11,149838,998,-6,52,0,1,3,19,2,3,0,995,9.8,998,998,998,99.8,99.8,99.8,218.779328722168,11,5
18275,20,48,1-20-2020-048-02,2,2,WDBUF65J85A7,17,42,48,2005,4,1,4,0,1,F,3,1650,5,9999,9,1,24,2,89,1,0,1,0,2,0,0,93923,1,2,0,4,2,1,2,1,1,9,2,1,0,0,2,8,0,0,1,0,1,3,54,2,1,1,3,G,52,0,0,0,0,0,0,0,0,0,0,150,340,0,0,0,1,1,53,-53,0,252664,998,-20,61,0,1,3,14,1,3,0,995,9.8,998,998,998,99.8,99.8,99.8,218.779328722168,11,5
18276,20,49,1-20-2020-049-05,5,1,1HGCR2F34FA1,17,37,32,2015,4,1,4,0,1,F,3,1496,5,0,1,5,14,2,89,1,0,1,0,2,0,1,95012,9,1,0,4,2,1,2,1,1,1,1,2,0,0,2,1,0,0,1,1,1,6,87,8,1,4,1,A,3,0,0,0,0,0,0,0,0,0,0,998,998,0,1,1,1,1,73,-73,0,343628,998,16,73,0,4,3,27,1,3,0,998,1.2,90,70,120,9.1,2.9,9.6,296.730174933329,11,5
18277,30,79,1-30-2020-079-07,7,1,4T1BF1FK8CU1,17,49,40,2012,4,1,3,0,1,R,1,1441,5,0,1,1,26,2,105,1,0,0,995,0,0,0,85373,9,9,0,1,2,2,2,1,1,1,3,2,0,0,1,1,0,0,1,1,1,2,13,3,4,4,1,A,4,0,0,0,0,0,0,0,0,0,0,998,998,0,0,0,1,12,999,999,999,9999999,999,999,7,1,0,0,0,0,0,0,998,8.0,999,999,999,0.0,0.0,0.0,1515.99083982094,10,5
18278,30,80,1-30-2020-080-04,4,1,3GCUKSEC2EG5,17,20,481,2014,34,5,31,0,1,F,9,2378,5,9999,9,0,998,2,64,1,9,9,998,8,9,9,85268,9,9,2,4,5,3,2,1,1,1,1,2,0,0,1,1,1,2,3,1,1,2,10,99,1,2,3,G,50,0,0,0,0,0,0,0,0,0,0,335,165,0,0,0,1,0,999,999,999,9999999,999,999,999,9,0,0,0,0,0,0,995,9.8,998,998,998,99.8,99.8,99.8,905.141822613082,10,5
18278,30,80,1-30-2020-080-04,4,2,KMHDH4AE9BU1,17,55,35,2011,4,1,3,0,1,F,2,1265,5,0,1,1,26,2,64,1,0,0,995,0,0,0,85305,9,9,2,4,5,3,2,1,1,1,1,2,0,0,1,1,1,2,1,0,5,4,62,1,1,1,3,G,51,0,0,0,0,0,0,0,0,0,0,165,335,0,0,0,1,98,999,999,999,9999999,999,999,999,7,0,0,0,0,0,0,995,9.8,998,998,998,99.8,99.8,99.8,905.141822613082,10,5
18278,30,80,1-30-2020-080-04,4,3,5FNRL5H35GB0,17,37,441,2016,20,4,20,0,1,L,2,1996,5,0,1,1,12,2,64,1,0,0,995,0,0,0,85037,9,9,2,4,5,2,2,1,1,1,3,1,0,0,1,1,1,2,1,0,3,4,62,1,1,1,6,M,98,0,0,0,0,0,0,0,0,0,0,165,330,0,0,0,2,8,999,999,999,9999999,999,999,999,7,0,0,0,0,0,0,995,9.8,998,998,998,99.8,99.8,99.8,905.141822613082,10,5
18279,30,81,1-30-2020-081-03,3,1,3VW2B7AJ4HM2,17,30,40,2017,4,1,3,0,1,F,2,1272,5,9999,9,0,998,5,56,1,1,0,995,0,0,0,85021,9,9,2,4,7,1,2,1,1,1,0,1,0,0,1,1,1,2,9,0,1,3,50,1,1,1,2,D,20,0,0,0,0,0,0,0,0,0,0,260,270,0,0,0,1,3,33,-33,0,49970,998,0,31,0,4,95,95,95,95,0,995,9.8,998,998,998,99.8,99.8,99.8,252.112024120197,10,5
18279,30,81,1-30-2020-081-03,3,2,5YFBURHE3KP8,17,49,32,2019,4,1,3,0,1,B,2,1265,5,0,1,1,39,2,56,1,0,1,0,2,0,0,85021,9,9,2,4,7,2,2,1,1,1,1,3,0,0,1,1,1,2,1,0,5,3,53,6,1,1,2,D,21,0,0,0,0,0,0,0,0,0,0,270,260,0,0,0,1,3,33,33,-6,69563,998,43,35,0,4,0,0,0,4,0,995,9.8,998,998,998,99.8,99.8,99.8,252.112024120197,10,5
18281,24,97,1-24-2020-097-07,7,1,1C4PJLAK2CW1,17,2,405,2012,14,3,14,0,1,F,1,1872,5,9999,9,4,15,2,0,1,0,0,995,0,0,0,08330,9,9,2,4,2,1,2,1,1,1,0,0,0,0,1,1,2,2,9,0,1,2,17,99,1,1,5,L,88,0,0,0,0,0,0,0,0,0,0,0,260,0,0,0,1,12,999,999,999,9999999,999,999,999,6,0,99,99,0,0,0,995,9.8,998,998,998,99.8,99.8,99.8,231.957354879625,1,5
18281,24,97,1-24-2020-097-07,7,2,1G3GR64H3141,17,21,22,2001,4,1,4,0,1,L,9,1672,5,9999,9,0,998,5,0,1,0,0,995,0,0,0,08226,9,9,2,1,1,1,2,1,1,4,0,2,0,0,1,1,0,0,9,0,1,4,66,99,1,1,5,L,89,0,0,0,0,0,0,0,0,0,0,260,0,0,0,0,1,0,999,999,999,9999999,999,999,999,9,0,95,95,95,95,0,995,0.0,60,15,15,0.0,0.0,0.0,231.957354879625,1,5
18282,52,109,1-52-2020-109-06,6,1,2C4JRGAG1DR5,17,7,443,2013,20,4,20,0,1,F,1,2050,5,0,1,1,22,2,56,1,0,0,995,0,0,0,59101,9,9,0,4,5,1,2,1,1,1,0,3,0,0,1,1,0,0,9,0,1,3,51,2,1,1,2,D,24,0,0,0,0,0,0,0,0,0,0,265,265,0,0,0,1,5,999,999,999,9999999,999,999,12,2,0,99,99,0,99,0,995,9.8,998,998,998,99.8,99.8,99.8,70.1774816442234,12,5
18282,52,109,1-52-2020-109-06,6,2,999999999999,99,99,399,9999,9,1,9,99,1,B,9,9999,9,9999,9,0,998,5,56,1,8,0,995,0,7,0,99999,9,9,0,4,5,1,2,1,1,1,0,3,0,0,1,1,0,0,9,0,1,3,53,99,9,1,2,D,25,0,0,0,0,0,0,0,0,0,0,265,265,0,0,0,1,0,999,999,999,9999999,999,999,999,9,0,95,95,95,95,0,995,9.8,998,998,998,99.8,99.8,99.8,70.1774816442234,12,5
18283,15,64,1-15-2020-064-10,10,1,2T1AE09B4RC0,17,49,32,1994,4,1,1,0,1,F,9,1055,5,9999,9,0,998,2,48,1,8,9,998,8,7,9,11030,9,9,0,2,2,1,2,2,1,4,1,3,0,0,1,2,0,0,9,0,1,3,51,99,1,1,2,D,24,0,0,0,0,0,0,0,0,0,0,260,265,0,0,0,1,0,999,999,999,9999999,999,999,999,9,0,0,0,0,0,0,995,9.8,998,998,998,99.8,99.8,99.8,472.488292175532,1,5
18283,15,64,1-15-2020-064-10,10,2,4S4BSAAC1F32,17,48,45,2015,5,1,3,0,1,B,9,1614,5,9999,9,0,998,5,48,1,8,9,998,8,7,9,11542,9,9,0,2,2,2,1,2,1,4,3,2,0,0,1,2,0,0,9,1,15,3,53,99,1,2,2,D,25,0,0,0,0,0,0,0,0,0,0,265,260,0,0,0,1,0,999,999,999,9999999,999,999,999,9,0,95,95,95,95,0,995,9.8,998,998,998,99.8,99.8,99.8,472.488292175532,1,5
18287,26,102,1-26-2020-102-01,1,1,YV1RS61R0221,17,51,47,2002,4,1,3,0,1,R,3,1427,5,0,1,1,30,2,89,1,8,1,0,4,9,2,95624,9,1,0,4,2,1,2,1,3,1,1,4,0,0,1,1,0,0,9,1,14,2,13,99,4,6,3,I,66,0,0,0,0,0,0,0,0,0,0,155,65,0,1,0,1,1,64,-11,-63,425104,998,56,79,0,4,9,0,0,1,0,995,9.8,998,998,998,99.8,99.8,99.8,31.8001291908573,10,5
18287,26,102,1-26-2020-102-01,1,2,JTEZU5JR5C50,17,49,401,2012,14,3,14,0,1,F,3,2121,5,0,1,1,30,2,89,1,0,0,995,0,0,0,95833,3,9,0,4,2,1,1,1,2,1,1,4,0,0,1,1,0,0,1,0,14,4,62,2,2,1,3,I,66,0,0,0,0,0,0,0,0,0,0,65,155,0,1,0,1,1,44,-43,8,25326,998,38,17,0,4,99,99,0,99,0,995,9.8,998,998,998,99.8,99.8,99.8,31.8001291908573,10,5
18289,77,63,1-77-2020-063-09,9,1,3GNFK12318G2,17,20,482,2008,34,5,31,0,1,R,1,2576,5,0,1,1,17,2,40,1,0,0,995,0,0,0,22942,9,9,2,1,2,2,2,2,2,1,1,2,0,0,1,98,1,2,1,0,11,2,15,1,1,1,4,J,68,0,0,0,0,0,0,0,0,0,0,155,45,0,0,0,1,3,8,-4,-7,12963,998,86,10,0,4,99,99,0,99,0,995,9.8,998,998,998,99.8,99.8,99.8,10801.6627434134,9,5
18289,77,63,1-77-2020-063-09,9,2,JNKCV54E83M2,17,58,37,2003,2,1,4,0,1,F,1,1551,5,0,2,0,998,2,40,1,0,0,995,0,0,0,27105,9,1,2,1,3,1,2,2,3,1,0,1,0,0,1,98,1,2,1,0,14,4,62,99,1,1,4,J,69,0,0,0,0,0,0,0,0,0,0,45,155,0,0,0,1,3,13,-13,0,4926,998,0,9,0,4,0,0,0,0,0,995,9.8,998,998,998,99.8,99.8,99.8,10801.6627434134,9,5
18290,77,64,1-77-2020-064-02,2,1,3LN6L2G98GR6,17,13,13,2016,4,1,4,0,1,F,2,1736,5,100,1,1,2,2,72,1,0,1,0,2,0,0,24401,1,2,2,1,2,2,2,1,1,1,1,2,2,2,1,1,0,0,1,0,1,4,65,98,1,1,4,K,79,0,0,0,0,0,0,0,0,0,0,998,998,0,0,0,2,11,999,999,999,9999999,999,999,999,7,0,2,12,0,3,0,998,0.2,120,13,120,6.0,2.3,6.6,90.653369451457,9,5
18290,77,64,1-77-2020-064-02,2,2,SHHFK8G72JU2,17,37,31,2018,5,1,3,0,1,L,9,1324,5,9999,9,0,998,5,72,1,0,0,995,0,0,0,22901,9,9,2,1,1,1,2,1,1,1,0,0,0,0,1,1,2,2,1,0,10,2,16,1,1,1,4,K,78,0,0,0,0,0,0,0,0,0,0,20,65,0,0,0,1,0,999,999,999,9999999,999,999,999,9,0,95,95,95,95,0,995,9.8,998,998,998,99.8,99.8,99.8,90.653369451457,9,5
18292,10,104,1-10-2020-104-02,2,1,KM8J3CA43KU8,17,55,402,2019,14,3,14,0,1,F,1,1634,5,0,1,1,3,2,40,1,0,0,995,0,0,0,45449,9,9,0,4,2,1,2,1,1,1,0,2,0,0,1,1,1,2,1,1,1,6,87,8,1,4,1,A,3,0,0,0,0,0,0,0,0,0,0,998,998,0,0,1,1,1,14,-14,0,15723,998,65,14,0,4,1,2,0,4,0,998,0.0,20,20,120,4.6,0.8,4.7,19.2540171762087,4,5
18293,10,105,1-10-2020-105-03,3,1,19XFC2F5XJE0,17,37,31,2018,4,1,3,0,1,R,1,1244,5,9999,9,4,23,2,56,1,0,0,995,0,0,0,45458,9,9,2,4,4,2,2,1,1,1,1,2,0,0,1,8,1,2,9,0,11,2,15,99,1,2,4,J,68,0,0,0,0,0,0,0,0,0,0,330,190,0,0,0,1,12,999,999,999,9999999,999,999,999,6,0,9,97,0,8,0,995,9.8,998,998,998,99.8,99.8,99.8,203.085236265244,4,5
18293,10,105,1-10-2020-105-03,3,2,3C4PDDBG2KT8,17,7,404,2019,14,3,14,0,1,F,2,1926,5,9999,9,4,23,2,56,1,0,0,995,0,0,0,45458,9,9,2,4,5,2,2,1,1,1,3,1,0,0,1,8,1,2,9,0,1,4,62,4,1,1,4,J,69,0,0,0,0,0,0,0,0,0,0,190,330,0,0,0,1,12,999,999,999,9999999,999,999,999,7,0,9,97,0,99,0,995,9.8,998,998,998,99.8,99.8,99.8,203.085236265244,4,5
18294,10,106,1-10-2020-106-03,3,1,1G1PE5SB1G72,17,20,25,2016,4,1,3,0,1,L,1,1399,5,0,1,4,6,2,64,1,0,0,995,0,0,0,45458,9,9,2,4,5,2,2,1,1,1,3,1,0,0,1,1,1,2,9,0,1,4,65,2,1,1,4,K,79,1,1,2,9,7,1,2,2,2,999,997,997,0,0,0,2,6,999,999,999,9999999,999,999,999,6,0,99,99,0,5,1,997,9.8,998,998,998,99.8,99.8,99.8,203.085236265244,4,5
18294,10,106,1-10-2020-106-03,3,2,5YFBURHE8GP5,17,49,32,2016,4,1,3,0,1,F,9,1265,5,9999,9,0,998,5,40,1,0,0,995,0,0,0,45402,9,9,2,2,2,1,2,1,1,1,0,1,0,0,1,1,1,2,1,0,10,2,16,1,1,7,4,K,78,0,0,0,0,0,0,0,0,0,0,330,10,0,0,0,1,0,999,999,999,9999999,999,999,999,9,0,95,95,95,95,0,995,9.8,998,998,998,99.8,99.8,99.8,203.085236265244,4,5
18296,14,49,1-14-2020-049-07,7,1,1GCRCSEA4BZ2,17,20,481,2011,34,5,31,0,1,F,1,2378,5,9999,9,4,14,3,89,1,0,0,995,0,0,0,39443,9,1,0,4,2,1,2,1,2,1,1,2,0,0,1,1,0,0,3,0,14,3,50,99,1,1,2,D,20,0,0,0,0,0,0,0,0,0,0,315,315,0,0,0,1,12,999,999,999,9999999,999,999,999,6,0,0,0,0,0,0,995,9.8,998,998,998,99.8,99.8,99.8,3230.67597105215,8,5
18296,14,49,1-14-2020-049-07,7,2,ML32A3HJ3FH0,17,52,48,2015,5,1,1,0,1,B,9,895,5,9999,9,0,998,5,89,1,0,0,995,0,0,0,78133,9,9,0,4,2,1,2,1,2,1,1,2,0,0,1,1,0,0,9,0,5,3,53,99,1,1,2,D,21,0,0,0,0,0,0,0,0,0,0,315,315,0,0,0,1,0,999,999,999,9999999,999,999,999,9,0,95,95,95,95,0,995,9.8,998,998,998,99.8,99.8,99.8,3230.67597105215,8,5
18297,14,50,1-14-2020-050-04,4,1,3C4NJDDB6JT1,17,2,1,2018,6,1,2,0,1,F,1,1648,5,9999,9,0,998,5,97,1,0,0,995,0,0,0,78132,9,9,2,4,2,1,2,1,1,1,0,0,0,0,1,1,2,2,9,0,11,2,15,99,1,1,4,K,82,0,0,0,0,0,0,0,0,0,0,150,260,0,0,0,1,3,6,-6,2,2715,998,68,6,0,4,95,95,95,95,0,995,9.8,998,998,998,99.8,99.8,99.8,2194.88173456464,8,5
18297,14,50,1-14-2020-050-04,4,2,5LMTJ3DH0GUJ,17,13,402,2016,14,3,14,0,1,R,1,1792,5,0,2,1,8,2,97,1,0,0,995,0,0,0,78163,1,2,2,4,3,2,2,1,1,1,1,2,0,0,1,1,0,0,1,0,1,4,67,10,1,1,4,K,83,0,0,0,0,0,0,0,0,0,0,260,150,0,0,0,1,3,5,-3,-4,4390,998,144,5,0,4,0,0,0,0,0,995,9.8,998,998,998,99.8,99.8,99.8,2194.88173456464,8,5
18299,17,85,1-17-2020-085-07,7,1,3C6JD6AT8CG1,17,7,482,2012,34,5,30,0,1,F,1,2049,5,0,1,1,19,2,48,1,9,0,995,0,9,0,99999,9,9,2,3,3,2,2,1,1,1,3,1,0,0,3,1,0,0,9,1,1,2,12,4,2,4,1,B,6,0,0,0,0,0,0,0,0,0,0,998,998,0,0,6,1,98,999,999,999,9999999,999,999,999,6,0,99,99,0,99,0,998,0.0,10,10,999,29.7,1.7,29.7,733.658939618238,4,5
18300,17,86,1-17-2020-086-02,2,1,1G1ZD5ST5KF1,17,20,37,2019,4,1,4,0,1,F,1,1400,5,0,1,1,22,2,72,1,1,1,186,2,9,0,61239,9,9,2,1,6,1,1,1,1,1,1,1,0,0,1,1,1,2,9,0,1,3,51,2,2,1,2,D,24,1,7,1,5,1,4,63,1,2,25,275,270,0,0,0,1,3,11,-11,2,4325,998,-44,8,0,4,1,2,0,4,3,995,9.9,999,999,999,99.9,99.9,99.9,57.7919638710928,4,5
18300,17,86,1-17-2020-086-02,2,2,4T1BE30K55U4,17,49,40,2005,4,1,3,0,1,B,1,1455,5,0,1,1,22,2,72,1,9,0,995,0,9,0,61240,9,9,2,1,6,1,1,1,1,1,1,1,0,0,1,1,1,2,9,0,1,3,53,99,1,1,2,D,25,0,0,0,0,0,0,0,0,0,0,270,275,0,0,0,1,3,11,11,-2,11195,998,-15,14,0,4,99,99,0,5,0,995,9.8,998,998,998,99.8,99.8,99.8,57.7919638710928,4,5
18301,10,103,1-10-2020-103-09,9,1,KMHWF35H33A8,17,55,33,2003,4,1,3,0,1,R,2,1476,5,9999,9,0,998,5,48,1,0,0,995,0,0,0,45417,9,9,2,4,2,1,2,1,1,1,0,0,0,0,1,1,2,2,1,1,1,2,17,99,1,2,5,L,87,0,0,0,0,0,0,0,0,0,0,180,90,0,0,0,1,3,38,-29,-25,188204,998,80,50,0,4,95,95,95,95,0,995,9.8,998,998,998,99.8,99.8,99.8,1200.53253747393,4,5
18301,10,103,1-10-2020-103-09,9,2,1G4HP54K12U2,17,18,2,2002,4,1,4,0,1,F,2,1618,5,0,1,1,9,2,48,1,0,0,995,0,0,0,45417,9,9,2,4,2,1,2,1,1,1,0,2,0,0,1,1,0,0,1,0,1,4,66,99,1,1,5,L,86,0,0,0,0,0,0,0,0,0,0,90,180,0,0,0,1,3,32,-20,24,80787,998,174,23,0,4,1,2,0,4,0,995,9.8,998,998,998,99.8,99.8,99.8,1200.53253747393,4,5
18302,24,98,1-24-2020-098-06,6,1,1C4HJWEG0DL6,17,2,403,2013,14,3,14,0,1,F,2,1940,5,0,1,1,19,2,80,1,0,0,995,0,0,1,08037,1,9,2,4,4,2,2,1,1,1,3,2,0,0,1,1,1,2,9,0,1,2,17,3,1,1,5,L,88,0,0,0,0,0,0,0,0,0,0,110,40,0,0,0,1,1,29,-29,-5,29718,998,-25,19,0,4,1,1,0,4,0,995,9.8,998,998,998,99.8,99.8,99.8,917.808686263812,1,5
18302,24,98,1-24-2020-098-06,6,2,1FAHP3FN4AW2,17,12,37,2010,4,1,2,0,1,L,3,1225,5,0,1,1,15,2,80,1,0,1,0,2,0,1,08215,2,2,2,4,2,1,2,1,1,1,1,2,0,0,1,1,1,2,9,0,1,4,66,99,1,1,5,L,89,0,0,0,0,0,0,0,0,0,0,40,110,0,0,0,1,1,45,8,45,145280,998,-23,53,0,4,3,14,1,3,0,995,9.8,998,998,998,99.8,99.8,99.8,917.808686263812,1,5
18303,24,99,1-24-2020-099-02,2,1,1C4HJXDG8JW2,17,2,403,2018,14,3,14,0,1,F,1,1860,5,0,1,1,15,2,64,1,0,1,0,2,0,1,08234,1,2,2,4,2,1,2,1,1,1,1,2,0,0,1,1,1,2,9,0,1,4,62,4,1,1,4,J,69,0,0,0,0,0,0,0,0,0,0,270,20,0,0,0,1,3,17,-15,9,21919,998,50,16,0,1,3,10,1,3,0,995,9.8,998,998,998,99.8,99.8,99.8,45.9948647167708,1,5
18303,24,99,1-24-2020-099-02,2,2,5N1AT2MV8KC8,17,35,404,2019,14,3,14,0,1,R,1,1610,5,0,1,1,16,2,64,1,0,0,995,0,0,0,08234,1,2,2,4,2,1,2,1,1,1,1,2,0,0,1,1,1,2,1,0,11,2,15,10,1,1,4,J,68,0,0,0,0,0,0,0,0,0,0,20,270,0,0,0,1,3,21,-16,-13,40402,998,74,22,0,1,1,1,0,5,0,995,0.8,7,5,55,1.5,2.0,2.5,45.9948647167708,1,5
18304,24,100,1-24-2020-100-02,2,1,3KPFL4A72HE0,17,63,38,2017,4,1,3,0,1,T,2,1318,5,0,1,1,11,2,80,1,0,0,995,0,0,0,08234,9,9,0,4,2,1,2,2,1,2,2,1,0,0,1,2,0,0,1,1,1,1,5,99,9,4,1,A,2,1,2,1,6,3,4,31,1,2,8,997,997,0,0,0,4,6,999,999,999,9999999,999,999,999,7,0,2,8,0,3,2,997,1.8,999,999,999,32.7,4.4,32.3,45.9948647167708,1,5
18305,24,101,1-24-2020-101-06,6,1,2C3CDXAG0DH6,17,7,24,2013,4,1,5,0,1,F,1,1980,5,0,1,1,10,2,64,1,0,0,995,0,0,0,08225,1,2,2,4,2,1,2,1,1,1,1,2,0,0,1,1,0,0,1,1,1,4,66,4,2,4,1,A,3,0,0,0,0,0,0,0,0,0,0,998,998,0,1,1,2,1,19,-19,0,29947,998,32,19,0,1,1,1,0,4,0,998,0.0,999,999,999,1.9,1.3,2.2,917.808686066401,1,5
18306,11,48,1-11-2020-048-09,9,1,WDDGF81X18F1,17,42,42,2008,4,1,3,0,1,F,1,1695,5,0,1,1,14,2,56,1,0,0,995,0,0,0,23221,2,2,0,4,2,1,2,1,2,1,1,2,0,0,2,1,0,0,1,1,14,6,87,7,1,4,1,B,8,0,0,0,0,0,0,0,0,0,0,998,998,0,0,7,1,10,999,999,999,9999999,999,-9,15,2,0,1,1,0,4,0,998,0.0,6,6,119,2.5,1.3,2.6,6233.15601276218,8,5
18307,11,49,1-11-2020-049-07,7,1,1GKFK16TX1J2,17,23,421,2001,15,3,15,0,1,9,9,2424,5,9999,9,0,998,2,72,1,0,0,995,0,0,0,23234,9,9,0,4,4,2,2,1,1,1,3,2,0,0,1,1,0,0,1,1,1,3,50,7,1,2,2,F,48,0,0,0,0,0,0,0,0,0,0,0,10,0,0,0,1,0,999,999,999,9999999,999,999,999,9,0,0,0,0,0,0,995,9.8,998,998,998,99.8,99.8,99.8,5102.16745546753,8,5
18307,11,49,1-11-2020-049-07,7,2,1C3CCBCG2DN6,17,6,18,2013,4,1,3,0,1,L,1,1544,5,0,1,1,13,2,72,1,0,0,995,0,0,0,23803,9,9,0,4,4,2,2,1,1,1,3,2,0,0,1,1,0,0,1,0,5,3,53,1,1,1,2,F,48,0,0,0,0,0,0,0,0,0,0,10,0,0,0,0,1,12,999,999,999,9999999,999,999,999,6,0,0,0,0,0,0,995,9.8,998,998,998,99.8,99.8,99.8,5102.16745546753,8,5
18308,52,110,1-52-2020-110-03,3,1,3N1AB7AP3HY3,17,35,43,2017,4,1,3,0,1,L,1,1300,5,0,1,1,10,2,40,1,0,0,995,0,0,0,59101,9,9,2,4,3,2,2,1,1,1,1,2,0,0,1,1,2,2,9,0,11,2,15,98,1,1,4,K,82,0,0,0,0,0,0,0,0,0,0,90,185,0,0,0,1,3,12,-4,12,12525,998,-83,13,0,4,1,3,0,6,0,995,9.8,998,998,998,99.8,99.8,99.8,23.3838056116946,12,5
18308,52,110,1-52-2020-110-03,3,2,5N1DR2MM8HC9,17,35,401,2017,14,3,14,0,1,F,1,2119,5,9999,9,0,998,2,40,1,0,0,995,0,0,0,57719,9,9,2,5,3,1,2,1,3,1,0,2,0,0,1,1,0,0,9,0,14,4,67,99,1,1,4,K,83,0,0,0,0,0,0,0,0,0,0,185,90,0,0,0,1,3,8,-7,-3,4735,998,-81,7,0,4,0,0,0,0,0,995,9.8,998,998,998,99.8,99.8,99.8,23.3838056116946,12,5
18309,52,111,1-52-2020-111-09,9,1,1G2WK52J63F1,17,22,20,2003,4,1,4,0,1,F,1,1531,5,0,1,1,9,2,56,1,0,0,995,0,0,0,59101,1,9,2,4,2,1,2,1,1,1,0,2,0,0,1,1,2,2,9,0,1,2,17,99,1,1,5,L,86,0,0,0,0,0,0,0,0,0,0,350,80,0,0,0,1,1,14,-13,7,11157,998,102,11,0,4,0,0,0,4,0,995,9.8,998,998,998,99.8,99.8,99.8,147.543033030163,12,5
18309,52,111,1-52-2020-111-09,9,2,1FMZU34E5XZB,17,12,401,1999,14,3,14,0,1,R,1,1631,5,0,1,1,10,2,56,1,0,0,995,0,0,0,59102,9,9,2,1,4,3,2,1,1,1,1,1,0,0,1,1,0,0,9,0,1,4,68,99,1,1,5,L,87,1,2,1,5,7,1,1,2,2,18,80,350,0,0,0,1,1,14,-7,-12,22449,998,60,17,0,4,0,0,0,5,1,995,9.9,999,999,999,0.0,0.0,0.0,147.543033030163,12,5
18310,52,112,1-52-2020-112-09,9,1,1J8GS48K87C5,17,2,404,2007,14,3,14,0,1,F,2,2014,5,0,1,1,10,2,56,1,1,9,998,8,0,0,59101,9,9,2,5,5,1,2,1,1,1,0,1,0,0,1,1,1,2,3,0,1,3,51,99,1,1,2,D,24,0,0,0,0,0,0,0,0,0,0,90,90,0,0,0,1,1,39,-39,0,53225,998,-21,25,0,4,1,2,0,4,0,995,9.8,998,998,998,99.8,99.8,99.8,147.543033030163,12,5
18310,52,112,1-52-2020-112-09,9,2,1FTPW14505KC,17,12,481,2005,34,5,31,0,1,B,2,2495,5,0,1,1,10,2,56,1,0,0,995,0,0,0,59102,9,9,2,4,5,1,1,1,1,1,0,1,0,0,1,1,1,2,9,0,4,3,53,99,1,1,2,D,25,0,0,0,0,0,0,0,0,0,0,90,90,0,0,0,1,1,30,30,0,165753,998,-26,40,0,4,0,0,0,0,0,995,9.8,998,998,998,99.8,99.8,99.8,147.543033030163,12,5
18311,52,113,1-52-2020-113-03,3,1,1GNSKJKC4GR4,17,20,422,2016,15,3,15,0,1,F,1,2620,5,0,1,3,11,2,56,1,0,0,995,0,0,0,49270,1,2,3,4,5,2,2,1,1,1,1,2,0,0,1,1,0,0,1,0,11,2,15,1,1,1,4,J,74,0,0,0,0,0,0,0,0,0,0,120,10,0,0,0,1,12,999,999,999,9999999,999,999,999,6,0,1,2,0,4,0,995,9.8,998,998,998,99.8,99.8,99.8,23.3838056116946,12,5