CASEID,PSU,CASENO,CASENUMBER,CATEGORY,VEHNO,VIN,VINLENGTH,MAKE,MODEL,MODELYR,BODYTYPE,BODYCAT,VEHCLASS,SPECUSE,TRANSTAT,DAMPLANE,DAMSEV,CURBWT,CURBSRC,CARGOWT,CARGOSRC,INSPTYPE,INSPLAG,TOWED,SPEEDLIMIT,DRPRESENT,PARALCOHOL,ALCTEST,ALCTESTRESULT,ALCTESTSRC,PARDRUG,DRUGTEST,ZIP,RACE,ETHNICITY,RELTOJUNCT,TRAFFLOW,RDLANES,INITLANE,SURFTYPE,SURFCOND,ALIGNMENT,PROFILE,LINERIGHT,LINELEFT,RUMBINIT,RUMBROAD,LIGHTCOND,WEATHER,TRAFDEV,TRAFFUNCT,DISTRACT,PREFHE,PREMOVE,CRITCAT,CRITEVENT,MANEUVER,PRESTAB,PRELOC,CRASHCAT,CRASHCONF,CRASHTYPE,ROLLTYPE,ROLLTURN,ROLLINTRPT,ROLLPREMAN,ROLLINITYP,ROLLINLOC,ROLLOBJ,ROLLTRIP,ROLLDIR,ROLLDIST,DVANGTHIS,DVANGOTH,TOWHITCH,TRAJDOC,TREEPOLE,DVEVENT,DVBASIS,DVTOTAL,DVLONG,DVLAT,DVENERGY,DVSPEED,DVMOMENT,DVBES,DVEST,DVCONF,VAIS,VISS,VINJURED,VTREAT,INITOBJCLASS,HEADANGLECAT,SHLDRWIDTH,STRKLENGTH,STRKWIDTH,STRKHEIGHT,EDGEDISTX,EDGEDISTY,EDGEDISTZ,CASEWGT,PSUSTRAT,VERSION
18311,52,113,1-52-2020-113-03,3,2,2G4WS52JX212,17,18,7,2002,4,1,3,0,1,F,9,1528,5,9999,9,0,998,5,56,1,0,0,995,0,0,0,59101,9,9,3,4,2,1,2,1,1,1,1,2,0,0,1,1,0,0,9,0,10,4,62,99,1,1,4,J,74,0,0,0,0,0,0,0,0,0,0,10,120,0,0,0,1,0,999,999,999,9999999,999,999,999,9,0,95,95,95,95,0,995,9.8,998,998,998,99.8,99.8,99.8,23.3838056116946,12,5
18312,28,50,1-28-2020-050-06,6,1,1HGCP2F60CA0,17,37,32,2012,4,1,4,0,1,F,1,1468,5,0,1,1,20,2,89,1,0,0,995,0,0,0,16901,1,2,0,4,2,1,2,1,1,1,1,2,1,0,1,1,6,2,3,1,1,2,13,1,1,4,1,A,1,0,0,0,0,0,0,0,0,0,0,998,998,0,0,0,1,1,13,-13,0,10371,998,33,13,0,1,2,4,0,4,0,998,3.2,75,120,-34,25.9,4.3,26.1,79.6962796716328,3,5
18313,28,51,1-28-2020-051-07,7,1,1G1PC5SB6F72,17,20,25,2015,4,1,3,0,1,F,1,1399,5,0,1,1,16,2,113,1,0,0,995,0,0,0,13090,9,9,0,2,2,1,2,2,1,1,1,3,2,3,1,2,0,0,1,1,1,1,6,2,4,4,1,B,7,0,0,0,0,0,0,0,0,0,0,998,998,0,0,0,1,10,999,999,999,9999999,999,999,999,6,0,0,0,0,0,0,998,1.6,120,13,108,1.8,5.7,6.0,244.857057300728,3,5
18314,16,78,1-16-2020-078-07,7,1,1G4PR5SK9E41,17,18,25,2014,4,1,3,0,1,F,1,1497,5,0,1,1,36,2,40,1,0,0,995,0,0,0,45223,9,9,2,4,2,1,2,1,1,1,0,0,0,0,1,1,2,2,1,0,11,2,15,1,1,1,4,K,82,0,0,0,0,0,0,0,0,0,0,250,10,0,0,0,1,5,999,999,999,9999999,999,999,17,2,0,0,0,0,0,0,995,9.8,998,998,998,99.8,99.8,99.8,678.166585953997,5,5
18314,16,78,1-16-2020-078-07,7,2,1FDUF5GT0GEB,17,12,880,2016,67,8,60,0,1,R,9,,,,,,,2,40,1,8,0,995,0,7,0,41097,9,9,2,4,2,1,2,1,1,1,0,2,0,0,1,1,0,0,1,0,1,4,67,99,1,1,4,K,83,,,,,,,,,,,,,,,,,,,,,,,,,,,95,95,95,95,,,9.8,998,998,998,99.8,99.8,99.8,678.166585953997,5,5
18315,16,79,1-16-2020-079-07,7,1,YV4952CY4C16,17,51,401,2012,14,3,14,0,1,F,1,2060,5,0,1,1,14,2,40,1,0,0,995,0,0,0,99999,9,9,2,4,2,1,2,1,1,1,0,2,0,0,1,1,1,2,9,0,11,2,15,99,1,1,4,J,68,0,0,0,0,0,0,0,0,0,0,120,320,0,0,0,1,12,999,999,999,9999999,999,999,999,2,0,99,99,0,99,0,995,9.8,998,998,998,99.8,99.8,99.8,678.166585953997,5,5
18315,16,79,1-16-2020-079-07,7,2,JHMGE88649S0,17,37,39,2009,5,1,1,0,1,L,1,1121,5,0,1,1,14,2,40,1,0,0,995,0,0,0,45214,9,9,2,4,2,1,2,1,1,1,0,2,0,0,1,1,1,2,1,0,1,4,62,99,1,1,4,J,69,0,0,0,0,0,0,0,0,0,0,320,120,0,0,0,1,12,999,999,999,9999999,999,999,999,2,0,99,99,0,0,0,995,9.8,998,998,998,99.8,99.8,99.8,678.166585953997,5,5
18316,16,80,1-16-2020-080-10,10,1,1FMEU7DE0AUA,17,12,401,2010,14,3,14,0,1,F,1,2100,5,9999,9,4,56,2,56,1,0,0,995,0,0,0,45247,9,9,0,4,2,1,2,1,1,2,0,2,0,0,1,1,0,0,3,1,1,2,13,99,1,4,1,A,1,0,0,0,0,0,0,0,0,0,0,280,300,0,0,0,2,3,21,-21,0,33677,998,30,20,0,4,0,0,0,0,0,995,0.0,8,12,30,99.9,1.1,99.9,2935.82045587643,5,5
18316,16,80,1-16-2020-080-10,10,2,4S4WX86D5744,17,48,402,2007,14,3,14,0,2,B,2,1890,5,0,1,5,49,,,,,,,,,,,,,,,,,,,,,,,,,,,,,,,,,,,,,,,,,,,,,,,,,,,,,,,,,,,,,,,,,,95,95,95,95,,,,,,,,,,2935.82045587643,5,5
18317,16,81,1-16-2020-081-04,4,1,3N1CN8DVXLL8,17,35,50,2020,4,1,2,0,1,F,9,1202,8,9999,9,0,998,5,999,1,0,0,995,0,0,0,45203,9,9,0,9,9,99,2,1,9,9,9,9,0,0,1,1,5,2,9,1,15,2,10,99,1,2,2,F,47,0,0,0,0,0,0,0,0,0,0,260,310,0,0,0,1,0,999,999,999,9999999,999,999,999,9,0,95,95,95,95,0,995,9.8,998,998,998,99.8,99.8,99.8,437.171340827644,5,5
18317,16,81,1-16-2020-081-04,4,2,KNMAT2MT8HP5,17,35,51,2017,6,1,3,0,1,R,1,1550,5,9999,9,4,21,2,999,1,0,0,995,0,0,0,45238,9,9,0,9,9,99,2,1,9,9,9,9,0,0,1,1,5,2,9,0,1,4,61,99,1,1,2,F,45,0,0,0,0,0,0,0,0,0,0,310,260,0,0,0,1,12,999,999,999,9999999,999,999,999,6,0,0,0,0,0,0,995,9.8,998,998,998,99.8,99.8,99.8,437.171340827644,5,5
18318,27,52,1-27-2020-052-01,1,1,1VWBV7A33FC0,17,30,46,2015,4,1,4,0,1,F,3,1546,5,0,1,1,21,2,56,1,9,1,0,2,9,2,01201,1,2,2,4,2,1,2,1,1,4,1,2,0,0,1,1,0,0,9,0,1,3,52,99,1,1,2,D,28,0,0,0,0,0,0,0,0,0,0,275,115,0,0,0,2,11,999,999,999,9999999,999,999,999,8,0,1,1,0,1,0,995,9.8,998,998,998,99.8,99.8,99.8,21.7912456207077,3,5
18318,27,52,1-27-2020-052-01,1,2,MAJ6P1CL9JC1,17,12,403,2018,14,3,14,0,1,B,2,1370,5,0,1,1,20,2,56,1,0,1,0,2,0,1,01201,1,2,2,4,2,1,2,1,1,4,1,2,0,0,1,1,0,0,1,0,2,3,53,1,1,1,2,D,31,1,3,1,2,1,4,61,1,2,7,295,295,0,0,0,1,3,27,27,0,41914,998,37,26,0,4,2,9,0,3,3,995,0.0,37,37,120,1.8,0.8,1.9,21.7912456207077,3,5
18318,27,52,1-27-2020-052-01,1,3,1FAFP53U91A1,17,12,17,2001,4,1,3,0,1,F,3,1515,5,0,1,1,20,2,56,1,0,1,0,2,0,1,01223,1,9,2,4,2,1,2,1,1,2,1,2,0,0,1,1,0,0,1,0,1,4,62,99,1,1,6,M,98,0,0,0,0,0,0,0,0,0,0,115,275,0,0,0,2,11,999,999,999,9999999,999,999,999,8,0,3,14,1,3,0,995,1.0,113,8,15,0.0,0.0,0.0,21.7912456207077,3,5
18319,27,53,1-27-2020-053-04,4,1,4T1B31HK9JU0,17,49,40,2018,4,1,4,0,1,L,1,1575,5,0,1,1,6,2,56,1,0,0,995,0,0,0,01236,1,1,2,4,2,1,2,1,1,1,1,2,0,0,1,1,1,2,1,0,1,4,66,4,1,1,5,L,89,0,0,0,0,0,0,0,0,0,0,25,115,0,0,0,1,3,9,-4,8,8061,998,100,9,0,4,0,0,0,0,0,995,9.8,998,998,998,99.8,99.8,99.8,185.241746981977,3,5
18319,27,53,1-27-2020-053-04,4,2,2GC2KREG4K11,17,20,481,2019,34,5,31,0,1,F,1,2991,5,9999,9,0,998,5,48,1,0,0,995,0,0,0,01201,9,9,2,4,2,1,2,1,1,4,9,9,0,0,1,1,1,2,9,0,1,2,17,99,1,1,5,L,88,0,0,0,0,0,0,0,0,0,0,115,25,0,0,0,1,3,5,-4,-2,3197,998,-143,4,0,4,95,95,95,95,0,995,9.8,998,998,998,99.8,99.8,99.8,185.241746981977,3,5
18320,66,49,1-66-2020-049-09,9,1,4DRBUAAP49A0,17,84,981,2009,50,7,50,2,1,R,9,,,,,,,2,56,1,0,9,998,8,7,9,65769,9,9,2,4,2,1,2,1,1,1,0,0,0,0,1,1,2,2,9,0,1,2,17,1,1,1,5,L,87,,,,,,,,,,,,,,,,,,,,,,,,,,,95,95,95,95,,,0.0,60,60,120,2.0,0.6,2.4,889.323514758588,6,5
18320,66,49,1-66-2020-049-09,9,2,1Y1SK5385PZ0,17,20,32,1993,4,1,1,0,1,F,1,1085,5,0,1,1,28,2,56,1,1,9,998,8,7,9,65605,9,9,2,4,2,1,2,1,1,1,1,2,0,0,1,1,6,2,9,0,1,4,66,99,1,1,5,L,86,0,0,0,0,0,0,0,0,0,0,90,180,0,0,0,1,5,999,999,999,9999999,999,999,22,2,0,1,1,0,4,0,995,9.8,998,998,998,99.8,99.8,99.8,889.323514758588,6,5
18321,66,50,1-66-2020-050-08,8,1,1GCEC14V62Z3,17,20,481,2002,34,5,31,0,1,F,2,1836,5,50,1,4,49,2,72,1,0,0,995,0,7,0,65723,9,9,2,4,2,1,2,1,1,1,0,2,0,0,1,1,1,2,1,0,1,4,62,99,1,1,4,J,69,0,0,0,0,0,0,0,0,0,0,300,90,0,0,0,1,12,999,999,999,9999999,999,999,999,7,0,2,4,0,4,0,995,9.8,998,998,998,99.8,99.8,99.8,122.92970828983,6,5
18321,66,50,1-66-2020-050-08,8,2,JT3HN86R3Y02,17,49,401,2000,14,3,14,0,1,F,9,1762,5,9999,9,4,48,2,89,1,0,0,995,0,7,0,65708,9,9,2,4,2,1,1,1,1,1,1,2,0,0,1,1,1,2,1,0,11,2,15,1,1,2,4,J,68,0,0,0,0,0,0,0,0,0,0,90,300,0,0,0,1,12,999,999,999,9999999,999,999,999,9,0,9,97,0,99,0,995,9.8,998,998,998,99.8,99.8,99.8,122.92970828983,6,5
18322,25,68,1-25-2020-068-09,9,1,1FAHP34N47W3,17,12,37,2007,4,1,2,0,1,F,2,1196,5,0,1,1,13,2,80,1,8,0,995,0,0,0,04085,9,9,0,4,2,1,2,1,1,2,1,2,1,0,2,1,0,0,3,1,1,2,13,99,1,4,1,A,1,0,0,0,0,0,0,0,0,0,0,998,998,0,0,7,1,10,999,999,999,9999999,999,-34,27,3,0,0,0,0,5,0,998,2.0,30,30,999,10.3,0.6,10.3,1670.00153061842,2,5
18323,25,69,1-25-2020-069-05,5,1,JF2SHADC4BH7,17,48,401,2011,14,3,14,0,1,F,2,1500,5,9999,9,4,32,2,80,1,8,1,0,2,7,0,04062,9,9,0,4,2,1,2,1,1,1,1,2,0,0,1,1,0,0,3,1,1,2,12,99,1,4,1,B,6,1,6,2,2,1,4,61,1,1,38,998,998,0,1,0,1,12,999,999,999,9999999,999,999,999,7,0,1,1,0,4,3,998,2.2,999,999,999,9.9,1.4,10.0,62.9921106664966,2,5
18324,25,70,1-25-2020-070-03,3,1,JF1SF63571H7,17,48,401,2001,14,3,14,0,2,L,9,1410,5,9999,9,0,998,,,,,,,,,,,,,,,,,,,,,,,,,,,,,,,,,,,,,,,,,,,,,,,,,,,,,,,,,,,,,,,,,,95,95,95,95,,,,,,,,,,272.337027767565,2,5
18324,25,70,1-25-2020-070-03,3,2,JF2GPABC9H82,17,48,403,2017,14,3,14,0,2,L,9,1455,5,9999,9,0,998,,,,,,,,,,,,,,,,,,,,,,,,,,,,,,,,,,,,,,,,,,,,,,,,,,,,,,,,,,,,,,,,,,95,95,95,95,,,,,,,,,,272.337027767565,2,5
18324,25,70,1-25-2020-070-03,3,3,JN8AT2MV7LW1,17,35,404,2020,14,3,14,0,1,R,1,1610,5,0,1,5,5,2,40,1,8,0,995,0,1,0,04101,9,9,0,4,3,1,2,1,1,1,3,2,0,0,1,1,0,0,9,1,1,2,13,7,1,4,1,A,1,0,0,0,0,0,0,0,0,0,0,230,230,0,0,0,1,12,999,999,999,9999999,999,999,999,6,0,0,0,0,4,0,995,9.8,998,998,998,99.8,99.8,99.8,272.337027767565,2,5
18325,73,53,1-73-2020-053-07,7,1,JA32U8FW4CU0,17,52,46,2012,4,1,2,0,1,B,9,1325,5,9999,9,0,998,5,56,1,8,0,995,0,7,0,04473,9,9,0,4,2,1,2,1,1,1,1,2,0,0,1,1,0,0,1,0,2,3,53,99,1,1,2,D,29,0,0,0,0,0,0,0,0,0,0,190,190,0,0,0,1,0,999,999,999,9999999,999,999,999,9,0,95,95,95,95,0,995,9.8,998,998,998,99.8,99.8,99.8,682.95949447091,3,5
18325,73,53,1-73-2020-053-07,7,2,1ZVBP8EM8E52,17,12,3,2014,1,1,3,0,1,F,1,1814,5,0,1,6,19,2,56,1,8,0,995,0,7,0,04473,9,9,0,4,2,1,2,1,1,1,1,2,0,0,1,1,0,0,1,0,1,3,52,99,1,1,2,D,28,0,0,0,0,0,0,0,0,0,0,190,190,0,0,0,1,12,999,999,999,9999999,999,999,999,6,0,0,0,0,0,0,995,9.8,998,998,998,99.8,99.8,99.8,682.95949447091,3,5
18326,73,54,1-73-2020-054-03,3,1,1C6RR7FT7GS3,17,7,482,2016,34,5,31,0,1,9,9,2305,5,9999,9,0,998,5,999,1,8,0,995,0,7,0,04979,9,9,2,4,2,1,2,2,1,2,0,0,0,0,1,8,0,0,1,0,11,2,15,99,1,1,4,J,75,0,0,0,0,0,0,0,0,0,0,65,235,0,0,0,1,0,999,999,999,9999999,999,999,999,9,0,95,95,95,95,0,995,9.8,998,998,998,99.8,99.8,99.8,99.9380071464188,3,5
18326,73,54,1-73-2020-054-03,3,2,5N1AT2MV6KC8,17,35,404,2019,14,3,14,0,1,F,1,1610,5,0,1,1,5,2,999,1,8,0,995,0,7,0,04912,1,2,2,4,2,1,2,2,1,4,0,0,0,0,1,8,0,0,1,1,1,4,62,3,1,2,4,J,75,0,0,0,0,0,0,0,0,0,0,998,998,0,1,0,2,1,16,-16,0,17606,998,-45,16,0,4,1,1,0,5,0,998,0.0,120,101,35,23.2,3.3,23.2,99.9380071464188,3,5
18327,32,99,1-32-2020-099-03,3,1,1GC4YREY8LF1,17,20,481,2020,34,5,31,0,1,F,2,3108,8,0,1,1,18,2,48,1,0,0,995,0,0,0,75211,9,9,0,4,2,1,2,1,2,4,0,0,0,0,3,1,0,0,9,1,14,2,10,2,1,2,3,I,64,0,0,0,0,0,0,0,0,0,0,998,998,0,0,7,2,10,999,999,999,9999999,999,999,999,7,0,99,99,0,99,0,998,0.0,120,120,999,3.3,2.7,4.0,794.392878679658,7,5
18327,32,99,1-32-2020-099-03,3,2,2GCEC13C0811,17,20,481,2008,34,5,31,0,1,L,9,2329,5,9999,9,0,998,2,48,1,0,0,995,0,0,0,75212,1,1,0,4,2,1,2,1,3,2,0,0,0,0,3,1,0,0,9,0,14,4,62,1,1,1,3,I,65,0,0,0,0,0,0,0,0,0,0,265,80,0,0,0,1,0,999,999,999,9999999,999,999,999,9,0,99,99,0,8,0,995,9.8,998,998,998,99.8,99.8,99.8,794.392878679658,7,5
18328,32,100,1-32-2020-100-07,7,1,JM1BK12F3615,17,41,51,2006,4,1,2,0,1,F,1,1230,5,0,1,1,10,2,56,1,0,0,995,0,0,0,75180,2,9,0,4,4,2,1,1,1,1,3,2,0,0,1,1,0,0,9,1,6,4,61,99,1,2,6,M,98,0,0,0,0,0,0,0,0,0,0,340,280,0,0,0,1,1,16,-16,-3,22562,998,-7,21,0,1,1,2,0,4,0,995,9.8,998,998,998,99.8,99.8,99.8,3718.68496238493,7,5
18328,32,100,1-32-2020-100-07,7,2,2GNALBECXB13,17,20,404,2011,14,3,14,0,1,L,1,1706,5,0,1,1,11,2,56,1,0,0,995,0,0,0,75150,1,9,0,4,4,2,1,1,1,1,3,2,0,0,1,1,0,0,9,1,12,2,21,2,1,2,6,M,98,0,0,0,0,0,0,0,0,0,0,280,340,0,0,0,1,1,12,4,11,6437,998,89,8,0,1,0,0,0,0,0,995,9.8,998,998,998,99.8,99.8,99.8,3718.68496238493,7,5
18329,32,101,1-32-2020-101-03,3,1,1M2AG11CX7M0,17,86,881,2007,64,8,60,0,1,L,9,,,,,,,2,113,1,0,0,995,0,0,0,75222,9,9,1,2,4,2,1,1,1,2,3,3,0,0,1,1,0,0,3,1,1,2,10,2,1,2,2,F,48,,,,,,,,,,,,,,,,,,,,,,,,,,,95,95,95,95,,,0.0,999,999,999,0.0,0.0,0.0,794.392878466415,7,5
18329,32,101,1-32-2020-101-03,3,2,JN8CS1MU2GM1,17,58,404,2016,14,3,14,0,1,R,1,1989,5,0,1,1,8,2,113,1,0,0,995,0,0,0,76134,2,2,1,2,4,4,1,1,1,2,3,0,0,0,1,1,0,0,1,0,1,4,61,1,1,1,2,F,48,0,0,0,0,0,0,0,0,0,0,90,70,0,0,0,1,5,999,999,999,9999999,999,999,8,1,0,1,1,0,4,0,995,0.0,999,999,999,0.0,0.0,0.0,794.392878466415,7,5
18330,32,102,1-32-2020-102-08,8,1,2B3CA4CV6AH1,17,7,24,2010,4,1,5,5,1,T,2,1716,8,9999,9,1,15,2,64,1,0,1,0,2,0,3,75241,1,9,0,1,3,2,2,1,1,1,3,3,0,0,3,1,0,0,9,1,1,1,6,99,1,4,1,A,2,1,2,1,1,1,4,63,1,2,20,997,997,0,0,0,5,6,999,999,999,9999999,999,999,999,7,0,2,5,0,4,3,997,0.0,120,20,16,0.0,0.0,0.0,533.908871690071,7,5
18331,59,36,1-59-2020-036-08,8,1,KMHCM36C47U0,17,55,36,2007,3,1,1,0,1,F,1,1073,5,0,1,1,1,2,64,1,0,0,995,0,0,0,47842,1,2,0,5,5,2,2,1,1,1,3,2,0,0,1,8,0,0,1,0,1,3,50,2,1,1,2,D,20,0,0,0,0,0,0,0,0,0,0,180,180,0,0,0,1,5,999,999,999,9999999,999,999,15,2,0,2,5,0,4,0,995,9.8,998,998,998,99.8,99.8,99.8,705.930940704311,6,5
18331,59,36,1-59-2020-036-08,8,2,1FTSW31P54EC,17,12,481,2004,34,5,31,0,1,B,9,9999,9,9999,9,0,998,5,64,1,0,0,995,0,0,0,47805,9,9,0,5,5,2,2,1,1,1,3,2,0,0,1,8,0,0,1,0,5,3,53,1,1,1,2,D,21,0,0,0,0,0,0,0,0,0,0,180,180,0,0,0,1,0,999,999,999,9999999,999,999,999,9,0,95,95,95,95,0,995,9.8,998,998,998,99.8,99.8,99.8,705.930940704311,6,5
18332,12,56,1-12-2020-056-05,5,1,5NPDH4AE9DH3,17,55,35,2013,4,1,3,0,1,F,3,1265,5,0,1,5,7,2,72,1,0,0,995,0,0,0,73463,9,9,0,4,2,1,2,1,1,1,0,0,0,0,1,8,0,0,9,1,1,2,13,2,2,4,1,A,2,0,0,0,0,0,0,0,0,0,0,998,998,0,0,1,3,98,999,999,999,9999999,999,999,999,8,0,9,97,0,8,0,998,0.0,16,16,64,17.1,3.1,17.7,335.263827347482,9,5
18333,12,57,1-12-2020-057-05,5,1,JHMCP26858C0,17,37,32,2008,4,1,4,0,1,F,2,1523,5,9999,9,0,998,5,40,1,0,0,995,0,0,0,73401,9,9,2,4,2,1,2,1,1,1,0,0,0,0,1,1,2,2,9,0,1,3,52,1,1,1,2,D,28,0,0,0,0,0,0,0,0,0,0,200,205,0,0,0,1,3,25,-25,-4,37249,998,-39,24,0,4,95,95,95,95,0,995,9.8,998,998,998,99.8,99.8,99.8,335.263827347482,9,5
18333,12,57,1-12-2020-057-05,5,2,2C3CDXHG6EH2,17,7,24,2014,4,1,5,0,1,B,1,1797,5,0,1,1,9,2,40,1,0,0,995,0,0,0,73437,9,9,2,4,2,1,2,1,1,1,0,0,0,0,1,1,2,2,9,0,2,3,53,1,1,1,2,D,29,0,0,0,0,0,0,0,0,0,0,205,200,0,0,0,1,3,20,20,0,33265,998,23,21,0,4,9,97,0,99,0,995,9.8,998,998,998,99.8,99.8,99.8,335.263827347482,9,5
18334,13,67,1-13-2020-067-03,3,1,1D7HA16N14J1,17,7,482,2004,34,5,31,0,1,R,2,2048,5,0,1,1,11,2,72,1,0,0,995,0,0,0,76114,9,1,2,1,3,3,2,1,1,1,1,2,0,0,1,1,1,2,9,0,11,2,15,99,1,1,4,J,68,0,0,0,0,0,0,0,0,0,0,250,150,0,0,0,1,1,27,-18,-21,26098,998,-20,18,0,1,9,97,0,0,0,995,9.8,998,998,998,99.8,99.8,99.8,908.497072170587,7,5
18334,13,67,1-13-2020-067-03,3,2,5XYPK4A57KG4,17,63,402,2019,14,3,14,0,1,F,2,1728,5,0,1,1,31,2,72,1,0,0,995,0,0,0,76132,2,2,2,1,3,2,2,1,1,1,3,1,0,0,1,1,1,2,1,0,1,4,62,4,1,1,4,J,69,0,0,0,0,0,0,0,0,0,0,150,250,0,0,0,1,1,28,-25,14,131549,998,101,33,0,1,0,0,0,0,0,995,9.8,998,998,998,99.8,99.8,99.8,908.497072170587,7,5
18335,13,68,1-13-2020-068-03,3,1,5FNYF5H55HB0,17,37,421,2017,15,3,15,0,1,F,2,1861,5,0,1,1,32,2,64,1,0,9,998,8,0,9,76123,2,9,2,1,6,5,2,1,2,1,1,1,0,0,1,1,1,2,9,1,14,3,50,1,1,1,2,D,20,1,2,2,5,1,1,61,1,1,999,185,180,0,0,0,1,12,999,999,999,9999999,999,999,999,7,0,1,1,0,4,3,995,9.8,998,998,998,99.8,99.8,99.8,908.497072170587,7,5
18335,13,68,1-13-2020-068-03,3,2,3GCPCREC3GG3,17,20,481,2016,34,5,31,0,1,B,9,9999,9,9999,9,0,998,2,64,1,0,0,995,0,0,0,76119,1,9,2,1,6,5,2,1,2,1,1,1,0,0,1,1,1,2,1,0,5,3,53,1,1,1,2,D,21,0,0,0,0,0,0,0,0,0,0,180,185,0,0,0,1,0,999,999,999,9999999,999,999,999,9,0,0,0,0,0,0,995,9.8,998,998,998,99.8,99.8,99.8,908.497072170587,7,5
18335,13,68,1-13-2020-068-03,3,3,1J4GL48KX7W5,17,2,405,2007,14,3,14,0,1,B,9,1819,5,9999,9,0,998,5,64,1,0,0,995,0,0,0,76106,9,9,2,1,6,5,2,1,2,1,1,1,0,0,1,1,1,2,1,0,5,3,53,1,1,1,6,M,98,0,0,0,0,0,0,0,0,0,0,999,999,0,0,0,2,0,999,999,999,9999999,999,999,999,9,0,95,95,95,95,0,995,9.8,998,998,998,99.8,99.8,99.8,908.497072170587,7,5
18335,13,68,1-13-2020-068-03,3,4,3GTP1UEC7EG5,17,23,481,2014,34,5,31,0,1,B,9,9999,9,9999,9,0,998,5,64,1,0,0,995,0,0,0,76107,9,9,2,1,6,4,2,1,2,1,3,1,0,0,1,1,1,2,1,0,5,4,60,1,1,1,6,M,98,0,0,0,0,0,0,0,0,0,0,999,999,0,0,0,3,0,999,999,999,9999999,999,999,999,9,0,95,95,95,95,0,995,9.8,998,998,998,99.8,99.8,99.8,908.497072170587,7,5
18335,13,68,1-13-2020-068-03,3,5,ML5EXEM15LDA,17,73,705,2020,80,9,80,0,1,B,9,,,,,,,2,64,1,0,9,998,8,0,9,98391,9,9,2,1,6,4,2,1,2,1,3,1,0,0,1,1,1,2,1,0,5,4,60,1,1,1,6,M,98,,,,,,,,,,,,,,,,,,,,,,,,,,,95,95,95,95,,,9.8,998,998,998,99.8,99.8,99.8,908.497072170587,7,5
18336,13,69,1-13-2020-069-02,2,1,1FTFW1CF6DKE,17,12,481,2013,34,5,31,0,1,R,9,2349,5,9999,9,0,998,2,64,1,0,0,995,0,0,0,76028,1,9,0,1,3,2,1,1,1,1,3,3,0,0,1,1,0,0,9,1,6,2,11,99,1,2,2,F,46,0,0,0,0,0,0,0,0,0,0,100,90,0,0,0,1,0,999,999,999,9999999,999,999,999,9,0,9,97,0,99,0,995,9.8,998,998,998,99.8,99.8,99.8,41.6736340978655,7,5
18336,13,69,1-13-2020-069-02,2,2,1GNKRJKD0GJ2,17,20,423,2016,15,3,15,0,1,L,9,2107,5,9999,9,0,998,2,64,1,0,0,995,0,0,0,99999,9,1,0,1,3,1,1,1,1,1,0,3,0,0,1,1,0,0,9,0,1,4,60,99,1,1,2,F,45,0,0,0,0,0,0,0,0,0,0,90,100,0,0,0,1,0,999,999,999,9999999,999,999,999,9,0,9,97,0,8,0,995,9.8,998,998,998,99.8,99.8,99.8,41.6736340978655,7,5
18337,33,63,1-33-2020-063-08,8,1,1B3HB28C58D6,17,7,25,2008,5,1,2,0,1,F,2,1345,5,0,1,1,19,2,40,1,0,1,0,2,7,2,95974,1,2,0,4,2,1,2,1,3,1,0,2,0,0,1,1,0,0,3,1,14,2,10,1,1,2,3,G,50,0,0,0,0,0,0,0,0,0,0,0,190,0,0,0,1,1,30,-30,5,25909,998,34,21,0,1,3,22,1,3,0,995,9.8,998,998,998,99.8,99.8,99.8,92.9604370491072,12,5
18337,33,63,1-33-2020-063-08,8,2,1GNDT13S9623,17,20,403,2006,14,3,14,0,1,F,1,2084,5,0,1,1,20,2,40,1,0,0,995,0,0,0,95963,1,2,0,4,2,1,2,1,2,1,0,2,0,0,1,1,0,0,9,0,14,4,62,2,1,1,3,G,51,0,0,0,0,0,0,0,0,0,0,190,0,0,0,0,1,1,20,-19,7,68299,998,74,26,0,1,99,99,0,0,0,995,9.8,998,998,998,99.8,99.8,99.8,92.9604370491072,12,5
18338,19,100,1-19-2020-100-09,9,1,1FMDU63K85UA,17,12,401,2005,14,3,14,0,2,B,1,1984,5,9999,9,0,998,,,,,,,,,,,,,,,,,,,,,,,,,,,,,,,,,,,,,,,,,,,,,,,,,,,,,,,,,,,,,,,,,,95,95,95,95,,,,,,,,,,357.488497986447,9,5
18338,19,100,1-19-2020-100-09,9,2,4T1BG22K4YU6,17,49,40,2000,4,1,3,0,1,F,1,1360,5,0,1,1,9,2,113,1,0,0,995,0,0,0,35903,2,9,0,2,2,1,2,2,1,1,1,3,2,3,1,2,0,0,1,1,2,2,13,2,2,4,6,M,98,0,0,0,0,0,0,0,0,0,0,100,100,0,0,0,1,3,23,-23,0,29921,998,11,23,0,4,1,1,0,4,0,995,9.8,998,998,998,99.8,99.8,99.8,357.488497986447,9,5