CASEID,PSU,CASENO,CASENUMBER,CATEGORY,VEHNO,VIN,VINLENGTH,MAKE,MODEL,MODELYR,BODYTYPE,BODYCAT,VEHCLASS,SPECUSE,TRANSTAT,DAMPLANE,DAMSEV,CURBWT,CURBSRC,CARGOWT,CARGOSRC,INSPTYPE,INSPLAG,TOWED,SPEEDLIMIT,DRPRESENT,PARALCOHOL,ALCTEST,ALCTESTRESULT,ALCTESTSRC,PARDRUG,DRUGTEST,ZIP,RACE,ETHNICITY,RELTOJUNCT,TRAFFLOW,RDLANES,INITLANE,SURFTYPE,SURFCOND,ALIGNMENT,PROFILE,LINERIGHT,LINELEFT,RUMBINIT,RUMBROAD,LIGHTCOND,WEATHER,TRAFDEV,TRAFFUNCT,DISTRACT,PREFHE,PREMOVE,CRITCAT,CRITEVENT,MANEUVER,PRESTAB,PRELOC,CRASHCAT,CRASHCONF,CRASHTYPE,ROLLTYPE,ROLLTURN,ROLLINTRPT,ROLLPREMAN,ROLLINITYP,ROLLINLOC,ROLLOBJ,ROLLTRIP,ROLLDIR,ROLLDIST,DVANGTHIS,DVANGOTH,TOWHITCH,TRAJDOC,TREEPOLE,DVEVENT,DVBASIS,DVTOTAL,DVLONG,DVLAT,DVENERGY,DVSPEED,DVMOMENT,DVBES,DVEST,DVCONF,VAIS,VISS,VINJURED,VTREAT,INITOBJCLASS,HEADANGLECAT,SHLDRWIDTH,STRKLENGTH,STRKWIDTH,STRKHEIGHT,EDGEDISTX,EDGEDISTY,EDGEDISTZ,CASEWGT,PSUSTRAT,VERSION
18339,19,101,1-19-2020-101-09,9,1,5NMSH13E17H0,17,55,401,2007,14,3,14,0,1,F,1,1745,5,0,1,1,5,2,64,1,0,0,995,0,0,0,35954,1,9,3,5,5,1,2,1,2,1,0,3,0,0,1,1,0,0,9,0,14,4,62,99,1,1,4,J,69,0,0,0,0,0,0,0,0,0,0,315,70,0,0,0,1,1,14,-14,2,29481,998,89,17,0,4,0,0,0,0,0,995,9.8,998,998,998,99.8,99.8,99.8,357.488497986447,9,5
18339,19,101,1-19-2020-101-09,9,2,1HGCP26848A0,17,37,32,2008,4,1,4,0,1,R,1,1523,5,0,1,1,4,2,64,1,0,0,995,0,0,0,35903,2,9,3,5,5,3,2,1,3,1,4,4,0,0,1,1,0,0,9,0,11,2,15,99,1,1,4,J,68,0,0,0,0,0,0,0,0,0,0,70,315,0,0,0,1,1,16,-8,-14,28425,998,181,14,0,4,1,2,0,4,0,995,9.8,998,998,998,99.8,99.8,99.8,357.488497986447,9,5
18340,19,102,1-19-2020-102-07,7,1,1C3BC4FG6BN5,17,6,18,2011,4,1,3,0,1,F,1,1537,5,0,1,1,15,2,72,1,0,0,995,0,0,0,35954,1,9,2,5,5,2,2,1,1,1,3,2,0,0,1,8,1,2,3,0,1,3,50,1,1,1,2,D,20,0,0,0,0,0,0,0,0,0,0,135,135,0,0,0,1,3,15,-15,0,12125,998,9,14,0,4,0,0,0,0,0,995,9.8,998,998,998,99.8,99.8,99.8,373.669125768156,9,5
18340,19,102,1-19-2020-102-07,7,2,1FMCU0GX8GUC,17,12,402,2016,14,3,14,0,1,B,1,1635,5,9999,9,0,998,5,72,1,0,0,995,0,0,0,35077,9,9,2,5,5,2,2,1,1,1,3,2,0,0,1,8,1,2,9,0,5,3,53,1,1,1,2,D,21,0,0,0,0,0,0,0,0,0,0,135,135,0,0,0,1,3,15,15,0,15617,998,0,16,0,4,95,95,95,95,0,995,9.8,998,998,998,99.8,99.8,99.8,373.669125768156,9,5
18341,19,103,1-19-2020-103-04,4,1,KNMAT2MT4HP6,17,35,51,2017,6,1,3,0,1,F,1,1550,5,0,1,1,7,2,72,1,0,0,995,0,0,0,35954,1,2,3,3,2,2,2,1,1,2,0,0,0,0,1,1,0,0,2,0,11,2,15,4,1,1,6,M,98,0,0,0,0,0,0,0,0,0,0,210,180,0,1,0,1,3,13,-13,2,12683,998,11,14,0,4,0,0,0,0,0,995,9.8,998,998,998,99.8,99.8,99.8,191.93370978086,9,5
18341,19,103,1-19-2020-103-04,4,2,1FTNE1ZM1FKA,17,12,462,2015,21,4,21,0,1,B,1,2268,5,9999,9,0,998,5,72,1,0,0,995,0,0,0,35956,9,9,3,5,5,3,2,1,1,1,4,4,0,0,1,1,0,0,9,0,5,4,70,1,1,1,6,M,98,0,0,0,0,0,0,0,0,0,0,180,210,0,1,0,1,3,10,9,3,9586,998,-102,9,0,4,95,95,95,95,0,995,9.8,998,998,998,99.8,99.8,99.8,191.93370978086,9,5
18342,76,50,1-76-2020-050-07,7,1,3GNAL4EK5ES5,17,20,405,2014,14,3,14,0,1,F,1,1732,8,0,1,1,14,2,89,1,8,9,998,8,7,9,12051,9,9,0,4,2,1,2,1,1,2,1,2,1,1,1,1,0,0,9,0,1,6,87,99,1,1,1,C,13,0,0,0,0,0,0,0,0,0,0,998,998,0,0,0,1,10,999,999,999,9999999,999,10,13,2,0,0,0,0,0,0,998,9.8,998,998,998,99.8,99.8,99.8,156.802184764198,3,5
18343,76,51,1-76-2020-051-08,8,1,JF1SG65665H7,17,48,401,2005,14,3,14,0,1,F,2,1400,5,0,1,1,26,2,89,1,8,0,995,0,7,0,12414,9,9,0,4,2,1,2,1,2,1,1,2,0,0,1,1,0,0,9,1,14,6,87,99,3,4,1,A,3,0,0,0,0,0,0,0,0,0,0,998,998,0,0,1,1,1,29,-28,5,48881,998,-13,29,0,1,1,2,0,4,0,998,0.9,30,30,999,11.0,2.9,11.4,23.5328761442977,3,5
18344,26,103,1-26-2020-103-08,8,1,JHLRD2841XC0,17,37,402,1999,14,3,14,0,1,9,9,1452,5,9999,9,0,998,2,40,1,1,1,235,2,0,0,95662,1,9,0,4,2,1,2,1,3,1,1,4,0,0,1,1,0,0,9,1,14,2,13,99,1,4,1,C,11,0,0,0,0,0,0,0,0,0,0,270,260,0,1,0,1,0,999,999,999,9999999,999,999,999,9,0,2,5,0,4,0,995,9.8,998,998,998,99.8,99.8,99.8,248.475341652956,10,5
18344,26,103,1-26-2020-103-08,8,2,JH4CL96804C0,17,54,39,2004,4,1,3,0,2,B,2,1465,5,9999,9,4,23,,,,,,,,,,,,,,,,,,,,,,,,,,,,,,,,,,,,,,,,,,,,,,,,,,,,,,,,,,,,,,,,,,95,95,95,95,,,,,,,,,,248.475341652956,10,5
18346,26,105,1-26-2020-105-02,2,1,2GNAXSEV7L61,17,20,404,2020,14,3,14,0,1,L,1,1593,5,9999,9,4,59,2,64,1,0,0,995,0,0,0,95821,1,2,3,4,2,1,2,1,1,1,0,0,0,0,1,1,0,0,3,0,11,2,15,1,1,1,4,K,82,0,0,0,0,0,0,0,0,0,0,280,40,0,0,0,1,3,13,-9,10,16728,998,50,15,0,4,1,1,0,3,0,995,9.8,998,998,998,99.8,99.8,99.8,24.5416826327623,10,5
18346,26,105,1-26-2020-105-02,2,2,4T1BF1FK0EU8,17,49,40,2014,4,1,3,0,1,F,1,1441,5,0,1,1,13,2,64,1,0,0,995,0,0,0,95678,1,9,3,5,5,2,2,1,1,1,3,2,0,0,1,1,0,0,1,0,1,4,72,7,1,1,4,K,83,0,0,0,0,0,0,0,0,0,0,40,280,0,1,0,1,3,15,-15,-3,10347,998,7,13,0,4,9,97,0,99,0,995,0.0,120,15,15,0.0,0.0,0.0,24.5416826327623,10,5
18348,18,48,1-18-2020-048-03,3,1,1C3CCCCB7GN1,17,6,18,2016,4,1,3,0,1,F,1,1575,5,0,2,1,7,2,72,1,0,0,995,0,0,0,54703,9,9,2,1,3,1,1,1,1,1,0,3,0,0,1,1,1,2,3,0,1,3,50,4,2,1,2,D,20,0,0,0,0,0,0,0,0,0,0,95,90,0,0,0,1,5,999,999,999,9999999,999,999,20,2,0,99,99,0,99,0,995,9.8,998,998,998,99.8,99.8,99.8,124.452827700349,6,5
18348,18,48,1-18-2020-048-03,3,2,4V4NC9TH66N4,17,51,881,2006,66,8,68,0,1,B,9,,,,,,,5,72,1,0,0,995,0,0,0,53910,9,9,2,1,3,1,1,1,1,1,0,3,0,0,1,1,1,2,9,0,5,3,53,1,1,1,2,D,21,,,,,,,,,,,,,,,,,,,,,,,,,,,95,95,95,95,,,9.8,998,998,998,99.8,99.8,99.8,124.452827700349,6,5
18349,18,49,1-18-2020-049-04,4,1,1C4RDJDG4KC7,17,7,422,2019,15,3,15,0,1,F,1,2262,5,0,1,3,11,3,105,1,0,0,995,0,0,0,54720,9,9,0,2,3,1,1,1,2,1,1,3,2,3,1,1,0,0,9,0,14,6,87,99,1,1,1,C,13,0,0,0,0,0,0,0,0,0,0,998,998,0,0,0,1,12,999,999,999,9999999,999,999,999,6,0,0,0,0,0,0,998,9.8,998,998,998,99.8,99.8,99.8,381.443706512432,6,5
18350,15,65,1-15-2020-065-03,3,1,19UUB1F37KA0,17,54,44,2019,4,1,4,0,1,F,1,1596,5,0,1,1,26,2,48,1,8,1,13,2,0,2,11756,1,2,0,4,2,1,2,1,1,1,0,0,0,0,1,8,0,0,1,0,1,2,14,1,1,4,1,C,14,0,0,0,0,0,0,0,0,0,0,998,998,0,1,0,1,1,12,-12,0,9309,998,0,12,0,4,1,1,0,4,0,998,0.0,120,9,63,2.4,1.2,2.7,34.2359065300307,1,5
18351,15,66,1-15-2020-066-02,2,1,3VW2B7AJ7HM2,17,30,40,2017,4,1,3,0,1,R,1,1364,5,0,1,1,70,2,48,1,8,1,0,2,7,1,11050,9,9,0,1,3,1,2,1,1,1,1,3,0,0,1,1,0,0,9,1,1,2,13,2,1,4,1,A,1,0,0,0,0,0,0,0,0,0,0,345,350,0,0,0,1,5,999,999,999,9999999,999,999,6,1,0,0,0,0,4,0,995,9.8,998,998,998,99.8,99.8,99.8,15.5973134847501,1,5
18351,15,66,1-15-2020-066-02,2,2,1HTMMAANX7H3,17,84,881,2007,63,8,60,99,2,L,9,,,,,,,,,,,,,,,,,,,,,,,,,,,,,,,,,,,,,,,,,,,,,,,,,,,,,,,,,,,,,,,,,,,,,,,,95,95,95,95,,,,,,,,,,15.5973134847501,1,5
18352,15,67,1-15-2020-067-07,7,1,WVWBP7AN3DE5,17,30,52,2013,4,1,3,0,1,F,2,1532,5,9999,9,4,24,2,89,1,8,9,998,8,7,9,11937,9,9,0,2,5,2,2,2,3,1,3,3,0,3,1,1,0,0,9,0,14,3,52,99,1,1,2,D,28,0,0,0,0,0,0,0,0,0,0,255,255,0,0,0,1,12,999,999,999,9999999,999,999,999,7,0,0,0,0,0,0,995,9.8,998,998,998,99.8,99.8,99.8,160.491307985462,1,5
18352,15,67,1-15-2020-067-07,7,2,1FTEW1E41LFA,17,12,481,2020,34,5,30,0,1,B,9,2130,5,9999,9,0,998,5,89,1,8,9,998,8,7,9,11358,9,9,0,2,5,2,2,2,3,1,3,3,0,3,1,1,0,0,9,0,2,3,53,99,1,1,2,D,29,0,0,0,0,0,0,0,0,0,0,255,255,0,0,0,1,0,999,999,999,9999999,999,999,999,9,0,95,95,95,95,0,995,9.8,998,998,998,99.8,99.8,99.8,160.491307985462,1,5
18353,29,102,1-29-2020-102-06,6,1,KNAGM4A78F55,17,63,34,2015,4,1,4,0,1,L,1,1468,5,0,1,1,9,2,56,1,8,9,998,8,7,9,29902,9,9,2,4,2,1,2,1,1,1,0,0,0,0,1,1,2,2,9,0,1,2,17,99,1,1,5,L,89,0,0,0,0,0,0,0,0,0,0,175,265,0,0,0,1,3,12,-8,9,19218,998,-102,15,0,4,0,0,0,0,0,995,9.8,998,998,998,99.8,99.8,99.8,40.9001594402632,2,5
18353,29,102,1-29-2020-102-06,6,2,4T3BA3BB7CU0,17,49,53,2012,5,1,4,0,1,F,1,1790,5,9999,9,4,30,2,56,1,8,9,998,8,7,9,02740,9,9,2,3,1,1,2,1,1,1,0,0,0,0,1,1,0,0,1,0,1,4,66,99,1,1,5,L,88,0,0,0,0,0,0,0,0,0,0,265,175,0,0,0,1,3,10,-8,-6,8284,998,-138,8,0,4,99,99,0,99,0,995,9.8,998,998,998,99.8,99.8,99.8,40.9001594402632,2,5
18354,29,103,1-29-2020-103-04,4,1,NMTKHMBX2KR0,17,49,405,2019,14,3,14,0,1,F,1,1497,5,0,1,1,7,2,48,1,0,0,995,0,0,0,02746,9,9,0,3,1,1,2,1,1,1,0,0,0,0,1,1,0,0,3,1,1,2,12,1,1,4,1,C,11,0,0,0,0,0,0,0,0,0,0,90,90,0,1,0,1,8,999,999,999,9999999,999,999,999,6,0,0,0,0,0,0,995,9.8,998,998,998,99.8,99.8,99.8,79.6296915343957,2,5
18354,29,103,1-29-2020-103-04,4,2,5NPDH4AEXDH2,17,55,35,2013,4,1,3,0,2,R,9,1265,5,9999,9,0,998,,,,,,,,,,,,,,,,,,,,,,,,,,,,,,,,,,,,,,,,,,,,,,,,,,,,,,,,,,,,,,,,,,95,95,95,95,,,,,,,,,,79.6296915343957,2,5
18355,29,104,1-29-2020-104-03,3,1,1D7HU18D34S5,17,7,482,2004,34,5,31,0,1,R,1,2333,5,9999,9,4,31,2,40,1,8,9,998,8,7,9,02740,9,9,2,3,3,2,2,2,1,1,1,1,0,0,1,8,1,2,9,0,1,2,17,99,1,1,5,L,87,0,0,0,0,0,0,0,0,0,0,85,355,0,0,0,1,3,13,-8,-10,38828,998,-58,19,0,4,99,99,0,99,0,995,9.8,998,998,998,99.8,99.8,99.8,24.6759356306758,2,5
18355,29,104,1-29-2020-104-03,3,2,1G1ZE5ST9GF3,17,20,37,2016,4,1,4,0,1,F,1,1400,5,0,1,1,25,2,40,1,8,9,998,8,7,9,02740,9,9,2,4,2,1,2,2,1,1,0,2,0,0,1,8,1,2,9,0,1,4,66,2,1,1,5,L,86,0,0,0,0,0,0,0,0,0,0,355,85,0,0,0,1,3,21,-16,13,14754,998,95,13,0,4,9,97,0,8,0,995,9.8,998,998,998,99.8,99.8,99.8,24.6759356306758,2,5
18357,26,107,1-26-2020-107-09,9,1,3VWRA69MX5M0,17,30,40,2005,4,1,1,0,1,L,2,1313,5,0,1,1,9,2,105,1,0,0,995,0,0,0,95821,1,2,1,3,1,1,2,1,2,9,1,2,0,0,2,1,0,0,9,1,14,2,13,99,3,4,1,A,2,1,3,2,2,5,4,31,6,1,12,997,997,0,0,0,2,6,999,999,999,9999999,999,999,999,7,0,1,1,0,4,2,997,2.3,120,120,999,99.9,99.9,99.9,1651.08730044388,10,5
18358,21,86,1-21-2020-086-01,1,1,1FAFP34N75W2,17,12,37,2005,4,1,2,0,1,T,9,1214,8,9999,9,4,47,2,113,1,9,1,0,2,9,2,90301,1,1,0,1,2,2,2,1,1,9,3,2,1,3,4,1,0,0,9,1,1,2,12,8,3,4,1,A,2,1,6,2,2,1,4,61,1,2,42,997,997,0,0,0,2,6,999,999,999,9999999,999,999,999,9,0,5,57,1,1,3,997,3.7,999,999,999,99.9,99.9,99.9,31.5795971995564,11,5
18359,21,87,1-21-2020-087-02,2,1,2FMPK3K91LBA,17,12,424,2020,15,3,15,0,1,L,2,1800,5,9999,9,5,25,2,89,1,0,9,998,8,0,9,92867,9,1,0,4,2,1,2,1,1,9,1,4,0,0,1,1,0,0,3,1,1,2,12,1,1,4,1,B,6,1,3,2,2,6,4,44,3,2,999,997,997,0,0,0,2,6,999,999,999,9999999,999,999,999,7,0,1,1,0,8,3,997,1.2,999,999,999,54.5,5.1,54.2,34.881400640758,11,5
18360,21,88,1-21-2020-088-09,9,1,2T1CF22P82C5,17,49,44,2002,2,1,3,0,1,R,1,1423,5,0,1,1,23,2,105,1,9,0,995,0,9,0,99999,9,9,1,2,7,5,2,1,1,9,3,3,0,0,1,1,0,0,9,1,15,1,6,7,4,4,1,A,2,0,0,0,0,0,0,0,0,0,0,998,998,0,0,0,1,1,18,-6,-16,29970,998,-128,17,0,4,99,99,0,99,0,998,0.0,999,999,999,15.9,4.0,16.4,1545.65105917225,11,5
18361,21,89,1-21-2020-089-04,4,1,JHMFC1F35JX0,17,37,31,2018,4,1,3,0,1,F,1,1244,5,0,2,1,16,2,64,1,0,0,995,0,0,0,92583,9,1,0,4,2,1,2,1,1,1,0,4,0,0,1,1,0,0,1,1,12,2,13,1,1,4,6,M,98,0,0,0,0,0,0,0,0,0,0,998,998,0,0,0,1,1,19,-18,7,26858,998,84,19,0,1,1,1,0,0,0,998,3.4,31,31,43,0.0,0.0,0.0,1520.55165448265,11,5
18363,22,70,1-22-2020-070-01,1,1,1FTWW31P66EC,17,12,481,2006,34,5,30,0,1,F,2,2723,5,0,1,1,11,2,89,1,8,1,248,3,7,1,99171,1,2,0,4,2,1,2,1,2,1,1,2,0,0,2,1,0,0,9,1,14,2,13,99,3,4,1,A,2,1,4,2,2,6,4,44,3,2,16,998,998,0,1,0,1,1,29,-25,14,127570,998,119,29,0,2,6,75,1,1,3,998,1.1,100,120,120,10.3,5.1,11.4,37.9815767203663,12,5
18364,22,71,1-22-2020-071-08,8,1,5TEPX42N18Z5,17,49,472,2008,34,5,31,0,1,T,3,1837,5,0,1,1,12,2,89,1,1,1,288,2,0,1,99206,9,9,0,4,2,1,2,1,1,1,1,4,1,0,1,1,0,0,9,1,1,2,13,7,1,4,1,A,1,1,4,2,2,1,3,61,1,1,29,997,997,0,1,0,2,6,999,999,999,9999999,999,999,999,8,0,1,2,0,3,3,997,0.9,10,1,120,49.2,1.5,49.3,80.3748598003292,12,5
18365,22,72,1-22-2020-072-05,5,1,1FT8W3BT6BEA,17,12,481,2011,34,5,31,0,1,F,3,3071,5,816,8,1,3,2,105,1,0,0,995,0,0,0,83501,1,9,0,4,2,1,2,1,1,1,1,4,0,0,1,1,0,0,9,1,1,1,8,99,1,4,1,A,1,0,0,0,0,0,0,0,0,0,0,998,998,0,0,1,2,1,45,-45,0,383649,998,80,45,0,4,3,10,1,3,0,998,2.5,6,6,120,38.0,1.4,39.0,41.0444250400204,12,5
18369,30,84,1-30-2020-084-03,3,1,1C4BJWFG3DL6,17,2,403,2013,14,3,14,0,1,L,1,2051,5,0,1,1,29,2,0,1,0,0,995,0,0,0,85142,9,9,2,4,2,1,2,1,1,1,0,0,0,0,1,1,0,0,9,0,11,2,15,1,1,1,4,K,82,0,0,0,0,0,0,0,0,0,0,160,260,0,0,0,1,3,22,-4,22,73901,998,97,24,0,4,0,0,0,0,0,995,9.8,998,998,998,99.8,99.8,99.8,144.661220290814,10,5
18369,30,84,1-30-2020-084-03,3,2,1HGCV2F36JA0,17,37,32,2018,4,1,4,0,1,F,2,1532,5,0,1,1,29,2,72,1,0,0,995,0,0,0,85350,9,9,2,1,4,2,2,1,1,1,3,3,0,0,1,1,0,0,1,0,1,4,67,1,1,1,4,K,83,0,0,0,0,0,0,0,0,0,0,260,160,0,0,0,1,3,30,-30,0,45522,998,-24,27,0,4,9,97,0,5,0,995,9.8,998,998,998,99.8,99.8,99.8,144.661220290814,10,5
18370,20,50,1-20-2020-050-02,2,1,WDC0G4KB5HF1,17,42,405,2017,14,3,14,0,1,L,1,1815,5,0,1,1,46,2,72,1,0,0,995,0,0,0,93906,3,9,2,1,5,2,2,1,1,1,1,3,0,0,1,1,1,2,3,0,1,2,17,2,1,1,5,L,89,0,0,0,0,0,0,0,0,0,0,230,310,0,1,0,1,3,6,-3,6,7314,998,-58,9,0,4,9,97,0,99,0,995,0.0,999,999,999,2.1,0.5,2.2,125.126985822687,11,5
18370,20,50,1-20-2020-050-02,2,2,1NXBR32E36Z5,17,49,32,2006,4,1,2,0,1,F,1,1135,5,9999,9,4,46,2,72,1,0,0,995,0,0,0,93901,9,1,2,1,6,4,2,1,1,1,3,1,0,0,1,1,1,2,1,0,1,4,66,99,1,1,5,L,88,0,0,0,0,0,0,0,0,0,0,310,230,0,0,0,1,3,10,-8,-6,4524,998,-125,7,0,4,9,97,0,99,0,995,9.8,998,998,998,99.8,99.8,99.8,125.126985822687,11,5
18371,20,51,1-20-2020-051-05,5,1,2HKRM3H70DH5,17,37,402,2013,14,3,14,0,1,R,2,1499,5,0,1,1,20,2,48,1,0,0,995,0,1,0,93940,2,9,0,4,2,1,2,1,2,4,1,2,0,0,2,1,6,2,9,1,14,1,6,11,3,4,1,B,7,1,12,1,2,1,4,61,1,2,60,997,997,0,1,0,3,6,999,999,999,9999999,999,999,999,7,0,5,38,1,3,3,997,0.7,102,14,14,0.0,0.0,0.0,169.709600120387,11,5
18372,30,85,1-30-2020-085-06,6,1,2GNALAEK2F63,17,20,404,2015,14,3,14,0,1,R,1,1706,5,9999,9,1,20,2,64,1,0,0,995,0,0,0,85351,9,9,2,1,3,3,2,1,1,1,1,0,0,0,1,1,1,2,1,0,11,2,15,1,1,1,4,J,68,1,1,2,5,7,1,2,2,2,6,300,165,0,0,0,1,3,8,-3,-7,8482,998,25,11,0,4,9,97,0,8,1,995,9.8,998,998,998,99.8,99.8,99.8,239.774777261817,10,5
18372,30,85,1-30-2020-085-06,6,2,4A3AE45G43E0,17,52,37,2003,1,1,2,0,1,F,1,1405,5,0,1,4,20,2,64,1,0,0,995,0,0,0,85139,9,9,2,1,3,2,2,1,1,1,3,1,0,0,1,1,1,2,1,0,1,4,62,4,2,2,4,J,69,0,0,0,0,0,0,0,0,0,0,165,300,0,0,0,1,3,10,-8,-5,5123,998,-106,7,0,4,1,1,0,4,0,995,9.8,998,998,998,99.8,99.8,99.8,239.774777261817,10,5
18373,26,108,1-26-2020-108-05,5,1,KMHHU6KH6CU0,17,55,41,2012,2,1,4,99,1,F,9,1547,5,9999,9,0,998,2,64,1,9,9,998,8,9,9,95827,1,9,2,1,3,1,2,1,1,1,0,1,0,0,1,1,1,2,9,1,10,2,12,8,9,4,1,B,7,0,0,0,0,0,0,0,0,0,0,998,998,0,1,1,4,0,999,999,999,9999999,999,999,999,9,0,9,97,0,99,0,998,0.0,120,16,16,0.0,0.0,0.0,32.9187942792567,10,5
18375,29,106,1-29-2020-106-09,9,1,2G1WT57K5912,17,20,2,2009,4,1,4,0,1,B,9,1630,5,9999,9,0,998,2,105,1,0,0,995,0,0,0,02723,9,9,0,2,3,2,2,1,3,9,3,3,0,0,1,1,0,0,9,1,14,2,13,99,4,4,1,A,2,0,0,0,0,0,0,0,0,0,0,998,998,0,1,9,2,0,999,999,999,9999999,999,999,999,9,0,99,99,0,8,0,998,3.7,999,999,999,99.9,99.9,99.9,161.088249410978,2,5
18378,30,86,1-30-2020-086-07,7,1,5XXGN4A79DG2,17,63,34,2013,4,1,4,0,1,R,9,1454,5,9999,9,0,998,3,72,1,0,0,995,0,0,0,85024,9,9,2,1,4,4,2,1,1,1,1,2,0,0,1,1,0,0,2,0,11,2,15,1,1,1,4,J,68,0,0,0,0,0,0,0,0,0,0,0,260,0,0,0,1,0,999,999,999,9999999,999,999,999,9,0,0,0,0,0,0,995,9.8,998,998,998,99.8,99.8,99.8,869.871580007777,10,5
18378,30,86,1-30-2020-086-07,7,2,WP0CB29835U7,17,45,40,2005,1,1,1,0,1,F,9,1345,5,9999,9,0,998,2,72,1,0,0,995,0,0,0,85262,9,9,2,1,4,2,2,1,1,1,1,3,0,0,1,1,0,0,1,0,1,4,62,2,9,1,4,J,69,0,0,0,0,0,0,0,0,0,0,260,0,0,0,0,1,0,999,999,999,9999999,999,999,999,9,0,0,0,0,0,0,995,9.8,998,998,998,99.8,99.8,99.8,869.871580007777,10,5
18379,54,22,1-54-2020-022-04,4,1,1FTEW1EP9JFC,17,12,481,2018,34,5,31,0,1,F,1,2130,5,0,1,1,7,2,72,1,0,0,995,0,0,0,35661,1,9,3,4,2,1,2,1,1,1,1,2,0,0,2,1,0,0,3,0,1,3,52,3,1,1,2,D,28,0,0,0,0,0,0,0,0,0,0,250,260,0,0,0,1,3,23,-23,-4,43028,998,24,22,0,4,0,0,0,0,0,995,9.8,998,998,998,99.8,99.8,99.8,332.056223932178,9,5
18379,54,22,1-54-2020-022-04,4,2,3GCPCSE04CG1,17,20,481,2012,34,5,31,0,1,B,1,2338,5,9999,9,0,998,5,72,1,0,0,995,0,0,0,35653,9,9,3,4,2,1,2,1,1,1,1,2,0,0,2,1,0,0,9,0,2,3,53,99,1,1,2,D,30,0,0,0,0,0,0,0,0,0,0,260,250,0,0,0,1,3,22,22,0,48975,998,0,23,0,4,95,95,95,95,0,995,9.8,998,998,998,99.8,99.8,99.8,332.056223932178,9,5
18385,14,51,1-14-2020-051-03,3,1,1G4PW5SK8G41,17,18,25,2016,4,1,3,0,1,T,1,1497,5,0,2,1,17,2,56,1,0,1,0,2,1,0,78132,1,1,0,4,2,1,2,1,1,4,0,2,0,0,2,1,6,9,3,1,1,2,13,2,1,4,1,A,1,1,4,2,4,2,4,60,4,1,22,997,997,0,1,0,5,6,999,999,999,9999999,999,999,999,6,0,1,1,0,4,3,997,0.0,60,60,999,21.9,0.7,22.0,1260.041240467,8,5
18386,14,52,1-14-2020-052-05,5,1,KNAFU4A26B54,17,63,38,2011,4,1,3,0,1,F,2,1228,5,0,1,1,19,2,64,1,0,1,0,2,0,0,78130,9,1,2,5,5,3,2,1,1,1,2,2,0,0,1,1,1,2,9,1,11,2,15,99,1,4,1,A,1,0,0,0,0,0,0,0,0,0,0,998,998,0,1,1,1,1,31,-31,0,52100,998,-28,31,0,4,3,22,1,3,0,998,0.0,33,33,120,1.5,2.0,2.5,219.343055735109,8,5
18387,10,107,1-10-2020-107-01,1,1,1G1BE5SM2H71,17,20,25,2017,4,1,3,0,1,F,9,1250,5,0,1,4,14,2,56,1,0,1,0,2,0,2,45406,2,9,2,4,3,1,2,1,1,1,0,1,0,0,3,1,1,2,9,1,1,2,17,3,1,2,5,L,90,1,5,2,6,6,4,51,2,1,18,160,110,0,0,0,1,11,999,999,999,9999999,999,999,999,9,0,6,75,3,1,3,995,0.0,20,30,120,5.4,1.8,5.7,74.4099130341069,4,5
18387,10,107,1-10-2020-107-01,1,2,JM3TB38YX701,17,41,54,2007,6,1,4,0,1,L,2,1956,5,0,1,4,14,2,56,1,0,1,0,2,0,1,45402,2,9,2,4,3,1,2,1,1,1,1,1,0,0,3,1,1,2,1,0,1,4,66,8,1,1,5,L,90,1,3,1,2,1,4,63,1,2,9,110,160,0,0,0,1,11,999,999,999,9999999,999,999,999,7,0,6,75,1,1,3,995,1.8,18,41,120,10.9,5.7,12.0,74.4099130341069,4,5
18388,10,108,1-10-2020-108-03,3,1,KM8J33A45JU7,17,55,402,2018,14,3,14,0,1,F,2,1560,5,0,1,1,35,2,56,1,0,0,995,0,0,0,45440,9,9,1,3,1,1,2,1,1,1,1,2,0,0,1,1,0,0,9,0,1,3,50,3,1,1,2,D,20,0,0,0,0,0,0,0,0,0,0,350,0,0,0,0,1,1,28,-28,0,16090,998,-10,16,0,1,9,97,0,5,0,995,9.8,998,998,998,99.8,99.8,99.8,1006.23182336169,4,5
18388,10,108,1-10-2020-108-03,3,2,JH4DC53046S0,17,54,38,2006,3,1,2,0,1,B,2,1292,5,0,1,1,35,2,56,1,0,0,995,0,0,0,45429,9,9,1,3,1,1,2,1,1,1,1,2,0,0,1,1,0,0,1,0,5,3,53,1,1,1,2,D,21,0,0,0,0,0,0,0,0,0,0,0,350,0,0,0,1,1,34,33,-6,99851,998,38,42,0,1,9,97,0,8,0,995,9.8,998,998,998,99.8,99.8,99.8,1006.23182336169,4,5
18389,54,23,1-54-2020-023-10,10,1,1FTPS242XWHA,17,12,461,1998,21,4,21,0,1,F,1,2347,5,100,1,1,6,2,56,1,0,0,995,0,0,0,39507,1,9,0,4,2,1,2,1,3,1,0,2,0,0,1,1,0,0,3,1,14,2,13,99,1,4,1,A,1,0,0,0,0,0,0,0,0,0,0,998,998,0,0,7,1,10,999,999,999,9999999,999,-68,21,2,0,0,0,0,0,0,998,0.3,28,28,999,21.2,3.7,20.9,6557.81033334714,9,5
18390,77,66,1-77-2020-066-08,8,1,1YVHP81A695M,17,41,50,2009,4,1,4,0,1,T,3,1489,5,0,1,1,9,2,56,1,0,0,995,0,0,0,22940,1,2,0,4,2,1,2,1,2,1,0,0,0,0,1,98,0,0,1,0,14,6,91,9,1,1,1,C,15,0,0,0,0,0,0,0,0,0,0,996,996,0,0,0,1,7,999,999,999,9999999,999,999,999,8,0,1,1,0,4,0,996,9.8,998,998,998,99.8,99.8,99.8,203.611726743993,9,5