CASEID,PSU,CASENO,CASENUMBER,CATEGORY,VEHNO,VIN,VINLENGTH,MAKE,MODEL,MODELYR,BODYTYPE,BODYCAT,VEHCLASS,SPECUSE,TRANSTAT,DAMPLANE,DAMSEV,CURBWT,CURBSRC,CARGOWT,CARGOSRC,INSPTYPE,INSPLAG,TOWED,SPEEDLIMIT,DRPRESENT,PARALCOHOL,ALCTEST,ALCTESTRESULT,ALCTESTSRC,PARDRUG,DRUGTEST,ZIP,RACE,ETHNICITY,RELTOJUNCT,TRAFFLOW,RDLANES,INITLANE,SURFTYPE,SURFCOND,ALIGNMENT,PROFILE,LINERIGHT,LINELEFT,RUMBINIT,RUMBROAD,LIGHTCOND,WEATHER,TRAFDEV,TRAFFUNCT,DISTRACT,PREFHE,PREMOVE,CRITCAT,CRITEVENT,MANEUVER,PRESTAB,PRELOC,CRASHCAT,CRASHCONF,CRASHTYPE,ROLLTYPE,ROLLTURN,ROLLINTRPT,ROLLPREMAN,ROLLINITYP,ROLLINLOC,ROLLOBJ,ROLLTRIP,ROLLDIR,ROLLDIST,DVANGTHIS,DVANGOTH,TOWHITCH,TRAJDOC,TREEPOLE,DVEVENT,DVBASIS,DVTOTAL,DVLONG,DVLAT,DVENERGY,DVSPEED,DVMOMENT,DVBES,DVEST,DVCONF,VAIS,VISS,VINJURED,VTREAT,INITOBJCLASS,HEADANGLECAT,SHLDRWIDTH,STRKLENGTH,STRKWIDTH,STRKHEIGHT,EDGEDISTX,EDGEDISTY,EDGEDISTZ,CASEWGT,PSUSTRAT,VERSION
18391,17,87,1-17-2020-087-08,8,1,2G1WF52E2493,17,20,2,2004,4,1,4,0,1,F,1,1572,5,0,1,1,8,2,89,1,1,8,997,8,1,9,61257,9,9,0,4,2,1,2,1,2,1,1,2,0,0,1,8,0,0,9,1,14,2,12,1,1,4,1,B,6,0,0,0,0,0,0,0,0,0,0,998,998,0,0,0,1,1,20,-20,0,26688,998,-50,19,0,4,9,97,0,99,0,998,0.0,120,75,-12,4.7,29.3,29.6,188.218879679795,4,5
18392,17,88,1-17-2020-088-03,3,1,1C4BJWEG4HC5,17,2,403,2017,14,3,14,99,1,L,1,1948,5,9999,9,0,998,2,48,1,9,0,995,0,9,0,52722,1,2,2,4,4,2,2,1,1,1,1,2,0,0,1,1,2,2,9,0,1,2,17,99,1,1,5,L,89,1,4,2,5,1,1,61,1,1,21,95,180,0,0,0,1,3,15,-11,9,41707,998,-72,20,0,4,1,1,0,0,3,995,9.8,998,998,998,99.8,99.8,99.8,280.047299415334,4,5
18392,17,88,1-17-2020-088-03,3,2,5N1AZ2MS8KN1,17,35,422,2019,15,3,15,0,1,F,1,1787,5,0,1,1,18,2,48,1,9,0,995,0,9,0,61244,1,2,2,4,2,1,2,1,1,1,0,2,0,0,1,1,2,2,9,0,1,4,66,10,1,1,5,L,88,0,0,0,0,0,0,0,0,0,0,180,95,0,0,0,1,3,16,-10,-12,22627,998,-167,12,0,4,1,1,0,4,0,995,9.8,998,998,998,99.8,99.8,99.8,280.047299415334,4,5
18394,11,50,1-11-2020-050-08,8,1,WDBHA29G4XA8,17,42,42,1999,4,1,3,0,1,F,1,1504,5,0,1,1,17,2,72,1,0,0,995,0,0,0,23832,1,9,0,4,2,1,2,1,1,1,1,2,0,0,1,1,0,0,1,1,1,2,13,99,1,4,1,A,1,0,0,0,0,0,0,0,0,0,0,998,998,0,0,9,1,11,999,999,999,9999999,999,999,999,6,0,1,1,0,6,0,998,0.0,999,999,999,5.1,1.2,5.2,1405.16821001253,8,5
18395,11,51,1-11-2020-051-02,2,1,1FADP3L96GL3,17,12,37,2016,5,1,3,0,1,F,1,1475,5,0,1,1,16,2,56,1,1,1,187,2,9,0,23236,9,9,0,4,2,1,2,1,3,1,0,2,0,0,2,1,0,0,1,1,14,2,13,3,1,4,1,A,1,0,0,0,0,0,0,0,0,0,0,998,998,0,0,1,1,1,15,-15,0,16052,998,56,15,0,4,1,1,0,4,0,998,0.0,54,50,84,18.7,2.1,18.9,132.483503255893,8,5
18396,24,102,1-24-2020-102-05,5,1,1FTSX31LX2ED,17,12,481,2002,34,5,31,0,1,F,1,2667,5,363,1,1,18,2,80,1,1,1,150,1,9,9,08205,9,9,2,1,4,4,2,1,1,1,1,2,0,0,1,1,1,2,9,0,11,2,15,99,1,1,4,J,68,0,0,0,0,0,0,0,0,0,0,280,170,0,0,0,1,1,24,-18,-15,195258,998,-169,30,0,4,1,1,0,99,0,995,9.8,998,998,998,99.8,99.8,99.8,45.1086911626345,1,5
18396,24,102,1-24-2020-102-05,5,2,1LNHL9FT4DG6,17,13,15,2013,4,1,4,0,1,L,2,1940,5,0,1,1,19,2,80,1,0,0,995,0,0,0,08330,2,2,2,1,4,3,2,1,1,1,1,1,0,0,1,1,1,2,1,0,1,4,62,4,2,1,4,J,69,0,0,0,0,0,0,0,0,0,0,170,280,0,0,0,1,1,36,-31,18,34823,998,-13,21,0,3,2,6,0,4,0,995,0.0,36,40,50,4.7,2.8,5.0,45.1086911626345,1,5
18397,24,103,1-24-2020-103-09,9,1,4M2DU86W05UJ,17,14,401,2005,14,3,14,0,1,F,2,2071,5,0,1,4,8,2,72,1,1,8,997,8,0,0,08401,1,9,0,4,2,1,2,1,1,1,1,2,0,0,1,1,0,0,9,1,1,2,13,99,9,4,1,A,1,0,0,0,0,0,0,0,0,0,0,998,998,0,0,2,3,12,999,999,999,9999999,999,999,999,7,0,1,1,0,4,0,998,2.2,14,14,999,3.4,0.6,3.4,1162.41952262217,1,5
18398,24,104,1-24-2020-104-04,4,1,19UUB2F59JA0,17,54,44,2018,4,1,4,0,1,F,2,1596,5,0,1,1,33,2,48,1,0,0,995,0,0,0,08203,9,9,2,4,2,1,2,1,1,1,0,0,0,0,1,1,2,2,9,0,11,2,15,3,1,1,4,K,76,0,0,0,0,0,0,0,0,0,0,110,50,0,0,0,1,12,999,999,999,9999999,999,999,999,7,0,0,0,0,0,0,995,9.8,998,998,998,99.8,99.8,99.8,887.151010857401,1,5
18398,24,104,1-24-2020-104-04,4,2,5UXFA13554LU,17,34,401,2004,14,3,14,0,1,L,9,2130,5,9999,9,0,998,2,48,1,0,0,995,0,0,0,08012,9,9,2,4,3,2,2,1,1,1,3,2,0,0,1,1,0,0,9,0,1,4,65,99,1,1,4,K,77,0,0,0,0,0,0,0,0,0,0,50,110,0,0,0,1,0,999,999,999,9999999,999,999,999,9,0,0,0,0,99,0,995,0.0,46,999,999,10.8,10.5,15.0,887.151010857401,1,5
18399,24,105,1-24-2020-105-04,4,1,JTHBF30GX200,17,59,31,2002,4,1,3,0,1,F,2,1560,5,0,1,1,5,2,64,1,0,0,995,0,0,0,08205,9,9,2,4,4,2,2,1,1,1,3,2,0,0,1,1,1,2,3,0,1,3,50,99,1,1,2,D,20,0,0,0,0,0,0,0,0,0,0,120,140,0,0,0,1,12,999,999,999,9999999,999,999,999,7,0,9,97,0,99,0,995,9.8,998,998,998,99.8,99.8,99.8,887.151010697975,1,5
18399,24,105,1-24-2020-105-04,4,2,1FM5K7D8XHGD,17,12,401,2017,14,3,14,0,1,B,2,2067,5,0,1,1,5,2,64,1,0,0,995,0,0,0,08205,1,2,2,4,4,2,2,1,1,1,3,2,0,0,1,1,1,2,9,0,5,3,53,1,1,1,2,D,21,0,0,0,0,0,0,0,0,0,0,140,120,0,0,0,1,12,999,999,999,9999999,999,999,999,7,0,0,0,0,0,0,995,9.8,998,998,998,99.8,99.8,99.8,887.151010697975,1,5
18399,24,105,1-24-2020-105-04,4,3,1FTFX1EF2DFC,17,12,481,2013,34,5,31,0,1,L,9,2454,5,9999,9,0,998,5,64,1,0,0,995,0,0,0,08087,9,9,2,4,4,1,2,1,1,1,1,3,0,0,1,1,1,2,1,0,11,4,62,99,1,1,6,M,98,0,0,0,0,0,0,0,0,0,0,310,90,0,0,0,2,0,999,999,999,9999999,999,999,999,9,0,95,95,95,95,0,995,9.8,998,998,998,99.8,99.8,99.8,887.151010697975,1,5
18400,28,52,1-28-2020-052-03,3,1,3VWDB7AJ1HM2,17,30,40,2017,4,1,3,0,1,F,1,1339,8,68,2,1,33,2,89,1,0,1,0,2,0,0,08837,7,2,0,4,2,1,2,1,1,1,1,4,1,0,1,1,0,0,3,1,1,2,12,1,1,4,1,B,6,1,1,2,2,8,4,31,3,2,21,998,998,0,0,0,1,1,19,-19,0,22146,998,0,19,0,1,1,1,0,4,2,998,1.3,120,120,-25,36.8,2.0,36.9,34.2731829497023,3,5
18402,16,82,1-16-2020-082-04,4,1,1FADP3F29GL2,17,12,37,2016,4,1,3,0,1,R,1,1340,5,0,1,1,16,2,40,1,0,0,995,0,0,0,45206,9,9,0,4,2,1,2,1,1,1,0,2,0,0,3,1,0,0,3,1,1,2,11,2,1,4,1,C,11,0,0,0,0,0,0,0,0,0,0,270,270,0,0,0,1,3,9,-8,-4,6832,998,16,11,0,4,0,0,0,0,0,995,9.8,998,998,998,99.8,99.8,99.8,1378.13648736711,5,5
18402,16,82,1-16-2020-082-04,4,2,JHMGE8H30BC0,17,37,39,2011,5,1,1,0,2,L,1,1121,5,9999,9,0,998,,,,,,,,,,,,,,,,,,,,,,,,,,,,,,,,,,,,,,,,,,,,,,,,,,,,,,,,,,,,,,,,,,95,95,95,95,,,,,,,,,,1378.13648736711,5,5
18403,16,83,1-16-2020-083-07,7,1,1G6AE5SX6D01,17,19,24,2013,4,1,4,0,1,R,9,1503,5,9999,9,0,998,2,40,1,0,0,995,0,0,0,45229,9,9,0,4,2,1,2,1,1,4,0,0,0,0,1,1,0,0,3,1,1,2,13,1,1,4,1,C,11,0,0,0,0,0,0,0,0,0,0,105,100,0,0,0,1,0,999,999,999,9999999,999,999,999,9,0,99,99,0,99,0,995,9.8,998,998,998,99.8,99.8,99.8,2137.84854891679,5,5
18403,16,83,1-16-2020-083-07,7,2,WAULC68E32A0,17,32,43,2002,4,1,3,0,2,L,1,1475,5,9999,9,5,9,,,,,,,,,,,,,,,,,,,,,,,,,,,,,,,,,,,,,,,,,,,,,,,,,,,,,,,,,,,,,,,,,,95,95,95,95,,,,,,,,,,2137.84854891679,5,5
18404,52,114,1-52-2020-114-03,3,1,1G4HF57928U2,17,18,23,2008,4,1,5,0,1,R,1,1800,5,0,1,1,10,2,56,1,0,0,995,0,0,0,59101,9,9,3,5,3,2,2,1,1,1,4,4,0,0,3,8,0,0,9,0,11,2,15,99,1,1,4,J,68,0,0,0,0,0,0,0,0,0,0,300,180,0,0,0,1,3,14,-2,-14,38031,998,218,13,0,4,99,99,0,99,0,995,9.8,998,998,998,99.8,99.8,99.8,91.968202382464,12,5
18404,52,114,1-52-2020-114-03,3,2,3GCUKSEC9HG3,17,20,481,2017,34,5,31,0,1,F,2,2394,5,0,1,1,10,2,56,1,0,0,995,0,0,0,59105,9,9,3,5,3,1,2,1,1,1,0,2,0,0,3,8,0,0,9,0,1,4,62,1,1,1,4,J,69,0,0,0,0,0,0,0,0,0,0,998,998,0,0,7,4,11,999,999,999,9999999,999,999,999,7,0,1,1,0,6,0,998,0.0,6,6,38,5.4,2.9,6.0,91.968202382464,12,5
18404,52,114,1-52-2020-114-03,3,3,1HGCP26888A1,17,37,32,2008,4,1,4,0,2,L,1,1523,5,9999,9,4,11,,,,,,,,,,,,,,,,,,,,,,,,,,,,,,,,,,,,,,,,,,,,,,,,,,,,,,,,,,,,,,,,,,95,95,95,95,,,,,,,,,,91.968202382464,12,5
18406,25,71,1-25-2020-071-02,2,1,5NPE34AF6GH4,17,55,33,2016,4,1,4,0,1,F,1,1475,5,0,1,1,9,2,64,1,8,1,0,2,7,2,04047,9,9,3,4,2,1,2,1,1,2,1,2,0,0,1,1,0,0,1,1,1,2,12,1,2,4,1,B,6,0,0,0,0,0,0,0,0,0,0,998,998,0,0,0,2,1,15,-15,-3,14377,998,-34,15,0,4,1,1,0,3,0,998,0.0,11,11,999,9.6,2.1,9.8,34.912107531613,2,5
18409,73,55,1-73-2020-055-08,8,1,1FTZX18W3WNB,17,12,481,1998,34,5,31,0,1,T,2,2093,5,0,1,4,16,2,72,1,8,1,209,2,0,0,04957,9,9,0,4,2,1,2,1,3,4,0,0,0,0,1,1,0,0,1,1,14,1,6,99,4,4,1,B,7,1,4,2,6,2,4,48,4,1,24,997,997,0,1,0,2,6,999,999,999,9999999,999,999,999,7,0,3,19,1,3,3,997,0.0,120,38,72,10.8,2.0,11.1,34.2248098199139,3,5
18411,77,67,1-77-2020-067-08,8,1,5FNYF18737B0,17,37,421,2007,15,3,15,0,1,F,3,2007,5,0,1,1,8,2,89,1,0,1,0,2,0,0,24590,1,2,0,4,2,1,2,1,3,1,0,2,0,0,1,1,0,0,9,1,14,2,13,1,1,4,1,A,1,0,0,0,0,0,0,0,0,0,0,998,998,0,1,1,2,1,53,-52,-9,230613,998,23,53,0,1,1,1,0,3,0,998,0.0,58,54,-120,46.3,3.6,46.7,203.611726743993,9,5
18412,32,103,1-32-2020-103-06,6,1,1FAFP23186G1,17,12,21,2006,4,1,4,0,1,F,2,1662,5,0,1,1,11,2,105,1,0,0,995,0,0,0,76092,1,2,0,1,3,1,1,1,1,1,1,3,0,0,1,1,0,0,3,0,1,3,52,1,1,1,2,D,28,0,0,0,0,0,0,0,0,0,0,325,320,0,0,0,1,1,37,-35,13,123028,998,25,42,0,4,9,97,0,5,0,995,9.8,998,998,998,99.8,99.8,99.8,1378.25180729978,7,5
18412,32,103,1-32-2020-103-06,6,2,2T2ZK1BA6FC1,17,59,403,2015,14,3,14,0,1,B,2,1970,5,0,1,1,13,2,105,1,0,0,995,0,0,0,75089,2,2,0,1,3,1,1,1,1,1,1,3,0,0,1,1,0,0,9,0,2,3,53,1,1,1,2,D,29,0,0,0,0,0,0,0,0,0,0,320,325,0,0,0,1,1,29,27,-10,49446,998,40,23,0,4,9,97,0,5,0,995,9.8,998,998,998,99.8,99.8,99.8,1378.25180729978,7,5
18413,32,104,1-32-2020-104-07,7,1,5NPET4AC9AH6,17,55,33,2010,4,1,3,0,1,R,1,1493,5,0,1,1,14,2,113,1,0,0,995,0,0,0,75150,2,2,0,2,4,1,1,1,1,3,1,3,0,0,3,1,0,0,9,0,1,3,50,3,1,1,2,D,32,0,0,0,0,0,0,0,0,0,0,260,270,0,0,0,1,3,13,-13,-2,18793,998,71,16,0,4,0,0,0,0,0,995,9.8,998,998,998,99.8,99.8,99.8,3892.52350761219,7,5
18413,32,104,1-32-2020-104-07,7,2,WDCGG5GB0CF7,17,42,403,2012,14,3,14,0,1,B,1,1804,5,0,1,1,14,2,113,1,1,1,177,1,0,0,75229,1,2,0,2,4,1,1,1,1,3,1,3,0,0,3,1,0,0,9,0,7,3,53,1,1,1,2,D,32,0,0,0,0,0,0,0,0,0,0,270,260,0,0,0,1,3,11,11,0,6123,998,70,8,0,4,0,0,0,0,0,995,9.8,998,998,998,99.8,99.8,99.8,3892.52350761219,7,5
18414,32,105,1-32-2020-105-09,9,1,3B7HC13Y61M5,17,7,482,2001,34,5,31,0,1,L,1,2243,5,0,1,1,11,2,64,1,0,0,995,0,0,0,75226,9,9,2,1,3,2,1,1,1,4,3,3,0,0,3,1,0,0,9,1,12,2,21,99,1,2,6,M,98,0,0,0,0,0,0,0,0,0,0,25,95,0,0,0,1,1,10,-4,10,17332,998,-216,9,0,4,99,99,0,99,0,995,9.8,998,998,998,99.8,99.8,99.8,4755.37240164294,7,5
18414,32,105,1-32-2020-105-09,9,2,1HGCG1658XA0,17,37,32,1999,4,1,3,0,1,F,1,1490,5,0,1,1,11,2,64,1,0,0,995,0,0,0,75216,2,2,2,1,3,1,1,1,1,4,1,3,0,0,3,1,0,0,9,1,15,4,61,99,1,2,6,M,98,0,0,0,0,0,0,0,0,0,0,95,25,0,0,0,1,1,16,-12,-10,23760,998,-83,18,0,4,99,99,0,99,0,995,0.0,120,20,17,0.0,0.0,0.0,4755.37240164294,7,5
18414,32,105,1-32-2020-105-09,9,3,1FAFP40413F3,17,12,3,2003,2,1,2,0,1,L,9,1531,5,9999,9,0,998,5,64,1,0,0,995,0,0,0,75216,9,9,2,1,3,2,1,1,1,4,3,3,0,0,3,1,0,0,9,0,1,4,60,99,1,1,6,M,98,0,0,0,0,0,0,0,0,0,0,90,95,0,0,0,2,0,999,999,999,9999999,999,999,999,9,0,95,95,95,95,0,995,9.8,998,998,998,99.8,99.8,99.8,4755.37240164294,7,5
18415,32,106,1-32-2020-106-07,7,1,3N1CN7AP5CL9,17,35,50,2012,4,1,2,0,1,R,1,1042,5,0,1,1,31,2,56,1,0,0,995,0,0,0,75212,1,1,2,1,4,2,1,1,1,1,3,3,0,0,3,1,1,2,9,0,1,4,66,1,1,1,5,L,87,0,0,0,0,0,0,0,0,0,0,270,180,0,0,0,1,3,21,-7,-20,28497,998,-22,25,0,4,0,0,0,0,0,995,9.8,998,998,998,99.8,99.8,99.8,3892.52350761219,7,5
18415,32,106,1-32-2020-106-07,7,2,2HGFG11687H5,17,37,31,2007,2,1,3,0,1,F,1,1227,5,9999,9,0,998,5,56,1,0,0,995,0,0,0,75217,9,9,2,1,4,2,1,1,1,1,3,3,0,0,3,1,1,2,9,0,1,2,17,1,1,1,5,L,86,0,0,0,0,0,0,0,0,0,0,180,270,0,0,0,1,3,19,-18,7,12283,998,66,14,0,4,95,95,95,95,0,995,9.8,998,998,998,99.8,99.8,99.8,3892.52350761219,7,5
18416,59,37,1-59-2020-037-02,2,1,WBA7E4C59JGV,17,34,37,2018,4,1,5,0,1,L,1,2150,5,9999,9,1,15,2,48,1,0,0,995,0,0,0,80911,1,2,2,4,2,1,2,1,1,1,1,2,0,0,1,8,2,2,1,0,11,4,60,1,1,1,4,J,72,0,0,0,0,0,0,0,0,0,0,150,200,0,0,0,1,3,4,2,3,3630,998,197,4,0,4,1,1,0,4,0,995,9.8,998,998,998,99.8,99.8,99.8,48.5689789823997,6,5
18416,59,37,1-59-2020-037-02,2,2,1B7FL26Y1VS1,17,7,472,1997,34,5,31,0,1,F,1,1581,5,9999,9,1,7,2,48,1,0,0,995,0,0,0,47882,9,9,2,4,2,1,2,1,1,1,1,2,0,0,1,8,2,2,9,1,1,2,10,99,9,2,4,J,73,0,0,0,0,0,0,0,0,0,0,200,150,0,0,0,1,3,6,-6,-1,2765,998,-40,6,0,4,99,99,0,99,0,995,0.0,999,7,999,3.4,1.3,3.8,48.5689789823997,6,5
18417,59,38,1-59-2020-038-05,5,1,1D8HN44EX9B5,17,7,442,2009,20,4,20,0,1,L,2,1960,5,0,1,1,4,2,56,1,0,0,995,0,7,0,46171,9,9,2,4,2,1,2,1,1,2,1,2,0,0,1,1,2,2,2,0,1,2,17,4,1,1,5,L,89,1,1,2,5,7,1,2,2,1,7,275,0,0,0,0,1,1,26,-9,24,110155,998,-33,35,0,1,0,0,0,4,1,995,9.8,998,998,998,99.8,99.8,99.8,80.8642391582898,6,5
18417,59,38,1-59-2020-038-05,5,2,2FMTK4J98FBB,17,12,24,2015,6,1,4,0,1,F,2,1841,5,0,1,1,10,2,89,1,8,0,995,0,7,0,47863,9,9,2,4,2,1,2,1,1,1,1,2,0,0,1,1,0,0,1,0,1,4,66,2,1,1,5,L,88,0,0,0,0,0,0,0,0,0,0,0,275,0,0,0,1,1,29,-28,-10,30988,998,-76,18,0,1,1,1,0,4,0,995,9.8,998,998,998,99.8,99.8,99.8,80.8642391582898,6,5
18418,27,54,1-27-2020-054-04,4,1,5TFUU4EN2DX0,17,49,472,2013,34,5,30,0,1,F,1,1860,5,0,1,3,10,2,48,1,8,9,998,8,7,9,01266,9,9,2,4,3,2,2,1,3,1,1,2,0,0,1,1,1,2,9,0,11,2,15,99,1,1,4,J,68,0,0,0,0,0,0,0,0,0,0,15,205,0,0,0,1,3,7,-7,0,2899,998,-75,6,0,4,0,0,0,0,0,995,9.8,998,998,998,99.8,99.8,99.8,129.439550509475,3,5
18418,27,54,1-27-2020-054-04,4,2,JN8AT2MV1HW2,17,35,51,2017,6,1,3,0,1,L,1,1610,5,0,1,1,10,2,48,1,8,9,998,8,7,9,01201,1,2,2,4,2,1,2,1,2,1,1,2,0,0,1,1,1,2,1,0,14,4,62,8,1,1,4,J,69,0,0,0,0,0,0,0,0,0,0,205,15,0,0,0,1,3,8,-8,1,6855,998,-65,9,0,4,0,0,0,0,0,995,9.8,998,998,998,99.8,99.8,99.8,129.439550509475,3,5
18419,27,55,1-27-2020-055-04,4,1,4T1BF1FK3DU2,17,49,40,2013,4,1,3,0,1,B,1,1441,5,9999,9,0,998,5,48,1,8,9,998,8,7,9,01247,9,9,0,4,2,1,2,1,1,2,1,2,0,0,1,1,0,0,1,0,2,3,53,99,1,1,2,D,29,0,0,0,0,0,0,0,0,0,0,95,95,0,0,0,1,3,24,24,0,38678,998,0,26,0,4,95,95,95,95,0,995,9.8,998,998,998,99.8,99.8,99.8,129.439550502024,3,5
18419,27,55,1-27-2020-055-04,4,2,KNMAT2MV6GP6,17,35,51,2016,6,1,3,0,1,F,1,1610,5,0,1,1,10,2,48,1,8,9,998,8,7,9,01247,9,9,0,4,2,1,2,1,1,2,1,2,0,0,1,1,0,0,3,0,1,3,52,3,1,1,2,D,28,0,0,0,0,0,0,0,0,0,0,95,95,0,0,0,1,3,22,-22,0,27784,998,29,20,0,4,0,0,0,0,0,995,9.8,998,998,998,99.8,99.8,99.8,129.439550502024,3,5
18420,18,50,1-18-2020-050-08,8,1,19UYA42681A0,17,54,37,2001,2,1,3,0,1,R,3,1592,5,0,1,1,6,2,72,1,0,1,187,2,0,1,54727,9,9,2,1,1,1,1,1,1,1,0,0,0,0,1,1,1,2,9,0,11,2,15,99,1,1,4,J,68,0,0,0,0,0,0,0,0,0,0,20,265,0,0,0,1,5,999,999,999,9999999,999,999,41,4,0,4,29,1,3,0,995,9.8,998,998,998,99.8,99.8,99.8,177.458585752795,6,5
18420,18,50,1-18-2020-050-08,8,2,1FTSW31F2XEB,17,12,481,1999,34,5,31,0,1,F,1,2576,5,0,1,1,5,2,72,1,0,0,995,0,0,0,54703,1,2,2,1,4,4,1,1,1,1,3,0,0,0,1,1,1,2,1,0,1,4,62,2,1,1,4,J,69,0,0,0,0,0,0,0,0,0,0,265,20,1,0,0,1,5,999,999,999,9999999,999,999,999,6,0,1,1,0,0,0,995,9.8,998,998,998,99.8,99.8,99.8,177.458585752795,6,5
18421,18,51,1-18-2020-051-05,5,1,1G1PE5SB7F71,17,20,25,2015,4,1,3,0,1,F,2,1399,5,0,1,1,10,2,89,1,0,0,995,0,0,0,54726,9,9,2,4,2,1,2,1,1,2,1,2,0,0,1,1,0,0,9,0,1,4,66,7,1,1,5,L,86,0,0,0,0,0,0,0,0,0,0,355,95,0,1,0,1,1,34,-34,6,91788,998,35,39,0,4,1,1,0,4,0,995,9.8,998,998,998,99.8,99.8,99.8,57.4865885735629,6,5
18421,18,51,1-18-2020-051-05,5,2,1GC1KXEG8BF2,17,20,481,2011,34,5,31,0,1,R,1,2892,5,0,1,1,14,2,89,1,0,0,995,0,0,0,54498,1,2,2,4,2,1,2,1,1,4,1,2,0,0,1,1,1,2,3,0,1,2,17,2,1,1,5,L,87,0,0,0,0,0,0,0,0,0,0,95,355,0,1,0,1,1,16,-5,-15,30103,998,147,12,0,4,1,1,0,0,0,995,9.8,998,998,998,99.8,99.8,99.8,57.4865885735629,6,5
18423,76,53,1-76-2020-053-03,3,1,5XYZWDLA9JG5,17,55,401,2018,14,3,14,0,1,T,1,1640,5,0,2,1,84,2,89,1,8,9,998,8,7,9,12427,1,2,0,4,2,1,2,1,2,4,1,2,0,0,1,1,0,0,1,1,14,2,13,8,2,4,1,A,1,1,3,2,6,1,4,61,1,1,10,997,997,0,0,0,2,6,999,999,999,9999999,999,999,999,6,0,1,1,0,4,3,997,1.4,999,999,39,17.4,7.8,19.1,15.8345460521654,3,5
18424,31,45,1-31-2020-045-05,5,1,1GB0G2BA7D11,17,20,461,2013,21,4,21,0,1,F,3,2361,5,91,2,4,33,2,113,1,1,0,995,0,0,0,42420,7,1,0,1,2,1,2,1,1,1,1,3,2,3,2,1,0,0,3,1,1,2,12,99,1,4,1,B,6,1,2,2,2,1,4,61,1,2,10,998,998,0,0,0,1,12,999,999,999,9999999,999,999,999,8,0,1,1,0,8,3,998,1.8,120,38,89,4.5,0.2,4.5,269.923354614168,6,5
18425,31,46,1-31-2020-046-09,9,1,1GCCS1450281,17,20,471,2002,34,5,30,0,1,F,2,1394,5,0,1,1,12,2,89,1,0,0,995,0,0,2,62930,9,9,0,4,2,1,2,1,2,1,1,4,0,0,2,1,0,0,9,1,14,2,12,1,2,4,1,B,6,0,0,0,0,0,0,0,0,0,0,998,998,0,0,0,1,10,999,999,999,9999999,999,14,33,3,0,1,1,0,6,0,998,1.4,120,38,89,8.1,2.2,8.4,245.603784357088,6,5
18426,12,58,1-12-2020-058-03,3,1,KMHCT4AE1GU9,17,55,36,2016,4,1,2,0,1,F,1,1155,5,0,1,1,7,2,64,1,0,0,995,0,0,0,73401,9,9,2,1,4,4,1,1,1,1,1,2,0,0,1,1,1,2,9,0,12,2,21,99,1,1,6,M,98,0,0,0,0,0,0,0,0,0,0,215,135,0,0,0,1,3,17,-16,-6,8987,998,-10,14,0,4,99,99,0,8,0,995,9.8,998,998,998,99.8,99.8,99.8,784.916013707534,9,5
18426,12,58,1-12-2020-058-03,3,2,1GCCS1364481,17,20,473,2004,34,5,31,0,1,L,1,1702,5,48,1,1,8,2,64,1,0,0,995,0,0,0,73036,9,9,2,4,3,1,1,1,1,1,1,1,0,0,1,1,1,2,9,0,10,4,65,1,1,1,6,M,98,0,0,0,0,0,0,0,0,0,0,135,215,0,0,0,1,3,11,-2,11,24119,998,172,12,0,4,0,0,0,0,0,995,9.8,998,998,998,99.8,99.8,99.8,784.916013707534,9,5
18427,12,59,1-12-2020-059-03,3,1,1N4AA6AP3GC4,17,35,39,2016,4,1,4,0,1,F,2,1617,5,0,1,1,11,2,56,1,0,0,995,0,0,0,73443,9,9,2,4,2,1,2,1,1,1,0,0,0,0,1,1,0,0,9,0,1,4,66,2,1,1,5,L,86,0,0,0,0,0,0,0,0,0,0,180,270,0,0,0,1,3,33,-31,11,40739,998,69,23,0,4,9,97,0,99,0,995,9.8,998,998,998,99.8,99.8,99.8,784.916013707534,9,5
18427,12,59,1-12-2020-059-03,3,2,1N6AD0ER6KN7,17,35,472,2019,34,5,31,0,1,R,2,2154,5,9999,9,0,998,5,56,1,0,0,995,0,0,0,99999,9,9,2,4,2,1,2,1,1,1,0,0,0,0,1,1,2,2,9,0,1,2,17,99,1,1,5,L,87,0,0,0,0,0,0,0,0,0,0,270,180,0,0,0,1,3,26,-9,-24,106767,998,58,34,0,4,95,95,95,95,0,995,9.8,998,998,998,99.8,99.8,99.8,784.916013707534,9,5
18428,13,70,1-13-2020-070-05,5,1,JA32U2FU7CU0,17,52,46,2012,4,1,2,0,1,F,9,1325,5,9999,9,0,998,2,999,1,0,0,995,0,0,0,76102,2,9,2,1,3,2,1,1,1,1,3,1,0,0,1,8,1,2,9,0,1,2,17,99,1,1,5,L,88,0,0,0,0,0,0,0,0,0,0,270,180,0,0,0,1,0,999,999,999,9999999,999,999,999,9,0,0,0,0,0,0,995,9.8,998,998,998,99.8,99.8,99.8,154.167325938428,7,5
18428,13,70,1-13-2020-070-05,5,2,54DB4J1B7FS8,17,38,882,2015,61,8,60,0,1,L,9,,,,,,,2,999,1,0,0,995,0,0,0,76110,9,9,2,1,4,2,1,1,1,1,1,3,0,0,1,8,1,2,9,0,1,4,66,99,1,1,5,L,89,,,,,,,,,,,,,,,,,,,,,,,,,,,95,95,95,95,,,9.8,998,998,998,99.8,99.8,99.8,154.167325938428,7,5