CASEID,PSU,CASENO,CASENUMBER,CATEGORY,VEHNO,VIN,VINLENGTH,MAKE,MODEL,MODELYR,BODYTYPE,BODYCAT,VEHCLASS,SPECUSE,TRANSTAT,DAMPLANE,DAMSEV,CURBWT,CURBSRC,CARGOWT,CARGOSRC,INSPTYPE,INSPLAG,TOWED,SPEEDLIMIT,DRPRESENT,PARALCOHOL,ALCTEST,ALCTESTRESULT,ALCTESTSRC,PARDRUG,DRUGTEST,ZIP,RACE,ETHNICITY,RELTOJUNCT,TRAFFLOW,RDLANES,INITLANE,SURFTYPE,SURFCOND,ALIGNMENT,PROFILE,LINERIGHT,LINELEFT,RUMBINIT,RUMBROAD,LIGHTCOND,WEATHER,TRAFDEV,TRAFFUNCT,DISTRACT,PREFHE,PREMOVE,CRITCAT,CRITEVENT,MANEUVER,PRESTAB,PRELOC,CRASHCAT,CRASHCONF,CRASHTYPE,ROLLTYPE,ROLLTURN,ROLLINTRPT,ROLLPREMAN,ROLLINITYP,ROLLINLOC,ROLLOBJ,ROLLTRIP,ROLLDIR,ROLLDIST,DVANGTHIS,DVANGOTH,TOWHITCH,TRAJDOC,TREEPOLE,DVEVENT,DVBASIS,DVTOTAL,DVLONG,DVLAT,DVENERGY,DVSPEED,DVMOMENT,DVBES,DVEST,DVCONF,VAIS,VISS,VINJURED,VTREAT,INITOBJCLASS,HEADANGLECAT,SHLDRWIDTH,STRKLENGTH,STRKWIDTH,STRKHEIGHT,EDGEDISTX,EDGEDISTY,EDGEDISTZ,CASEWGT,PSUSTRAT,VERSION
18467,10,110,1-10-2020-110-07,7,1,1C3CCBAB8CN2,17,6,18,2012,4,1,3,0,1,R,2,1537,5,0,1,4,8,2,56,1,0,0,995,0,0,0,45410,9,9,0,4,4,2,2,1,1,1,3,2,0,0,1,1,1,2,3,1,15,2,11,1,1,2,2,F,46,0,0,0,0,0,0,0,0,0,0,110,90,0,0,0,1,8,999,999,999,9999999,999,999,999,7,0,0,0,0,0,0,995,9.8,998,998,998,99.8,99.8,99.8,528.627295207233,4,5
18467,10,110,1-10-2020-110-07,7,2,5FNRL38415B4,17,37,441,2005,20,4,20,0,1,F,1,2033,5,0,1,1,7,2,56,1,0,0,995,0,0,0,45417,9,9,0,4,4,1,2,1,1,1,0,1,0,0,1,1,1,2,1,0,1,4,61,99,1,1,2,F,45,0,0,0,0,0,0,0,0,0,0,90,110,0,0,0,1,12,999,999,999,9999999,999,999,999,6,0,0,0,0,0,0,995,9.8,998,998,998,99.8,99.8,99.8,528.627295207233,4,5
18468,10,111,1-10-2020-111-06,6,1,3N1AB7AP3EY2,17,35,43,2014,4,1,3,0,1,R,2,1293,5,0,3,0,998,2,56,1,0,0,995,0,0,0,45403,9,9,2,4,3,2,2,1,2,1,1,2,0,0,1,1,1,2,3,1,14,2,17,1,1,2,4,K,83,0,0,0,0,0,0,0,0,0,0,85,335,0,0,0,1,3,38,-29,-25,158877,998,78,48,0,4,0,0,0,5,0,995,9.8,998,998,998,99.8,99.8,99.8,181.075070225432,4,5
18468,10,111,1-10-2020-111-06,6,2,1C3CDFBB5ED7,17,7,29,2014,4,1,3,0,1,F,2,1471,5,0,1,1,4,2,56,1,0,0,995,0,0,0,45439,9,9,2,4,5,3,2,1,1,1,1,2,0,0,1,1,1,2,1,0,11,4,66,1,1,1,4,K,82,0,0,0,0,0,0,0,0,0,0,335,85,0,0,0,1,3,32,-28,16,68483,998,133,24,0,4,9,97,0,5,0,995,9.8,998,998,998,99.8,99.8,99.8,181.075070225432,4,5
18468,10,111,1-10-2020-111-06,6,3,5NPE34AF0FH0,17,55,33,2015,4,1,4,0,1,F,9,1475,5,9999,9,0,998,5,64,1,0,0,995,0,0,0,45404,9,9,2,4,3,2,2,1,1,1,1,2,0,0,1,1,1,2,1,0,5,4,62,1,1,1,6,M,98,0,0,0,0,0,0,0,0,0,0,255,999,0,0,0,2,0,999,999,999,9999999,999,999,999,9,0,95,95,95,95,0,995,9.8,998,998,998,99.8,99.8,99.8,181.075070225432,4,5
18469,10,112,1-10-2020-112-09,9,1,4V4NC9EH3FN1,17,51,884,2012,66,8,68,0,1,F,9,,,,,,,5,89,1,0,0,995,0,0,0,00001,9,9,1,3,4,1,2,1,1,9,1,3,2,3,1,1,0,0,1,0,1,3,50,7,1,1,2,D,20,,,,,,,,,,,,,,,,,,,,,,,,,,,95,95,95,95,,,9.8,998,998,998,99.8,99.8,99.8,645.807185356138,4,5
18469,10,112,1-10-2020-112-09,9,2,1GNDT13W8X21,17,20,421,1999,15,3,15,0,1,B,1,1816,5,0,1,1,4,2,89,1,0,0,995,0,0,0,45322,9,9,1,3,4,1,2,1,1,9,1,3,2,3,1,1,0,0,1,0,5,3,53,1,1,1,2,D,21,0,0,0,0,0,0,0,0,0,0,0,350,0,0,0,1,5,999,999,999,9999999,999,999,12,2,0,2,5,0,4,0,995,9.8,998,998,998,99.8,99.8,99.8,645.807185356138,4,5
18470,14,53,1-14-2020-053-01,1,1,1FADP3L96GL2,17,12,37,2016,5,1,3,0,1,L,3,1475,5,0,1,1,27,2,64,1,1,1,252,1,1,2,78230,1,1,2,3,3,2,2,1,2,1,0,1,0,0,3,1,6,2,9,1,14,2,12,99,1,4,1,B,6,0,0,0,0,0,0,0,0,0,0,290,5,0,1,0,2,5,999,999,999,9999999,999,999,55,5,0,3,9,1,1,0,995,0.0,119,119,13,0.0,0.0,0.0,242.872553981741,8,5
18470,14,53,1-14-2020-053-01,1,2,1FBZX2YMXJKA,17,12,462,2018,21,4,21,0,1,F,1,2881,5,0,1,1,25,2,64,1,0,0,995,0,0,0,78132,1,2,2,4,5,2,2,1,1,1,3,1,0,0,3,1,1,2,1,0,1,4,63,3,1,2,6,M,98,0,0,0,0,0,0,0,0,0,0,5,290,0,1,0,2,5,999,999,999,9999999,999,999,17,2,0,2,5,0,4,0,995,9.8,998,998,998,99.8,99.8,99.8,242.872553981741,8,5
18471,14,54,1-14-2020-054-04,4,1,2GCEC19T8411,17,20,481,2004,34,5,31,0,1,F,2,1980,5,0,1,1,12,2,48,1,0,0,995,0,0,0,78224,1,2,2,5,5,3,2,1,1,1,4,4,0,0,1,1,1,2,9,0,11,2,15,99,1,1,4,K,84,0,0,0,0,0,0,0,0,0,0,190,100,0,0,0,1,1,25,-25,-4,128417,998,-44,39,0,4,0,0,0,0,0,995,9.8,998,998,998,99.8,99.8,99.8,11469.2995139652,8,5
18471,14,54,1-14-2020-054-04,4,2,1FTEW1CB8KKE,17,12,481,2019,34,5,31,0,1,L,1,2028,5,0,1,1,11,2,48,1,0,0,995,0,0,0,78130,1,9,2,4,3,2,2,1,1,1,0,0,0,0,1,1,1,2,9,0,11,4,65,8,1,1,4,K,84,0,0,0,0,0,0,0,0,0,0,100,190,0,0,0,1,1,24,-4,24,16477,998,-169,10,0,1,0,0,0,0,0,995,9.8,998,998,998,99.8,99.8,99.8,11469.2995139652,8,5
18472,17,89,1-17-2020-089-10,10,1,2G1WL52M9V11,17,20,20,1997,4,1,3,0,1,F,1,1532,5,0,1,1,6,2,56,1,9,0,995,0,9,0,61201,9,9,2,4,4,2,2,1,1,1,1,1,0,0,1,1,1,2,9,0,2,3,50,99,1,1,2,D,20,0,0,0,0,0,0,0,0,0,0,0,0,0,0,0,1,3,18,-18,0,22096,998,0,19,0,4,0,0,0,0,0,995,9.8,998,998,998,99.8,99.8,99.8,1957.77506826451,4,5
18472,17,89,1-17-2020-089-10,10,2,2C4RDGEG4HR5,17,7,442,2017,20,4,20,99,1,B,1,2050,5,9999,9,0,998,5,56,1,9,0,995,0,9,0,61201,9,9,2,4,4,2,2,1,1,1,1,1,0,0,1,1,1,2,9,0,5,3,53,99,1,1,2,D,21,0,0,0,0,0,0,0,0,0,0,0,0,0,0,0,1,3,14,14,0,15030,998,0,14,0,4,95,95,95,95,0,995,9.8,998,998,998,99.8,99.8,99.8,1957.77506826451,4,5
18473,17,90,1-17-2020-090-07,7,1,5NPDH4AE3BH0,17,55,35,2011,4,1,3,0,1,F,9,1265,5,0,1,6,22,2,72,1,9,0,995,0,9,0,61240,9,9,1,3,1,1,1,1,1,9,1,2,0,0,1,1,6,2,9,0,2,3,50,99,9,1,2,D,20,0,0,0,0,0,0,0,0,0,0,350,350,0,0,0,1,12,999,999,999,9999999,999,999,999,9,0,0,0,0,0,0,995,9.8,998,998,998,99.8,99.8,99.8,401.823641214496,4,5
18473,17,90,1-17-2020-090-07,7,2,2GKALMEK1H61,17,23,402,2017,14,3,14,99,1,B,9,1748,5,9999,9,0,998,5,72,1,9,0,995,0,9,0,52748,9,9,1,3,1,1,1,1,1,9,1,2,0,0,1,1,6,2,9,0,5,3,53,99,1,1,2,D,21,0,0,0,0,0,0,0,0,0,0,350,350,0,0,0,1,0,999,999,999,9999999,999,999,999,9,0,95,95,95,95,0,995,9.8,998,998,998,99.8,99.8,99.8,401.823641214496,4,5
18476,24,106,1-24-2020-106-03,3,1,1C4GJWAG8HL6,17,2,403,2017,14,3,14,0,1,F,1,1717,5,0,1,1,14,2,72,1,0,0,995,0,0,0,08234,9,9,2,4,2,1,2,1,1,1,1,2,0,0,1,1,0,0,1,0,1,4,62,3,1,1,4,J,69,0,0,0,0,0,0,0,0,0,0,120,260,0,0,0,1,3,20,-19,-7,20326,998,-46,16,0,4,9,97,0,99,0,995,9.8,998,998,998,99.8,99.8,99.8,226.899209447121,1,5
18476,24,106,1-24-2020-106-03,3,2,JHMGD38658S0,17,37,39,2008,5,1,1,0,1,R,2,1141,5,9999,9,0,998,2,72,1,0,0,995,0,1,0,08234,9,9,2,4,2,1,2,1,1,1,1,2,0,0,1,1,0,0,1,0,11,2,15,1,1,1,4,J,68,0,0,0,0,0,0,0,0,0,0,260,120,0,0,0,1,3,29,-15,-25,60580,998,56,33,0,4,9,97,0,99,0,995,9.8,998,998,998,99.8,99.8,99.8,226.899209447121,1,5
18477,24,107,1-24-2020-107-05,5,1,2HNYD2H3XDH5,17,54,421,2013,15,3,15,0,1,F,1,2076,5,0,1,5,6,2,72,1,0,0,995,0,0,0,08205,9,9,2,4,5,3,2,1,1,1,1,2,0,0,1,1,1,2,9,0,11,2,15,99,1,1,4,J,68,0,0,0,0,0,0,0,0,0,0,265,105,0,0,0,1,3,9,-9,0,10682,998,0,11,0,4,2,4,0,4,0,995,9.8,998,998,998,99.8,99.8,99.8,61.5488257231871,1,5
18477,24,107,1-24-2020-107-05,5,2,KL8CB6S95DC5,17,20,29,2013,5,1,1,0,1,F,1,1050,5,0,1,1,11,2,72,1,0,0,995,0,0,0,08205,1,2,2,4,3,1,2,1,1,1,1,1,0,0,1,1,1,2,1,0,1,4,62,2,1,1,4,J,69,1,1,2,5,1,1,61,1,2,7,105,265,0,0,0,1,3,18,-17,6,11150,998,36,15,0,4,2,5,0,3,3,995,9.8,998,998,998,99.8,99.8,99.8,61.5488257231871,1,5
18478,24,108,1-24-2020-108-04,4,1,2C3CCARG1GH1,17,6,51,2016,4,1,5,0,1,F,1,2047,5,0,1,1,10,2,40,1,0,0,995,0,0,0,79416,9,9,2,3,2,1,2,1,1,1,0,3,0,0,1,1,0,0,9,1,10,2,12,4,1,4,1,C,11,0,0,0,0,0,0,0,0,0,0,200,70,0,0,0,1,1,13,-13,0,13905,998,-41,13,0,4,0,0,0,0,0,995,9.8,998,998,998,99.8,99.8,99.8,736.90249362633,1,5
18478,24,108,1-24-2020-108-04,4,2,2C3JA53G35H1,17,6,51,2005,4,1,5,0,2,F,9,1836,5,9999,9,0,998,,,,,,,,,,,,,,,,,,,,,,,,,,,,,,,,,,,,,,,,,,,,,,,,,,,,,,,,,,,,,,,,,,95,95,95,95,,,,,,,,,,736.90249362633,1,5
18479,24,109,1-24-2020-109-07,7,1,4T1BF32K64U5,17,49,40,2004,4,1,3,0,1,F,1,1455,5,9999,9,0,998,5,40,1,0,0,995,0,0,0,08330,9,9,2,4,2,1,2,1,1,1,0,2,0,0,1,1,2,2,9,0,4,2,17,99,1,1,5,L,88,0,0,0,0,0,0,0,0,0,0,30,330,0,0,0,1,3,7,-3,-7,3646,998,-201,5,0,4,95,95,95,95,0,995,9.8,998,998,998,99.8,99.8,99.8,1032.47039742045,1,5
18479,24,109,1-24-2020-109-07,7,2,1N4AL3AP2DN5,17,35,47,2013,4,1,4,0,1,L,1,1420,5,0,1,1,9,2,40,1,0,0,995,0,0,0,08401,9,9,2,4,2,1,2,1,1,1,1,2,0,0,1,1,2,2,1,0,4,4,66,4,1,1,5,L,89,0,0,0,0,0,0,0,0,0,0,330,30,0,0,0,1,3,7,-4,5,8459,998,60,11,0,4,0,0,0,0,0,995,9.8,998,998,998,99.8,99.8,99.8,1032.47039742045,1,5
18481,52,117,1-52-2020-117-04,4,1,1FM5K8D86KGA,17,12,425,2019,15,3,15,0,1,R,1,2146,5,0,2,1,11,2,56,1,0,0,995,0,0,0,59102,1,2,2,4,6,2,2,1,1,1,1,1,0,0,1,1,1,2,3,0,1,2,17,3,1,1,4,K,83,0,0,0,0,0,0,0,0,0,0,175,85,0,0,0,1,3,9,-4,-8,10521,998,41,11,0,4,0,0,0,0,0,995,9.8,998,998,998,99.8,99.8,99.8,57.0069638678308,12,5
18481,52,117,1-52-2020-117-04,4,2,3D3KU28DX3G7,17,7,482,2003,34,5,31,0,1,F,1,2719,5,9999,9,0,998,5,40,1,0,0,995,0,0,0,59102,9,9,2,4,4,2,2,1,1,1,1,2,0,0,1,1,1,2,9,0,11,4,66,99,1,1,4,K,82,0,0,0,0,0,0,0,0,0,0,85,175,0,0,0,1,3,7,-6,4,6384,998,134,6,0,4,95,95,95,95,0,995,9.8,998,998,998,99.8,99.8,99.8,57.0069638678308,12,5
18482,52,118,1-52-2020-118-07,7,1,1J4GL58K32W1,17,2,405,2002,14,3,14,0,1,R,1,1867,5,0,1,1,14,2,40,1,0,1,0,2,0,0,59102,9,9,2,4,2,1,2,1,1,1,0,0,0,0,1,8,2,2,9,0,1,2,17,99,1,1,5,L,87,0,0,0,0,0,0,0,0,0,0,170,90,0,1,0,1,3,10,-4,-10,13528,998,-69,12,0,4,1,2,0,4,0,995,0.0,120,31,84,7.2,10.0,12.2,115.882186804253,12,5
18482,52,118,1-52-2020-118-07,7,2,1GCRKSE71DZ3,17,20,481,2013,34,5,31,0,1,F,1,2408,5,9999,9,4,15,2,56,1,0,0,995,0,0,0,59102,9,9,2,5,5,1,2,1,1,1,0,3,0,0,1,8,0,0,9,0,1,4,66,99,1,1,5,L,86,0,0,0,0,0,0,0,0,0,0,90,170,0,1,0,1,3,8,-7,4,7342,998,135,7,0,4,0,0,0,0,0,995,0.0,5,5,120,2.9,2.0,3.4,115.882186804253,12,5
18483,52,119,1-52-2020-119-07,7,1,5XYKWDA78FG5,17,63,402,2015,14,3,14,0,1,L,1,1730,5,0,1,3,12,2,56,1,0,0,995,0,0,0,59105,9,9,2,4,5,1,2,1,1,1,0,1,0,0,1,1,1,2,9,0,10,2,16,99,1,1,4,K,85,0,0,0,0,0,0,0,0,0,0,140,180,0,0,0,1,3,12,4,11,17976,998,124,12,0,4,99,99,0,99,0,995,9.8,998,998,998,99.8,99.8,99.8,115.882186804253,12,5
18483,52,119,1-52-2020-119-07,7,2,3FAHP0HGXCR2,17,12,23,2012,4,1,3,0,1,F,1,1563,5,0,1,1,12,2,56,1,0,0,995,0,0,0,59105,1,2,2,4,4,2,2,1,1,1,1,1,0,0,1,1,1,2,9,0,11,4,63,1,1,1,4,K,85,0,0,0,0,0,0,0,0,0,0,180,140,0,0,0,1,3,13,-11,-6,11119,998,-66,12,0,4,0,0,0,0,0,995,9.8,998,998,998,99.8,99.8,99.8,115.882186804253,12,5
18484,16,84,1-16-2020-084-01,1,1,5N1ED28Y32C5,17,35,402,2002,14,3,14,0,1,F,9,1841,5,9999,9,0,998,2,89,1,0,0,995,0,0,0,45251,9,9,0,2,4,3,2,1,1,1,3,3,0,3,1,1,0,0,1,1,1,3,50,99,1,2,2,D,20,0,0,0,0,0,0,0,0,0,0,150,150,0,0,0,1,0,999,999,999,9999999,999,999,999,9,0,4,24,1,1,0,995,9.8,998,998,998,99.8,99.8,99.8,18.946598084254,5,5
18484,16,84,1-16-2020-084-01,1,2,3AKJGLD55GSH,17,82,881,2016,71,8,78,0,1,B,9,,,,,,,2,89,1,0,0,995,0,0,0,43230,9,9,0,2,4,3,1,1,1,1,3,3,0,3,1,1,0,0,1,0,5,3,53,99,1,1,2,D,21,,,,,,,,,,,,,,,,,,,,,,,,,,,95,95,95,95,,,9.8,998,998,998,99.8,99.8,99.8,18.946598084254,5,5
18485,16,85,1-16-2020-085-03,3,1,1FMCU0GD5HUE,17,12,402,2017,14,3,14,0,1,F,1,1611,5,0,1,1,15,2,89,1,0,0,995,0,0,0,45371,9,9,0,2,4,1,2,1,3,1,1,3,0,0,1,1,8,2,1,0,14,6,90,99,1,1,1,C,16,0,0,0,0,0,0,0,0,0,0,998,998,0,0,0,1,10,999,999,999,9999999,999,999,999,6,0,9,97,0,99,0,998,9.8,998,998,998,99.8,99.8,99.8,256.21142606513,5,5
18486,16,86,1-16-2020-086-09,9,1,JM1BK32FX615,17,41,51,2006,4,1,2,0,1,F,1,1230,5,0,1,1,24,2,56,1,0,0,995,0,0,0,45206,2,9,0,4,4,2,2,2,3,1,3,2,0,0,1,2,0,0,1,1,14,1,6,99,1,4,1,B,6,0,0,0,0,0,0,0,0,0,0,998,998,0,0,6,1,10,999,999,999,9999999,999,53,22,2,0,1,1,0,4,0,998,0.0,24,24,58,2.2,0.7,2.3,1494.5734007388,5,5
18487,16,87,1-16-2020-087-02,2,1,4A3AB36F39E0,17,52,34,2009,4,1,3,0,1,F,2,1520,5,9999,9,0,998,2,56,1,0,0,995,0,0,0,45030,9,9,0,5,5,2,2,1,2,1,3,2,0,0,1,8,0,0,9,1,14,2,10,99,1,2,3,G,50,0,0,0,0,0,0,0,0,0,0,20,215,0,0,0,1,3,26,-25,-4,47216,998,-35,26,0,4,9,97,0,5,0,995,9.8,998,998,998,99.8,99.8,99.8,13.95589296837,5,5
18487,16,87,1-16-2020-087-02,2,2,1HGCR2F0XGA1,17,37,32,2016,4,1,4,0,1,F,1,1496,5,0,1,1,13,2,56,1,0,0,995,0,0,0,44125,9,9,0,5,5,2,2,1,3,1,3,2,0,0,1,8,0,0,1,0,14,4,62,3,1,1,3,G,51,0,0,0,0,0,0,0,0,0,0,215,20,0,0,0,1,3,24,-24,4,38073,998,-3,24,0,4,9,97,0,5,0,995,9.8,998,998,998,99.8,99.8,99.8,13.95589296837,5,5
18487,16,87,1-16-2020-087-02,2,3,5GAEV23D89J1,17,18,24,2009,6,1,5,0,1,F,9,2168,5,9999,9,0,998,5,56,1,0,0,995,0,0,0,45229,9,9,0,5,5,1,2,1,3,1,0,3,0,0,1,8,0,0,1,0,14,4,60,99,1,1,6,M,98,0,0,0,0,0,0,0,0,0,0,220,200,0,0,0,2,0,999,999,999,9999999,999,999,999,9,0,95,95,95,95,0,995,9.8,998,998,998,99.8,99.8,99.8,13.95589296837,5,5
18488,23,34,1-23-2020-034-02,2,1,KMHDH4AE6DU7,17,55,35,2013,4,1,3,0,1,L,9,1265,5,9999,9,0,998,2,72,1,0,0,995,0,0,0,43015,9,9,0,4,2,1,2,2,3,1,1,2,0,0,1,8,0,0,1,0,14,4,62,99,1,1,3,I,65,0,0,0,0,0,0,0,0,0,0,150,340,0,0,0,1,0,999,999,999,9999999,999,999,999,9,0,9,97,0,99,0,995,9.8,998,998,998,99.8,99.8,99.8,68.4051483945907,5,5
18488,23,34,1-23-2020-034-02,2,2,1G6KD5RS9JU1,17,19,26,2018,4,1,5,0,1,F,2,1933,5,9999,9,4,60,2,72,1,0,0,995,0,0,0,43542,9,9,0,4,2,1,2,2,2,1,1,2,0,0,1,8,0,0,1,0,14,4,62,99,1,1,6,M,98,0,0,0,0,0,0,0,0,0,0,160,270,0,0,0,2,3,28,-28,0,47302,998,0,25,0,4,99,99,0,8,0,995,9.8,998,998,998,99.8,99.8,99.8,68.4051483945907,5,5
18488,23,34,1-23-2020-034-02,2,3,1C3CCCFB8GN1,17,6,18,2016,4,1,3,0,1,R,2,1575,5,9999,9,5,13,2,72,1,0,0,995,0,0,0,43229,2,9,0,4,2,1,2,2,3,1,1,2,0,0,1,8,0,0,9,1,14,2,10,8,9,2,3,I,64,0,0,0,0,0,0,0,0,0,0,270,160,0,0,0,2,3,34,-12,-32,110775,998,81,36,0,1,9,97,0,8,0,995,9.8,998,998,998,99.8,99.8,99.8,68.4051483945907,5,5
18489,28,55,1-28-2020-055-06,6,1,1J4FF28B69D1,17,2,407,2009,14,3,14,0,1,L,1,1410,5,54,2,1,13,2,89,1,0,0,995,0,0,0,16912,1,2,3,4,2,1,2,1,1,1,1,2,1,0,1,1,0,0,1,1,11,2,10,1,1,1,4,J,72,0,0,0,0,0,0,0,0,0,0,170,180,0,0,0,1,8,999,999,999,9999999,999,999,999,6,0,0,0,0,0,0,995,9.8,998,998,998,99.8,99.8,99.8,47.2044250304628,3,5
18489,28,55,1-28-2020-055-06,6,2,1G1PC5SB5F71,17,20,25,2015,4,1,3,0,1,F,1,1399,5,0,1,1,14,2,89,1,0,1,0,2,0,1,16912,1,2,3,4,2,1,1,1,1,1,1,2,1,0,1,1,0,0,9,1,6,4,61,99,1,2,4,J,73,1,4,2,2,1,2,61,1,1,13,998,998,0,0,7,2,10,999,999,999,9999999,999,-30,12,2,0,1,1,0,4,3,998,2.4,999,999,999,21.0,1.3,20.9,47.2044250304628,3,5
18490,28,56,1-28-2020-056-04,4,1,1V2LR2CAXKC5,17,30,403,2019,14,3,14,0,1,F,1,2042,5,0,1,1,18,2,89,1,0,0,995,0,0,0,17025,9,9,0,4,2,1,2,1,1,1,1,2,1,0,5,1,0,0,9,1,1,2,13,3,2,4,1,A,3,0,0,0,0,0,0,0,0,0,0,998,998,0,1,6,1,10,999,999,999,9999999,999,29,15,2,0,0,0,0,0,0,998,1.2,23,23,999,51.2,3.2,51.1,81.7701402841667,3,5
18491,52,116,1-52-2020-116-04,4,1,1GB3G2BG9C11,17,20,461,2012,21,4,21,2,1,R,9,9999,9,9999,9,0,998,5,40,1,0,0,995,0,0,0,59101,9,9,2,4,2,1,2,1,1,1,0,0,0,0,1,1,0,0,9,0,1,2,17,99,1,1,5,L,87,0,0,0,0,0,0,0,0,0,0,90,30,0,0,0,1,0,999,999,999,9999999,999,999,999,9,0,95,95,95,95,0,995,9.8,998,998,998,99.8,99.8,99.8,57.0069638678308,12,5
18491,52,116,1-52-2020-116-04,4,2,YV1612TK6G23,17,51,47,2016,4,1,4,0,1,F,1,1749,5,0,1,1,13,2,40,1,0,0,995,0,0,0,59106,9,9,2,4,2,1,2,1,1,1,0,0,0,0,1,1,0,0,9,0,1,4,66,4,1,1,5,L,86,0,0,0,0,0,0,0,0,0,0,30,90,0,0,0,1,98,999,999,999,9999999,999,999,999,6,0,99,99,0,99,0,995,9.8,998,998,998,99.8,99.8,99.8,57.0069638678308,12,5
18492,59,39,1-59-2020-039-05,5,1,1FTRX18W6YNA,17,12,481,2000,34,5,31,0,1,F,9,2093,5,9999,9,4,6,2,64,1,0,0,995,0,0,0,47885,9,9,2,4,2,1,2,2,1,1,0,1,0,0,1,8,1,2,9,0,1,2,17,99,1,1,5,L,88,0,0,0,0,0,0,0,0,0,0,270,180,0,0,0,1,12,999,999,999,9999999,999,999,999,9,0,0,0,0,0,0,995,9.8,998,998,998,99.8,99.8,99.8,91.3184990277415,6,5
18492,59,39,1-59-2020-039-05,5,2,1G1PC5SB1E74,17,20,25,2014,4,1,3,0,1,L,2,1407,5,0,2,1,5,2,48,1,0,0,995,0,0,0,47804,2,2,2,4,2,1,2,2,1,1,0,2,0,0,1,8,1,2,1,0,1,4,66,1,1,1,5,L,89,0,0,0,0,0,0,0,0,0,0,180,270,0,0,0,1,12,999,999,999,9999999,999,999,999,7,0,1,1,0,4,0,995,0.0,999,10,15,0.0,0.0,0.0,91.3184990277415,6,5
18493,59,40,1-59-2020-040-05,5,1,2G1WA5E30C11,17,20,2,2012,4,1,4,0,1,B,1,1658,5,0,1,1,4,2,48,1,0,0,995,0,0,0,47807,9,9,3,4,4,2,2,2,1,1,3,2,0,0,3,2,0,0,1,0,5,3,53,1,1,1,2,D,22,0,0,0,0,0,0,0,0,0,0,70,80,0,0,0,1,5,999,999,999,9999999,999,999,21,2,0,0,0,0,4,0,995,9.8,998,998,998,99.8,99.8,99.8,91.3184990277415,6,5
18493,59,40,1-59-2020-040-05,5,2,1FTDX1766VNC,17,12,481,1997,34,5,31,0,1,F,9,9999,9,9999,9,0,998,5,48,1,8,0,995,0,7,0,47804,9,9,3,4,4,2,2,2,1,1,3,2,0,0,3,2,0,0,3,0,1,3,50,8,1,1,2,D,20,0,0,0,0,0,0,0,0,0,0,80,70,0,0,0,1,0,999,999,999,9999999,999,999,999,9,0,95,95,95,95,0,995,9.8,998,998,998,99.8,99.8,99.8,91.3184990277415,6,5
18494,27,56,1-27-2020-056-03,3,1,4S3BNAC6XG30,17,48,34,2016,4,1,3,0,1,L,2,1543,5,0,1,1,5,2,56,1,0,0,995,0,0,0,01220,1,2,2,4,2,1,2,1,1,2,0,2,0,0,1,1,2,2,2,0,11,2,15,8,1,1,4,K,82,0,0,0,0,0,0,0,0,0,0,45,170,0,0,0,1,1,25,-19,16,27274,998,2,21,0,4,1,2,0,6,0,995,9.8,998,998,998,99.8,99.8,99.8,52.0263045703954,3,5
18494,27,56,1-27-2020-056-03,3,2,3GNBABDB5AS6,17,20,23,2010,6,1,2,0,1,F,2,1431,5,0,1,1,5,2,56,1,0,0,995,0,0,0,01070,9,9,2,4,2,1,2,1,1,4,1,2,0,0,1,1,6,2,1,0,1,4,67,2,1,1,4,K,83,0,0,0,0,0,0,0,0,0,0,170,45,0,0,0,1,1,27,-26,-5,55618,998,-34,30,0,4,0,0,0,4,0,995,9.8,998,998,998,99.8,99.8,99.8,52.0263045703954,3,5
18495,27,57,1-27-2020-057-03,3,1,1GKDT13S7323,17,23,401,2003,14,3,14,0,1,F,1,2099,5,0,1,1,28,2,40,1,0,0,995,0,0,0,01247,9,9,2,4,2,1,2,1,1,4,1,0,0,0,1,1,2,2,9,0,1,2,17,1,1,1,4,K,77,0,0,0,0,0,0,0,0,0,0,250,345,0,0,0,1,1,11,-8,7,22721,998,102,13,0,4,0,0,0,0,0,995,9.8,998,998,998,99.8,99.8,99.8,52.0263045722184,3,5
18495,27,57,1-27-2020-057-03,3,2,3KPFK4A74HE1,17,63,38,2017,4,1,3,0,1,F,1,1318,5,0,1,1,14,2,40,1,0,0,995,0,0,0,01247,2,9,2,4,3,1,2,1,1,1,0,2,0,0,1,1,0,0,1,0,11,4,71,99,1,1,4,K,76,0,0,0,0,0,0,0,0,0,0,345,250,0,0,0,1,1,17,-13,-11,11073,998,-80,12,0,4,1,2,0,4,0,995,9.8,998,998,998,99.8,99.8,99.8,52.0263045722184,3,5
18496,32,107,1-32-2020-107-02,2,1,1GYS3DEF2DR2,17,19,421,2013,15,3,15,0,1,R,1,2581,5,9999,9,1,13,2,64,1,0,0,995,0,0,0,79996,2,2,1,3,1,1,1,1,1,1,1,1,0,0,1,1,0,0,9,1,16,2,11,1,1,2,2,F,46,0,0,0,0,0,0,0,0,0,0,280,255,0,0,0,1,3,13,4,-12,39782,998,-37,19,0,4,1,1,0,4,0,995,9.8,998,998,998,99.8,99.8,99.8,36.6798900264636,7,5
18496,32,107,1-32-2020-107-02,2,2,KNDJ23AU8L77,17,63,37,2020,6,1,2,0,1,F,2,1290,5,0,1,1,14,2,64,1,0,0,995,0,0,0,76131,1,9,1,3,2,2,1,1,1,1,3,1,0,0,1,1,0,0,9,0,1,4,60,99,1,1,2,F,45,0,0,0,0,0,0,0,0,0,0,255,280,0,0,0,1,3,25,-19,16,24607,998,82,18,0,4,1,1,0,4,0,995,9.8,998,998,998,99.8,99.8,99.8,36.6798900264636,7,5