CASEID,PSU,CASENO,CASENUMBER,CATEGORY,VEHNO,VIN,VINLENGTH,MAKE,MODEL,MODELYR,BODYTYPE,BODYCAT,VEHCLASS,SPECUSE,TRANSTAT,DAMPLANE,DAMSEV,CURBWT,CURBSRC,CARGOWT,CARGOSRC,INSPTYPE,INSPLAG,TOWED,SPEEDLIMIT,DRPRESENT,PARALCOHOL,ALCTEST,ALCTESTRESULT,ALCTESTSRC,PARDRUG,DRUGTEST,ZIP,RACE,ETHNICITY,RELTOJUNCT,TRAFFLOW,RDLANES,INITLANE,SURFTYPE,SURFCOND,ALIGNMENT,PROFILE,LINERIGHT,LINELEFT,RUMBINIT,RUMBROAD,LIGHTCOND,WEATHER,TRAFDEV,TRAFFUNCT,DISTRACT,PREFHE,PREMOVE,CRITCAT,CRITEVENT,MANEUVER,PRESTAB,PRELOC,CRASHCAT,CRASHCONF,CRASHTYPE,ROLLTYPE,ROLLTURN,ROLLINTRPT,ROLLPREMAN,ROLLINITYP,ROLLINLOC,ROLLOBJ,ROLLTRIP,ROLLDIR,ROLLDIST,DVANGTHIS,DVANGOTH,TOWHITCH,TRAJDOC,TREEPOLE,DVEVENT,DVBASIS,DVTOTAL,DVLONG,DVLAT,DVENERGY,DVSPEED,DVMOMENT,DVBES,DVEST,DVCONF,VAIS,VISS,VINJURED,VTREAT,INITOBJCLASS,HEADANGLECAT,SHLDRWIDTH,STRKLENGTH,STRKWIDTH,STRKHEIGHT,EDGEDISTX,EDGEDISTY,EDGEDISTZ,CASEWGT,PSUSTRAT,VERSION
18497,32,108,1-32-2020-108-02,2,1,5YFBURHE4GP4,17,49,32,2016,4,1,3,0,1,F,3,1265,5,0,1,1,16,2,64,1,0,1,245,2,0,1,76011,1,2,0,1,2,1,1,1,2,1,0,0,0,0,3,1,0,0,9,1,14,2,12,8,2,4,1,B,6,0,0,0,0,0,0,0,0,0,0,998,998,0,0,0,2,10,999,999,999,9999999,999,17,59,5,0,3,10,1,3,0,998,0.0,999,999,999,8.1,0.9,8.3,36.6798900192771,7,5
18498,32,109,1-32-2020-109-01,1,1,1GCEC14WXYZ1,17,20,481,2000,34,5,31,0,1,F,2,1787,5,0,1,1,14,2,48,1,8,1,0,3,7,2,75159,9,1,0,4,2,1,2,1,1,1,1,4,0,0,2,1,0,0,9,1,1,2,12,99,4,4,1,B,7,1,3,1,2,1,3,61,1,1,999,998,998,0,0,1,1,1,25,-24,-9,89144,998,-142,25,0,4,4,29,1,1,3,998,0.0,35,35,120,9.2,5.8,11.1,63.9510378935361,7,5
18499,32,110,1-32-2020-110-04,4,1,JHLRD78814C0,17,37,402,2004,14,3,14,0,1,R,1,1480,5,0,1,1,6,2,56,1,0,0,995,0,0,0,75229,1,9,2,1,4,2,1,1,1,1,3,3,0,0,1,1,1,2,9,0,1,2,17,99,1,1,5,L,87,0,0,0,0,0,0,0,0,0,0,175,85,0,0,0,1,1,20,-16,-13,5195,998,26,9,0,4,0,0,0,0,0,995,9.8,998,998,998,99.8,99.8,99.8,2533.31891538739,7,5
18499,32,110,1-32-2020-110-04,4,2,1V2ER2CA4JC5,17,30,403,2018,14,3,14,0,1,F,1,1966,5,0,1,1,6,2,56,1,0,0,995,0,0,0,75075,1,9,2,4,2,1,1,1,1,1,0,2,0,0,1,1,1,2,9,0,1,4,66,1,1,1,5,L,86,0,0,0,0,0,0,0,0,0,0,85,175,0,0,0,1,1,15,-10,12,54052,998,131,20,0,4,0,0,0,0,0,995,9.8,998,998,998,99.8,99.8,99.8,2533.31891538739,7,5
18500,13,73,1-13-2020-073-04,4,1,KNMAT2MV2GP7,17,35,51,2016,6,1,3,0,1,F,2,1610,5,0,1,1,23,2,64,1,0,0,995,0,0,0,76028,1,2,2,2,3,3,1,1,1,1,1,1,0,0,1,1,1,2,1,1,1,2,11,3,1,2,4,J,73,0,0,0,0,0,0,0,0,0,0,180,150,0,0,0,1,12,999,999,999,9999999,999,999,999,7,0,0,0,0,0,0,995,9.8,998,998,998,99.8,99.8,99.8,2938.90855021465,7,5
18500,13,73,1-13-2020-073-04,4,2,2GCEC13J5716,17,20,481,2007,34,5,31,0,1,L,9,2262,5,9999,9,0,998,5,64,1,0,0,995,0,0,0,76140,9,9,2,2,3,2,1,1,1,1,3,1,0,0,1,1,1,2,9,0,11,4,60,99,1,1,4,J,72,0,0,0,0,0,0,0,0,0,0,150,180,0,0,0,1,0,999,999,999,9999999,999,999,999,9,0,95,95,95,95,0,995,9.8,998,998,998,99.8,99.8,99.8,2938.90855021465,7,5
18501,13,74,1-13-2020-074-02,2,1,1N4AL3AP0EN3,17,35,47,2014,4,1,4,0,1,F,1,1451,5,9999,9,0,998,2,113,1,0,1,0,2,0,2,76115,2,9,0,2,4,4,1,1,1,1,3,2,0,0,1,8,0,0,9,0,1,3,51,99,1,1,2,D,24,0,0,0,0,0,0,0,0,0,0,300,290,0,0,0,2,3,19,-19,-3,25728,998,-36,20,0,4,2,9,0,3,0,995,9.8,998,998,998,99.8,99.8,99.8,39.0280122766679,7,5
18501,13,74,1-13-2020-074-02,2,2,4T1B11HK5KU7,17,49,40,2019,4,1,4,0,1,B,9,1495,5,9999,9,0,998,2,113,1,0,0,995,0,0,0,76133,3,2,0,2,4,4,1,1,1,1,3,2,0,0,1,8,0,0,9,0,1,3,53,99,1,1,2,D,25,0,0,0,0,0,0,0,0,0,0,290,290,0,0,0,1,0,999,999,999,9999999,999,999,999,9,0,1,2,0,4,0,995,9.8,998,998,998,99.8,99.8,99.8,39.0280122766679,7,5
18501,13,74,1-13-2020-074-02,2,3,2GNALCEK5G62,17,20,404,2016,14,3,14,0,1,B,1,1706,5,0,1,1,17,2,113,1,0,0,995,0,0,0,76707,1,2,0,2,4,3,1,1,1,1,3,3,0,0,1,8,0,0,9,0,1,4,60,99,1,1,6,M,98,1,2,2,5,1,1,61,1,2,10,290,300,0,0,0,2,3,16,15,6,18162,998,-56,15,0,4,1,1,0,4,3,995,9.8,998,998,998,99.8,99.8,99.8,39.0280122766679,7,5
18501,13,74,1-13-2020-074-02,2,4,YV4982CY0A15,17,51,401,2010,14,3,14,0,1,L,9,2111,5,9999,9,0,998,5,113,1,0,0,995,0,0,0,76119,9,9,0,2,4,1,1,1,1,1,1,3,0,0,1,8,0,0,9,0,1,4,60,99,1,1,6,M,98,0,0,0,0,0,0,0,0,0,0,280,999,0,0,0,4,0,999,999,999,9999999,999,999,999,9,0,95,95,95,95,0,995,9.8,998,998,998,99.8,99.8,99.8,39.0280122766679,7,5
18502,13,75,1-13-2020-075-02,2,1,5YFBURHE0GP4,17,49,32,2016,4,1,3,0,1,F,9,1265,5,9999,9,0,998,2,105,1,0,0,995,0,0,0,76012,2,9,1,2,4,2,2,1,1,9,1,3,0,3,1,1,0,0,3,0,1,3,50,99,1,1,2,D,20,0,0,0,0,0,0,0,0,0,0,90,90,0,0,0,1,0,999,999,999,9999999,999,999,999,9,0,9,97,0,5,0,995,9.8,998,998,998,99.8,99.8,99.8,39.0280122766679,7,5
18502,13,75,1-13-2020-075-02,2,2,JTEZT17RX380,17,49,401,2003,14,3,14,0,1,B,1,2005,5,0,1,1,26,2,105,1,0,0,995,0,0,0,75054,2,2,1,2,4,2,2,1,1,9,1,3,0,3,1,1,0,0,1,0,5,3,53,1,1,1,2,D,21,0,0,0,0,0,0,0,0,0,0,90,90,0,0,0,1,12,999,999,999,9999999,999,999,999,6,0,0,0,0,0,0,995,9.8,998,998,998,99.8,99.8,99.8,39.0280122766679,7,5
18502,13,75,1-13-2020-075-02,2,3,2FMDK3GC0BBA,17,12,24,2011,6,1,4,0,1,B,1,1852,5,9999,9,0,998,5,105,1,0,0,995,0,0,0,76017,9,9,1,2,4,2,2,1,1,9,1,3,0,3,1,1,0,0,9,0,5,3,53,1,1,1,6,M,98,0,0,0,0,0,0,0,0,0,0,90,90,0,0,0,2,3,18,18,0,27821,998,0,20,0,4,95,95,95,95,0,995,9.8,998,998,998,99.8,99.8,99.8,39.0280122766679,7,5
18503,25,76,1-25-2020-076-02,2,1,1FADP3L98HL2,17,12,37,2017,5,1,3,0,1,F,2,1475,5,0,1,1,30,2,56,1,8,8,997,8,7,9,04062,9,9,0,4,2,1,2,1,3,1,0,2,0,0,2,8,0,0,9,1,14,1,6,1,9,4,1,A,2,1,2,1,6,5,4,31,1,2,25,998,998,0,1,0,1,12,999,999,999,9999999,999,999,999,7,0,2,9,0,3,2,998,0.0,105,120,120,6.1,3.3,6.9,34.912107531613,2,5
18508,31,47,1-31-2020-047-09,9,1,1FTNW21P83ED,17,12,481,2003,34,5,31,0,1,T,2,2728,5,0,1,1,5,2,89,1,0,0,995,0,0,0,62859,9,9,0,1,2,1,2,2,2,1,1,4,2,3,1,2,0,0,9,1,14,1,6,99,3,4,1,A,2,1,2,2,2,1,4,61,1,2,10,997,997,0,0,0,1,6,999,999,999,9999999,999,999,999,7,0,9,97,0,5,3,997,9.8,998,998,998,99.8,99.8,99.8,553.94161324983,6,5
18509,31,48,1-31-2020-048-08,8,1,1B3CB3HA9AD5,17,7,25,2010,5,1,2,0,1,T,1,1345,5,0,1,1,10,2,89,1,0,0,995,0,0,0,62821,1,2,0,4,2,1,2,2,1,1,1,4,2,3,1,2,0,0,9,1,1,2,13,99,1,4,1,A,1,1,2,2,2,1,4,61,1,1,11,997,997,0,0,0,2,6,999,999,999,9999999,999,999,999,6,0,1,1,0,3,3,997,1.3,120,120,20,24.5,5.3,25.1,231.020820418902,6,5
18510,12,60,1-12-2020-060-07,7,1,2T2ZK1BA7FC1,17,59,403,2015,14,3,14,0,1,F,1,1970,5,0,1,1,11,2,72,1,0,0,995,0,0,0,75077,9,9,2,3,1,1,1,1,1,1,1,2,0,0,1,1,2,2,9,0,1,2,17,3,1,1,5,L,88,0,0,0,0,0,0,0,0,0,0,175,85,0,0,0,1,1,17,-15,-9,98332,998,-103,28,0,1,0,0,0,0,0,995,9.8,998,998,998,99.8,99.8,99.8,1815.47535715129,9,5
18510,12,60,1-12-2020-060-07,7,2,1N4AL3AP1FC1,17,35,47,2015,4,1,4,0,1,L,1,1416,5,0,1,1,11,2,89,1,0,0,995,0,0,0,75414,9,9,2,1,2,1,1,1,1,1,1,3,0,0,1,1,0,0,9,0,1,4,66,4,1,1,5,L,89,0,0,0,0,0,0,0,0,0,0,85,175,0,0,0,1,1,23,-11,20,10606,998,-163,9,0,1,0,0,0,0,0,995,9.8,998,998,998,99.8,99.8,99.8,1815.47535715129,9,5
18511,12,61,1-12-2020-061-06,6,1,1FTEW1EF9FKE,17,12,481,2015,34,5,31,0,1,T,1,2028,5,0,1,1,11,2,72,1,0,0,995,0,0,0,73458,1,2,0,4,2,1,2,1,1,1,0,0,0,0,1,1,0,0,9,1,1,2,13,99,1,4,1,A,1,1,2,2,2,1,3,61,1,2,17,997,997,0,0,0,5,6,999,999,999,9999999,999,999,999,6,0,1,1,0,4,3,997,0.0,120,45,45,25.5,2.1,25.6,559.20918277811,9,5
18512,19,108,1-19-2020-108-05,5,1,1FAHP3F28CL3,17,12,37,2012,4,1,3,0,1,B,3,1340,5,0,1,1,8,2,89,1,0,1,0,2,0,2,35903,1,9,0,3,2,1,2,1,1,1,1,2,0,0,3,1,0,0,3,1,1,2,13,1,1,4,1,A,1,2,98,8,8,98,8,32,8,8,998,997,997,0,1,0,2,6,999,999,999,9999999,999,999,999,8,0,2,9,0,3,8,997,0.3,120,120,-85,70.4,0.9,70.4,61.4181527827887,9,5
18513,19,109,1-19-2020-109-01,1,1,1D7HA16N52J2,17,7,482,2002,34,5,31,0,1,R,3,9999,9,363,1,1,9,2,72,1,9,1,0,2,9,2,35954,1,9,2,4,2,1,2,2,1,4,0,0,0,0,1,2,2,2,9,0,11,2,15,99,1,1,4,K,76,0,0,0,0,0,0,0,0,0,0,220,165,1,1,0,1,5,999,999,999,9999999,999,999,999,8,0,5,35,1,1,0,995,9.8,998,998,998,99.8,99.8,99.8,60.346493743352,9,5
18513,19,109,1-19-2020-109-01,1,2,2NPLLZ0X96M8,17,87,881,2006,63,8,60,0,1,F,9,,,,,,,2,89,1,0,0,995,0,0,0,35952,9,9,2,4,2,1,2,2,2,1,1,2,2,3,1,2,6,2,9,0,14,4,65,7,1,1,4,K,77,,,,,,,,,,,,,,,,,,,,,,,,,,,95,95,95,95,,,9.8,998,998,998,99.8,99.8,99.8,60.346493743352,9,5
18514,19,110,1-19-2020-110-01,1,1,3B3AA46K1RT3,17,7,19,1994,4,1,2,0,1,L,2,1251,5,0,1,1,4,2,40,1,0,9,998,8,0,9,35904,1,9,2,4,2,1,2,1,1,1,0,0,0,0,1,1,2,2,9,0,11,2,15,99,1,1,4,K,82,0,0,0,0,0,0,0,0,0,0,110,220,0,1,0,1,1,31,-16,27,46957,998,-8,29,0,4,9,97,0,1,0,995,9.8,998,998,998,99.8,99.8,99.8,60.346493743352,9,5
18514,19,110,1-19-2020-110-01,1,2,1FT7W2BT5JEB,17,12,481,2018,34,5,31,0,1,F,1,2938,5,0,1,1,2,2,80,1,0,0,995,0,0,0,35956,1,9,2,4,5,2,2,1,3,1,3,4,0,0,1,1,0,0,9,0,14,4,67,99,1,1,4,K,83,0,0,0,0,0,0,0,0,0,0,220,110,0,1,0,1,1,14,-14,-2,30973,998,-49,16,0,4,1,2,0,4,0,995,9.8,998,998,998,99.8,99.8,99.8,60.346493743352,9,5
18514,19,110,1-19-2020-110-01,1,3,2G1WT57KX912,17,20,2,2009,4,1,4,0,1,F,9,1630,5,9999,9,0,998,5,80,1,0,0,995,0,0,0,35901,9,9,2,4,5,3,2,1,1,1,4,4,0,0,1,1,0,0,9,0,5,4,62,99,1,1,6,M,98,0,0,0,0,0,0,0,0,0,0,50,200,0,1,0,2,0,999,999,999,9999999,999,999,999,9,0,95,95,95,95,0,995,9.8,998,998,998,99.8,99.8,99.8,60.346493743352,9,5
18515,19,111,1-19-2020-111-03,3,1,1HGCR2F77GA1,17,37,32,2016,4,1,4,0,1,F,2,1496,5,0,1,1,10,2,72,1,0,0,995,0,0,0,35904,1,2,2,1,3,1,2,1,1,1,1,3,0,0,1,8,0,0,1,0,1,4,66,1,1,1,5,L,86,0,0,0,0,0,0,0,0,0,0,100,190,0,1,0,1,12,999,999,999,9999999,999,999,999,7,0,1,3,0,4,0,995,9.8,998,998,998,99.8,99.8,99.8,327.405149915688,9,5
18515,19,111,1-19-2020-111-03,3,2,1GCCS1490781,17,20,473,2007,34,5,30,0,1,R,9,1569,5,9999,9,0,998,5,0,1,0,0,995,0,0,0,35904,9,9,2,4,2,1,2,1,1,1,0,0,0,0,1,8,2,2,9,0,1,2,17,1,1,1,5,L,87,0,0,0,0,0,0,0,0,0,0,190,100,0,1,0,1,0,999,999,999,9999999,999,999,999,9,0,95,95,95,95,0,995,9.8,998,998,998,99.8,99.8,99.8,327.405149915688,9,5
18516,18,52,1-18-2020-052-06,6,1,1B3EL36T04N3,17,7,43,2004,4,1,3,0,1,F,1,1464,5,9999,9,0,998,5,48,1,0,0,995,0,0,0,54701,9,9,2,4,3,1,2,1,1,1,1,1,0,0,1,8,2,2,9,0,1,2,17,7,1,1,5,L,88,0,0,0,0,0,0,0,0,0,0,175,90,0,0,0,1,3,6,-4,-4,2288,998,-104,5,0,4,95,95,95,95,0,995,9.8,998,998,998,99.8,99.8,99.8,233.575536371143,6,5
18516,18,52,1-18-2020-052-06,6,2,2CTALUEC1B63,17,23,402,2011,14,3,14,0,1,L,1,1748,5,0,1,1,15,2,48,1,0,0,995,0,0,0,54701,9,9,2,4,2,1,2,1,1,1,0,0,0,0,1,8,2,2,9,0,1,4,66,99,1,1,5,L,89,0,0,0,0,0,0,0,0,0,0,90,175,0,0,0,1,3,5,-3,4,3699,998,107,6,0,4,99,99,0,99,0,995,9.8,998,998,998,99.8,99.8,99.8,233.575536371143,6,5
18517,18,53,1-18-2020-053-06,6,1,2G1WW12E2Y92,17,20,36,2000,2,1,4,0,1,R,2,1518,5,0,1,1,16,2,72,1,0,0,995,0,0,0,54732,1,9,2,1,1,1,1,1,1,1,1,2,0,0,5,1,1,2,9,0,11,2,15,99,1,1,4,J,68,0,0,0,0,0,0,0,0,0,0,30,285,0,0,0,1,1,30,-15,-26,39622,998,59,23,0,4,1,2,0,4,0,995,9.8,998,998,998,99.8,99.8,99.8,233.575536543772,6,5
18517,18,53,1-18-2020-053-06,6,2,1FTFX1EF0DKE,17,12,481,2013,34,5,31,0,1,F,1,2454,5,0,1,1,7,2,72,1,0,0,995,0,0,0,54720,1,9,2,1,3,3,1,1,1,1,3,2,0,0,5,1,1,2,9,0,1,4,62,4,1,1,4,J,69,0,0,0,0,0,0,0,0,0,0,285,30,0,0,0,1,1,19,-18,6,71016,998,86,24,0,4,1,1,0,3,0,995,9.8,998,998,998,99.8,99.8,99.8,233.575536543772,6,5
18518,11,54,1-11-2020-054-04,4,1,JT2BG22K4105,17,49,40,2001,4,1,3,0,1,F,1,1345,5,9999,9,0,998,5,72,1,0,0,995,0,0,0,23831,9,9,1,4,4,1,2,2,1,1,0,1,0,0,2,2,1,2,1,0,1,2,17,99,1,1,4,K,79,0,0,0,0,0,0,0,0,0,0,95,35,0,0,0,1,3,10,-10,-2,3501,998,-35,8,0,4,95,95,95,95,0,995,0.0,10,10,42,11.6,2.5,12.3,1536.79940269941,8,5
18518,11,54,1-11-2020-054-04,4,2,5TFCZ5AN3LX2,17,49,472,2020,34,5,31,0,1,L,1,2007,5,0,1,1,14,2,72,1,0,0,995,0,0,0,10308,9,9,1,3,2,1,2,2,1,1,1,1,0,0,2,2,1,2,1,0,10,2,16,99,1,1,4,K,78,0,0,0,0,0,0,0,0,0,0,35,95,0,0,0,1,3,6,2,6,9175,998,179,7,0,4,0,0,0,0,0,995,9.8,998,998,998,99.8,99.8,99.8,1536.79940269941,8,5
18520,76,55,1-76-2020-055-03,3,1,JM1BK32F4614,17,41,51,2006,4,1,2,0,1,F,9,1230,5,9999,9,0,998,2,56,1,8,9,998,8,7,9,12470,9,9,2,4,2,1,2,1,1,1,0,0,0,0,1,1,2,2,3,0,1,2,17,99,1,1,5,L,88,0,0,0,0,0,0,0,0,0,0,250,145,0,0,0,1,0,999,999,999,9999999,999,999,999,9,0,99,99,0,99,0,995,9.8,998,998,998,99.8,99.8,99.8,15.8345460521654,3,5
18520,76,55,1-76-2020-055-03,3,2,999999999999,99,63,37,2016,6,1,2,0,1,L,1,1287,5,0,2,4,86,2,89,1,8,9,998,8,7,9,12431,1,9,2,2,3,1,2,1,1,1,1,3,2,2,1,1,0,0,1,0,1,4,66,2,2,1,5,L,89,1,2,2,6,1,4,61,1,1,6,145,250,0,0,0,1,12,999,999,999,9999999,999,999,999,6,0,1,1,0,5,3,995,2.6,999,999,999,1.2,3.2,3.4,15.8345460521654,3,5
18523,26,110,1-26-2020-110-04,4,1,3MYDLBYV4HY1,17,49,51,2017,4,1,2,0,1,T,2,1095,5,0,1,1,9,2,105,1,0,0,995,0,0,0,95621,1,9,1,3,3,3,2,1,3,2,3,2,0,0,1,1,0,0,9,1,14,2,13,1,2,4,1,A,2,1,4,2,1,4,4,54,4,2,999,997,997,0,0,0,2,6,999,999,999,9999999,999,999,999,7,0,99,99,0,99,3,997,3.0,999,999,999,99.9,3.0,99.9,2399.67222317784,10,5
18524,29,111,1-29-2020-111-04,4,1,3D7KU28D34G1,17,7,482,2004,34,5,31,0,1,R,1,2719,5,9999,9,0,998,2,48,1,0,0,995,0,0,0,02703,9,9,2,4,2,1,2,1,1,1,0,2,0,0,1,1,2,2,9,0,1,2,17,2,1,1,5,L,87,0,0,0,0,0,0,0,0,0,0,180,100,0,1,0,1,3,24,-8,-22,158262,998,61,36,0,4,0,0,0,0,0,995,0.0,999,999,999,0.0,0.0,0.0,293.541530922429,2,5
18524,29,111,1-29-2020-111-04,4,2,JN8AT2MV4GW1,17,35,51,2016,6,1,3,0,1,F,2,1610,5,0,1,1,7,2,48,1,0,0,995,0,0,0,02703,9,9,2,4,2,1,2,1,1,1,0,2,0,0,1,1,0,0,1,0,1,4,66,4,1,1,5,L,86,0,0,0,0,0,0,0,0,0,0,100,180,0,1,0,1,3,39,-34,20,60388,998,100,25,0,4,0,0,0,0,0,995,9.8,998,998,998,99.8,99.8,99.8,293.541530922429,2,5
18525,29,112,1-29-2020-112-07,7,1,JF2SH63629H7,17,48,401,2009,14,3,14,0,1,F,1,1483,5,9999,9,4,35,2,48,1,8,9,998,8,7,9,02745,9,9,2,4,2,1,2,1,1,1,0,2,0,0,1,1,2,2,2,0,1,2,17,99,1,1,5,L,86,0,0,0,0,0,0,0,0,0,0,355,90,0,0,0,1,3,4,-4,0,1296,998,0,5,0,4,0,0,0,0,0,995,9.8,998,998,998,99.8,99.8,99.8,486.077025886372,2,5
18525,29,112,1-29-2020-112-07,7,2,2HGFB2F55CH6,17,37,31,2012,4,1,3,0,1,R,1,1267,5,0,1,1,7,2,48,1,8,9,998,8,7,9,02779,9,9,2,4,2,1,2,1,1,2,0,2,0,0,1,1,2,2,9,0,1,4,66,99,1,1,5,L,87,0,0,0,0,0,0,0,0,0,0,90,355,0,0,0,1,3,5,-1,-5,3418,998,195,5,0,4,0,0,0,0,0,995,9.8,998,998,998,99.8,99.8,99.8,486.077025886372,2,5
18526,26,109,1-26-2020-109-03,3,1,3N1AB7APXHY2,17,35,43,2017,4,1,3,0,1,F,2,1300,5,0,1,1,9,2,72,1,0,0,995,0,0,0,95621,9,1,2,1,3,2,2,1,1,1,3,1,0,0,1,1,1,2,9,0,1,2,17,4,9,1,5,L,88,0,0,0,0,0,0,0,0,0,0,75,350,0,0,0,1,1,33,-28,-16,91945,998,-93,35,0,1,2,6,0,4,0,995,9.8,998,998,998,99.8,99.8,99.8,615.402470585991,10,5
18526,26,109,1-26-2020-109-03,3,2,4T1BF1FK3CU1,17,49,40,2012,4,1,3,0,1,L,2,1441,5,0,1,1,9,2,40,1,0,0,995,0,0,0,95842,2,2,2,4,3,2,2,1,1,1,1,2,0,0,1,1,1,2,1,0,1,4,66,1,1,1,5,L,89,0,0,0,0,0,0,0,0,0,0,350,75,0,0,0,1,1,29,-10,27,44633,998,-46,26,0,1,2,4,0,4,0,995,9.8,998,998,998,99.8,99.8,99.8,615.402470585991,10,5
18527,15,71,1-15-2020-071-03,3,1,5N1BV28U39N1,17,35,443,2009,20,4,20,0,1,F,1,1955,5,9999,9,0,998,2,89,1,8,9,998,8,7,9,10591,9,9,0,2,4,4,2,1,2,1,1,2,1,3,1,1,0,0,9,1,14,2,11,2,9,2,2,F,46,0,0,0,0,0,0,0,0,0,0,85,60,0,0,0,1,3,15,-14,3,19170,998,39,15,0,4,99,99,0,5,0,995,9.8,998,998,998,99.8,99.8,99.8,39.1116839872368,1,5
18527,15,71,1-15-2020-071-03,3,2,3VWCB7BU7KM1,17,30,40,2019,4,1,3,0,1,L,1,1350,5,0,1,1,31,2,89,1,8,9,998,8,7,9,11706,2,2,0,2,4,3,2,1,2,1,3,1,0,3,1,1,0,0,9,0,14,4,60,99,1,1,2,F,45,0,0,0,0,0,0,0,0,0,0,60,85,0,0,0,1,3,21,20,4,24604,998,-46,20,0,4,1,1,0,4,0,995,9.8,998,998,998,99.8,99.8,99.8,39.1116839872368,1,5
18528,15,72,1-15-2020-072-09,9,1,4T1BK36B38U2,17,49,43,2008,4,1,4,0,1,F,1,1615,5,0,1,1,17,2,48,1,8,0,995,0,7,0,11552,9,9,0,4,2,1,2,1,1,1,1,2,0,0,1,1,0,0,9,0,1,4,60,99,1,1,4,J,71,0,0,0,0,0,0,0,0,0,0,35,45,0,0,0,1,12,999,999,999,9999999,999,999,999,6,0,1,1,0,4,0,995,9.8,998,998,998,99.8,99.8,99.8,222.747111346231,1,5
18528,15,72,1-15-2020-072-09,9,2,3TMLU4EN5AM0,17,49,472,2010,34,5,30,0,1,R,9,1873,5,9999,9,0,998,5,48,1,8,9,998,8,7,9,11570,9,9,0,4,2,1,2,1,1,1,1,2,0,0,1,1,0,0,9,1,10,2,16,99,1,2,4,J,70,0,0,0,0,0,0,0,0,0,0,45,35,0,0,0,1,0,999,999,999,9999999,999,999,999,9,0,95,95,95,95,0,995,9.8,998,998,998,99.8,99.8,99.8,222.747111346231,1,5
18529,15,73,1-15-2020-073-03,3,1,999999999999,99,99,999,9999,99,10,99,99,1,F,9,,,,,,,8,48,1,8,9,998,8,9,9,99999,9,9,2,1,1,1,2,1,1,1,0,0,0,0,3,8,2,2,9,0,1,3,51,99,1,1,2,D,24,,,,,,,,,,,,,,,,,,,,,,,,,,,95,95,95,95,,,9.8,998,998,998,99.8,99.8,99.8,38.8945818822274,1,5
18529,15,73,1-15-2020-073-03,3,2,NMTKHMBX8LR1,17,49,405,2020,14,3,14,0,1,R,1,1497,5,0,1,1,7,2,48,1,8,9,998,8,7,9,11553,2,2,2,2,1,1,2,1,1,1,0,0,0,0,3,8,2,2,9,0,1,3,53,1,1,1,2,D,25,0,0,0,0,0,0,0,0,0,0,998,998,0,1,0,2,10,999,999,999,9999999,999,30,9,1,0,0,0,0,0,0,998,1.0,120,6,120,16.2,3.0,16.4,38.8945818822274,1,5
18530,20,54,1-20-2020-054-02,2,1,KMHCT5AE2HU3,17,55,36,2017,5,1,2,0,1,F,3,1159,5,0,1,1,18,2,999,1,1,1,207,2,9,2,93955,1,2,0,4,2,1,2,1,3,1,1,2,0,0,2,8,8,2,9,0,14,3,50,2,1,1,2,D,20,0,0,0,0,0,0,0,0,0,0,295,300,0,0,0,1,1,45,-45,0,47804,998,15,32,0,4,2,12,0,3,0,995,9.8,998,998,998,99.8,99.8,99.8,141.036842125321,11,5
18530,20,54,1-20-2020-054-02,2,2,KNAGM4A71F56,17,63,34,2015,4,1,4,0,1,B,2,1468,5,0,1,1,18,2,999,1,0,0,995,0,0,0,93906,1,1,0,4,2,1,2,1,3,1,1,5,0,0,2,8,8,2,1,0,5,3,53,1,1,1,2,D,21,0,0,0,0,0,0,0,0,0,0,300,295,0,0,0,1,1,35,35,0,122688,998,20,44,0,4,1,2,0,6,0,995,9.8,998,998,998,99.8,99.8,99.8,141.036842125321,11,5
18530,20,54,1-20-2020-054-02,2,3,1FTPW14566FA,17,12,481,2006,39,5,39,0,1,B,1,2478,5,9999,9,0,998,5,89,1,0,0,995,0,0,0,93955,9,9,0,4,2,1,2,1,3,1,1,5,0,0,2,8,8,2,1,0,5,3,53,11,1,1,6,M,98,0,0,0,0,0,0,0,0,0,0,320,340,0,0,0,2,3,13,13,0,23359,998,-55,15,0,4,95,95,95,95,0,995,9.8,998,998,998,99.8,99.8,99.8,141.036842125321,11,5
18531,20,55,1-20-2020-055-01,1,1,2C3CCAEG4HH6,17,6,51,2017,4,1,5,0,1,T,2,1797,5,0,1,1,89,2,89,1,1,1,230,3,9,2,95073,1,9,0,4,2,1,2,1,1,1,1,2,0,0,1,1,0,0,9,1,6,3,51,4,1,2,2,D,24,1,8,1,2,1,4,61,1,1,55,997,997,0,0,0,2,6,999,999,999,9999999,999,999,999,7,0,6,75,1,1,3,997,2.3,999,999,999,72.8,5.6,73.0,145.726436750053,11,5
18531,20,55,1-20-2020-055-01,1,2,1GCES14H95B1,17,20,38,2005,10,2,5,0,1,B,1,2159,5,9999,9,0,998,2,89,1,0,8,997,8,0,3,95006,1,9,0,4,2,1,2,1,1,1,1,2,0,0,1,1,0,0,1,0,1,3,53,99,1,1,2,D,25,0,0,0,0,0,0,0,0,0,0,330,350,0,0,0,1,3,17,14,8,56670,998,-132,19,0,4,0,0,0,0,0,995,9.8,998,998,998,99.8,99.8,99.8,145.726436750053,11,5