CASEID,PSU,CASENO,CASENUMBER,CATEGORY,VEHNO,VIN,VINLENGTH,MAKE,MODEL,MODELYR,BODYTYPE,BODYCAT,VEHCLASS,SPECUSE,TRANSTAT,DAMPLANE,DAMSEV,CURBWT,CURBSRC,CARGOWT,CARGOSRC,INSPTYPE,INSPLAG,TOWED,SPEEDLIMIT,DRPRESENT,PARALCOHOL,ALCTEST,ALCTESTRESULT,ALCTESTSRC,PARDRUG,DRUGTEST,ZIP,RACE,ETHNICITY,RELTOJUNCT,TRAFFLOW,RDLANES,INITLANE,SURFTYPE,SURFCOND,ALIGNMENT,PROFILE,LINERIGHT,LINELEFT,RUMBINIT,RUMBROAD,LIGHTCOND,WEATHER,TRAFDEV,TRAFFUNCT,DISTRACT,PREFHE,PREMOVE,CRITCAT,CRITEVENT,MANEUVER,PRESTAB,PRELOC,CRASHCAT,CRASHCONF,CRASHTYPE,ROLLTYPE,ROLLTURN,ROLLINTRPT,ROLLPREMAN,ROLLINITYP,ROLLINLOC,ROLLOBJ,ROLLTRIP,ROLLDIR,ROLLDIST,DVANGTHIS,DVANGOTH,TOWHITCH,TRAJDOC,TREEPOLE,DVEVENT,DVBASIS,DVTOTAL,DVLONG,DVLAT,DVENERGY,DVSPEED,DVMOMENT,DVBES,DVEST,DVCONF,VAIS,VISS,VINJURED,VTREAT,INITOBJCLASS,HEADANGLECAT,SHLDRWIDTH,STRKLENGTH,STRKWIDTH,STRKHEIGHT,EDGEDISTX,EDGEDISTY,EDGEDISTZ,CASEWGT,PSUSTRAT,VERSION
18736,25,85,1-25-2020-085-09,9,1,5N1AN08W15C6,17,35,402,2005,14,3,14,0,1,F,1,1973,5,0,1,5,10,2,40,1,8,0,995,0,7,0,04222,9,9,0,4,2,1,5,2,1,4,0,0,0,0,2,1,0,0,1,1,1,1,6,99,2,4,1,A,2,0,0,0,0,0,0,0,0,0,0,998,998,0,0,1,1,12,999,999,999,9999999,999,999,999,6,0,99,99,0,8,0,998,0.0,27,27,73,12.5,2.4,12.7,696.546437933907,2,5
18737,25,86,1-25-2020-086-06,6,1,4T1BE46K87U0,17,49,40,2007,4,1,4,0,2,B,1,1500,5,0,1,5,28,,,,,,,,,,,,,,,,,,,,,,,,,,,,,,,,,,,,,,,,,,,,,,,,,,,,,,,,,,,,,,,,,,95,95,95,95,,,,,,,,,,188.274399843166,2,5
18737,25,86,1-25-2020-086-06,6,2,JF1GJAC62DH0,17,48,38,2013,4,1,3,0,1,T,2,1320,5,0,1,1,29,2,40,1,8,0,995,0,7,0,04103,9,9,0,4,2,1,2,1,1,1,0,2,0,0,1,1,0,0,3,1,1,2,11,99,1,4,1,C,11,1,2,2,3,1,1,61,1,2,10,997,997,0,0,0,2,6,999,999,999,9999999,999,999,999,7,0,1,1,0,5,3,997,9.8,998,998,998,99.8,99.8,99.8,188.274399843166,2,5
18738,25,87,1-25-2020-087-06,6,1,2G1125S38F91,17,20,2,2015,4,1,4,0,1,F,1,1717,5,0,1,1,7,2,56,1,8,2,996,1,7,0,04103,9,9,0,5,3,1,2,1,1,1,1,2,0,0,3,1,0,0,9,0,1,3,50,8,1,1,2,D,20,0,0,0,0,0,0,0,0,0,0,310,285,0,0,0,1,3,21,-21,4,28775,998,9,20,0,4,9,97,0,0,0,995,9.8,998,998,998,99.8,99.8,99.8,188.274399843166,2,5
18738,25,87,1-25-2020-087-06,6,2,1FAHP2MK6EG1,17,12,17,2014,4,1,4,5,1,B,1,1918,5,9999,9,3,5,2,56,1,8,0,995,0,7,0,04101,9,9,0,5,3,1,2,1,1,1,1,2,0,0,3,1,0,0,1,0,5,3,53,1,1,1,2,D,21,0,0,0,0,0,0,0,0,0,0,285,310,0,0,0,1,3,19,18,6,38785,998,-96,19,0,4,0,0,0,0,0,995,9.8,998,998,998,99.8,99.8,99.8,188.274399843166,2,5
18738,25,87,1-25-2020-087-06,6,3,1F9EU28T7BCS,17,98,898,2010,64,8,60,7,1,R,9,,,,,,,5,56,1,8,0,995,0,7,0,04103,9,9,0,5,3,2,2,1,1,1,4,4,0,0,3,1,0,0,1,0,1,4,61,1,1,1,6,M,98,,,,,,,,,,,,,,,,,,,,,,,,,,,95,95,95,95,,,9.8,998,998,998,99.8,99.8,99.8,188.274399843166,2,5
18739,12,66,1-12-2020-066-03,3,1,KL4CJASB1LB0,17,18,404,2020,14,3,14,0,1,F,1,1468,5,0,1,1,11,2,72,1,0,0,995,0,0,0,73401,5,2,2,4,3,1,2,1,1,1,1,1,0,0,1,1,1,2,9,0,1,2,17,2,1,1,5,L,86,0,0,0,0,0,0,0,0,0,0,0,90,0,0,0,1,5,999,999,999,9999999,999,999,14,2,0,1,1,0,4,0,995,9.8,998,998,998,99.8,99.8,99.8,379.176437277222,9,5
18739,12,66,1-12-2020-066-03,3,2,1FMEU33858UB,17,12,473,2008,34,5,31,0,1,R,9,2048,5,9999,9,0,998,5,72,1,0,0,995,0,0,0,73401,9,9,2,4,3,1,2,1,1,1,1,1,0,0,1,1,1,2,9,0,1,4,66,1,1,1,5,L,87,0,0,0,0,0,0,0,0,0,0,90,0,0,0,0,1,0,999,999,999,9999999,999,999,999,9,0,95,95,95,95,0,995,9.8,998,998,998,99.8,99.8,99.8,379.176437277222,9,5
18740,12,67,1-12-2020-067-08,8,1,2GCEC19R4V12,17,20,481,1997,34,5,31,0,1,F,1,1892,4,0,1,1,12,2,105,1,0,0,995,0,0,0,73401,1,2,0,4,2,1,2,1,1,1,1,4,0,0,2,1,0,0,9,1,1,2,13,1,1,4,1,A,1,0,0,0,0,0,0,0,0,0,0,998,998,0,0,1,2,1,23,-23,0,40827,998,-4,23,0,1,1,1,0,3,0,998,0.3,30,30,999,42.1,13.0,44.7,304.629299656163,9,5
18741,59,45,1-59-2020-045-04,4,1,5XXGT4L30KG3,17,63,34,2019,4,1,4,0,1,F,1,1465,5,0,1,1,7,2,48,1,0,0,995,0,0,0,47802,9,9,2,3,3,1,2,1,1,1,0,1,0,0,1,1,1,2,1,0,1,2,17,1,1,1,5,L,86,0,0,0,0,0,0,0,0,0,0,90,160,0,0,0,1,12,999,999,999,9999999,999,999,999,1,0,0,0,0,0,0,995,9.8,998,998,998,99.8,99.8,99.8,361.341336754568,6,5
18741,59,45,1-59-2020-045-04,4,2,2T3DFREV3EW1,17,49,402,2014,14,3,14,0,1,R,1,1615,5,9999,9,4,8,2,48,1,0,0,995,0,0,0,52651,9,9,2,3,2,2,2,1,1,1,1,0,0,0,1,1,1,2,1,0,1,4,66,99,1,1,5,L,87,0,0,0,0,0,0,0,0,0,0,160,90,0,0,0,1,12,999,999,999,9999999,999,999,999,1,0,0,0,0,0,0,995,9.8,998,998,998,99.8,99.8,99.8,361.341336754568,6,5
18742,59,46,1-59-2020-046-04,4,1,JA4AR3AU5HZ0,17,52,47,2017,5,1,3,0,1,F,1,1535,5,0,1,1,6,2,72,1,0,0,995,0,0,0,47868,1,2,2,4,3,2,2,1,1,1,1,2,0,0,1,1,0,0,1,0,1,3,52,7,1,1,2,D,28,0,0,0,0,0,0,0,0,0,0,70,75,0,0,0,1,3,16,-16,0,12413,998,0,14,0,1,0,0,0,0,0,995,9.8,998,998,998,99.8,99.8,99.8,361.341336754568,6,5
18742,59,46,1-59-2020-046-04,4,2,3LN6L2G95ER8,17,13,13,2014,4,1,4,0,1,B,1,1736,5,0,1,5,6,2,72,1,0,0,995,0,0,0,47842,9,9,2,4,3,2,2,1,1,1,1,2,0,0,1,1,0,0,9,0,1,3,53,1,1,1,2,D,29,0,0,0,0,0,0,0,0,0,0,75,70,0,0,0,1,3,15,15,0,19852,998,0,17,0,1,0,0,0,0,0,995,9.8,998,998,998,99.8,99.8,99.8,361.341336754568,6,5
18744,66,57,1-66-2020-057-03,3,1,WMWXM7C52ET9,17,69,54,2014,3,1,1,0,1,F,3,1286,5,0,1,1,13,2,105,1,0,1,0,2,7,1,67835,1,2,0,4,2,1,2,1,1,1,0,4,0,0,1,1,0,0,3,1,1,2,10,1,1,2,3,G,50,0,0,0,0,0,0,0,0,0,0,260,95,0,0,0,1,5,999,999,999,9999999,999,999,54,4,0,2,9,0,3,0,995,9.8,998,998,998,99.8,99.8,99.8,101.661767199215,6,5
18744,66,57,1-66-2020-057-03,3,2,1GB4KWCY1KF1,17,20,481,2019,39,5,39,0,1,F,1,9999,9,0,1,1,13,2,105,1,0,0,995,0,7,0,64848,1,2,0,4,2,1,2,1,1,1,1,4,0,0,1,1,0,0,1,0,1,4,62,1,1,1,3,G,51,0,0,0,0,0,0,0,0,0,0,95,260,1,0,0,1,5,999,999,999,9999999,999,999,999,2,0,1,1,0,0,0,995,3.0,999,999,999,50.1,14.9,52.5,101.661767199215,6,5
18745,13,80,1-13-2020-080-02,2,1,1HGCV1F19KA0,17,37,32,2019,4,1,4,0,1,F,1,1433,5,9999,9,0,998,5,64,1,0,0,995,0,0,0,76108,9,9,2,4,4,1,1,1,1,1,1,3,0,0,1,1,1,2,9,0,1,2,17,99,1,1,4,K,83,0,0,0,0,0,0,0,0,0,0,70,350,0,0,0,1,3,10,-8,-5,4905,998,-102,8,0,4,95,95,95,95,0,995,9.8,998,998,998,99.8,99.8,99.8,75.9388352701114,7,5
18745,13,80,1-13-2020-080-02,2,2,3N1AB7AP6JY2,17,35,43,2018,4,1,3,0,1,L,1,1300,5,0,1,1,13,2,64,1,0,0,995,0,0,0,76116,2,9,2,3,4,3,1,1,1,1,1,2,0,0,1,1,1,2,9,0,11,4,66,8,1,1,4,K,82,0,0,0,0,0,0,0,0,0,0,350,70,0,0,0,1,3,10,-3,10,11426,998,-101,12,0,3,0,0,0,4,0,995,9.8,998,998,998,99.8,99.8,99.8,75.9388352701114,7,5
18746,13,81,1-13-2020-081-02,2,1,1N4AL3AP2JC2,17,35,47,2018,4,1,4,0,1,F,1,1453,5,0,1,1,13,2,48,1,0,1,43,2,0,2,76051,1,2,0,4,2,1,2,1,1,1,0,0,0,0,3,1,0,0,9,1,1,2,13,3,1,4,1,C,11,0,0,0,0,0,0,0,0,0,0,65,75,0,0,0,1,3,18,-18,-3,11975,998,26,14,0,4,0,0,0,3,0,995,9.8,998,998,998,99.8,99.8,99.8,75.9388352787785,7,5
18746,13,81,1-13-2020-081-02,2,2,1FTNW21FXXEA,17,12,481,1999,34,5,31,0,2,B,9,2694,5,9999,9,5,15,,,,,,,,,,,,,,,,,,,,,,,,,,,,,,,,,,,,,,,,,,,,,,,,,,,,,,,,,,,,,,,,,,95,95,95,95,,,,,,,,,,75.9388352787785,7,5
18747,32,119,1-32-2020-119-02,2,1,2G61M5S36H91,17,19,23,2017,4,1,4,0,1,F,3,1817,5,0,1,1,14,2,113,1,0,1,0,2,0,2,75249,2,2,0,2,4,98,1,1,3,1,1,3,0,0,1,1,0,0,9,1,6,3,51,1,1,6,2,F,48,1,4,2,2,1,3,61,1,2,999,998,998,0,0,0,2,1,62,-61,-11,280956,998,12,62,0,4,2,5,0,3,3,998,4.1,999,999,999,99.9,99.9,99.9,30.5860215312344,7,5
18747,32,119,1-32-2020-119-02,2,2,999999999999,99,99,890,9999,66,8,68,99,1,R,9,,,,,,,5,113,1,0,0,995,0,0,0,99999,9,9,1,2,5,2,1,1,3,1,3,3,0,0,1,1,0,0,9,0,14,4,61,1,1,1,2,F,48,,,,,,,,,,,,,,,,,,,,,,,,,,,95,95,95,95,,,9.8,998,998,998,99.8,99.8,99.8,30.5860215312344,7,5
18748,32,120,1-32-2020-120-04,4,1,3GCUKREC2HG3,17,20,481,2017,34,5,31,0,1,F,1,2301,5,0,1,1,29,2,64,1,9,8,997,8,9,9,75050,1,9,0,1,1,1,1,2,3,1,3,0,0,0,3,2,0,0,9,1,14,2,13,1,1,4,1,A,1,0,0,0,0,0,0,0,0,0,0,998,998,0,0,0,2,1,17,-17,0,28502,998,30,17,0,4,0,0,0,0,0,998,0.0,999,999,999,99.9,99.9,99.9,2112.44218107705,7,5
18749,32,121,1-32-2020-121-02,2,1,JN8AZ1MU5EW4,17,35,49,2014,6,1,4,0,1,F,2,1826,5,0,1,1,12,2,48,1,0,0,995,0,0,0,75212,1,1,2,4,2,1,1,1,1,2,0,0,0,0,3,1,2,2,9,0,1,2,17,4,1,1,5,L,88,0,0,0,0,0,0,0,0,0,0,240,135,0,0,0,1,3,35,-30,-17,88342,998,-117,27,0,4,0,0,0,0,0,995,9.8,998,998,998,99.8,99.8,99.8,30.586021537227,7,5
18749,32,121,1-32-2020-121-02,2,2,2C3CDXBG5GH1,17,7,24,2016,4,1,5,0,1,L,2,1785,5,9999,9,0,998,2,48,1,0,1,0,2,0,0,75216,1,1,2,4,2,1,1,1,1,4,0,3,0,0,3,1,0,0,9,0,1,4,66,99,1,1,5,L,89,0,0,0,0,0,0,0,0,0,0,135,240,0,0,0,1,3,36,-27,23,179034,998,-85,43,0,4,1,1,0,4,0,995,0.0,35,35,118,2.6,2.4,2.3,30.586021537227,7,5
18750,32,122,1-32-2020-122-03,3,1,ZACNJABB2LPL,17,2,408,2020,14,3,14,0,1,F,9,1372,5,0,1,3,7,2,64,1,0,0,995,0,0,0,75039,1,2,2,1,5,3,1,1,1,1,3,3,0,0,5,1,1,2,3,0,1,3,50,1,1,1,2,D,20,0,0,0,0,0,0,0,0,0,0,355,10,0,0,0,1,12,999,999,999,9999999,999,999,999,9,0,1,2,0,4,0,995,9.8,998,998,998,99.8,99.8,99.8,721.123773940296,7,5
18750,32,122,1-32-2020-122-03,3,2,4A4AP3AU8DE0,17,52,47,2013,5,1,3,0,1,B,9,1535,5,9999,9,0,998,5,64,1,0,0,995,0,0,0,75067,9,9,2,1,5,3,1,1,1,1,3,3,0,0,5,1,1,2,9,0,5,3,53,1,1,1,2,D,21,0,0,0,0,0,0,0,0,0,0,10,355,0,0,0,1,0,999,999,999,9999999,999,999,999,9,0,95,95,95,95,0,995,9.8,998,998,998,99.8,99.8,99.8,721.123773940296,7,5
18750,32,122,1-32-2020-122-03,3,3,1FMZU73E82UC,17,12,401,2002,14,3,14,0,1,L,9,1970,5,9999,9,0,998,5,64,1,0,0,995,0,0,0,75035,9,9,2,1,4,3,1,1,1,4,3,3,0,0,5,1,1,2,9,0,5,4,62,1,1,1,6,M,98,0,0,0,0,0,0,0,0,0,0,190,355,0,0,0,2,0,999,999,999,9999999,999,999,999,9,0,95,95,95,95,0,995,9.8,998,998,998,99.8,99.8,99.8,721.123773940296,7,5
18751,66,56,1-66-2020-056-09,9,1,4F4YR16U91TM,17,41,471,2001,34,5,30,0,1,B,1,1435,5,0,1,1,11,2,64,1,0,1,0,2,7,1,65712,1,2,2,4,2,1,2,1,1,1,0,0,0,0,1,1,2,2,1,0,5,3,53,1,1,1,2,D,21,0,0,0,0,0,0,0,0,0,0,180,180,0,0,0,1,3,22,22,0,37004,998,11,24,0,4,2,4,0,3,0,995,9.8,998,998,998,99.8,99.8,99.8,347.16248860525,6,5
18751,66,56,1-66-2020-056-09,9,2,1D7HA16P57J5,17,7,482,2007,34,5,31,99,1,F,1,2049,5,9999,9,0,998,5,64,1,0,0,995,0,7,0,64848,9,9,2,4,2,1,2,1,1,1,0,0,0,0,1,1,2,2,3,0,1,3,50,2,2,1,2,D,20,0,0,0,0,0,0,0,0,0,0,180,180,0,0,0,1,3,17,-17,0,17008,998,0,14,0,4,95,95,95,95,0,995,9.8,998,998,998,99.8,99.8,99.8,347.16248860525,6,5
18752,76,62,1-76-2020-062-07,7,1,5XXGN4A70CG0,17,63,34,2012,4,1,4,0,1,F,9,1454,5,0,2,0,998,2,89,1,8,9,998,8,7,9,13820,1,2,0,4,2,1,2,1,3,1,1,2,0,0,4,1,0,0,1,1,14,1,6,7,2,4,1,A,2,0,0,0,0,0,0,0,0,0,0,998,998,0,0,0,2,0,999,999,999,9999999,999,999,999,9,0,0,0,0,0,0,998,0.5,999,999,999,6.8,2.5,7.3,91.2930141029235,3,5
18753,76,63,1-76-2020-063-03,3,1,1FMCU9J95HUA,17,12,402,2017,14,3,14,0,1,F,1,1611,5,0,1,3,23,2,89,1,8,9,998,8,7,9,12533,9,9,0,4,2,1,2,1,2,2,1,2,0,0,4,5,0,0,9,0,14,6,87,4,1,1,1,C,13,0,0,0,0,0,0,0,0,0,0,998,998,0,0,0,1,10,999,999,999,9999999,999,0,14,2,0,99,99,0,99,0,998,9.8,998,998,998,99.8,99.8,99.8,17.0541514336027,3,5
18754,31,53,1-31-2020-053-09,9,1,3N1BC13EX8L4,17,35,50,2008,5,1,2,0,1,R,2,1235,5,0,1,1,16,2,89,1,0,0,995,0,0,0,47711,9,9,0,4,2,1,2,1,3,2,1,2,0,0,1,1,0,0,9,1,14,1,9,1,4,4,1,B,7,0,0,0,0,0,0,0,0,0,0,998,998,0,0,1,1,1,31,0,-31,48785,998,22,31,0,1,9,97,0,5,0,998,0.0,21,21,120,6.9,7.5,10.3,308.337828892742,6,5
18755,31,54,1-31-2020-054-05,5,1,2GNALCEK7F63,17,20,404,2015,14,3,14,0,1,L,1,1706,5,9999,9,1,14,2,999,0,7,7,887,6,8,8,99998,8,8,0,4,2,1,4,1,1,1,0,0,0,0,2,1,0,0,0,8,0,3,53,0,0,0,2,F,49,0,0,0,0,0,0,0,0,0,0,170,175,0,0,0,1,3,10,9,2,7914,998,58,10,0,4,0,0,0,0,0,995,9.8,998,998,998,99.8,99.8,99.8,269.923354614168,6,5
18755,31,54,1-31-2020-054-05,5,2,1GCEC14X15Z2,17,20,481,2005,34,5,30,0,1,R,1,1876,5,0,2,5,20,2,999,1,0,0,995,0,0,0,62934,1,2,0,4,2,1,4,1,1,1,0,0,0,0,2,1,0,0,1,1,1,3,50,7,1,1,2,F,49,0,0,0,0,0,0,0,0,0,0,175,170,0,0,0,1,3,9,-9,-2,6109,998,67,8,0,4,1,3,0,6,0,995,0.0,120,120,67,3.5,0.7,3.6,269.923354614168,6,5
18756,27,63,1-27-2020-063-04,4,1,1J8GN28K28W2,17,2,405,2008,14,3,14,0,1,F,1,1872,5,0,1,1,10,2,56,1,8,9,998,8,7,9,01230,9,9,0,4,3,1,2,1,1,1,1,2,0,0,1,1,0,0,9,0,1,3,52,99,1,1,2,D,28,0,0,0,0,0,0,0,0,0,0,190,190,0,0,0,1,1,19,-19,0,16277,998,17,15,0,1,0,0,0,0,0,995,9.8,998,998,998,99.8,99.8,99.8,97.0510067131814,3,5
18756,27,63,1-27-2020-063-04,4,2,2HGFC2F64LH5,17,37,31,2020,4,1,3,0,1,B,2,1312,5,0,1,1,16,3,56,1,8,9,998,8,7,9,01201,9,9,0,4,3,1,2,1,1,1,1,2,0,0,1,1,0,0,1,0,2,3,53,99,1,1,2,D,29,0,0,0,0,0,0,0,0,0,0,190,190,0,0,0,1,1,27,27,0,52293,998,13,31,0,1,0,0,0,0,0,995,9.8,998,998,998,99.8,99.8,99.8,97.0510067131814,3,5
18756,27,63,1-27-2020-063-04,4,3,JTDKARFP7H30,17,49,46,2017,5,1,3,0,1,B,9,1526,8,9999,9,0,998,5,56,1,8,9,998,8,7,9,01237,9,9,0,4,3,1,2,1,1,1,1,2,0,0,1,1,0,0,1,0,5,3,53,99,1,1,6,M,98,0,0,0,0,0,0,0,0,0,0,190,190,0,0,0,2,0,999,999,999,9999999,999,999,999,9,0,95,95,95,95,0,995,9.8,998,998,998,99.8,99.8,99.8,97.0510067131814,3,5
18757,27,64,1-27-2020-064-09,9,1,1J4FA24127L1,17,2,403,2007,14,3,14,0,1,F,1,1706,5,0,2,1,29,2,56,1,0,0,995,0,0,0,01201,1,2,0,4,2,1,2,1,1,1,1,2,0,0,3,1,0,0,1,0,1,6,87,1,1,1,1,C,13,0,0,0,0,0,0,0,0,0,0,998,998,0,0,0,1,12,999,999,999,9999999,999,999,999,6,0,1,1,0,4,0,998,9.8,998,998,998,99.8,99.8,99.8,181.597236230306,3,5
18758,33,65,1-33-2020-065-09,9,1,JACDJ58X1X79,17,38,401,1999,14,3,14,0,1,N,9,2020,5,0,1,1,15,2,89,1,9,0,995,0,9,0,95948,1,9,0,4,2,1,4,1,1,1,0,0,0,0,2,1,0,0,1,1,1,6,87,98,2,4,1,A,3,0,0,0,0,0,0,0,0,0,0,997,997,0,0,0,,,,,,,,,,,0,99,99,0,99,0,997,9.8,998,998,998,99.8,99.8,99.8,629.903188104367,12,5
18759,33,66,1-33-2020-066-08,8,1,WDBGA43G8WA3,17,42,43,1998,4,1,5,0,1,T,2,2110,5,0,1,1,8,2,105,1,0,1,0,2,0,2,95965,1,9,1,3,1,1,2,1,3,9,1,2,0,0,2,1,0,0,9,1,14,2,13,99,9,4,1,A,1,1,3,2,2,1,4,61,1,1,13,997,997,0,0,0,1,6,999,999,999,9999999,999,999,999,7,0,3,11,1,3,3,997,9.8,998,998,998,99.8,99.8,99.8,88.2559529364472,12,5
18760,19,121,1-19-2020-121-05,5,1,5XYZG3AB1CG0,17,55,401,2012,14,3,14,0,1,T,3,1672,5,0,1,1,5,2,56,1,0,1,0,2,0,0,35904,1,9,0,4,2,1,2,1,1,4,1,2,0,0,1,1,0,0,9,1,1,2,12,99,1,4,1,B,6,1,4,2,2,6,4,44,3,1,18,997,997,0,1,0,2,6,999,999,999,9999999,999,999,999,8,0,1,1,0,4,3,997,0.2,120,120,91,6.1,4.7,7.9,61.4181527827887,9,5
18761,19,122,1-19-2020-122-03,3,1,1XP5DB9X37D7,17,87,881,2007,66,8,68,0,1,F,9,,,,,,,5,72,1,0,0,995,0,0,0,36272,9,9,2,1,4,4,2,1,1,1,1,2,0,0,1,98,0,0,3,0,1,3,51,2,1,1,2,D,24,,,,,,,,,,,,,,,,,,,,,,,,,,,95,95,95,95,,,9.8,998,998,998,99.8,99.8,99.8,70.9531863231261,9,5
18761,19,122,1-19-2020-122-03,3,2,3N1CN7AP7GL8,17,35,50,2016,4,1,2,0,1,B,1,1072,8,0,1,1,7,2,72,1,0,0,995,0,0,0,35903,1,2,2,1,4,4,2,1,1,1,1,2,0,0,1,98,0,0,1,0,11,3,53,1,1,1,2,D,26,0,0,0,0,0,0,0,0,0,0,150,170,0,1,0,1,5,999,999,999,9999999,999,999,7,1,0,0,0,0,0,0,995,9.8,998,998,998,99.8,99.8,99.8,70.9531863231261,9,5
18761,19,122,1-19-2020-122-03,3,3,1GCEC14RXVZ2,17,20,481,1997,34,5,31,0,2,F,1,1839,5,9999,9,4,7,,,,,,,,,,,,,,,,,,,,,,,,,,,,,,,,,,,,,,,,,,,,,,,,,,,,,,,,,,,,,,,,,,95,95,95,95,,,,,,,,,,70.9531863231261,9,5
18762,19,123,1-19-2020-123-09,9,1,4T1BE46K49U8,17,49,40,2009,4,1,4,0,1,L,1,1500,5,0,1,1,6,2,72,1,0,0,995,0,0,0,35906,1,9,0,1,3,1,2,1,1,1,1,3,0,0,1,1,0,0,1,1,15,2,10,1,1,2,2,F,48,0,0,0,0,0,0,0,0,0,0,215,235,0,0,0,1,3,20,13,16,41086,998,-117,20,0,4,0,0,0,5,0,995,9.8,998,998,998,99.8,99.8,99.8,396.353234434157,9,5
18762,19,123,1-19-2020-123-09,9,2,1FT8W3BT8FED,17,12,481,2015,34,5,31,0,1,9,1,3114,5,9999,9,0,998,5,72,1,0,0,995,0,0,0,35901,9,9,0,1,3,2,2,1,1,1,3,1,0,0,1,1,0,0,1,0,1,4,61,99,1,1,2,F,48,0,0,0,0,0,0,0,0,0,0,235,215,0,0,0,1,3,10,-9,-5,17373,998,-98,11,0,4,95,95,95,95,0,995,9.8,998,998,998,99.8,99.8,99.8,396.353234434157,9,5
18763,19,124,1-19-2020-124-04,4,1,5XXGW4L25KG3,17,63,34,2019,4,1,4,0,1,L,1,1614,5,0,1,3,9,3,40,1,0,0,995,0,0,0,35905,1,2,2,4,2,1,2,1,1,3,0,2,0,0,1,1,2,2,2,0,11,2,15,1,1,1,4,K,82,0,0,0,0,0,0,0,0,0,0,200,310,0,1,0,1,5,999,999,999,9999999,999,999,999,6,0,0,0,0,0,0,995,9.8,998,998,998,99.8,99.8,99.8,212.799984081223,9,5
18763,19,124,1-19-2020-124-04,4,2,1HD1FFW163Y6,17,72,706,2003,80,9,80,0,1,F,9,,,,,,,2,105,1,0,0,995,0,0,0,35903,9,9,2,1,2,2,2,1,1,1,3,1,0,0,1,1,0,0,9,0,1,4,67,2,2,1,4,K,83,,,,,,,,,,,,,,,,,,,,,,,,,,,95,95,95,95,,,9.8,998,998,998,99.8,99.8,99.8,212.799984081223,9,5
18764,26,116,1-26-2020-116-02,2,1,1N4BL4BV9LC1,17,35,47,2020,4,1,4,99,1,F,3,1545,5,9999,9,4,60,2,64,1,0,0,995,0,0,0,94589,2,9,0,1,2,1,2,1,1,1,1,3,0,0,3,1,0,0,3,1,1,2,13,99,1,4,1,A,1,0,0,0,0,0,0,0,0,0,0,998,998,0,0,9,1,12,999,999,999,9999999,999,999,999,8,0,1,2,0,4,0,998,2.0,37,37,999,13.0,3.2,13.5,39.1336437556081,10,5
18764,26,116,1-26-2020-116-02,2,2,1HGFA16568L0,17,37,31,2008,4,1,3,99,2,F,9,1199,5,9999,9,0,998,,,,,,,,,,,,,,,,,,,,,,,,,,,,,,,,,,,,,,,,,,,,,,,,,,,,,,,,,,,,,,,,,,95,95,95,95,,,,,,,,,,39.1336437556081,10,5
18765,26,117,1-26-2020-117-08,8,1,3C3AY75SX5T7,17,6,52,2005,1,1,2,0,1,F,2,1498,5,0,1,1,21,2,105,1,1,1,215,2,0,1,95660,2,9,0,2,4,2,2,1,1,9,3,3,0,0,3,1,0,0,9,1,15,2,10,7,9,2,2,D,32,0,0,0,0,0,0,0,0,0,0,290,320,0,0,0,1,1,26,-26,-5,18167,998,-14,17,0,1,1,1,0,4,0,995,1.8,999,999,999,99.9,1.8,99.9,548.131016072249,10,5
18765,26,117,1-26-2020-117-08,8,2,4T1BK3DB8AU3,17,49,43,2010,4,1,4,0,1,B,2,1615,5,0,1,1,19,2,105,1,0,0,995,0,0,0,95825,9,1,0,2,4,3,2,1,1,9,3,3,0,0,3,1,0,0,1,0,1,3,53,99,1,1,2,D,32,0,0,0,0,0,0,0,0,0,0,320,290,0,0,0,1,1,25,23,-8,82152,998,109,29,0,1,0,0,0,0,0,995,4.2,999,999,999,99.9,10.0,99.9,548.131016072249,10,5
18766,18,58,1-18-2020-058-07,7,1,5YFBU4EE4CP0,17,49,32,2012,4,1,2,0,1,F,1,1255,5,0,1,1,14,2,89,1,0,0,995,0,0,0,54742,9,9,0,4,2,1,2,1,1,1,1,4,0,0,2,1,0,0,9,0,1,6,87,3,1,1,1,C,13,0,0,0,0,0,0,0,0,0,0,998,998,0,0,0,1,10,999,999,999,9999999,999,19,19,2,0,99,99,0,99,0,998,9.8,998,998,998,99.8,99.8,99.8,953.247689400971,6,5
18767,18,59,1-18-2020-059-03,3,1,JTMEWRFV2KJ0,17,49,402,2019,14,3,14,0,1,T,2,1703,5,0,1,1,8,2,72,1,1,0,995,0,0,0,54703,1,2,0,4,2,1,2,1,3,2,1,0,0,0,3,1,6,2,1,1,14,2,13,3,4,4,1,B,7,1,3,1,2,1,4,61,1,1,7,997,997,0,1,0,1,6,999,999,999,9999999,999,999,999,7,0,1,1,0,0,3,997,0.0,35,35,999,17.1,7.7,19.1,161.217892107564,6,5
18768,15,79,1-15-2020-079-04,4,1,5NPE24AF3KH7,17,55,33,2019,4,1,4,0,1,R,2,1475,5,9999,9,5,26,5,48,1,8,9,998,8,7,9,11590,9,9,2,4,5,3,2,1,1,1,1,2,0,0,1,1,1,2,9,0,11,2,15,99,1,1,4,J,68,0,0,0,0,0,0,0,0,0,0,15,275,0,0,0,1,12,999,999,999,9999999,999,999,999,7,0,95,95,95,95,0,995,9.8,998,998,998,99.8,99.8,99.8,63.0578828387268,1,5