CASEID,PSU,CASENO,CASENUMBER,CATEGORY,VEHNO,VIN,VINLENGTH,MAKE,MODEL,MODELYR,BODYTYPE,BODYCAT,VEHCLASS,SPECUSE,TRANSTAT,DAMPLANE,DAMSEV,CURBWT,CURBSRC,CARGOWT,CARGOSRC,INSPTYPE,INSPLAG,TOWED,SPEEDLIMIT,DRPRESENT,PARALCOHOL,ALCTEST,ALCTESTRESULT,ALCTESTSRC,PARDRUG,DRUGTEST,ZIP,RACE,ETHNICITY,RELTOJUNCT,TRAFFLOW,RDLANES,INITLANE,SURFTYPE,SURFCOND,ALIGNMENT,PROFILE,LINERIGHT,LINELEFT,RUMBINIT,RUMBROAD,LIGHTCOND,WEATHER,TRAFDEV,TRAFFUNCT,DISTRACT,PREFHE,PREMOVE,CRITCAT,CRITEVENT,MANEUVER,PRESTAB,PRELOC,CRASHCAT,CRASHCONF,CRASHTYPE,ROLLTYPE,ROLLTURN,ROLLINTRPT,ROLLPREMAN,ROLLINITYP,ROLLINLOC,ROLLOBJ,ROLLTRIP,ROLLDIR,ROLLDIST,DVANGTHIS,DVANGOTH,TOWHITCH,TRAJDOC,TREEPOLE,DVEVENT,DVBASIS,DVTOTAL,DVLONG,DVLAT,DVENERGY,DVSPEED,DVMOMENT,DVBES,DVEST,DVCONF,VAIS,VISS,VINJURED,VTREAT,INITOBJCLASS,HEADANGLECAT,SHLDRWIDTH,STRKLENGTH,STRKWIDTH,STRKHEIGHT,EDGEDISTX,EDGEDISTY,EDGEDISTZ,CASEWGT,PSUSTRAT,VERSION
18768,15,79,1-15-2020-079-04,4,2,4T1BF1FK3HU6,17,49,40,2017,4,1,4,0,1,F,2,1467,5,0,1,1,13,2,48,1,9,9,998,8,9,9,11771,1,2,2,4,5,2,2,1,1,1,1,1,0,0,1,1,1,2,1,0,1,4,62,2,1,1,4,J,69,0,0,0,0,0,0,0,0,0,0,275,15,0,0,0,1,12,999,999,999,9999999,999,999,999,7,0,0,0,0,0,0,995,9.8,998,998,998,99.8,99.8,99.8,63.0578828387268,1,5
18769,15,80,1-15-2020-080-09,9,1,5FNYF18137B0,17,37,421,2007,15,3,15,0,1,L,1,2007,5,0,1,1,16,2,64,1,8,9,998,8,7,9,11758,9,9,0,4,5,1,2,1,1,1,1,3,0,0,1,1,0,0,9,1,1,2,11,99,1,4,1,C,11,1,1,2,5,7,2,2,2,1,10,997,997,0,0,0,2,6,999,999,999,9999999,999,999,999,6,0,99,99,0,99,1,997,9.8,998,998,998,99.8,99.8,99.8,120.179638075486,1,5
18769,15,80,1-15-2020-080-09,9,2,WBADT43401GF,17,34,35,2001,4,1,4,0,2,L,9,1565,5,9999,9,0,998,,,,,,,,,,,,,,,,,,,,,,,,,,,,,,,,,,,,,,,,,,,,,,,,,,,,,,,,,,,,,,,,,,95,95,95,95,,,,,,,,,,120.179638075486,1,5
18770,15,81,1-15-2020-081-03,3,1,1N4AL3AP7DN5,17,35,47,2013,4,1,4,0,1,R,9,1420,5,9999,9,4,30,2,48,1,8,9,998,8,7,9,11552,9,9,2,4,2,1,2,1,1,1,0,2,0,0,1,1,2,2,9,0,1,2,17,99,1,1,5,L,87,0,0,0,0,0,0,0,0,0,0,85,355,0,0,0,1,12,999,999,999,9999999,999,999,999,9,0,0,0,0,0,0,995,9.8,998,998,998,99.8,99.8,99.8,20.9849490094083,1,5
18770,15,81,1-15-2020-081-03,3,2,1C6RR7FG6KS6,17,7,482,2019,34,5,30,0,1,F,9,2327,5,9999,9,0,998,2,48,1,8,9,998,8,7,9,11530,9,9,2,4,4,1,2,1,1,1,1,2,0,0,1,1,0,0,9,0,1,4,66,99,1,1,5,L,86,0,0,0,0,0,0,0,0,0,0,355,85,0,0,0,1,0,999,999,999,9999999,999,999,999,9,0,0,0,0,0,0,995,9.8,998,998,998,99.8,99.8,99.8,20.9849490094083,1,5
18772,30,108,1-30-2020-108-03,3,1,4T1C11AK7LU9,17,49,40,2020,4,1,4,0,1,R,1,1495,5,0,1,1,18,2,40,1,0,0,995,0,0,0,85303,3,2,2,4,4,2,2,1,1,1,3,2,0,0,1,1,1,2,1,0,11,2,15,2,1,1,4,J,68,0,0,0,0,0,0,0,0,0,0,25,260,0,0,0,1,12,999,999,999,9999999,999,999,999,6,0,1,1,0,4,0,995,9.8,998,998,998,99.8,99.8,99.8,178.236423551876,10,5
18772,30,108,1-30-2020-108-03,3,2,5XYKTCA6XEG4,17,63,402,2014,14,3,14,0,1,F,9,1730,5,9999,9,0,998,5,40,1,0,0,995,0,0,0,85013,9,9,2,4,4,1,2,1,1,1,0,3,0,0,1,1,1,2,1,0,1,4,62,99,1,1,4,J,69,0,0,0,0,0,0,0,0,0,0,260,25,0,0,0,1,0,999,999,999,9999999,999,999,999,9,0,95,95,95,95,0,995,9.8,998,998,998,99.8,99.8,99.8,178.236423551876,10,5
18773,30,109,1-30-2020-109-10,10,1,1GTEC14C97Z6,17,23,481,2007,34,5,31,0,1,F,9,9999,9,9999,9,0,998,2,89,1,0,0,995,0,0,0,85003,9,9,1,2,5,1,2,1,1,1,1,3,0,0,1,1,0,0,9,0,1,3,50,2,2,1,2,D,20,0,0,0,0,0,0,0,0,0,0,180,180,0,0,0,1,0,999,999,999,9999999,999,999,999,9,0,99,99,0,99,0,995,9.8,998,998,998,99.8,99.8,99.8,4297.31649968495,10,5
18773,30,109,1-30-2020-109-10,10,2,YV4BZ9827810,17,51,43,2008,6,1,4,0,1,B,9,1891,5,9999,9,0,998,5,89,1,0,0,995,0,0,0,85008,9,9,1,2,5,1,2,1,1,1,1,3,0,0,1,1,0,0,1,0,5,3,53,1,1,1,2,D,21,0,0,0,0,0,0,0,0,0,0,180,180,0,0,0,1,0,999,999,999,9999999,999,999,999,9,0,95,95,95,95,0,995,9.8,998,998,998,99.8,99.8,99.8,4297.31649968495,10,5
18775,29,117,1-29-2020-117-10,10,1,1G1ND52J7X61,17,20,37,1999,4,1,3,0,1,R,1,1384,5,0,1,1,6,2,56,1,8,9,998,8,7,9,02739,9,9,2,4,4,2,2,1,1,1,1,2,0,0,1,1,1,2,9,0,11,2,15,99,1,1,4,J,68,0,0,0,0,0,0,0,0,0,0,30,265,0,0,0,1,1,16,-10,-12,26289,998,70,19,0,4,0,0,0,0,0,995,9.8,998,998,998,99.8,99.8,99.8,2581.94121182572,2,5
18775,29,117,1-29-2020-117-10,10,2,JM1BK1433411,17,41,51,2004,5,1,2,0,1,F,1,1271,5,0,1,1,6,2,56,1,8,9,998,8,7,9,02740,9,9,2,4,4,2,2,1,3,1,1,2,0,0,1,1,1,2,9,0,14,4,62,99,1,1,4,J,69,0,0,0,0,0,0,0,0,0,0,265,30,0,0,0,1,1,17,-17,3,11031,998,74,13,0,4,0,0,0,0,0,995,9.8,998,998,998,99.8,99.8,99.8,2581.94121182572,2,5
18776,29,118,1-29-2020-118-06,6,1,1N4AL3AP3EC4,17,35,47,2014,4,1,4,0,1,F,1,1451,5,0,1,1,29,2,105,1,0,0,995,0,0,0,02740,9,9,0,1,2,2,2,1,1,1,3,2,1,3,1,1,0,0,1,0,1,6,87,98,1,1,1,C,13,0,0,0,0,0,0,0,0,0,0,998,998,0,0,0,1,10,999,999,999,9999999,999,-10,14,2,0,99,99,0,8,0,998,9.8,998,998,998,99.8,99.8,99.8,197.477903678282,2,5
18777,21,105,1-21-2020-105-04,4,1,1N4BL4BV5KC1,17,35,47,2019,4,1,4,0,1,F,9,1545,5,9999,9,0,998,2,113,1,0,0,995,0,0,0,93245,1,9,0,1,2,2,2,1,1,9,3,2,1,3,1,1,0,0,3,1,15,3,51,99,1,2,2,D,24,0,0,0,0,0,0,0,0,0,0,245,240,0,0,0,1,0,999,999,999,9999999,999,999,999,9,0,0,0,0,0,0,995,9.8,998,998,998,99.8,99.8,99.8,1037.40302849996,11,5
18777,21,105,1-21-2020-105-04,4,2,3HSDZAPR1JN4,17,84,881,2018,66,8,68,0,1,B,9,,,,,,,5,89,1,0,0,995,0,0,0,92345,9,9,0,1,2,1,2,1,1,9,1,3,2,3,1,1,0,0,1,0,1,3,53,1,1,1,2,D,25,,,,,,,,,,,,,,,,,,,,,,,,,,,95,95,95,95,,,9.8,998,998,998,99.8,99.8,99.8,1037.40302849996,11,5
18778,21,106,1-21-2020-106-05,5,1,1G3NK52T21C2,17,21,21,2001,4,1,3,0,1,F,3,1371,5,9999,9,4,20,2,89,1,0,1,0,2,0,0,92392,2,9,0,4,2,1,2,1,2,1,1,2,0,0,1,1,0,0,9,1,3,2,10,1,1,2,3,G,50,0,0,0,0,0,0,0,0,0,0,0,210,0,1,0,1,3,60,-56,-20,188955,998,-68,52,0,4,3,14,1,4,0,995,9.8,998,998,998,99.8,99.8,99.8,21.0620556292921,11,5
18778,21,106,1-21-2020-106-05,5,2,4T1BF1FK6FU9,17,49,40,2015,4,1,4,0,1,F,3,1467,5,9999,9,1,12,2,89,1,0,0,995,0,0,0,92345,9,9,0,4,2,1,2,1,3,1,1,2,0,0,1,1,0,0,1,0,14,4,62,2,1,1,3,G,51,0,0,0,0,0,0,0,0,0,0,210,0,0,1,0,1,3,53,-52,9,232495,998,10,60,0,4,4,29,2,3,0,995,9.8,998,998,998,99.8,99.8,99.8,21.0620556292921,11,5
18779,21,107,1-21-2020-107-05,5,1,1HGCR2F59GA1,17,37,32,2016,4,1,4,0,1,F,2,1496,5,9999,9,5,24,2,113,1,1,8,997,8,9,0,90731,1,1,0,1,2,2,2,1,1,9,3,2,1,3,2,1,0,0,9,0,1,3,51,99,1,1,2,D,24,0,0,0,0,0,0,0,0,0,0,240,240,0,0,0,1,98,999,999,999,9999999,999,999,999,7,0,0,0,0,6,0,995,9.8,998,998,998,99.8,99.8,99.8,31.5795971995564,11,5
18779,21,107,1-21-2020-107-05,5,2,1GBWGRFAXE11,17,20,461,2014,21,4,21,0,1,T,2,2400,5,9999,9,4,10,2,113,1,0,1,0,2,0,1,90046,9,1,0,1,2,2,2,1,1,9,3,2,1,3,2,1,0,0,9,0,1,3,53,1,1,1,2,D,25,1,6,2,2,1,4,61,1,1,29,997,997,0,0,0,2,6,999,999,999,9999999,999,999,999,7,0,3,14,1,3,3,997,9.8,998,998,998,99.8,99.8,99.8,31.5795971995564,11,5
18781,22,85,1-22-2020-085-05,5,1,2HKRM4H35DH6,17,37,402,2013,14,3,14,0,1,T,3,1583,5,0,1,1,15,2,80,1,8,1,0,2,7,2,83501,1,2,0,4,2,1,2,1,3,4,1,2,0,0,4,8,0,0,3,1,14,2,12,2,1,4,1,B,6,2,98,8,8,98,8,32,8,8,998,997,997,0,1,0,4,6,999,999,999,9999999,999,999,999,8,0,2,5,0,4,8,997,0.1,80,120,-70,31.0,2.1,31.0,38.6560699261779,12,5
18782,22,86,1-22-2020-086-09,9,1,JHLRD78835C0,17,37,402,2005,14,3,14,0,1,F,1,1480,5,0,1,1,23,2,40,1,0,0,995,0,0,0,83834,9,9,2,5,3,1,2,1,1,1,0,2,0,0,1,1,0,0,9,0,1,3,50,99,1,1,2,D,20,0,0,0,0,0,0,0,0,0,0,255,255,0,0,0,1,3,23,-23,0,24612,998,5,20,0,4,99,99,0,0,0,995,9.8,998,998,998,99.8,99.8,99.8,136.25692858257,12,5
18782,22,86,1-22-2020-086-09,9,2,4S4BRBCCXE33,17,48,45,2014,4,1,3,0,1,B,1,1621,5,9999,9,0,998,5,40,1,0,0,995,0,0,0,83843,9,9,2,5,3,1,2,1,1,1,0,2,0,0,1,1,0,0,1,0,5,3,53,1,1,1,2,D,21,0,0,0,0,0,0,0,0,0,0,255,255,0,0,0,1,3,22,22,0,39547,998,0,25,0,4,95,95,95,95,0,995,9.8,998,998,998,99.8,99.8,99.8,136.25692858257,12,5
18782,22,86,1-22-2020-086-09,9,3,1FMCU9J9XEUC,17,12,402,2014,14,3,14,99,1,B,9,1713,5,9999,9,0,998,5,40,1,0,0,995,0,0,0,83843,9,9,2,4,3,1,2,1,1,1,0,2,0,0,1,1,0,0,1,0,5,3,53,1,1,1,6,M,98,0,0,0,0,0,0,0,0,0,0,255,255,0,0,0,2,0,999,999,999,9999999,999,999,999,9,0,95,95,95,95,0,995,9.8,998,998,998,99.8,99.8,99.8,136.25692858257,12,5
18784,22,88,1-22-2020-088-09,9,1,JTDAT1234Y00,17,49,45,2000,2,1,1,0,1,F,1,923,5,9999,9,4,22,2,40,1,0,0,995,0,1,0,83535,1,9,0,4,2,1,2,1,1,1,0,0,0,0,1,1,0,0,9,1,1,2,13,99,1,4,1,A,1,0,0,0,0,0,0,0,0,0,0,325,50,0,0,0,1,5,999,999,999,9999999,999,999,999,6,0,1,1,0,5,0,995,9.8,998,998,998,99.8,99.8,99.8,136.256928614488,12,5
18784,22,88,1-22-2020-088-09,9,2,CCL337Z15113,13,20,481,1977,40,6,45,0,2,R,9,9999,9,9999,9,0,998,,,,,,,,,,,,,,,,,,,,,,,,,,,,,,,,,,,,,,,,,,,,,,,,,,,,,,,,,,,,,,,,,,95,95,95,95,,,,,,,,,,136.256928614488,12,5
18785,21,109,1-21-2020-109-03,3,1,5XYPG4A33JG3,17,63,402,2018,14,3,14,0,1,F,1,1680,5,0,1,1,27,2,56,1,1,9,998,8,0,0,92880,9,9,0,4,4,2,2,1,1,1,3,2,0,0,3,1,0,0,3,1,1,2,10,1,1,2,3,G,50,0,0,0,0,0,0,0,0,0,0,10,170,0,0,0,1,3,13,-13,2,16204,998,89,12,0,4,9,97,0,8,0,995,9.8,998,998,998,99.8,99.8,99.8,228.758474915982,11,5
18785,21,109,1-21-2020-109-03,3,2,5TDZARFH0FS0,17,49,403,2015,14,3,14,0,1,F,1,1925,5,9999,9,4,17,2,56,1,0,0,995,0,0,0,92313,9,9,0,4,4,2,2,1,1,1,1,2,0,0,3,1,0,0,1,0,1,4,62,99,1,1,3,G,51,0,0,0,0,0,0,0,0,0,0,170,10,0,0,0,1,3,13,-13,-2,16328,998,-39,14,0,4,99,99,0,99,0,995,9.8,998,998,998,99.8,99.8,99.8,228.758474915982,11,5
18786,20,60,1-20-2020-060-03,3,1,1D7HA18D54S7,17,7,482,2004,34,5,31,0,1,F,2,2225,5,9999,9,4,28,2,89,1,0,0,995,0,0,0,95076,9,1,0,4,2,1,2,1,1,1,0,2,0,0,2,1,0,0,9,1,1,2,10,99,1,2,3,G,50,1,2,2,5,3,1,31,3,1,10,40,220,0,0,0,1,3,30,-30,0,78305,998,-40,29,0,4,1,1,0,5,2,995,9.8,998,998,998,99.8,99.8,99.8,1231.2810756814,11,5
18786,20,60,1-20-2020-060-03,3,2,4T1BF1FK5EU8,17,49,40,2014,4,1,3,0,1,F,3,1441,5,0,1,1,19,2,89,1,0,0,995,0,0,0,95076,9,1,0,4,2,1,2,1,1,1,0,2,0,0,2,1,0,0,9,0,1,4,62,1,1,1,3,G,51,0,0,0,0,0,0,0,0,0,0,220,40,0,0,0,1,3,45,-45,0,124433,998,-16,46,0,4,2,6,0,6,0,995,9.8,998,998,998,99.8,99.8,99.8,1231.2810756814,11,5
18786,20,60,1-20-2020-060-03,3,3,3VW217AUXGM0,17,30,42,2016,5,1,2,0,1,F,2,1318,5,9999,9,4,28,2,89,1,0,1,0,2,0,0,93906,1,1,0,4,2,1,2,1,1,1,0,2,0,0,2,1,0,0,1,0,1,3,52,99,1,1,6,M,98,0,0,0,0,0,0,0,0,0,0,230,170,0,0,0,2,12,999,999,999,9999999,999,999,999,7,0,1,2,0,4,0,995,9.8,998,998,998,99.8,99.8,99.8,1231.2810756814,11,5
18787,10,125,1-10-2020-125-07,7,1,3FAHP06Z17R1,17,12,23,2007,4,1,3,0,1,F,1,1407,5,0,1,1,6,2,64,1,0,0,995,0,0,0,45342,9,9,0,1,2,2,2,1,1,3,3,0,0,0,1,8,0,0,9,0,1,3,50,2,1,1,2,D,20,0,0,0,0,0,0,0,0,0,0,10,10,0,0,0,1,3,14,-14,0,10166,998,-10,13,0,4,0,0,0,0,0,995,9.8,998,998,998,99.8,99.8,99.8,900.560556733181,4,5
18787,10,125,1-10-2020-125-07,7,2,KNDJN2A24F77,17,63,37,2015,6,1,2,0,1,B,1,1287,5,0,1,4,33,2,64,1,0,0,995,0,0,0,45420,9,9,0,1,2,2,2,1,1,3,3,0,0,0,1,8,0,0,9,0,5,3,53,1,1,1,2,D,21,0,0,0,0,0,0,0,0,0,0,10,10,0,0,0,1,3,15,15,0,11665,998,0,15,0,4,0,0,0,0,0,995,9.8,998,998,998,99.8,99.8,99.8,900.560556733181,4,5
18788,30,110,1-30-2020-110-06,6,1,5XYKWDA26DG3,17,63,402,2013,14,3,14,0,1,F,1,1837,5,9999,9,4,37,2,40,1,0,0,995,0,0,0,85374,9,9,0,4,2,1,2,1,3,1,0,0,0,0,3,8,0,0,3,1,14,2,13,1,1,4,1,C,11,0,0,0,0,0,0,0,0,0,0,175,165,0,0,0,1,12,999,999,999,9999999,999,999,999,6,0,99,99,0,99,0,995,9.8,998,998,998,99.8,99.8,99.8,295.425399299635,10,5
18788,30,110,1-30-2020-110-06,6,2,1FTRX27L7XKB,17,12,481,1999,34,5,31,0,2,B,9,2007,5,9999,9,0,998,,,,,,,,,,,,,,,,,,,,,,,,,,,,,,,,,,,,,,,,,,,,,,,,,,,,,,,,,,,,,,,,,,95,95,95,95,,,,,,,,,,295.425399299635,10,5
18790,77,75,1-77-2020-075-02,2,1,4S3GKAK68H16,17,48,38,2017,4,1,3,0,1,T,2,1376,5,0,1,1,12,2,56,1,0,0,995,0,0,0,22903,9,9,0,4,2,1,2,1,3,1,1,2,0,0,2,1,0,0,1,1,14,6,87,98,2,4,1,A,3,1,6,2,2,1,4,61,1,2,22,997,997,0,0,0,3,6,999,999,999,9999999,999,999,999,7,0,1,1,0,6,3,997,0.0,48,70,85,19.0,1.8,19.0,82.8182922699722,9,5
18793,10,126,1-10-2020-126-07,7,1,1HGCP36819A0,17,37,32,2009,4,1,4,0,1,R,9,1621,5,9999,9,0,998,5,40,1,0,0,995,0,0,0,45345,9,9,2,3,3,98,2,1,1,1,0,3,0,0,1,1,0,0,9,0,1,2,17,99,1,1,5,L,87,0,0,0,0,0,0,0,0,0,0,180,90,0,0,0,1,0,999,999,999,9999999,999,999,999,9,0,95,95,95,95,0,995,9.8,998,998,998,99.8,99.8,99.8,2647.52750567634,4,5
18793,10,126,1-10-2020-126-07,7,2,2GNALBEK1F11,17,20,404,2015,14,3,14,0,1,F,2,1706,5,0,1,4,6,2,40,1,0,0,995,0,0,0,45401,9,9,2,4,4,2,2,1,1,1,1,1,0,0,1,1,1,2,1,0,1,4,66,99,1,1,5,L,86,0,0,0,0,0,0,0,0,0,0,90,180,0,0,0,1,12,999,999,999,9999999,999,999,999,7,0,0,0,0,0,0,995,9.8,998,998,998,99.8,99.8,99.8,2647.52750567634,4,5
18794,10,127,1-10-2020-127-02,2,1,1G1ZD5ST9LF0,17,20,37,2020,4,1,4,0,1,F,2,1418,5,0,1,1,5,2,40,1,0,0,995,0,0,0,45417,9,9,2,4,2,1,2,1,2,1,0,0,0,0,3,1,0,0,1,1,14,4,65,8,1,4,1,A,3,0,0,0,0,0,0,0,0,0,0,998,998,0,0,0,1,8,999,999,999,9999999,999,999,999,7,0,9,97,0,5,0,998,0.0,118,120,120,27.0,15.0,32.0,23.9883077480757,4,5
18795,10,128,1-10-2020-128-02,2,1,3C6UR5HL6HG6,17,7,482,2017,34,5,31,0,1,F,3,3090,5,0,1,4,29,2,105,1,1,1,0,1,1,3,43730,9,9,0,2,3,99,2,1,3,1,0,1,0,3,1,1,0,0,1,1,14,3,51,2,9,4,2,D,24,0,0,0,0,0,0,0,0,0,0,270,270,0,0,0,1,12,999,999,999,9999999,999,999,999,8,0,9,97,0,8,0,995,9.8,998,998,998,99.8,99.8,99.8,23.9883077429568,4,5
18795,10,128,1-10-2020-128-02,2,2,1FM5K8AR6HGD,17,12,401,2017,14,3,14,5,1,B,3,2067,5,0,1,4,22,2,105,1,0,8,997,8,0,0,45424,1,2,0,2,3,98,2,1,3,1,0,1,0,3,1,1,0,0,1,0,4,3,53,2,1,1,2,D,25,0,0,0,0,0,0,0,0,0,0,270,270,0,0,0,1,12,999,999,999,9999999,999,999,999,8,0,2,5,0,3,0,995,9.8,998,998,998,99.8,99.8,99.8,23.9883077429568,4,5
18796,10,129,1-10-2020-129-01,1,1,1G8AZ55F46Z1,17,24,7,2006,4,1,2,0,1,L,9,1221,5,9999,9,0,998,2,72,1,0,1,0,3,0,2,45414,1,9,0,4,2,1,1,1,1,1,1,2,0,0,1,1,0,0,9,1,1,2,12,99,1,4,1,B,6,0,0,0,0,0,0,0,0,0,0,998,998,0,0,7,1,0,999,999,999,9999999,999,999,999,9,0,5,38,1,1,0,998,0.0,999,999,999,0.0,0.0,0.0,40.460471161628,4,5
18797,14,62,1-14-2020-062-04,4,1,1GNSCBE09DR1,17,20,421,2013,15,3,15,99,1,B,2,2480,5,9999,9,0,998,5,97,1,0,0,995,0,0,0,78130,9,9,0,2,4,1,2,1,1,9,1,4,0,0,1,1,0,0,1,0,5,3,53,1,1,1,6,M,98,0,0,0,0,0,0,0,0,0,0,10,10,0,0,0,2,3,37,37,0,121521,998,0,39,0,4,95,95,95,95,0,995,9.8,998,998,998,99.8,99.8,99.8,207.684599173899,8,5
18797,14,62,1-14-2020-062-04,4,2,1FTEW1CP7GFA,17,12,481,2016,34,5,31,0,1,F,2,2028,5,0,1,1,34,2,97,1,0,0,995,0,0,0,78130,1,9,0,2,4,1,2,1,1,9,3,3,0,0,1,1,0,0,1,0,5,3,53,1,1,1,2,D,21,0,0,0,0,0,0,0,0,0,0,10,10,0,0,0,2,3,35,-35,0,92677,998,-21,33,0,4,0,0,0,0,0,995,9.8,998,998,998,99.8,99.8,99.8,207.684599173899,8,5
18797,14,62,1-14-2020-062-04,4,3,1FTEW1C83FFC,17,12,481,2015,34,5,31,0,1,F,9,2028,5,9999,9,0,998,2,97,1,0,0,995,0,0,0,78159,1,9,0,2,4,1,2,1,1,9,1,3,0,0,1,1,0,0,9,0,1,3,50,99,1,1,2,D,20,0,0,0,0,0,0,0,0,0,0,10,10,0,0,0,1,0,999,999,999,9999999,999,999,999,9,0,99,99,0,99,0,995,9.8,998,998,998,99.8,99.8,99.8,207.684599173899,8,5
18798,17,95,1-17-2020-095-07,7,1,2C4RDGBG4DR6,17,7,442,2013,20,4,20,0,1,L,9,2050,5,0,1,3,8,2,48,1,9,0,995,0,9,0,61265,9,9,0,3,2,1,2,1,3,1,1,3,0,0,1,1,0,0,9,1,14,2,10,99,1,2,4,J,72,0,0,0,0,0,0,0,0,0,0,55,60,0,0,0,1,12,999,999,999,9999999,999,999,999,9,0,0,0,0,0,0,995,9.8,998,998,998,99.8,99.8,99.8,1150.05051836444,4,5
18798,17,95,1-17-2020-095-07,7,2,2FMDK46C17BB,17,12,24,2007,6,1,2,99,1,R,9,1609,5,9999,9,0,998,5,48,1,9,0,995,0,9,0,52803,9,9,0,3,2,2,2,1,3,1,3,1,0,0,1,1,0,0,1,0,14,4,61,99,1,1,4,J,73,0,0,0,0,0,0,0,0,0,0,60,55,0,0,0,1,0,999,999,999,9999999,999,999,999,9,0,95,95,95,95,0,995,9.8,998,998,998,99.8,99.8,99.8,1150.05051836444,4,5
18799,17,96,1-17-2020-096-03,3,1,2C4RC1HG5FR5,17,6,441,2015,20,4,20,0,1,L,1,2115,5,0,1,3,21,2,48,1,9,0,995,0,9,0,66223,1,2,0,3,2,1,2,1,1,1,0,3,0,0,1,1,0,0,3,1,11,2,10,8,1,2,4,J,72,0,0,0,0,0,0,0,0,0,0,235,280,0,0,0,1,3,19,3,19,45358,998,5,23,0,4,0,0,0,0,0,995,9.8,998,998,998,99.8,99.8,99.8,237.303579962204,4,5
18799,17,96,1-17-2020-096-03,3,2,2GCVKPEC6K11,17,20,481,2019,34,5,31,0,1,F,1,2372,5,0,2,1,12,2,48,1,9,0,995,0,9,0,61265,1,2,0,3,2,2,2,1,1,1,3,0,0,0,1,1,0,0,1,0,1,4,61,2,1,1,4,J,73,0,0,0,0,0,0,0,0,0,0,280,235,0,0,0,1,3,18,-15,-9,20024,998,-61,14,0,4,1,1,0,4,0,995,9.8,998,998,998,99.8,99.8,99.8,237.303579962204,4,5
18800,11,62,1-11-2020-062-05,5,1,2T1BU4EE7DC0,17,49,32,2013,4,1,2,0,1,F,1,1260,5,0,1,5,7,2,72,1,0,0,995,0,0,0,23803,1,2,2,2,7,2,2,1,1,9,3,1,0,0,1,1,1,2,1,0,1,3,50,7,1,1,2,D,20,0,0,0,0,0,0,0,0,0,0,105,110,0,0,0,1,3,12,-12,0,7353,998,0,12,0,4,2,9,0,3,0,995,9.8,998,998,998,99.8,99.8,99.8,278.284469607467,8,5
18800,11,62,1-11-2020-062-05,5,2,4T3BA3BB8FU0,17,49,53,2015,5,1,4,0,1,B,1,1790,5,0,1,1,8,3,72,1,0,0,995,0,0,0,02368,9,9,2,2,7,2,2,1,1,9,3,1,0,0,1,1,1,2,1,0,5,3,53,99,1,1,2,D,22,0,0,0,0,0,0,0,0,0,0,110,105,0,0,0,1,3,9,9,-2,7256,998,84,9,0,4,99,99,0,8,0,995,9.8,998,998,998,99.8,99.8,99.8,278.284469607467,8,5
18800,11,62,1-11-2020-062-05,5,3,1FTYR2CG0JKB,17,12,462,2018,21,4,21,0,1,B,9,2268,5,9999,9,0,998,5,72,1,0,0,995,0,0,0,23836,9,9,2,2,7,2,2,1,1,9,1,1,0,0,1,1,1,2,1,0,5,3,53,99,1,1,6,M,98,0,0,0,0,0,0,0,0,0,0,110,110,0,0,0,2,0,999,999,999,9999999,999,999,999,9,0,95,95,95,95,0,995,9.8,998,998,998,99.8,99.8,99.8,278.284469607467,8,5
18801,11,63,1-11-2020-063-03,3,1,1GNEK13VX4J2,17,20,421,2004,15,3,15,0,1,F,9,2190,5,9999,9,0,998,5,97,1,0,0,995,0,0,0,23234,9,9,0,2,3,3,2,1,1,9,3,2,1,3,2,1,0,0,1,0,1,3,52,99,1,1,2,D,28,0,0,0,0,0,0,0,0,0,0,350,350,0,0,0,1,0,999,999,999,9999999,999,999,999,9,0,95,95,95,95,0,995,9.8,998,998,998,99.8,99.8,99.8,2467.31137079167,8,5
18801,11,63,1-11-2020-063-03,3,2,1N4BL4CV3LC2,17,35,47,2020,4,1,4,0,1,B,9,1545,5,0,1,6,7,2,97,1,0,0,995,0,0,0,23831,2,2,0,2,3,3,2,1,1,9,3,2,1,3,2,1,0,0,1,0,2,3,53,1,1,1,2,D,29,0,0,0,0,0,0,0,0,0,0,350,350,0,0,0,1,12,999,999,999,9999999,999,999,999,9,0,1,1,0,4,0,995,9.8,998,998,998,99.8,99.8,99.8,2467.31137079167,8,5
18802,24,120,1-24-2020-120-03,3,1,2C3CCAEG5GH1,17,6,51,2016,4,1,5,0,1,F,1,1797,5,0,1,3,14,2,40,1,0,0,995,0,0,0,08215,1,2,2,3,2,1,2,1,1,1,0,3,0,0,1,1,1,2,9,0,1,2,17,3,1,1,5,L,88,0,0,0,0,0,0,0,0,0,0,140,70,0,0,0,1,3,19,-18,-3,18486,998,-42,15,0,4,1,1,0,4,0,995,9.8,998,998,998,99.8,99.8,99.8,103.604787363096,1,5