CASEID,PSU,CASENO,CASENUMBER,CATEGORY,VEHNO,VIN,VINLENGTH,MAKE,MODEL,MODELYR,BODYTYPE,BODYCAT,VEHCLASS,SPECUSE,TRANSTAT,DAMPLANE,DAMSEV,CURBWT,CURBSRC,CARGOWT,CARGOSRC,INSPTYPE,INSPLAG,TOWED,SPEEDLIMIT,DRPRESENT,PARALCOHOL,ALCTEST,ALCTESTRESULT,ALCTESTSRC,PARDRUG,DRUGTEST,ZIP,RACE,ETHNICITY,RELTOJUNCT,TRAFFLOW,RDLANES,INITLANE,SURFTYPE,SURFCOND,ALIGNMENT,PROFILE,LINERIGHT,LINELEFT,RUMBINIT,RUMBROAD,LIGHTCOND,WEATHER,TRAFDEV,TRAFFUNCT,DISTRACT,PREFHE,PREMOVE,CRITCAT,CRITEVENT,MANEUVER,PRESTAB,PRELOC,CRASHCAT,CRASHCONF,CRASHTYPE,ROLLTYPE,ROLLTURN,ROLLINTRPT,ROLLPREMAN,ROLLINITYP,ROLLINLOC,ROLLOBJ,ROLLTRIP,ROLLDIR,ROLLDIST,DVANGTHIS,DVANGOTH,TOWHITCH,TRAJDOC,TREEPOLE,DVEVENT,DVBASIS,DVTOTAL,DVLONG,DVLAT,DVENERGY,DVSPEED,DVMOMENT,DVBES,DVEST,DVCONF,VAIS,VISS,VINJURED,VTREAT,INITOBJCLASS,HEADANGLECAT,SHLDRWIDTH,STRKLENGTH,STRKWIDTH,STRKHEIGHT,EDGEDISTX,EDGEDISTY,EDGEDISTZ,CASEWGT,PSUSTRAT,VERSION
18802,24,120,1-24-2020-120-03,3,2,1J8GL58K32W2,17,2,405,2002,14,3,14,0,1,L,1,1867,5,0,1,1,13,2,40,1,0,0,995,0,0,0,08401,2,2,2,4,2,1,2,1,1,1,0,2,0,0,1,1,1,2,9,0,4,4,66,99,1,1,5,L,89,0,0,0,0,0,0,0,0,0,0,70,140,0,0,0,1,3,18,3,18,33731,998,-29,21,0,4,1,1,0,4,0,995,9.8,998,998,998,99.8,99.8,99.8,103.604787363096,1,5
18803,24,121,1-24-2020-121-06,6,1,1HGCM82685A0,17,37,32,2005,2,1,3,0,1,L,9,1492,5,9999,9,0,998,2,40,1,0,0,995,0,0,0,08244,9,9,2,3,2,1,2,1,1,9,0,1,0,0,1,1,1,2,9,1,11,2,15,99,1,1,4,J,72,0,0,0,0,0,0,0,0,0,0,310,330,0,0,0,1,0,999,999,999,9999999,999,999,999,9,0,0,0,0,0,0,995,9.8,998,998,998,99.8,99.8,99.8,162.88175476769,1,5
18803,24,121,1-24-2020-121-06,6,2,5NPEB4AC5EH9,17,55,33,2014,4,1,4,0,1,9,1,1475,5,0,1,1,12,2,40,1,0,0,995,0,0,0,08401,2,2,2,3,2,2,2,1,1,9,1,0,0,0,1,1,1,2,9,0,1,4,61,1,1,1,4,J,73,0,0,0,0,0,0,0,0,0,0,330,310,0,0,0,1,12,999,999,999,9999999,999,999,999,6,0,0,0,0,4,0,995,9.8,998,998,998,99.8,99.8,99.8,162.88175476769,1,5
18804,24,122,1-24-2020-122-06,6,1,1FM5K8F84FGB,17,12,401,2015,14,3,14,0,1,F,2,2146,5,0,1,1,14,2,72,1,0,0,995,0,0,0,08244,1,2,2,4,2,1,2,1,1,1,1,2,1,0,1,1,0,0,9,1,1,2,13,3,1,4,1,A,1,0,0,0,0,0,0,0,0,0,0,998,998,0,0,1,2,1,25,-25,0,54203,998,7,25,0,1,1,1,0,3,0,998,2.7,15,38,18,0.0,0.0,0.0,162.881754800676,1,5
18805,24,123,1-24-2020-123-07,7,1,1C4PJMDS4FW5,17,2,404,2015,14,3,14,0,1,F,1,1788,5,0,1,1,10,2,80,1,0,0,995,0,0,0,08037,1,2,0,4,2,1,2,1,1,1,1,4,0,0,1,1,0,0,3,1,12,2,21,3,1,4,6,M,98,0,0,0,0,0,0,0,0,0,0,998,998,0,0,1,1,1,17,-17,0,22257,998,30,17,0,4,0,0,0,0,0,998,0.3,30,30,63,10.1,2.9,10.5,471.437852214306,1,5
18806,52,130,1-52-2020-130-03,3,1,3GCUYGEL6LG1,17,20,481,2020,34,5,31,0,1,B,1,2309,8,0,1,3,12,2,97,1,0,0,995,0,0,0,59105,1,2,2,5,3,2,2,1,1,1,4,4,0,0,1,1,1,2,1,0,2,4,61,1,1,1,2,D,30,0,0,0,0,0,0,0,0,0,0,60,50,0,0,0,1,3,12,12,-2,14159,998,-2,12,0,4,1,1,0,4,0,995,9.8,998,998,998,99.8,99.8,99.8,109.499891827026,12,5
18806,52,130,1-52-2020-130-03,3,2,1GNDT13S2221,17,20,401,2002,14,3,14,0,1,F,1,2099,5,0,1,1,14,2,97,1,0,1,11,2,0,1,59044,1,9,2,5,3,1,2,1,1,1,1,2,0,0,1,1,1,2,9,1,1,3,52,1,1,2,2,D,28,0,0,0,0,0,0,0,0,0,0,50,60,0,1,0,1,3,13,-13,0,16366,998,-54,13,0,4,3,14,1,3,0,995,9.8,998,998,998,99.8,99.8,99.8,109.499891827026,12,5
18807,52,131,1-52-2020-131-01,1,1,1GT42YEY6HF1,17,23,481,2017,34,5,31,0,1,F,3,3048,5,54,1,1,15,2,72,1,9,1,261,2,9,1,59105,1,2,0,1,2,1,2,1,3,1,1,3,0,0,3,1,0,0,9,1,14,2,13,99,9,4,1,A,1,1,1,2,2,2,4,44,4,2,999,998,998,0,1,2,3,11,999,999,999,9999999,999,999,999,8,0,6,75,1,1,3,998,3.0,5,7,-120,20.2,4.0,20.0,24.2767807390453,12,5
18808,52,132,1-52-2020-132-03,3,1,2GNALBEK2C13,17,20,404,2012,14,3,14,0,1,B,1,1706,5,9999,9,0,998,2,72,1,0,0,995,0,0,0,59050,9,9,2,1,3,2,2,1,3,1,1,3,0,0,1,8,0,0,9,0,2,2,18,99,1,1,2,D,29,0,0,0,0,0,0,0,0,0,0,310,320,0,0,0,1,3,12,12,0,10450,998,-60,11,0,4,1,1,0,4,0,995,9.8,998,998,998,99.8,99.8,99.8,109.499891827026,12,5
18808,52,132,1-52-2020-132-03,3,2,5J6RM4H9XGL0,17,37,402,2016,14,3,14,0,1,F,1,1586,5,0,1,1,36,2,72,1,1,1,183,1,0,0,59105,1,2,2,1,3,2,2,1,3,1,1,3,0,0,1,8,0,0,9,0,14,3,52,99,9,1,2,D,28,0,0,0,0,0,0,0,0,0,0,320,310,0,0,0,1,3,13,-13,2,12369,998,-20,14,0,4,2,5,0,3,0,995,9.8,998,998,998,99.8,99.8,99.8,109.499891827026,12,5
18809,52,133,1-52-2020-133-06,6,1,KNAFE1619850,17,63,33,2008,4,1,2,0,1,F,3,1290,5,9999,9,0,998,2,105,1,0,0,995,0,0,0,59034,9,9,0,2,2,2,2,1,1,1,3,2,1,3,1,1,0,0,9,0,1,3,52,99,1,1,2,D,28,0,0,0,0,0,0,0,0,0,0,20,20,0,0,0,1,3,52,-52,9,128807,998,34,47,0,4,0,0,0,0,0,995,9.8,998,998,998,99.8,99.8,99.8,221.505669689676,12,5
18809,52,133,1-52-2020-133-06,6,2,1N6BA0EC6FN5,17,35,481,2015,34,5,31,0,1,B,2,2521,5,0,1,1,22,2,105,1,0,0,995,0,0,0,59105,9,9,0,2,2,2,2,1,1,1,3,2,1,3,1,1,0,0,9,0,2,3,53,99,1,1,2,D,29,0,0,0,0,0,0,0,0,0,0,20,20,0,0,0,1,3,27,27,-5,116063,998,51,32,0,4,1,1,0,6,0,995,9.8,998,998,998,99.8,99.8,99.8,221.505669689676,12,5
18810,25,88,1-25-2020-088-09,9,1,WBAWR335X7PX,17,34,34,2007,1,1,3,0,1,F,1,1720,5,0,1,1,12,2,32,1,9,0,995,0,9,0,99999,9,9,0,4,2,1,2,1,3,4,1,2,0,0,2,1,6,2,9,1,14,2,13,99,2,4,1,A,5,0,0,0,0,0,0,0,0,0,0,998,998,0,1,0,3,12,999,999,999,9999999,999,999,999,6,0,99,99,0,99,0,998,0.6,15,15,999,7.8,2.7,8.3,364.527114585089,2,5
18812,25,90,1-25-2020-090-03,3,1,3KPA24AB3KE2,17,63,32,2019,4,1,2,0,1,F,1,1156,5,9999,9,5,6,2,56,1,0,0,995,0,7,0,04048,9,9,0,4,2,1,2,1,1,1,1,2,0,0,1,1,0,0,3,0,1,3,52,99,1,1,2,D,28,0,0,0,0,0,0,0,0,0,0,130,130,0,0,0,1,12,999,999,999,9999999,999,999,999,6,0,99,99,0,0,0,995,9.8,998,998,998,99.8,99.8,99.8,59.4455927942578,2,5
18812,25,90,1-25-2020-090-03,3,2,JTEBT14R5580,17,49,401,2005,14,3,14,0,1,B,9,2000,5,9999,9,0,998,5,56,1,8,0,995,0,7,0,04047,9,9,0,4,2,1,2,1,1,1,1,2,0,0,1,1,0,0,1,0,1,3,53,99,1,1,2,D,29,0,0,0,0,0,0,0,0,0,0,130,130,0,0,0,1,0,999,999,999,9999999,999,999,999,9,0,95,95,95,95,0,995,9.8,998,998,998,99.8,99.8,99.8,59.4455927942578,2,5
18813,23,38,1-23-2020-038-06,6,1,KNDJT2A69D77,17,63,37,2013,6,1,2,0,1,L,1,1260,5,0,1,1,14,2,72,1,0,0,995,0,0,0,43035,9,9,2,2,2,1,2,1,1,1,0,3,0,0,1,8,1,2,1,0,1,4,62,99,1,1,4,J,69,0,0,0,0,0,0,0,0,0,0,200,350,0,0,0,1,3,17,-6,16,31864,998,-53,23,0,4,99,99,0,5,0,995,0.0,20,5,5,0.0,0.0,0.0,692.642452262535,5,5
18813,23,38,1-23-2020-038-06,6,2,1FADP3H22HL2,17,12,37,2017,4,1,3,0,1,F,1,1340,5,9999,9,0,998,5,72,1,0,0,995,0,0,0,43035,9,9,2,2,1,1,2,1,1,1,1,2,0,0,1,8,1,2,1,1,11,2,15,99,1,1,4,J,68,0,0,0,0,0,0,0,0,0,0,350,200,0,0,0,1,3,16,-12,10,12149,998,125,11,0,4,95,95,95,95,0,995,9.8,998,998,998,99.8,99.8,99.8,692.642452262535,5,5
18814,23,39,1-23-2020-039-03,3,1,WDDUG7JB4HA3,17,42,43,2017,4,1,5,0,1,F,1,2180,5,9999,9,0,998,2,999,1,0,0,995,0,0,0,44035,9,9,2,4,6,3,2,1,1,1,1,3,0,0,1,1,1,2,9,0,1,2,17,99,1,1,4,J,69,0,0,0,0,0,0,0,0,0,0,110,215,0,0,0,1,3,6,-6,1,2390,998,101,4,0,4,99,99,0,5,0,995,9.8,998,998,998,99.8,99.8,99.8,417.885915668943,5,5
18814,23,39,1-23-2020-039-03,3,2,4S4BRCKC3D32,17,48,45,2013,5,1,3,0,1,R,1,1619,5,0,1,1,40,2,999,1,0,0,995,0,0,0,43016,9,9,2,4,6,4,2,1,1,1,1,2,0,0,1,1,1,2,9,0,11,4,63,99,1,1,4,J,68,0,0,0,0,0,0,0,0,0,0,215,110,0,0,0,1,3,7,-4,-6,5598,998,50,9,0,4,99,99,0,5,0,995,9.8,998,998,998,99.8,99.8,99.8,417.885915668943,5,5
18815,28,62,1-28-2020-062-04,4,1,2T3P1RFV8LW1,17,49,402,2020,14,3,14,0,1,F,1,1583,5,46,1,1,3,2,113,1,0,0,995,0,0,0,22191,2,2,0,2,2,1,2,2,2,1,1,3,2,1,2,2,0,0,1,1,14,2,13,3,2,4,1,A,3,0,0,0,0,0,0,0,0,0,0,998,998,0,0,0,1,1,9,-3,-9,14750,998,-176,9,0,4,0,0,0,0,0,998,2.8,120,36,110,0.0,0.0,0.0,133.666934872975,3,5
18817,16,100,1-16-2020-100-01,1,1,4T1BE32K33U2,17,49,40,2003,4,1,3,0,1,F,9,1435,5,9999,9,0,998,2,56,1,0,0,995,0,1,3,45233,9,9,2,4,5,2,2,1,2,3,3,1,0,0,1,1,0,0,9,1,14,2,10,99,1,2,3,G,50,0,0,0,0,0,0,0,0,0,0,35,240,0,0,0,1,0,999,999,999,9999999,999,999,999,9,0,9,97,0,8,0,995,9.8,998,998,998,99.8,99.8,99.8,28.4452193864604,5,5
18817,16,100,1-16-2020-100-01,1,2,1FALP52U6TA1,17,12,17,1996,4,1,3,0,1,F,9,1497,5,9999,9,0,998,2,56,1,0,1,0,3,0,2,45233,1,9,2,1,2,2,2,1,3,3,3,2,0,0,1,1,0,0,1,0,14,4,62,99,1,1,3,G,51,0,0,0,0,0,0,0,0,0,0,240,35,0,0,0,1,0,999,999,999,9999999,999,999,999,9,0,5,43,1,1,0,995,0.0,999,999,999,0.0,0.0,0.0,28.4452193864604,5,5
18818,16,101,1-16-2020-101-03,3,1,1GNEK13T9YJ1,17,20,421,2000,15,3,15,0,1,L,9,2211,5,9999,9,0,998,2,56,1,0,0,995,0,0,0,45205,9,9,2,4,2,1,2,2,1,5,0,2,0,0,3,2,1,2,1,0,1,2,17,99,1,1,5,L,89,0,0,0,0,0,0,0,0,0,0,5,95,0,0,0,1,0,999,999,999,9999999,999,999,999,9,0,99,99,0,99,0,995,9.8,998,998,998,99.8,99.8,99.8,384.659567450124,5,5
18818,16,101,1-16-2020-101-03,3,2,1N4BL4BVXLC1,17,35,47,2020,4,1,4,0,1,F,2,1545,5,9999,9,4,23,2,56,1,0,0,995,0,0,1,45238,9,9,2,4,4,2,2,2,1,3,1,2,0,0,3,2,1,2,1,0,1,4,66,99,1,1,5,L,88,0,0,0,0,0,0,0,0,0,0,95,5,0,0,0,1,12,999,999,999,9999999,999,999,999,7,0,99,99,0,99,0,995,9.8,998,998,998,99.8,99.8,99.8,384.659567450124,5,5
18819,59,47,1-59-2020-047-02,2,1,999999999999,99,12,402,2007,14,3,14,0,1,F,2,1540,5,9999,9,4,33,2,48,1,0,0,995,0,0,0,62441,9,9,0,4,4,2,2,1,1,1,3,2,0,0,1,1,0,0,9,0,1,3,50,99,1,1,2,D,20,0,0,0,0,0,0,0,0,0,0,190,190,0,0,0,1,12,999,999,999,9999999,999,999,999,7,0,99,99,0,99,0,995,9.8,998,998,998,99.8,99.8,99.8,69.7717194653795,6,5
18819,59,47,1-59-2020-047-02,2,2,1FM5K8AR6GGC,17,12,401,2016,14,3,14,5,1,B,1,2146,5,9999,9,4,7,5,48,1,0,1,0,1,0,0,47850,9,9,0,4,4,2,2,1,1,1,3,2,0,0,1,1,0,0,9,0,5,3,53,1,1,1,6,M,98,0,0,0,0,0,0,0,0,0,0,190,190,0,0,0,2,12,999,999,999,9999999,999,999,999,6,0,95,95,95,95,0,995,9.8,998,998,998,99.8,99.8,99.8,69.7717194653795,6,5
18819,59,47,1-59-2020-047-02,2,3,3GNCJLSB0HL2,17,20,406,2017,14,3,14,0,1,B,2,1382,5,9999,9,4,7,2,48,1,0,0,995,0,0,0,47805,9,9,0,4,4,2,2,1,1,1,3,2,0,0,1,1,0,0,9,0,5,3,53,99,1,1,2,D,21,0,0,0,0,0,0,0,0,0,0,190,190,0,0,0,1,12,999,999,999,9999999,999,999,999,7,0,1,1,0,4,0,995,9.8,998,998,998,99.8,99.8,99.8,69.7717194653795,6,5
18820,59,48,1-59-2020-048-02,2,1,2T3BFREV5GW4,17,49,402,2016,14,3,14,0,1,L,1,1610,5,0,1,1,4,2,48,1,8,0,995,0,7,0,47803,9,9,2,4,2,1,2,1,1,1,3,3,0,0,1,1,1,2,9,0,1,2,17,4,1,1,5,L,89,0,0,0,0,0,0,0,0,0,0,280,10,0,0,0,1,1,16,-8,14,9478,998,-58,11,0,1,1,1,0,4,0,995,9.8,998,998,998,99.8,99.8,99.8,69.7717194653795,6,5
18820,59,48,1-59-2020-048-02,2,2,1G1YD2D73H51,17,20,4,2017,2,1,3,0,1,F,1,1497,5,0,1,1,4,2,48,1,8,0,995,0,7,0,47805,1,2,2,4,3,1,2,1,1,1,0,1,0,0,1,1,1,2,1,0,1,4,66,2,1,1,5,L,88,0,0,0,0,0,0,0,0,0,0,10,280,0,0,0,1,1,17,-15,-9,42083,998,-111,20,0,1,0,0,0,0,0,995,9.8,998,998,998,99.8,99.8,99.8,69.7717194653795,6,5
18821,66,58,1-66-2020-058-09,9,1,KMHWF25H12A6,17,55,33,2002,4,1,3,0,1,F,1,1476,5,0,1,1,6,2,40,1,9,0,995,0,7,0,65707,9,9,0,4,2,1,2,1,1,1,0,0,0,0,3,8,0,0,9,1,1,2,12,2,2,4,1,B,6,0,0,0,0,0,0,0,0,0,0,998,998,0,1,1,1,1,20,-20,0,26354,998,-19,20,0,1,9,97,0,99,0,998,0.0,65,65,118,42.5,4.1,42.7,338.172586007975,6,5
18822,66,59,1-66-2020-059-04,4,1,SHHFK7H43JU2,17,37,31,2018,5,1,3,0,1,F,9,1323,5,9999,9,0,998,3,113,1,1,9,998,8,7,0,65712,1,2,1,2,3,2,2,1,1,1,3,3,0,1,2,1,0,0,1,1,1,2,13,1,1,4,1,A,1,0,0,0,0,0,0,0,0,0,0,998,998,0,0,3,1,0,999,999,999,9999999,999,999,999,9,0,0,0,0,0,0,998,3.0,7,7,55,10.1,3.5,10.4,242.423797801798,6,5
18823,73,69,1-73-2020-069-09,9,1,JTDBR32E0300,17,49,32,2003,4,1,2,0,1,F,2,1130,5,0,1,1,7,2,113,1,8,0,995,0,7,0,04472,9,9,1,1,3,1,2,1,2,9,1,2,2,3,2,1,0,0,3,1,14,2,12,99,1,4,1,B,6,0,0,0,0,0,0,0,0,0,0,998,998,0,0,0,1,1,32,-32,0,46621,998,-8,31,0,1,1,1,0,5,0,998,3.7,999,999,999,0.0,0.0,0.0,74.7507789484778,3,5
18825,25,91,1-25-2020-091-10,10,1,3FAHP0HG8AR3,17,12,23,2010,4,1,3,0,1,F,1,1563,5,9999,9,4,16,2,64,1,8,0,995,0,7,0,04009,9,9,2,4,3,2,2,1,1,1,1,2,0,0,1,1,1,2,9,1,11,2,15,99,1,1,4,J,74,0,0,0,0,0,0,0,0,0,0,340,160,0,0,0,1,5,999,999,999,9999999,999,999,999,6,0,0,0,0,0,0,995,9.8,998,998,998,99.8,99.8,99.8,1355.55737840475,2,5
18825,25,91,1-25-2020-091-10,10,2,1HD1FMW131Y6,17,72,706,2001,80,9,80,0,1,L,9,,,,,,,5,64,1,8,0,995,0,7,0,04002,9,9,2,4,2,1,2,1,1,2,1,2,0,0,1,1,1,2,1,0,1,4,62,99,1,1,4,J,74,,,,,,,,,,,,,,,,,,,,,,,,,,,95,95,95,95,,,9.8,998,998,998,99.8,99.8,99.8,1355.55737840475,2,5
18826,31,55,1-31-2020-055-04,4,1,3GNAXKEV1KS5,17,20,404,2019,14,3,14,0,1,F,1,1485,5,0,1,1,5,2,89,1,0,0,995,0,0,0,62859,9,9,0,4,2,1,2,1,1,1,1,4,0,0,5,1,0,0,9,0,1,6,87,99,1,1,1,C,13,0,0,0,0,0,0,0,0,0,0,998,998,0,0,0,1,10,999,999,999,9999999,999,26,17,2,0,0,0,0,0,0,998,9.8,998,998,998,99.8,99.8,99.8,245.05449028579,6,5
18827,31,56,1-31-2020-056-09,9,1,2G1WT57K0911,17,20,2,2009,4,1,4,0,1,F,2,1630,5,0,1,1,2,2,89,1,0,0,995,0,0,0,62821,1,2,0,4,2,1,4,1,2,1,0,0,0,0,2,1,0,0,1,1,14,2,12,2,2,4,1,C,14,0,0,0,0,0,0,0,0,0,0,998,998,0,1,0,1,7,999,999,999,9999999,999,999,999,7,0,2,6,0,6,0,998,0.0,120,120,999,10.8,0.4,10.8,415.424842915104,6,5
18828,27,65,1-27-2020-065-03,3,1,1N4AL3AP7GC2,17,35,47,2016,4,1,4,0,1,F,1,1453,5,0,1,1,12,2,40,1,0,9,998,8,0,9,01247,1,2,2,1,2,2,2,1,2,1,1,0,0,0,1,1,2,2,1,0,14,2,17,4,1,1,4,J,69,0,0,0,0,0,0,0,0,0,0,50,180,0,0,0,1,1,17,-17,3,22178,998,33,19,0,4,1,2,0,6,0,995,9.8,998,998,998,99.8,99.8,99.8,60.8716429148272,3,5
18828,27,65,1-27-2020-065-03,3,2,2C4RDGBG3GR2,17,7,442,2016,20,4,20,0,1,R,1,2050,5,0,1,1,12,2,40,1,0,9,998,8,0,9,01235,9,9,2,1,3,3,2,1,1,1,0,2,0,0,1,1,0,0,9,0,11,4,63,1,1,1,4,J,68,0,0,0,0,0,0,0,0,0,0,180,50,0,0,0,1,1,13,-10,-8,20665,998,128,12,0,4,0,0,0,0,0,995,9.8,998,998,998,99.8,99.8,99.8,60.8716429148272,3,5
18829,27,66,1-27-2020-066-04,4,1,1C3CCCAB9FN6,17,6,18,2015,4,1,3,0,1,F,1,1575,5,0,1,1,33,2,48,1,0,9,998,8,0,0,12553,9,9,2,4,2,1,2,1,1,2,1,2,0,0,1,1,2,2,9,0,1,2,17,2,1,1,5,L,90,0,0,0,0,0,0,0,0,0,0,300,45,0,0,0,1,1,20,-17,10,55902,998,71,27,0,4,0,0,0,0,0,995,9.8,998,998,998,99.8,99.8,99.8,205.996793546473,3,5
18829,27,66,1-27-2020-066-04,4,2,KM8K2CAA0KU3,17,55,404,2019,14,3,14,0,1,F,1,1399,5,0,1,1,9,2,48,1,0,9,998,8,0,9,01201,9,9,2,4,2,1,2,1,1,1,1,2,0,0,1,1,0,0,9,0,1,4,66,99,1,1,5,L,90,0,0,0,0,0,0,0,0,0,0,45,300,0,0,0,1,1,20,-16,-13,13581,998,-81,12,0,4,0,0,0,0,0,995,9.8,998,998,998,99.8,99.8,99.8,205.996793546473,3,5
18830,12,68,1-12-2020-068-09,9,1,1HGCF86651A0,17,37,32,2001,4,1,3,0,1,F,2,1375,5,0,1,1,8,2,56,1,0,0,995,0,0,0,73401,9,9,2,4,2,1,1,1,1,1,1,4,0,0,1,1,0,0,9,1,1,2,10,1,1,2,3,G,50,0,0,0,0,0,0,0,0,0,0,175,5,0,0,0,1,3,35,-35,6,60967,998,15,33,0,4,99,99,0,99,0,995,9.8,998,998,998,99.8,99.8,99.8,2056.26203188067,9,5
18830,12,68,1-12-2020-068-09,9,2,1GCVKNEC8HZ3,17,20,481,2017,34,5,31,0,1,F,1,2373,4,9999,9,0,998,5,56,1,0,0,995,0,0,0,73458,9,9,2,4,2,1,1,1,1,1,1,4,0,0,1,1,0,0,9,0,1,4,62,99,1,1,3,G,51,0,0,0,0,0,0,0,0,0,0,5,175,0,0,0,1,3,21,-20,7,61290,998,85,23,0,4,95,95,95,95,0,995,9.8,998,998,998,99.8,99.8,99.8,2056.26203188067,9,5
18831,12,69,1-12-2020-069-03,3,1,3FA6P0HD4JR1,17,12,23,2018,4,1,4,0,1,L,2,1558,5,0,1,1,21,2,121,1,0,0,995,0,0,0,73086,9,9,0,2,2,1,1,1,1,1,1,3,2,3,1,1,0,0,9,1,15,2,10,99,1,2,2,F,47,0,0,0,0,0,0,0,0,0,0,5,5,0,0,0,1,5,999,999,999,9999999,999,999,999,7,0,99,99,0,99,0,995,1.3,120,999,999,4.3,2.7,5.3,327.277672979109,9,5
18831,12,69,1-12-2020-069-03,3,2,999999999999,99,82,881,2007,66,8,68,0,1,R,9,,,,,,,5,121,1,0,0,995,0,0,0,67357,9,9,0,2,2,2,1,1,1,1,3,2,1,3,1,1,0,0,9,0,1,4,61,99,1,1,2,F,45,,,,,,,,,,,,,,,,,,,,,,,,,,,95,95,95,95,,,9.8,998,998,998,99.8,99.8,99.8,327.277672979109,9,5
18832,76,64,1-76-2020-064-03,3,1,SALFT2BN4BH2,17,62,424,2011,15,3,15,0,1,F,1,1930,5,0,1,1,21,2,89,1,8,0,995,0,7,0,12413,1,9,2,2,3,3,2,1,1,1,1,2,0,0,1,1,0,0,9,0,11,2,15,99,1,1,4,J,68,0,0,0,0,0,0,0,0,0,0,270,150,0,0,0,1,5,999,999,999,9999999,999,999,24,2,0,1,1,0,5,0,995,9.8,998,998,998,99.8,99.8,99.8,16.5199357957095,3,5
18832,76,64,1-76-2020-064-03,3,2,1FD8X3FT4LEC,17,12,481,2020,40,6,45,0,1,F,1,3243,8,181,1,1,21,2,89,1,8,0,995,0,7,0,12413,1,2,2,2,3,1,2,1,1,1,1,3,0,0,1,1,0,0,9,0,1,4,62,99,1,1,4,J,69,0,0,0,0,0,0,0,0,0,0,150,270,0,1,0,1,5,999,999,999,9999999,999,999,16,2,0,1,1,0,5,0,995,9.8,998,998,998,99.8,99.8,99.8,16.5199357957095,3,5
18833,76,65,1-76-2020-065-07,7,1,3A8FY48B98T1,17,6,52,2008,6,1,2,0,1,F,1,1498,5,0,1,1,14,2,89,1,8,9,998,8,7,9,12470,9,9,3,4,2,1,2,1,1,1,1,2,1,1,1,1,0,0,3,1,6,4,61,99,1,1,4,J,73,0,0,0,0,0,0,0,0,0,0,200,175,0,0,0,1,12,999,999,999,9999999,999,999,999,6,0,0,0,0,0,0,995,9.8,998,998,998,99.8,99.8,99.8,41.1079167933775,3,5
18833,76,65,1-76-2020-065-07,7,2,4T4BF1FK2DR3,17,49,40,2013,4,1,3,0,1,L,9,1441,5,9999,9,0,998,2,89,1,8,9,998,8,7,9,12192,9,9,3,4,2,1,2,1,1,1,1,2,1,1,1,1,0,0,9,0,11,2,15,99,1,1,4,J,72,0,0,0,0,0,0,0,0,0,0,175,200,0,0,0,1,0,999,999,999,9999999,999,999,999,9,0,0,0,0,0,0,995,9.8,998,998,998,99.8,99.8,99.8,41.1079167933775,3,5
18835,19,126,1-19-2020-126-04,4,1,4T1B11HK5KU2,17,49,40,2019,4,1,4,0,1,L,1,1495,5,0,1,1,9,2,56,1,0,0,995,0,0,0,35901,9,9,2,4,2,1,2,2,1,1,1,2,0,0,1,2,2,2,9,0,1,2,17,8,1,1,5,L,89,0,0,0,0,0,0,0,0,0,0,250,325,0,0,0,1,1,11,-2,10,5860,998,-132,7,0,4,0,0,0,0,0,995,9.8,998,998,998,99.8,99.8,99.8,176.377504584065,9,5
18835,19,126,1-19-2020-126-04,4,2,1G8ZH1279VZ1,17,24,2,1997,2,1,2,0,1,F,1,1050,5,0,1,1,9,2,72,1,0,0,995,0,0,0,35904,1,9,2,3,2,1,2,2,1,5,1,2,0,0,1,2,0,0,1,0,1,4,66,2,1,1,5,L,88,0,0,0,0,0,0,0,0,0,0,325,250,0,0,0,1,1,15,-13,-7,18192,998,-70,18,0,4,0,0,0,0,0,995,9.8,998,998,998,99.8,99.8,99.8,176.377504584065,9,5
18836,19,127,1-19-2020-127-04,4,1,KNDJ23AU4L77,17,63,37,2020,6,1,2,0,1,F,1,1290,5,0,1,1,4,2,40,1,0,0,995,0,1,0,35954,1,2,0,4,2,1,2,1,3,2,0,0,0,0,1,8,0,0,3,1,14,2,13,9,1,4,1,A,3,0,0,0,0,0,0,0,0,0,0,998,998,0,1,0,1,12,999,999,999,9999999,999,999,999,6,0,0,0,0,0,0,998,0.0,8,120,11,31.2,5.6,31.8,176.377504584065,9,5
18837,19,128,1-19-2020-128-03,3,1,1G1ZB5E17BF1,17,20,37,2011,4,1,4,0,1,F,1,1549,5,0,1,1,3,2,72,1,0,0,995,0,0,0,35954,1,2,2,4,2,1,2,1,1,1,1,2,0,0,5,1,0,0,1,0,1,3,52,3,1,1,2,D,28,0,0,0,0,0,0,0,0,0,0,45,45,0,1,0,1,1,16,-16,0,26785,998,-18,20,0,4,0,0,0,0,0,995,9.8,998,998,998,99.8,99.8,99.8,58.8089609216446,9,5
18837,19,128,1-19-2020-128-03,3,2,1C4NJPBB6GD6,17,2,407,2016,14,3,14,0,1,B,1,1423,5,0,1,1,3,2,72,1,0,0,995,0,0,0,35956,1,2,2,4,2,1,2,1,1,1,1,2,0,0,5,1,0,0,1,0,2,3,53,1,1,1,2,D,29,0,0,0,0,0,0,0,0,0,0,45,45,0,0,0,1,1,16,16,0,8080,998,0,11,0,4,1,1,0,4,0,995,9.8,998,998,998,99.8,99.8,99.8,58.8089609216446,9,5