CASEID,PSU,CASENO,CASENUMBER,CATEGORY,VEHNO,VIN,VINLENGTH,MAKE,MODEL,MODELYR,BODYTYPE,BODYCAT,VEHCLASS,SPECUSE,TRANSTAT,DAMPLANE,DAMSEV,CURBWT,CURBSRC,CARGOWT,CARGOSRC,INSPTYPE,INSPLAG,TOWED,SPEEDLIMIT,DRPRESENT,PARALCOHOL,ALCTEST,ALCTESTRESULT,ALCTESTSRC,PARDRUG,DRUGTEST,ZIP,RACE,ETHNICITY,RELTOJUNCT,TRAFFLOW,RDLANES,INITLANE,SURFTYPE,SURFCOND,ALIGNMENT,PROFILE,LINERIGHT,LINELEFT,RUMBINIT,RUMBROAD,LIGHTCOND,WEATHER,TRAFDEV,TRAFFUNCT,DISTRACT,PREFHE,PREMOVE,CRITCAT,CRITEVENT,MANEUVER,PRESTAB,PRELOC,CRASHCAT,CRASHCONF,CRASHTYPE,ROLLTYPE,ROLLTURN,ROLLINTRPT,ROLLPREMAN,ROLLINITYP,ROLLINLOC,ROLLOBJ,ROLLTRIP,ROLLDIR,ROLLDIST,DVANGTHIS,DVANGOTH,TOWHITCH,TRAJDOC,TREEPOLE,DVEVENT,DVBASIS,DVTOTAL,DVLONG,DVLAT,DVENERGY,DVSPEED,DVMOMENT,DVBES,DVEST,DVCONF,VAIS,VISS,VINJURED,VTREAT,INITOBJCLASS,HEADANGLECAT,SHLDRWIDTH,STRKLENGTH,STRKWIDTH,STRKHEIGHT,EDGEDISTX,EDGEDISTY,EDGEDISTZ,CASEWGT,PSUSTRAT,VERSION
18837,19,128,1-19-2020-128-03,3,3,1N4AL2AP9CC1,17,35,47,2012,4,1,4,0,1,B,9,1437,5,9999,9,0,998,5,72,1,0,0,995,0,0,0,35904,9,9,2,4,2,1,2,1,1,1,1,2,0,0,5,1,0,0,9,0,5,3,53,1,1,1,6,M,98,0,0,0,0,0,0,0,0,0,0,45,45,0,0,0,2,0,999,999,999,9999999,999,999,999,9,0,95,95,95,95,0,995,9.8,998,998,998,99.8,99.8,99.8,58.8089609216446,9,5
18838,26,118,1-26-2020-118-08,8,1,1D7HE22K65S2,17,7,472,2005,34,5,30,0,1,R,2,1942,5,0,1,1,18,2,64,1,1,1,134,2,0,0,95660,1,9,2,1,4,4,2,1,1,1,3,0,0,0,3,1,0,0,9,1,1,2,12,99,9,4,3,I,64,0,0,0,0,0,0,0,0,0,0,60,340,0,1,0,1,3,31,5,-31,120008,998,6,39,0,4,1,1,0,4,0,995,0.0,42,10,13,0.0,0.0,0.0,242.14411394798,10,5
18838,26,118,1-26-2020-118-08,8,2,WBXPA934X6WD,17,34,402,2006,14,3,14,99,1,F,2,1845,5,9999,9,0,998,2,64,1,0,0,995,0,0,0,27616,2,9,2,1,3,3,2,1,1,1,3,0,0,0,3,1,0,0,1,0,1,4,62,3,1,1,3,I,65,0,0,0,0,0,0,0,0,0,0,340,60,0,1,0,1,3,33,-33,0,40163,998,0,23,0,4,1,1,0,99,0,995,9.8,998,998,998,99.8,99.8,99.8,242.14411394798,10,5
18839,26,119,1-26-2020-119-05,5,1,1C3CCBCB7CN2,17,6,18,2012,4,1,3,0,1,F,1,1537,5,0,1,1,17,2,72,1,0,1,0,2,0,2,95624,1,9,2,1,3,1,2,2,3,1,1,3,0,0,3,2,1,2,9,1,14,2,13,2,1,4,1,A,1,0,0,0,0,0,0,0,0,0,0,998,998,0,1,1,4,1,24,-23,4,35652,998,-16,24,0,4,4,34,1,3,0,998,2.0,75,22,22,19.9,2.0,20.0,32.0800133323475,10,5
18840,26,120,1-26-2020-120-05,5,1,5NPEC4AC2EH8,17,55,33,2014,4,1,4,0,1,F,2,1475,5,0,1,1,18,2,105,1,1,8,997,8,9,9,95838,9,1,0,2,5,3,1,1,1,1,3,3,0,0,3,1,0,0,9,1,1,2,12,99,9,4,1,B,6,0,0,0,0,0,0,0,0,0,0,998,998,0,0,0,1,1,33,-31,11,65257,998,28,32,0,1,3,22,1,3,0,998,5.0,999,999,999,0.0,0.0,0.0,32.0800133323475,10,5
18841,26,121,1-26-2020-121-04,4,1,1C4RJFBG3KC6,17,2,422,2019,15,3,15,0,1,L,1,2211,5,0,1,1,15,2,48,1,0,0,995,0,0,0,95816,1,2,0,4,2,98,2,1,1,1,0,1,0,0,1,1,0,0,2,1,8,2,10,1,1,7,2,F,48,0,0,0,0,0,0,0,0,0,0,140,180,0,1,0,1,1,22,17,14,61171,998,68,24,0,1,0,0,0,0,0,995,9.8,998,998,998,99.8,99.8,99.8,1358.63771546689,10,5
18841,26,121,1-26-2020-121-04,4,2,SALTW16443A8,17,62,401,2003,14,3,14,0,1,F,1,2075,5,0,1,1,15,2,48,1,0,0,995,0,0,0,95817,1,9,0,4,2,1,2,1,1,1,1,4,0,0,1,1,0,0,1,0,1,4,64,99,1,1,2,F,48,0,0,0,0,0,0,0,0,0,0,180,140,0,0,0,1,1,23,-23,0,37729,998,29,21,0,1,1,1,0,99,0,995,9.8,998,998,998,99.8,99.8,99.8,1358.63771546689,10,5
18841,26,121,1-26-2020-121-04,4,3,4S4WX9GD8D44,17,48,402,2013,14,3,14,99,2,L,9,1914,5,9999,9,0,998,,,,,,,,,,,,,,,,,,,,,,,,,,,,,,,,,,,,,,,,,,,,,,,,,,,,,,,,,,,,,,,,,,95,95,95,95,,,,,,,,,,1358.63771546689,10,5
18842,29,119,1-29-2020-119-04,4,1,1GT423C80FF6,17,23,481,2015,34,5,31,0,1,B,9,3054,5,9999,9,0,998,5,89,1,0,0,995,0,0,0,02719,9,9,1,3,1,1,2,1,3,9,1,2,0,0,2,1,3,2,1,1,15,2,10,99,1,2,4,K,78,0,0,0,0,0,0,0,0,0,0,90,85,1,0,0,1,0,999,999,999,9999999,999,999,999,9,0,95,95,95,95,0,995,9.8,998,998,998,99.8,99.8,99.8,70.9222072223363,2,5
18842,29,119,1-29-2020-119-04,4,2,4S4BSATC8J32,17,48,45,2018,6,1,3,0,1,F,1,1614,5,0,1,1,11,2,89,1,0,0,995,0,0,0,02739,1,2,1,2,3,1,2,1,1,9,1,3,0,0,2,1,0,0,1,0,1,4,61,3,1,1,4,K,79,0,0,0,0,0,0,0,0,0,0,85,90,0,0,0,1,8,999,999,999,9999999,999,999,999,6,0,0,0,0,0,0,995,9.8,998,998,998,99.8,99.8,99.8,70.9222072223363,2,5
18843,29,120,1-29-2020-120-09,9,1,WAUDF78E97A2,17,32,43,2007,4,1,3,0,1,F,2,1660,5,0,1,1,7,2,48,1,0,0,995,0,0,0,02360,9,9,1,3,2,2,2,1,2,1,3,1,0,0,1,1,0,0,1,1,14,2,12,99,9,4,1,B,7,0,0,0,0,0,0,0,0,0,0,998,998,0,0,0,1,10,999,999,999,9999999,999,999,999,7,0,9,97,0,8,0,998,9.9,999,999,999,99.9,99.9,99.9,143.473294794575,2,5
18844,29,121,1-29-2020-121-06,6,1,5UXFG83509LZ,17,34,44,2009,5,1,5,0,1,F,1,2220,5,9999,9,4,34,2,40,1,8,9,998,8,7,9,02746,9,9,2,4,2,1,2,1,1,1,0,2,0,0,3,99,1,2,9,1,6,2,10,99,1,2,4,J,73,0,0,0,0,0,0,0,0,0,0,20,350,0,0,0,1,3,10,-10,-4,10667,998,-80,9,0,4,0,0,0,0,0,995,9.8,998,998,998,99.8,99.8,99.8,36.4277385468819,2,5
18844,29,121,1-29-2020-121-06,6,2,1N4AL3AP9DN5,17,35,47,2013,4,1,4,0,1,L,1,1420,5,0,1,1,6,2,40,1,8,9,998,8,7,9,02719,9,9,2,4,2,1,2,1,1,1,0,2,0,0,3,99,1,2,9,0,11,4,60,1,1,1,4,J,72,0,0,0,0,0,0,0,0,0,0,350,20,0,0,0,1,3,16,10,12,24850,998,-82,17,0,4,99,99,0,8,0,995,9.8,998,998,998,99.8,99.8,99.8,36.4277385468819,2,5
18845,29,122,1-29-2020-122-03,3,1,3FDXF46FXXMA,17,12,880,1999,67,8,60,0,1,F,9,,,,,,,5,48,1,8,9,998,8,7,9,02719,9,9,3,4,2,1,2,99,1,1,1,2,0,0,1,99,0,0,9,0,1,3,52,8,1,1,2,D,28,,,,,,,,,,,,,,,,,,,,,,,,,,,95,95,95,95,,,9.8,998,998,998,99.8,99.8,99.8,21.9776290326403,2,5
18845,29,122,1-29-2020-122-03,3,2,19XFC2F58HE2,17,37,31,2017,4,1,3,0,1,B,2,1244,5,0,1,1,7,2,48,1,8,9,998,8,7,9,02746,9,9,3,4,2,1,2,99,1,1,1,2,0,0,1,99,0,0,9,0,2,3,53,99,1,1,2,D,29,0,0,0,0,0,0,0,0,0,0,10,0,0,0,0,1,5,999,999,999,9999999,999,999,999,7,0,9,97,0,8,0,995,9.8,998,998,998,99.8,99.8,99.8,21.9776290326403,2,5
18846,19,129,1-19-2020-129-10,10,1,WDBUF56X47A9,17,42,48,2007,4,1,4,0,1,L,1,1785,5,0,1,1,11,2,72,1,0,1,0,2,0,0,35904,1,9,2,4,2,1,2,1,1,1,1,2,0,0,2,1,2,2,9,0,10,2,16,99,1,1,4,K,78,0,0,0,0,0,0,0,0,0,0,130,210,0,1,0,1,3,24,4,24,54384,998,-4,27,0,4,1,1,0,4,0,995,9.8,998,998,998,99.8,99.8,99.8,1669.23136647753,9,5
18846,19,129,1-19-2020-129-10,10,2,3GTUZNELXGG1,17,23,481,2016,34,5,31,0,1,F,1,2405,8,9999,9,0,998,5,89,1,0,0,995,0,0,0,35124,9,9,2,4,2,1,2,1,1,1,1,2,0,0,2,1,0,0,1,0,1,4,65,8,1,1,4,K,79,0,0,0,0,0,0,0,0,0,0,210,130,0,1,0,1,3,19,-19,0,21571,998,0,15,0,4,95,95,95,95,0,995,9.8,998,998,998,99.8,99.8,99.8,1669.23136647753,9,5
18847,22,89,1-22-2020-089-03,3,1,1G1BB5SM2J71,17,20,25,2018,4,1,3,0,1,F,1,1250,5,0,1,1,6,2,56,1,0,0,995,0,0,0,83501,1,2,2,4,5,1,2,1,1,1,0,3,0,0,3,1,1,2,3,0,1,2,17,1,1,1,4,K,79,0,0,0,0,0,0,0,0,0,0,120,70,0,0,0,1,3,12,-6,-11,11686,998,-148,10,0,4,1,1,0,6,0,995,9.8,998,998,998,99.8,99.8,99.8,30.0493031514798,12,5
18847,22,89,1-22-2020-089-03,3,2,2GKFLXE51C63,17,23,402,2012,14,3,14,0,1,L,1,1823,5,0,1,1,6,2,56,1,0,0,995,0,0,0,83501,9,9,2,4,3,1,2,1,1,1,0,1,0,0,3,1,1,2,9,0,10,4,66,1,1,1,4,K,78,0,0,0,0,0,0,0,0,0,0,70,120,0,0,0,1,3,10,-3,9,18892,998,113,13,0,4,0,0,0,0,0,995,9.8,998,998,998,99.8,99.8,99.8,30.0493031514798,12,5
18848,22,90,1-22-2020-090-06,6,1,JHLRM4H73CC0,17,37,402,2012,14,3,14,0,1,F,2,1583,5,0,1,1,11,2,97,1,0,0,995,0,0,0,99354,9,9,0,2,2,1,2,1,3,4,1,3,2,2,1,1,0,0,3,0,14,3,51,2,1,1,2,D,24,0,0,0,0,0,0,0,0,0,0,80,80,0,0,0,1,5,999,999,999,9999999,999,999,30,3,0,1,1,0,5,0,995,9.8,998,998,998,99.8,99.8,99.8,60.7862794369725,12,5
18848,22,90,1-22-2020-090-06,6,2,1NKDX40X44R0,17,85,881,2004,66,8,68,0,1,B,9,,,,,,,5,97,1,0,0,995,0,0,0,83501,9,9,0,2,2,1,2,1,3,4,1,3,2,2,1,1,0,0,9,0,14,3,53,99,1,1,2,D,25,,,,,,,,,,,,,,,,,,,,,,,,,,,95,95,95,95,,,9.8,998,998,998,99.8,99.8,99.8,60.7862794369725,12,5
18849,22,91,1-22-2020-091-07,7,1,1B4GP25B31B1,17,7,442,2001,20,4,20,0,1,L,1,1707,5,0,1,1,12,2,56,1,0,0,995,0,0,0,83843,9,9,3,4,2,1,2,1,1,4,0,0,0,0,1,1,0,0,9,0,11,2,15,99,1,1,4,K,82,0,0,0,0,0,0,0,0,0,0,140,255,0,0,0,1,1,12,-6,10,6276,998,32,9,0,4,99,99,0,0,0,995,9.8,998,998,998,99.8,99.8,99.8,194.732632967964,12,5
18849,22,91,1-22-2020-091-07,7,2,5FNRL5H98CB1,17,37,441,2012,20,4,20,0,1,F,1,2070,5,0,1,1,12,2,56,1,0,0,995,0,0,0,83318,9,9,3,4,5,2,2,1,3,1,3,2,0,0,1,1,0,0,9,0,14,4,72,2,1,1,4,K,83,0,0,0,0,0,0,0,0,0,0,255,140,0,0,0,1,1,10,-9,-2,14402,998,-81,11,0,4,99,99,0,0,0,995,9.8,998,998,998,99.8,99.8,99.8,194.732632967964,12,5
18850,15,82,1-15-2020-082-04,4,1,JHMFC1F36JX0,17,37,31,2018,4,1,3,0,1,F,9,1244,5,9999,9,0,998,2,48,1,8,9,998,8,7,9,11554,9,9,0,4,2,1,2,1,1,1,0,0,0,0,3,1,0,0,9,1,1,2,13,99,1,4,1,C,11,0,0,0,0,0,0,0,0,0,0,999,999,0,0,0,1,0,999,999,999,9999999,999,999,999,9,0,0,0,0,0,0,995,9.8,998,998,998,99.8,99.8,99.8,52.7023306594741,1,5
18850,15,82,1-15-2020-082-04,4,2,5XYZU3LB2DG0,17,55,401,2013,14,3,14,0,2,L,9,1640,5,9999,9,0,998,,,,,,,,,,,,,,,,,,,,,,,,,,,,,,,,,,,,,,,,,,,,,,,,,,,,,,,,,,,,,,,,,,95,95,95,95,,,,,,,,,,52.7023306594741,1,5
18851,15,83,1-15-2020-083-04,4,1,3CZRU6H55JG7,17,37,404,2018,14,3,14,0,1,F,9,1389,5,9999,9,4,40,2,48,1,8,9,998,8,7,9,11554,9,9,0,4,2,1,2,1,1,1,0,0,0,0,3,1,0,0,3,1,1,2,11,99,1,4,1,C,11,0,0,0,0,0,0,0,0,0,0,285,270,0,0,0,1,12,999,999,999,9999999,999,999,999,9,0,0,0,0,0,0,995,9.8,998,998,998,99.8,99.8,99.8,52.7023306594741,1,5
18851,15,83,1-15-2020-083-04,4,2,5NPET46C69H5,17,55,33,2009,4,1,3,0,2,B,9,1476,5,9999,9,0,998,,,,,,,,,,,,,,,,,,,,,,,,,,,,,,,,,,,,,,,,,,,,,,,,,,,,,,,,,,,,,,,,,,95,95,95,95,,,,,,,,,,52.7023306594741,1,5
18852,15,84,1-15-2020-084-03,3,1,1FMNU43S5YED,17,12,423,2000,16,3,16,0,1,F,1,3261,5,9999,9,0,998,5,48,1,8,0,995,0,7,0,11050,9,9,2,4,4,1,2,1,1,1,1,3,0,0,1,1,1,2,9,0,1,2,17,99,1,1,5,L,88,0,0,0,0,0,0,0,0,0,0,5,275,0,0,0,1,3,8,-4,-7,13189,998,-226,6,0,4,95,95,95,95,0,995,9.8,998,998,998,99.8,99.8,99.8,17.538738564924,1,5
18852,15,84,1-15-2020-084-03,3,2,2HKRW2H86KH6,17,37,402,2019,14,3,14,0,1,L,1,1580,5,0,1,5,18,2,48,1,8,0,995,0,7,0,11530,9,9,2,4,2,1,2,1,1,1,0,2,0,0,1,1,1,2,9,0,1,4,66,99,1,1,5,L,89,0,0,0,0,0,0,0,0,0,0,275,5,0,0,0,1,3,15,-13,8,27181,998,-81,18,0,4,0,0,0,4,0,995,9.8,998,998,998,99.8,99.8,99.8,17.538738564924,1,5
18853,20,61,1-20-2020-061-02,2,1,1HGCV1F11JA0,17,37,32,2018,4,1,4,0,1,F,3,1433,5,0,1,1,40,2,89,1,0,1,103,2,0,1,95076,1,1,0,4,2,1,2,1,2,1,1,2,0,0,2,1,0,0,9,0,14,4,62,2,1,1,3,G,51,0,0,0,0,0,0,0,0,0,0,260,70,0,0,0,1,1,92,-90,-16,477146,998,-2,91,0,1,4,34,1,3,0,995,9.8,998,998,998,99.8,99.8,99.8,216.321680403437,11,5
18853,20,61,1-20-2020-061-02,2,2,4T1B11HK6JU6,17,49,40,2018,4,1,4,0,1,F,3,1520,5,0,1,1,15,2,89,1,0,1,0,2,0,1,93907,1,1,0,4,2,1,2,1,3,1,1,2,0,0,2,1,0,0,9,1,14,2,10,2,1,2,3,G,50,0,0,0,0,0,0,0,0,0,0,70,260,0,0,0,1,1,86,-81,-30,488234,998,-34,87,0,1,3,17,1,3,0,995,9.8,998,998,998,99.8,99.8,99.8,216.321680403437,11,5
18854,18,60,1-18-2020-060-07,7,1,1C6RD7LT6CS2,17,7,482,2012,34,5,31,0,1,F,1,2404,5,0,1,1,25,2,113,1,0,0,995,0,0,0,54729,9,9,0,1,2,1,2,1,1,1,1,3,2,3,1,1,0,0,9,0,1,6,87,2,1,1,1,C,13,0,0,0,0,0,0,0,0,0,0,998,998,0,0,0,1,10,999,999,999,9999999,999,57,12,2,0,99,99,0,99,0,998,9.8,998,998,998,99.8,99.8,99.8,779.909260040625,6,5
18855,18,61,1-18-2020-061-03,3,1,1FADP3F25GL3,17,12,37,2016,4,1,3,0,1,F,1,1340,5,0,1,1,8,2,48,1,0,0,995,0,0,0,54703,9,9,3,4,2,1,2,1,3,2,0,2,0,0,1,1,0,0,9,0,14,3,50,8,1,1,2,D,20,0,0,0,0,0,0,0,0,0,0,90,80,0,0,0,1,3,21,-21,4,27219,998,-7,22,0,4,99,99,0,99,0,995,9.8,998,998,998,99.8,99.8,99.8,131.902052641075,6,5
18855,18,61,1-18-2020-061-03,3,2,1C4NJRFBXCD6,17,2,407,2012,14,3,14,0,1,B,1,1474,5,9999,9,0,998,5,48,1,0,0,995,0,0,0,54703,9,9,3,4,2,1,2,1,3,2,0,2,0,0,1,1,0,0,9,0,5,3,53,99,1,1,2,D,22,0,0,0,0,0,0,0,0,0,0,80,90,0,0,0,1,3,20,20,0,25187,998,-60,19,0,4,95,95,95,95,0,995,9.8,998,998,998,99.8,99.8,99.8,131.902052641075,6,5
18857,30,112,1-30-2020-112-03,3,1,1YVHP84C765M,17,41,50,2006,4,1,3,0,1,R,1,1387,5,9999,9,0,998,2,56,1,0,0,995,0,0,0,85020,9,9,2,1,3,3,2,1,2,1,1,0,0,0,1,1,1,2,1,0,11,2,15,99,1,1,4,J,68,0,0,0,0,0,0,0,0,0,0,330,180,0,0,0,1,3,17,-16,-6,38523,998,140,19,0,4,0,0,0,0,0,995,9.8,998,998,998,99.8,99.8,99.8,156.70133984368,10,5
18857,30,112,1-30-2020-112-03,3,2,JTMWFREV3JD1,17,49,402,2018,14,3,14,0,1,F,1,1581,5,0,1,1,24,2,56,1,0,0,995,0,0,0,85254,9,9,2,1,3,1,2,1,3,1,0,3,0,0,1,1,1,2,1,0,14,4,62,3,2,1,4,J,69,0,0,0,0,0,0,0,0,0,0,180,330,0,0,0,1,3,16,-15,3,14612,998,75,13,0,4,99,99,0,0,0,995,9.8,998,998,998,99.8,99.8,99.8,156.70133984368,10,5
18857,30,112,1-30-2020-112-03,3,3,1N6AA07C38N3,17,35,481,2008,34,5,31,0,1,F,9,2329,5,9999,9,0,998,2,56,1,0,0,995,0,0,0,85215,9,9,2,4,3,2,2,1,1,1,1,2,0,0,1,1,1,2,1,0,5,4,63,1,1,1,6,M,98,0,0,0,0,0,0,0,0,0,0,100,55,0,0,0,2,0,999,999,999,9999999,999,999,999,9,0,99,99,0,99,0,995,9.8,998,998,998,99.8,99.8,99.8,156.70133984368,10,5
18859,21,110,1-21-2020-110-04,4,1,3N1CN8EV7LL8,17,35,50,2020,4,1,2,0,1,F,1,1205,8,0,2,5,12,2,113,1,1,8,997,8,0,0,93536,5,2,0,2,5,5,1,1,2,9,3,2,1,3,2,1,0,0,3,1,14,2,12,1,1,4,1,B,6,0,0,0,0,0,0,0,0,0,0,998,998,0,0,0,2,12,999,999,999,9999999,999,999,999,6,0,0,0,0,0,0,998,2.8,999,999,999,99.9,99.9,99.9,770.532046679211,11,5
18860,21,111,1-21-2020-111-04,4,1,JTMZFREV3JJ1,17,49,402,2018,14,3,14,0,1,T,1,1568,5,0,2,5,3,2,105,1,0,0,995,0,0,0,93550,9,1,0,5,5,1,2,1,1,9,1,3,0,0,1,1,0,0,1,0,1,6,90,1,1,1,1,C,15,0,0,0,0,0,0,0,0,0,0,998,998,0,0,0,1,7,999,999,999,9999999,999,999,999,6,0,0,0,0,0,0,998,9.8,998,998,998,99.8,99.8,99.8,770.532046679211,11,5
18861,21,112,1-21-2020-112-03,3,1,1G1BE5SMXK71,17,20,25,2019,4,1,3,0,1,F,3,1250,5,0,2,4,32,2,113,1,1,8,997,8,0,0,92392,1,1,0,1,2,2,2,1,2,9,3,2,1,3,1,1,0,0,3,1,14,2,11,8,2,2,2,F,46,1,1,2,2,1,4,61,1,1,999,305,290,0,0,0,1,5,999,999,999,9999999,999,999,999,8,0,1,1,0,6,3,995,9.8,998,998,998,99.8,99.8,99.8,169.910566199997,11,5
18861,21,112,1-21-2020-112-03,3,2,3HAMMMML2JL4,17,84,881,2018,62,8,60,0,1,L,9,,,,,,,2,89,1,0,0,995,0,0,0,31405,9,9,0,1,2,1,2,1,3,9,1,3,2,3,1,1,0,0,1,0,14,4,60,1,1,1,2,F,45,,,,,,,,,,,,,,,,,,,,,,,,,,,95,95,95,95,,,9.8,998,998,998,99.8,99.8,99.8,169.910566199997,11,5
18862,21,113,1-21-2020-113-06,6,1,1G1PA5SG8E72,17,20,25,2014,4,1,3,0,1,T,2,1407,5,9999,9,5,29,2,72,1,9,0,995,0,9,0,99999,9,9,0,4,7,2,2,1,1,3,1,1,0,0,3,1,1,2,9,1,1,1,6,99,2,4,1,A,2,1,2,1,2,6,4,42,2,2,11,998,998,0,0,1,8,7,999,999,999,9999999,999,999,999,7,0,99,99,0,99,3,998,1.0,60,15,20,0.0,0.0,0.0,267.12405769236,11,5
18863,77,77,1-77-2020-077-08,8,1,1HGEJ8251YL1,17,37,31,2000,2,1,2,0,1,R,1,1067,5,0,1,1,10,2,97,1,0,0,995,0,0,0,22727,9,9,0,1,2,1,2,1,1,2,1,3,2,3,1,1,0,0,3,1,1,3,50,7,1,2,2,F,48,0,0,0,0,0,0,0,0,0,0,15,30,0,0,0,1,12,999,999,999,9999999,999,999,999,6,0,1,1,0,4,0,995,9.8,998,998,998,99.8,99.8,99.8,411.97074658557,9,5
18863,77,77,1-77-2020-077-08,8,2,1G2NW52E94C1,17,22,18,2004,4,1,3,0,1,L,2,1393,5,0,1,1,10,2,97,1,0,0,995,0,0,0,22701,9,9,0,1,2,1,2,1,1,2,1,3,2,3,1,1,0,0,1,0,5,3,52,1,1,1,2,F,48,0,0,0,0,0,0,0,0,0,0,30,15,0,0,0,1,12,999,999,999,9999999,999,999,999,7,0,0,0,0,4,0,995,9.8,998,998,998,99.8,99.8,99.8,411.97074658557,9,5
18863,77,77,1-77-2020-077-08,8,3,1GTEC14W9VZ5,17,23,481,1997,34,5,31,0,1,B,9,1863,5,9999,9,0,998,2,97,1,0,0,995,0,0,0,22701,9,9,0,1,2,1,2,1,1,2,1,3,2,3,1,1,0,0,1,0,7,3,53,1,1,1,6,M,98,0,0,0,0,0,0,0,0,0,0,30,30,0,0,0,2,0,999,999,999,9999999,999,999,999,9,0,0,0,0,0,0,995,9.8,998,998,998,99.8,99.8,99.8,411.97074658557,9,5
18864,32,123,1-32-2020-123-02,2,1,KNDJP3A57J76,17,63,37,2018,6,1,2,0,1,R,1,1231,5,0,1,1,10,2,64,1,0,0,995,0,0,0,75244,1,9,2,1,2,1,1,1,1,1,1,3,0,0,1,8,1,2,9,0,1,2,17,99,1,1,5,L,87,0,0,0,0,0,0,0,0,0,0,180,90,0,0,0,1,1,11,-2,-10,3922,998,158,5,0,1,0,0,0,0,0,995,9.8,998,998,998,99.8,99.8,99.8,58.161130175964,7,5
18864,32,123,1-32-2020-123-02,2,2,3C6TRVNGXJE1,17,7,463,2018,21,4,21,0,1,F,1,2072,5,9999,9,1,24,2,64,1,0,0,995,0,0,0,75189,9,1,2,1,3,2,1,1,1,1,1,1,0,0,1,8,1,2,9,0,1,4,66,4,1,1,5,L,86,0,0,0,0,0,0,0,0,0,0,90,180,0,0,0,1,1,6,-6,1,14251,998,35,13,0,1,9,97,0,99,0,995,9.8,998,998,998,99.8,99.8,99.8,58.161130175964,7,5
18865,32,124,1-32-2020-124-02,2,1,WUABWCF51KA9,17,32,54,2019,5,1,4,0,1,R,2,1810,5,0,1,1,12,2,48,1,0,0,995,0,0,0,75201,1,9,0,1,4,3,1,1,3,1,1,3,0,0,1,1,0,0,9,1,14,2,12,99,1,4,1,B,6,0,0,0,0,0,0,0,0,0,0,80,10,0,0,0,2,1,26,4,-25,76766,998,13,32,0,4,1,1,0,3,0,995,0.0,120,20,17,0.0,0.0,0.0,58.161130175964,7,5
18865,32,124,1-32-2020-124-02,2,2,SALFT24N28H1,17,62,424,2008,15,3,15,0,1,F,1,1930,5,0,1,1,13,2,48,1,0,0,995,0,0,0,75206,1,9,0,1,4,3,1,1,2,1,3,1,0,0,1,1,0,0,9,0,14,4,62,99,1,1,6,M,98,0,0,0,0,0,0,0,0,0,0,10,80,0,0,0,2,1,23,-23,4,17657,998,29,14,0,4,9,97,0,5,0,995,9.8,998,998,998,99.8,99.8,99.8,58.161130175964,7,5
18866,32,125,1-32-2020-125-03,3,1,2GNAXJEV5J61,17,20,404,2018,14,3,14,0,1,F,1,1508,5,0,1,1,16,2,113,1,0,1,0,2,0,0,32054,1,2,1,2,6,2,1,1,1,4,1,3,0,0,1,1,0,0,1,1,1,2,13,2,1,4,1,A,3,0,0,0,0,0,0,0,0,0,0,998,998,0,0,0,2,1,14,-14,0,13560,998,-32,14,0,1,1,2,0,4,0,998,3.3,34,33,95,14.9,3.4,15.3,1371.2595356044,7,5
18867,32,126,1-32-2020-126-01,1,1,2C3HD46J6XH6,17,6,41,1999,4,1,4,0,1,T,2,1566,5,0,1,1,35,2,56,1,0,1,0,2,0,0,75042,1,1,2,1,2,2,1,1,1,2,3,0,0,0,3,1,0,0,9,1,1,2,13,99,2,4,1,A,2,1,6,1,2,1,3,61,1,1,44,997,997,0,1,0,3,6,999,999,999,9999999,999,999,999,7,0,6,75,1,1,3,997,0.0,120,15,15,5.2,1.1,5.3,101.403374904626,7,5
18868,13,82,1-13-2020-082-06,6,1,KMHHU6KJ0FU1,17,55,41,2015,2,1,4,0,1,F,1,1628,5,0,1,1,27,2,64,1,0,0,995,0,0,0,99999,9,9,1,3,3,2,2,1,1,1,3,3,0,0,3,1,0,0,9,1,1,2,13,99,1,4,1,A,1,0,0,0,0,0,0,0,0,0,0,998,998,0,0,1,4,1,12,-12,-4,10511,998,-17,12,0,4,2,5,0,4,0,998,0.0,3,3,120,20.0,5.0,20.4,3050.99666459031,7,5
18870,13,83,1-13-2020-083-02,2,1,999999999999,99,99,399,9999,4,1,9,99,1,L,9,9999,9,9999,9,0,998,5,97,1,8,0,995,0,9,0,99999,9,9,1,2,4,1,1,1,1,9,1,3,0,0,2,1,0,0,9,1,15,2,10,99,1,2,2,F,47,0,0,0,0,0,0,0,0,0,0,290,300,0,0,0,1,0,999,999,999,9999999,999,999,999,9,0,95,95,95,95,0,995,9.8,998,998,998,99.8,99.8,99.8,84.4361072852289,7,5
18870,13,83,1-13-2020-083-02,2,2,1N4AL3AP3HC2,17,35,47,2017,4,1,4,0,1,B,3,1453,5,0,1,1,31,2,97,1,0,1,0,2,0,0,76134,2,9,1,2,4,2,1,1,1,9,3,3,0,0,2,1,0,0,9,0,1,4,61,7,1,1,2,F,45,0,0,0,0,0,0,0,0,0,0,280,300,0,0,0,2,3,41,31,26,196877,998,-117,45,0,1,3,14,1,3,0,995,9.8,998,998,998,99.8,99.8,99.8,84.4361072852289,7,5
18870,13,83,1-13-2020-083-02,2,3,JN1EV7AP4GM3,17,58,41,2016,4,1,4,0,1,F,2,1638,5,9999,9,0,998,2,97,1,0,0,995,0,0,0,76105,9,1,1,2,4,3,1,1,1,9,3,3,0,0,2,1,0,0,9,0,1,4,61,99,1,1,6,M,98,0,0,0,0,0,0,0,0,0,0,300,280,0,0,0,2,3,37,-35,-13,81030,998,-73,31,0,4,0,0,0,0,0,995,9.8,998,998,998,99.8,99.8,99.8,84.4361072852289,7,5