CASEID,PSU,CASENO,CASENUMBER,CATEGORY,VEHNO,VIN,VINLENGTH,MAKE,MODEL,MODELYR,BODYTYPE,BODYCAT,VEHCLASS,SPECUSE,TRANSTAT,DAMPLANE,DAMSEV,CURBWT,CURBSRC,CARGOWT,CARGOSRC,INSPTYPE,INSPLAG,TOWED,SPEEDLIMIT,DRPRESENT,PARALCOHOL,ALCTEST,ALCTESTRESULT,ALCTESTSRC,PARDRUG,DRUGTEST,ZIP,RACE,ETHNICITY,RELTOJUNCT,TRAFFLOW,RDLANES,INITLANE,SURFTYPE,SURFCOND,ALIGNMENT,PROFILE,LINERIGHT,LINELEFT,RUMBINIT,RUMBROAD,LIGHTCOND,WEATHER,TRAFDEV,TRAFFUNCT,DISTRACT,PREFHE,PREMOVE,CRITCAT,CRITEVENT,MANEUVER,PRESTAB,PRELOC,CRASHCAT,CRASHCONF,CRASHTYPE,ROLLTYPE,ROLLTURN,ROLLINTRPT,ROLLPREMAN,ROLLINITYP,ROLLINLOC,ROLLOBJ,ROLLTRIP,ROLLDIR,ROLLDIST,DVANGTHIS,DVANGOTH,TOWHITCH,TRAJDOC,TREEPOLE,DVEVENT,DVBASIS,DVTOTAL,DVLONG,DVLAT,DVENERGY,DVSPEED,DVMOMENT,DVBES,DVEST,DVCONF,VAIS,VISS,VINJURED,VTREAT,INITOBJCLASS,HEADANGLECAT,SHLDRWIDTH,STRKLENGTH,STRKWIDTH,STRKHEIGHT,EDGEDISTX,EDGEDISTY,EDGEDISTZ,CASEWGT,PSUSTRAT,VERSION
19088,23,44,1-23-2020-044-10,10,3,2HJYK16318H5,17,37,471,2008,34,5,31,0,1,B,1,2043,5,9999,9,4,32,5,56,1,0,0,995,0,0,0,43240,9,9,0,4,2,1,2,1,1,9,1,2,0,0,1,1,0,0,9,0,2,3,53,99,1,1,2,D,29,0,0,0,0,0,0,0,0,0,0,90,90,0,0,0,1,3,11,11,0,11318,998,0,12,0,4,95,95,95,95,0,995,9.8,998,998,998,99.8,99.8,99.8,4397.46145345188,5,5
19088,23,44,1-23-2020-044-10,10,4,JHMGE88609S0,17,37,39,2009,5,1,1,0,1,F,1,1121,5,0,1,1,20,2,56,1,0,0,995,0,0,0,43016,9,9,0,4,2,1,2,1,1,9,1,2,0,0,1,1,0,0,9,0,1,3,52,99,1,1,2,D,28,0,0,0,0,0,0,0,0,0,0,90,90,0,0,0,1,3,18,-18,0,13593,998,12,17,0,4,0,0,0,5,0,995,9.8,998,998,998,99.8,99.8,99.8,4397.46145345188,5,5
19089,23,45,1-23-2020-045-03,3,1,1C4BJWCG9JL8,17,2,403,2018,14,3,14,0,1,T,2,1880,5,9999,9,1,14,2,89,1,0,0,995,0,0,0,43338,9,9,0,4,2,1,2,1,1,2,1,2,0,0,2,1,0,0,9,1,1,2,13,99,1,4,1,A,1,1,4,1,2,1,4,61,1,2,20,997,997,0,1,0,1,6,999,999,999,9999999,999,999,999,7,0,9,97,0,99,3,997,0.4,120,15,120,56.7,5.1,57.3,212.038045147797,5,5
19090,66,63,1-66-2020-063-09,9,1,KMHVF14N9TU3,17,55,36,1996,4,1,1,99,1,L,3,955,5,9999,9,0,998,2,80,1,0,0,995,0,7,0,65770,9,9,2,4,2,1,2,1,1,2,0,0,0,0,2,1,2,2,2,0,1,2,17,99,1,1,5,L,89,0,0,0,0,0,0,0,0,0,0,180,230,0,0,0,1,3,54,19,51,148786,998,16,59,0,4,9,97,0,99,0,995,9.8,998,998,998,99.8,99.8,99.8,498.250851611064,6,5
19090,66,63,1-66-2020-063-09,9,2,1N6MD26Y44C4,17,35,472,2004,34,5,30,0,1,F,2,1800,5,0,1,1,20,2,89,1,0,0,995,0,7,0,64804,9,9,2,4,2,1,2,1,1,1,0,2,0,0,2,1,0,0,1,1,1,4,66,3,1,2,5,L,88,0,0,0,0,0,0,0,0,0,0,230,180,0,1,0,1,3,30,-28,-10,47087,998,-32,24,0,4,0,0,0,0,0,995,9.8,998,998,998,99.8,99.8,99.8,498.250851611064,6,5
19091,66,64,1-66-2020-064-05,5,1,3GNBACFU5BS6,17,20,23,2011,6,1,2,0,1,T,2,1431,5,0,1,1,13,2,89,1,0,0,995,0,7,0,65661,1,2,0,4,2,1,2,1,3,1,0,4,0,0,2,8,0,0,3,1,14,2,12,99,2,4,1,B,6,1,4,2,2,2,4,60,4,2,13,997,997,0,0,0,2,6,999,999,999,9999999,999,999,999,7,0,2,5,0,3,3,997,0.0,60,45,-10,8.7,1.6,8.8,142.691699376117,6,5
19092,31,61,1-31-2020-061-03,3,1,2LMTJ8LRXGBL,17,13,14,2016,6,1,4,0,1,F,1,1990,5,9999,9,5,6,2,40,1,0,1,0,2,0,0,62821,9,9,0,4,2,1,1,1,1,2,0,2,0,0,3,1,0,0,9,1,1,2,10,99,1,2,3,I,64,0,0,0,0,0,0,0,0,0,0,355,190,0,0,0,1,8,999,999,999,9999999,999,999,999,6,0,3,10,1,4,0,995,9.8,998,998,998,99.8,99.8,99.8,198.207956791032,6,5
19092,31,61,1-31-2020-061-03,3,2,3GCUKREC1FG2,17,20,481,2015,34,5,31,0,1,L,1,2394,5,9999,9,1,6,2,40,1,0,0,995,0,0,0,62977,9,9,0,4,2,1,2,1,1,1,0,0,0,0,3,1,0,0,9,0,1,4,62,2,1,1,3,I,65,0,0,0,0,0,0,0,0,0,0,190,355,0,0,0,1,8,999,999,999,9999999,999,999,999,6,0,99,99,0,0,0,995,9.8,998,998,998,99.8,99.8,99.8,198.207956791032,6,5
19093,31,62,1-31-2020-062-03,3,1,1FM5K8D86JGA,17,12,401,2018,14,3,14,0,1,R,1,2146,5,9999,9,1,7,2,89,1,0,0,995,0,0,0,62821,9,9,2,4,2,1,2,1,1,1,1,4,0,0,1,1,0,0,9,0,11,2,15,9,1,1,4,J,68,0,0,0,0,0,0,0,0,0,0,280,180,0,0,0,1,1,16,-8,-14,34363,998,2,20,0,4,9,97,0,99,0,995,0.4,7,7,120,0.7,0.4,0.8,198.207956791032,6,5
19093,31,62,1-31-2020-062-03,3,2,3VWN57BU1KM1,17,30,40,2019,4,1,3,0,1,F,2,1350,5,0,1,1,16,2,89,1,0,0,995,0,0,0,62806,9,9,2,4,2,1,2,1,1,1,1,4,0,0,1,1,0,0,9,0,1,4,62,4,1,1,4,J,69,0,0,0,0,0,0,0,0,0,0,180,280,0,0,0,1,1,25,-23,9,28967,998,66,21,0,3,9,97,0,99,0,995,9.8,998,998,998,99.8,99.8,99.8,198.207956791032,6,5
19095,13,89,1-13-2020-089-03,3,1,3MZBN1V32JM2,17,41,51,2018,4,1,3,0,1,F,2,1327,5,0,1,1,16,2,999,1,0,0,995,0,0,0,76179,1,9,2,1,4,1,1,1,1,1,0,3,0,0,3,1,1,2,9,0,1,2,17,1,1,1,5,L,88,0,0,0,0,0,0,0,0,0,0,85,355,0,0,0,1,3,28,-22,-18,28034,998,-99,18,0,1,1,1,0,4,0,995,0.0,999,999,999,0.0,0.0,0.0,774.767072406373,7,5
19095,13,89,1-13-2020-089-03,3,2,1FTRX12W95FA,17,12,481,2005,34,5,31,0,1,L,1,2320,5,9999,9,0,998,2,999,1,0,0,995,0,0,0,76106,9,1,2,3,3,3,2,1,1,2,1,2,0,0,3,1,1,2,9,0,1,4,66,99,1,1,5,L,89,0,0,0,0,0,0,0,0,0,0,355,85,0,0,0,1,3,17,-11,13,73470,998,79,25,0,4,0,0,0,0,0,995,9.8,998,998,998,99.8,99.8,99.8,774.767072406373,7,5
19097,18,66,1-18-2020-066-02,2,1,1FTBW2CG2GKA,17,12,462,2016,21,4,21,0,1,F,1,2318,5,9999,9,1,8,2,113,1,0,1,0,2,0,1,54772,9,9,0,1,2,2,1,1,1,1,3,2,1,3,1,8,0,0,9,1,1,2,12,1,1,4,1,B,6,0,0,0,0,0,0,0,0,0,0,998,998,0,1,5,1,10,999,999,999,9999999,999,-20,22,2,0,2,5,0,3,0,998,1.5,15,29,120,99.0,45.8,99.0,42.4991659387168,6,5
19098,18,67,1-18-2020-067-03,3,1,3FA6P0H75GR3,17,12,23,2016,4,1,4,0,1,F,9,1558,5,9999,9,5,10,2,72,1,8,0,995,0,7,0,54701,9,9,2,1,4,4,2,1,1,1,2,0,0,0,1,8,1,2,9,1,11,2,13,99,1,4,1,A,1,0,0,0,0,0,0,0,0,0,0,998,998,0,0,7,1,12,999,999,999,9999999,999,999,999,9,0,99,99,0,99,0,998,3.2,999,999,999,3.5,0.6,3.6,298.706170112639,6,5
19099,33,67,1-33-2020-067-04,4,1,3GKALVEV5LL2,17,23,402,2020,14,3,14,0,1,F,1,1580,5,0,1,1,17,2,89,1,0,0,995,0,0,0,95966,2,2,0,4,2,1,4,1,3,4,0,0,0,0,2,1,0,0,3,1,14,2,13,2,9,4,1,A,1,0,0,0,0,0,0,0,0,0,0,998,998,0,0,7,1,10,999,999,999,9999999,999,-30,19,2,0,0,0,0,0,0,998,0.0,23,23,999,3.9,1.0,4.0,169.337631412225,12,5
19100,33,68,1-33-2020-068-03,3,1,3FA6P0RU8KR2,17,12,23,2019,4,1,4,0,1,L,1,1660,5,0,1,1,26,2,56,1,0,0,995,0,0,0,95901,1,2,3,4,2,1,2,1,1,1,0,1,0,0,3,1,0,0,2,0,11,2,15,8,1,1,4,K,82,0,0,0,0,0,0,0,0,0,0,30,170,0,1,0,1,3,8,-3,8,13786,998,-111,11,0,4,1,1,0,4,0,995,9.8,998,998,998,99.8,99.8,99.8,54.4366072905016,12,5
19100,33,68,1-33-2020-068-03,3,2,3N1CB51D06L4,17,35,43,2006,4,1,1,99,1,F,1,1170,5,9999,9,0,998,2,72,1,0,0,995,0,0,0,95991,1,9,3,5,5,2,2,1,1,1,3,2,0,0,3,1,0,0,1,0,1,4,72,2,9,1,4,K,83,0,0,0,0,0,0,0,0,0,0,170,30,0,1,0,1,3,12,-11,6,5443,998,95,9,0,4,0,0,0,0,0,995,9.8,998,998,998,99.8,99.8,99.8,54.4366072905016,12,5
19101,19,136,1-19-2020-136-08,8,1,JN1CA31D11T8,17,35,39,2001,4,1,3,0,1,L,1,1451,5,0,1,1,9,2,72,1,0,0,995,0,0,0,35972,1,9,0,4,2,1,2,2,3,4,3,2,0,0,2,8,0,0,9,1,14,1,6,99,4,4,1,B,7,1,4,2,2,1,4,61,1,1,22,997,997,0,1,0,2,6,999,999,999,9999999,999,999,999,6,0,9,97,0,8,3,997,0.2,7,50,120,6.6,0.8,6.7,52.5663000327448,9,5
19102,19,137,1-19-2020-137-09,9,1,1HGCM56663A0,17,37,32,2003,4,1,3,0,1,L,1,1389,5,9999,9,4,9,2,56,1,0,0,995,0,0,0,35903,9,9,2,4,2,1,2,1,1,1,0,0,0,0,1,8,2,2,9,0,11,2,15,99,1,1,4,K,82,0,0,0,0,0,0,0,0,0,0,45,125,0,0,0,1,12,999,999,999,9999999,999,999,999,6,0,0,0,0,0,0,995,9.8,998,998,998,99.8,99.8,99.8,265.698509750558,9,5
19102,19,137,1-19-2020-137-09,9,2,1J4FA39S84P7,17,2,403,2004,14,3,14,0,1,F,1,1545,8,0,1,1,8,2,56,1,0,0,995,0,0,0,35901,1,9,2,5,5,1,2,1,3,1,0,3,0,0,1,8,0,0,9,0,14,4,72,99,1,1,4,K,83,0,0,0,0,0,0,0,0,0,0,125,45,0,0,0,1,12,999,999,999,9999999,999,999,999,6,0,1,1,0,4,0,995,9.8,998,998,998,99.8,99.8,99.8,265.698509750558,9,5
19103,19,138,1-19-2020-138-04,4,1,1G1BC5SM5G72,17,20,25,2016,4,1,3,0,1,F,1,1399,5,0,1,1,5,2,40,1,0,0,995,0,0,0,35903,2,2,0,4,2,1,2,1,1,1,0,0,0,0,1,8,0,0,1,1,1,5,81,3,1,2,3,I,66,0,0,0,0,0,0,0,0,0,0,30,180,0,0,0,1,3,16,-15,-5,9893,998,-22,13,0,4,0,0,0,0,0,995,9.8,998,998,998,99.8,99.8,99.8,142.652143906471,9,5
19103,19,138,1-19-2020-138-04,4,2,1N4AL3AP5FC4,17,35,47,2015,4,1,4,0,1,R,1,1416,5,9999,9,0,998,5,40,1,0,0,995,0,0,0,35903,9,9,0,4,2,1,2,1,1,2,0,0,0,0,1,8,0,0,9,0,1,4,62,7,1,1,3,I,66,0,0,0,0,0,0,0,0,0,0,180,30,0,0,0,1,3,16,-10,-12,22951,998,80,18,0,4,95,95,95,95,0,995,9.8,998,998,998,99.8,99.8,99.8,142.652143906471,9,5
19104,19,139,1-19-2020-139-07,7,1,1GC2CVCG2CZ1,17,20,481,2012,34,5,31,0,1,F,1,2719,5,0,1,1,35,2,64,1,0,0,995,0,0,0,35956,1,9,2,4,2,1,2,1,2,1,0,2,0,0,2,1,2,2,2,0,11,2,15,99,1,1,4,K,82,0,0,0,0,0,0,0,0,0,0,95,260,0,0,0,1,3,16,-15,-6,26861,998,-23,16,0,4,0,0,0,0,0,995,9.8,998,998,998,99.8,99.8,99.8,277.724543260031,9,5
19104,19,139,1-19-2020-139-07,7,2,1N4AL3AP5DN4,17,35,47,2013,4,1,4,0,1,R,2,1420,5,0,1,1,8,2,64,1,0,0,995,0,0,0,35956,1,9,2,4,2,1,2,1,3,1,1,2,0,0,2,1,0,0,9,0,14,4,67,1,1,1,4,K,83,0,0,0,0,0,0,0,0,0,0,260,95,0,0,0,1,3,31,-24,-20,63525,998,50,32,0,4,0,0,0,0,0,995,9.8,998,998,998,99.8,99.8,99.8,277.724543260031,9,5
19105,29,132,1-29-2020-132-06,6,1,2T1BR30E67C8,17,49,32,2007,4,1,2,0,1,R,1,1135,5,0,1,1,11,2,72,1,1,8,997,8,9,3,06415,9,9,2,1,2,1,2,1,1,2,1,1,0,0,3,1,1,2,3,0,1,2,17,99,1,1,5,L,87,0,0,0,0,0,0,0,0,0,0,70,15,0,0,0,1,1,18,-6,-17,20597,998,-74,18,0,4,99,99,0,8,0,995,9.8,998,998,998,99.8,99.8,99.8,76.421568083597,2,5
19105,29,132,1-29-2020-132-06,6,2,2G4GT5GV0D91,17,18,19,2013,4,1,3,0,1,F,1,1641,5,0,1,1,11,2,64,1,0,0,995,0,0,0,02840,9,9,2,4,4,2,2,1,1,1,1,2,0,0,3,1,1,2,1,0,1,4,66,1,1,1,5,L,86,0,0,0,0,0,0,0,0,0,0,15,70,0,0,0,1,1,12,-6,10,19416,998,154,12,0,4,99,99,0,8,0,995,0.8,30,18,10,0.0,0.0,0.0,76.421568083597,2,5
19106,29,133,1-29-2020-133-03,3,1,19UDE2F36GA0,17,54,41,2016,4,1,3,0,1,F,3,1415,5,0,1,1,11,2,105,1,0,0,995,0,0,9,02720,9,9,0,2,3,3,2,1,1,9,3,2,0,2,4,8,0,0,3,1,1,2,12,4,9,4,1,B,6,0,0,0,0,0,0,0,0,0,0,998,998,0,1,0,1,1,54,-53,9,167501,998,17,54,0,4,1,1,0,5,0,998,2.0,999,999,999,99.9,99.9,99.9,37.5244433377617,2,5
19107,29,134,1-29-2020-134-04,4,1,KNAGM4A72B50,17,63,34,2011,4,1,4,0,1,F,1,1462,5,9999,9,0,998,2,105,1,0,0,995,0,0,9,02724,9,9,0,2,3,3,2,1,1,9,3,2,1,3,2,1,0,0,3,1,15,3,51,99,1,2,2,D,24,0,0,0,0,0,0,0,0,0,0,270,265,0,0,0,1,3,10,-10,-2,7103,998,-36,11,0,4,0,0,0,0,0,995,9.8,998,998,998,99.8,99.8,99.8,75.7433875192076,2,5
19107,29,134,1-29-2020-134-04,4,2,ML32F3FJ4KHF,17,52,48,2019,4,1,2,0,1,B,1,975,5,0,1,1,12,2,105,1,0,0,995,0,0,9,02740,9,9,0,2,3,2,2,1,1,9,3,3,0,3,2,1,0,0,1,0,1,3,53,99,1,1,2,D,25,0,0,0,0,0,0,0,0,0,0,265,270,0,0,0,1,3,15,14,3,8062,998,13,14,0,4,0,0,0,0,0,995,9.8,998,998,998,99.8,99.8,99.8,75.7433875192076,2,5
19107,29,134,1-29-2020-134-04,4,3,KNAGM4AD9C50,17,63,34,2012,4,1,4,0,1,L,1,1583,5,0,1,1,11,2,105,1,0,0,995,0,0,9,02771,9,9,0,2,3,1,2,1,1,9,1,3,2,3,2,1,0,0,1,0,1,4,60,99,1,1,6,M,98,0,0,0,0,0,0,0,0,0,0,265,315,0,0,0,2,12,999,999,999,9999999,999,999,999,6,0,0,0,0,0,0,995,9.8,998,998,998,99.8,99.8,99.8,75.7433875192076,2,5
19108,29,135,1-29-2020-135-03,3,1,JTEEP21A0500,17,49,403,2005,14,3,14,0,1,F,2,1580,5,0,1,1,8,2,40,1,0,0,995,0,0,9,02747,9,9,2,4,2,1,2,1,1,1,1,2,0,0,1,1,0,0,2,0,11,2,15,99,1,1,4,J,68,0,0,0,0,0,0,0,0,0,0,90,310,0,0,0,1,1,39,-33,-19,111367,998,-97,34,0,1,9,97,0,8,0,995,9.8,998,998,998,99.8,99.8,99.8,85.4802505447714,2,5
19108,29,135,1-29-2020-135-03,3,2,3N1AB7AP1KY3,17,35,43,2019,4,1,3,0,1,F,3,1315,5,0,1,1,8,2,40,1,0,0,995,0,0,9,02743,9,9,2,4,2,1,2,1,1,1,1,2,0,0,1,1,0,0,1,0,1,4,62,1,1,1,4,J,69,0,0,0,0,0,0,0,0,0,0,310,90,0,0,0,1,1,46,-45,8,145074,998,-8,52,0,1,9,97,0,8,0,995,9.8,998,998,998,99.8,99.8,99.8,85.4802505447714,2,5
19109,12,74,1-12-2020-074-06,6,1,4T1BE32KX4U8,17,49,40,2004,4,1,3,0,1,F,1,1455,5,0,1,1,13,2,56,1,1,8,997,8,0,0,73448,9,9,1,4,5,1,1,1,1,1,0,1,0,0,1,1,1,2,9,0,1,2,17,99,1,1,5,L,86,0,0,0,0,0,0,0,0,0,0,255,345,0,0,0,1,1,17,-15,9,38369,998,60,24,0,4,0,0,0,0,0,995,9.8,998,998,998,99.8,99.8,99.8,483.87454234608,9,5
19109,12,74,1-12-2020-074-06,6,2,1G1PK5SB1D71,17,20,25,2013,4,1,3,0,1,R,1,1407,5,0,1,1,14,2,40,1,0,0,995,0,0,0,73401,2,2,1,1,1,1,1,1,3,1,0,2,0,0,1,1,1,2,9,0,14,4,66,99,1,1,5,L,87,0,0,0,0,0,0,0,0,0,0,345,255,0,0,0,1,1,18,-9,-15,2571,998,-57,6,0,1,1,2,0,4,0,995,9.8,998,998,998,99.8,99.8,99.8,483.87454234608,9,5
19109,12,74,1-12-2020-074-06,6,3,1FM5K7F84HGA,17,12,401,2017,14,3,14,0,1,L,9,2067,5,9999,9,0,998,5,40,1,0,0,995,0,0,0,73448,9,9,1,1,1,1,1,1,1,1,1,2,0,0,1,1,1,2,9,0,1,4,62,99,1,1,6,M,98,0,0,0,0,0,0,0,0,0,0,165,305,0,0,0,3,0,999,999,999,9999999,999,999,999,9,0,95,95,95,95,0,995,9.8,998,998,998,99.8,99.8,99.8,483.87454234608,9,5
19110,12,75,1-12-2020-075-03,3,1,SHHFK7H50JU2,17,37,31,2018,5,1,3,0,1,F,1,1323,5,0,1,1,20,2,72,1,0,0,995,0,0,0,74525,9,9,3,4,3,2,2,1,1,1,3,2,0,3,1,1,0,0,9,0,1,4,61,1,1,1,4,J,73,0,0,0,0,0,0,0,0,0,0,185,160,0,0,0,1,5,999,999,999,9999999,999,999,14,2,0,99,99,0,99,0,995,9.8,998,998,998,99.8,99.8,99.8,239.200243131371,9,5
19110,12,75,1-12-2020-075-03,3,2,1XPCDB9X2LD2,17,87,881,1990,66,8,68,0,1,L,9,,,,,,,5,72,1,0,0,995,0,0,0,76048,9,9,3,4,3,2,2,1,1,1,3,2,0,3,1,1,0,0,9,0,11,2,15,99,1,1,4,J,72,,,,,,,,,,,,,,,,,,,,,,,,,,,95,95,95,95,,,9.8,998,998,998,99.8,99.8,99.8,239.200243131371,9,5
19111,26,127,1-26-2020-127-03,3,1,KL7CJLSB8KB9,17,20,406,2019,14,3,14,0,1,R,2,1382,5,0,1,1,16,2,105,1,0,1,323,2,0,1,95621,2,9,1,3,1,1,2,1,1,4,1,2,0,0,1,1,1,2,9,1,1,3,50,99,9,6,2,D,20,1,2,2,5,7,1,2,3,1,6,997,997,0,0,0,2,6,999,999,999,9999999,999,999,999,7,0,0,0,0,4,1,997,9.8,998,998,998,99.8,99.8,99.8,500.699780465569,10,5
19111,26,127,1-26-2020-127-03,3,2,999999999999,99,48,401,2018,14,3,14,99,1,B,9,1649,5,9999,9,0,998,5,105,1,0,0,995,0,0,0,95816,9,9,1,3,1,1,2,1,1,4,1,2,0,0,1,1,1,2,1,0,5,3,53,1,1,1,2,D,21,0,0,0,0,0,0,0,0,0,0,15,350,0,0,0,1,0,999,999,999,9999999,999,999,999,9,0,95,95,95,95,0,995,9.8,998,998,998,99.8,99.8,99.8,500.699780465569,10,5
19113,27,69,1-27-2020-069-07,7,1,JHMGE8H33DC0,17,37,39,2013,5,1,1,0,1,R,1,1163,5,0,1,1,11,2,48,1,0,0,995,0,0,0,01201,9,9,2,4,2,1,2,1,1,4,0,0,0,0,1,1,2,2,9,0,1,2,17,1,1,1,5,L,87,0,0,0,0,0,0,0,0,0,0,205,110,0,0,0,1,3,6,-3,-5,3652,998,130,6,0,1,0,0,0,0,0,995,9.8,998,998,998,99.8,99.8,99.8,239.503742327836,3,5
19113,27,69,1-27-2020-069-07,7,2,KMHGC4DD4CU1,17,55,41,2012,4,1,5,0,1,F,1,1768,5,9999,9,2,44,5,48,1,0,0,995,0,0,0,01201,9,9,2,4,2,1,2,1,1,1,1,2,0,0,1,1,0,0,9,0,1,4,66,99,1,1,5,L,86,0,0,0,0,0,0,0,0,0,0,110,205,0,0,0,1,3,4,-4,1,1387,998,78,4,0,4,95,95,95,95,0,995,9.8,998,998,998,99.8,99.8,99.8,239.503742327836,3,5
19114,27,70,1-27-2020-070-03,3,1,JTEBU5JRXG53,17,49,401,2016,14,3,14,0,1,F,1,2111,5,0,1,1,16,2,64,1,8,0,995,0,7,0,01201,1,2,0,5,5,1,2,1,1,2,1,3,0,0,3,1,0,0,3,1,1,2,13,1,1,4,1,A,1,0,0,0,0,0,0,0,0,0,0,998,998,0,1,0,1,1,16,-16,0,24145,998,61,16,0,2,0,0,0,4,0,998,0.5,30,30,105,34.9,1.3,34.9,36.1853297098496,3,5
19115,22,98,1-22-2020-098-04,4,1,JTJHZKFA1L20,17,59,403,2020,14,3,14,0,1,F,1,2095,5,0,1,3,15,2,97,1,8,0,995,0,7,0,99163,1,2,0,4,2,1,2,1,1,1,1,2,3,3,1,1,0,0,1,0,1,6,90,7,1,1,1,C,15,0,0,0,0,0,0,0,0,0,0,998,998,0,0,0,1,98,999,999,999,9999999,999,999,999,6,0,0,0,0,0,0,998,9.8,998,998,998,99.8,99.8,99.8,164.230693550283,12,5
19116,22,99,1-22-2020-099-09,9,1,1FT8W3BTXKEE,17,12,481,2019,34,5,30,0,1,F,9,9999,9,9999,9,0,998,5,105,1,8,0,995,0,7,0,83857,9,9,0,4,2,1,2,1,2,1,1,4,1,0,1,7,0,0,9,0,14,3,50,99,1,1,2,D,20,0,0,0,0,0,0,0,0,0,0,95,95,0,0,0,1,0,999,999,999,9999999,999,999,999,9,0,95,95,95,95,0,995,9.8,998,998,998,99.8,99.8,99.8,304.370422701746,12,5
19116,22,99,1-22-2020-099-09,9,2,1NXBR32E08Z0,17,49,32,2008,4,1,2,0,1,B,3,1135,5,0,1,1,17,2,105,1,8,0,995,0,7,0,98445,9,9,0,4,2,1,2,1,2,1,1,4,1,0,1,7,0,0,1,0,5,3,53,1,1,1,2,D,21,0,0,0,0,0,0,0,0,0,0,95,95,0,0,0,1,12,999,999,999,9999999,999,999,81,5,0,1,2,0,4,0,995,9.8,998,998,998,99.8,99.8,99.8,304.370422701746,12,5
19117,22,100,1-22-2020-100-06,6,1,5TBBT44101S1,17,49,482,2001,34,5,31,0,1,F,1,2060,5,9999,9,0,998,5,40,1,0,0,995,0,0,0,83501,9,9,2,4,2,1,2,1,1,1,0,0,0,0,1,5,2,2,9,0,11,2,15,99,1,1,4,K,82,0,0,0,0,0,0,0,0,0,0,310,60,0,0,0,1,3,14,-14,2,13357,998,43,13,0,4,95,95,95,95,0,995,9.8,998,998,998,99.8,99.8,99.8,99.3103280065071,12,5
19117,22,100,1-22-2020-100-06,6,2,3FAHP0JA6CR2,17,12,23,2012,4,1,3,0,1,R,1,1490,5,0,1,1,11,2,56,1,0,0,995,0,0,0,83501,9,9,2,4,2,1,2,1,1,2,0,2,0,0,1,5,0,0,9,0,1,4,67,7,1,1,4,K,83,0,0,0,0,0,0,0,0,0,0,60,310,0,0,0,1,3,19,-9,-16,31589,998,80,20,0,4,99,99,0,99,0,995,9.8,998,998,998,99.8,99.8,99.8,99.3103280065071,12,5
19118,15,91,1-15-2020-091-10,10,1,5N1ED28Y04C6,17,35,402,2004,14,3,14,0,1,F,9,1912,5,9999,9,0,998,2,48,1,8,9,998,8,7,9,11580,9,9,2,4,2,1,2,1,1,1,0,0,0,0,3,1,2,2,9,0,11,2,15,99,1,1,4,K,82,0,0,0,0,0,0,0,0,0,0,250,0,0,0,0,1,0,999,999,999,9999999,999,999,999,9,0,0,0,0,0,0,995,9.8,998,998,998,99.8,99.8,99.8,661.913137566124,1,5
19118,15,91,1-15-2020-091-10,10,2,2FMDK3GCXABA,17,12,24,2010,6,1,4,0,1,R,9,1853,5,9999,9,0,998,2,48,1,8,9,998,8,7,9,11590,9,9,2,4,4,1,2,1,1,1,1,3,0,0,3,1,0,0,9,0,1,4,67,99,1,1,4,K,83,0,0,0,0,0,0,0,0,0,0,0,250,0,0,0,1,0,999,999,999,9999999,999,999,999,9,0,0,0,0,0,0,995,9.8,998,998,998,99.8,99.8,99.8,661.913137566124,1,5
19119,15,92,1-15-2020-092-05,5,1,KNAFX6A83F54,17,63,38,2015,2,1,3,0,1,L,9,1279,5,9999,9,0,998,2,48,1,8,9,998,8,7,9,11003,9,9,2,4,2,1,2,1,1,1,0,0,0,0,1,8,0,0,9,0,11,4,67,99,1,1,4,K,82,0,0,0,0,0,0,0,0,0,0,165,315,0,0,0,1,0,999,999,999,9999999,999,999,999,9,0,9,97,0,8,0,995,9.8,998,998,998,99.8,99.8,99.8,20.1713455365039,1,5
19119,15,92,1-15-2020-092-05,5,2,999999999999,99,99,999,9999,99,10,99,99,1,F,9,,,,,,,5,48,1,8,9,998,8,7,9,99999,9,9,2,1,2,1,2,1,1,1,0,3,0,0,1,8,0,0,9,1,10,2,16,99,1,1,4,K,83,,,,,,,,,,,,,,,,,,,,,,,,,,,95,95,95,95,,,9.8,998,998,998,99.8,99.8,99.8,20.1713455365039,1,5
19120,30,121,1-30-2020-121-01,1,1,3VWDZ7AJ9BM3,17,30,40,2011,4,1,3,0,1,R,9,1381,5,9999,9,0,998,2,105,1,0,1,75,3,0,2,85037,9,9,0,2,5,2,2,1,1,1,3,3,0,0,3,1,0,0,1,0,1,3,51,8,1,1,2,D,24,0,0,0,0,0,0,0,0,0,0,998,998,0,0,0,2,0,999,999,999,9999999,999,999,999,9,0,2,12,0,1,0,998,0.1,999,999,999,99.9,99.9,99.9,31.3516018532609,10,5
19120,30,121,1-30-2020-121-01,1,2,1NXBR18E0WZ1,17,49,32,1998,4,1,1,0,1,B,9,1095,5,9999,9,0,998,5,105,1,0,0,995,0,0,0,85143,9,9,0,2,5,2,2,1,1,1,3,3,0,0,3,1,0,0,1,0,1,3,53,1,1,1,2,D,25,0,0,0,0,0,0,0,0,0,0,90,100,0,0,0,1,0,999,999,999,9999999,999,999,999,9,0,95,95,95,95,0,995,9.8,998,998,998,99.8,99.8,99.8,31.3516018532609,10,5