CASEID,PSU,CASENO,CASENUMBER,CATEGORY,VEHNO,VIN,VINLENGTH,MAKE,MODEL,MODELYR,BODYTYPE,BODYCAT,VEHCLASS,SPECUSE,TRANSTAT,DAMPLANE,DAMSEV,CURBWT,CURBSRC,CARGOWT,CARGOSRC,INSPTYPE,INSPLAG,TOWED,SPEEDLIMIT,DRPRESENT,PARALCOHOL,ALCTEST,ALCTESTRESULT,ALCTESTSRC,PARDRUG,DRUGTEST,ZIP,RACE,ETHNICITY,RELTOJUNCT,TRAFFLOW,RDLANES,INITLANE,SURFTYPE,SURFCOND,ALIGNMENT,PROFILE,LINERIGHT,LINELEFT,RUMBINIT,RUMBROAD,LIGHTCOND,WEATHER,TRAFDEV,TRAFFUNCT,DISTRACT,PREFHE,PREMOVE,CRITCAT,CRITEVENT,MANEUVER,PRESTAB,PRELOC,CRASHCAT,CRASHCONF,CRASHTYPE,ROLLTYPE,ROLLTURN,ROLLINTRPT,ROLLPREMAN,ROLLINITYP,ROLLINLOC,ROLLOBJ,ROLLTRIP,ROLLDIR,ROLLDIST,DVANGTHIS,DVANGOTH,TOWHITCH,TRAJDOC,TREEPOLE,DVEVENT,DVBASIS,DVTOTAL,DVLONG,DVLAT,DVENERGY,DVSPEED,DVMOMENT,DVBES,DVEST,DVCONF,VAIS,VISS,VINJURED,VTREAT,INITOBJCLASS,HEADANGLECAT,SHLDRWIDTH,STRKLENGTH,STRKWIDTH,STRKHEIGHT,EDGEDISTX,EDGEDISTY,EDGEDISTZ,CASEWGT,PSUSTRAT,VERSION
19122,30,123,1-30-2020-123-01,1,1,4T1BF28B22U1,17,49,43,2002,4,1,3,0,1,F,9,1560,5,9999,9,0,998,2,40,1,0,1,0,4,0,0,85302,9,9,0,4,3,1,2,1,2,2,0,2,0,0,1,1,0,0,9,1,14,2,12,1,2,4,1,B,7,0,0,0,0,0,0,0,0,0,0,998,998,0,1,0,4,0,999,999,999,9999999,999,999,999,9,0,3,14,1,1,0,998,0.0,120,15,15,0.0,0.0,0.0,27.5684458795288,10,5
19123,32,139,1-32-2020-139-03,3,1,1GKKNMLSXKZ1,17,23,423,2019,15,3,15,0,1,R,2,1794,5,0,1,1,17,2,56,1,0,0,995,0,0,0,75231,1,1,2,1,5,1,1,1,1,1,0,1,0,0,3,1,1,2,9,0,1,2,17,2,1,1,5,L,87,0,0,0,0,0,0,0,0,0,0,210,100,0,0,0,1,3,26,-22,-13,103645,998,93,32,0,4,2,6,0,3,0,995,9.8,998,998,998,99.8,99.8,99.8,752.946212794331,7,5
19123,32,139,1-32-2020-139-03,3,2,1C4HJWDG8GL2,17,2,403,2016,14,3,14,0,1,F,2,1860,5,0,1,1,14,2,56,1,0,0,995,0,0,0,75231,2,9,2,1,5,2,1,1,3,1,1,1,0,0,3,1,1,2,9,0,14,4,66,2,1,1,5,L,86,0,0,0,0,0,0,0,0,0,0,100,210,0,0,0,1,3,25,-19,16,56230,998,133,19,0,4,0,0,0,0,0,995,9.8,998,998,998,99.8,99.8,99.8,752.946212794331,7,5
19123,32,139,1-32-2020-139-03,3,3,1GCSCPEX0AZ1,17,20,481,2010,34,5,31,0,1,L,1,2299,5,0,1,1,13,2,56,1,0,0,995,0,0,0,75041,2,9,2,1,5,1,1,1,3,1,1,3,0,0,3,1,1,2,9,0,14,4,66,2,1,1,6,M,98,0,0,0,0,0,0,0,0,0,0,100,190,0,0,0,2,1,16,-5,15,35759,998,-210,12,0,4,0,0,0,0,0,995,0.0,40,40,80,2.9,0.5,3.0,752.946212794331,7,5
19123,32,139,1-32-2020-139-03,3,4,JTHBF1D29F50,17,59,35,2015,4,1,4,0,1,L,1,1570,5,0,1,1,18,2,56,1,0,0,995,0,0,0,75094,1,9,2,1,6,5,1,1,1,1,1,1,0,0,3,1,1,2,1,0,5,4,62,1,1,1,6,M,98,0,0,0,0,0,0,0,0,0,0,30,170,0,0,0,3,98,999,999,999,9999999,999,999,999,6,0,0,0,0,0,0,995,9.8,998,998,998,99.8,99.8,99.8,752.946212794331,7,5
19124,26,129,1-26-2020-129-08,8,1,1FAFP53S6WA1,17,12,17,1998,4,1,3,0,1,F,2,1509,5,0,1,1,16,2,89,1,0,0,995,0,0,0,95823,2,9,0,1,2,1,2,1,3,1,1,3,0,0,3,1,0,0,9,1,14,2,13,99,1,4,1,A,1,0,0,0,0,0,0,0,0,0,0,998,998,0,1,0,3,1,36,-36,0,92750,998,40,36,0,4,9,97,0,8,0,998,1.6,55,17,17,5.1,1.6,5.5,347.968827952641,10,5
19125,28,72,1-28-2020-072-04,4,1,1D4HB48N76F1,17,7,422,2006,15,3,15,0,1,F,1,2328,5,0,2,3,9,2,56,1,0,0,995,0,0,0,16950,1,2,2,4,2,1,2,1,1,1,0,0,0,0,1,1,6,2,1,0,1,2,17,2,1,1,5,L,88,0,0,0,0,0,0,0,0,0,0,180,60,0,0,0,1,12,999,999,999,9999999,999,999,999,6,0,0,0,0,0,0,995,9.8,998,998,998,99.8,99.8,99.8,72.6463606332791,3,5
19125,28,72,1-28-2020-072-04,4,2,1C6HJTAG3LL1,17,2,483,2020,34,5,30,0,1,L,1,2124,5,0,1,1,16,2,56,1,0,0,995,0,0,0,89031,1,2,2,4,2,1,2,1,1,1,0,0,0,0,1,1,0,0,1,0,1,4,66,4,1,1,5,L,89,0,0,0,0,0,0,0,0,0,0,60,180,0,0,0,1,12,999,999,999,9999999,999,999,999,6,0,1,1,0,4,0,995,9.8,998,998,998,99.8,99.8,99.8,72.6463606332791,3,5
19126,25,102,1-25-2020-102-10,10,1,JTLKT3249501,17,49,49,2005,6,1,1,0,1,F,1,1111,8,0,1,1,8,2,80,1,8,0,995,0,7,0,04085,9,9,0,4,2,1,2,1,2,1,1,2,0,0,1,1,0,0,9,1,14,2,12,99,1,4,1,B,6,0,0,0,0,0,0,0,0,0,0,998,998,0,1,1,2,1,23,-23,0,27853,998,-38,23,0,4,0,0,0,0,0,998,1.1,120,120,120,10.0,4.6,11.0,1211.79458786135,2,5
19127,30,124,1-30-2020-124-04,4,1,999999999999,99,99,399,9999,9,1,9,99,1,F,9,9999,9,9999,9,0,998,5,64,1,9,0,995,0,9,9,99999,9,9,2,1,5,4,2,1,1,1,3,1,0,0,1,1,1,2,3,0,1,3,50,99,9,1,2,D,20,0,0,0,0,0,0,0,0,0,0,270,270,0,0,0,1,0,999,999,999,9999999,999,999,999,9,0,95,95,95,95,0,995,9.8,998,998,998,99.8,99.8,99.8,1338.45140683048,10,5
19127,30,124,1-30-2020-124-04,4,2,1G1FK1R60K01,17,20,9,2019,2,1,4,0,1,B,9,1685,5,9999,9,0,998,2,64,1,0,0,995,0,0,0,85345,9,9,2,1,5,4,2,1,1,1,3,1,0,0,1,1,1,2,1,0,5,3,53,1,1,1,2,D,21,0,0,0,0,0,0,0,0,0,0,270,270,0,0,0,1,0,999,999,999,9999999,999,999,999,9,0,0,0,0,0,0,995,9.8,998,998,998,99.8,99.8,99.8,1338.45140683048,10,5
19127,30,124,1-30-2020-124-04,4,3,2B3CA3CV3AH1,17,7,24,2010,4,1,5,0,1,B,9,1719,5,9999,9,0,998,5,64,1,9,0,995,0,0,0,85301,9,9,2,1,5,4,2,1,1,1,3,1,0,0,1,1,1,2,1,0,1,3,53,99,1,1,6,M,98,0,0,0,0,0,0,0,0,0,0,270,270,0,0,0,2,0,999,999,999,9999999,999,999,999,9,0,95,95,95,95,0,995,9.8,998,998,998,99.8,99.8,99.8,1338.45140683048,10,5
19128,13,90,1-13-2020-090-08,8,1,1HGCM56356A0,17,37,32,2006,4,1,3,0,1,R,1,1440,5,0,1,1,18,2,64,1,0,0,995,0,0,0,76180,1,2,0,4,2,1,2,1,1,1,1,2,0,0,2,1,0,0,3,1,1,2,13,99,1,4,1,A,1,0,0,0,0,0,0,0,0,0,0,998,998,0,0,1,1,1,9,-9,0,6896,998,90,9,0,4,3,13,1,3,0,998,0.0,42,42,-120,7.3,2.0,7.6,520.718431084921,7,5
19130,77,84,1-77-2020-084-01,1,1,3GKFK16Z43G1,17,23,421,2003,15,3,15,0,1,F,1,2323,5,0,1,1,11,2,999,1,0,1,0,3,0,1,22932,1,2,3,4,2,1,2,2,1,1,0,0,0,0,1,2,0,0,9,1,1,2,12,99,1,4,1,B,6,0,0,0,0,0,0,0,0,0,0,998,998,0,0,1,1,12,999,999,999,9999999,999,999,999,6,0,0,0,0,2,0,998,0.0,76,50,70,82.0,43.0,92.0,103.196479574378,9,5
19131,77,85,1-77-2020-085-08,8,1,KNADC1651462,17,63,32,2004,5,1,1,0,1,F,2,1110,5,0,1,1,8,2,40,1,1,1,248,2,0,0,22901,9,9,0,4,2,1,2,1,3,1,0,2,0,0,1,1,0,0,1,1,14,2,13,99,1,4,1,A,1,1,1,2,2,5,4,31,1,2,2,998,998,0,0,1,3,1,25,-25,0,37182,998,50,25,0,1,1,1,0,4,2,998,0.5,112,10,15,45.0,6.0,45.0,811.243114197956,9,5
19132,54,31,1-54-2020-031-06,6,1,1FAHP3FN5BW1,17,12,37,2011,4,1,2,0,1,T,3,1225,5,0,1,1,3,2,56,1,0,0,995,0,0,1,35564,1,9,0,4,2,1,2,1,3,4,0,0,0,0,1,8,0,0,9,1,14,2,13,98,3,4,1,A,2,1,1,1,2,1,4,61,1,2,7,996,996,0,1,1,2,7,999,999,999,9999999,999,999,999,8,0,3,14,1,4,3,996,0.0,58,58,120,10.5,5.6,11.9,402.387719401376,9,5
19134,17,104,1-17-2020-104-08,8,1,JHMZE2H59AS0,17,37,37,2010,5,1,2,0,1,R,1,1235,5,0,1,1,3,2,72,1,9,1,0,2,9,1,61244,9,9,2,1,4,4,2,1,1,1,1,2,0,0,1,1,1,2,1,0,11,2,15,99,1,1,4,J,68,0,0,0,0,0,0,0,0,0,0,190,90,0,0,0,1,1,24,-8,-22,49175,998,124,23,0,1,3,10,1,3,0,995,9.8,998,998,998,99.8,99.8,99.8,242.848524617834,4,5
19134,17,104,1-17-2020-104-08,8,2,5GAER237X8J1,17,18,24,2008,6,1,5,0,1,F,1,2168,5,0,1,1,3,2,72,1,9,0,995,0,9,0,61244,9,9,2,1,6,3,2,1,1,1,3,1,0,0,1,1,1,2,1,0,1,4,62,2,1,1,4,J,69,0,0,0,0,0,0,0,0,0,0,90,190,0,0,0,1,1,13,-13,2,25249,998,70,15,0,1,99,99,0,99,0,995,9.8,998,998,998,99.8,99.8,99.8,242.848524617834,4,5
19134,17,104,1-17-2020-104-08,8,3,3GNFK16Z32G2,17,20,431,2002,16,3,16,0,1,F,9,2228,5,9999,9,0,998,5,72,1,9,0,995,0,9,0,61265,9,9,2,4,5,2,2,1,1,1,1,1,0,0,1,1,1,2,1,0,5,4,67,1,1,1,6,M,98,0,0,0,0,0,0,0,0,0,0,0,160,0,0,0,2,0,999,999,999,9999999,999,999,999,9,0,95,95,95,95,0,995,9.8,998,998,998,99.8,99.8,99.8,242.848524617834,4,5
19135,11,71,1-11-2020-071-09,9,1,3N1AB6AP3AL6,17,35,43,2010,4,1,3,0,1,F,2,1296,5,0,1,1,10,3,40,1,0,0,995,0,0,0,23860,2,2,2,4,2,1,2,1,1,1,0,0,0,0,1,1,2,2,1,0,10,2,16,1,1,1,4,K,78,0,0,0,0,0,0,0,0,0,0,300,10,0,0,0,1,3,28,-21,18,34897,998,90,20,0,4,0,0,0,0,0,995,9.8,998,998,998,99.8,99.8,99.8,5008.44905372691,8,5
19135,11,71,1-11-2020-071-09,9,2,JN8AZ2NC6G94,17,58,422,2016,15,3,15,0,1,R,1,2671,5,9999,9,0,998,5,56,1,0,0,995,0,0,0,23225,9,9,2,4,4,1,2,1,1,1,0,3,0,0,1,1,0,0,1,0,1,4,65,99,1,1,4,K,79,0,0,0,0,0,0,0,0,0,0,10,300,0,0,0,1,3,16,-5,-15,56417,998,41,23,0,4,95,95,95,95,0,995,9.8,998,998,998,99.8,99.8,99.8,5008.44905372691,8,5
19136,11,72,1-11-2020-072-04,4,1,1GNEK13T61J1,17,20,421,2001,15,3,15,0,1,F,1,2317,5,9999,9,0,998,5,89,1,0,0,995,0,0,0,23002,9,9,0,1,2,2,2,1,1,1,3,2,0,0,1,1,0,0,1,0,1,3,52,99,1,1,2,D,28,0,0,0,0,0,0,0,0,0,0,235,235,0,0,0,1,3,17,-17,0,31942,998,0,19,0,4,95,95,95,95,0,995,9.8,998,998,998,99.8,99.8,99.8,2615.60411238361,8,5
19136,11,72,1-11-2020-072-04,4,2,1C4PJMBX3KD2,17,2,404,2019,14,3,14,0,1,B,1,1839,5,0,1,1,10,2,89,1,0,0,995,0,0,0,23901,9,9,0,1,2,2,2,1,1,1,3,2,0,0,1,1,0,0,1,0,2,3,53,1,1,1,2,D,29,0,0,0,0,0,0,0,0,0,0,235,235,0,0,0,1,3,20,20,0,22472,998,-3,17,0,1,0,0,0,0,0,995,9.8,998,998,998,99.8,99.8,99.8,2615.60411238361,8,5
19136,11,72,1-11-2020-072-04,4,3,1FM5K7D87EGA,17,12,401,2014,14,3,14,0,1,B,1,2067,5,9999,9,0,998,5,89,1,0,0,995,0,0,0,77019,9,9,0,1,2,2,2,1,1,1,3,1,0,0,1,1,0,0,1,0,2,3,53,99,1,1,6,M,98,0,0,0,0,0,0,0,0,0,0,235,235,0,0,0,2,3,13,13,0,12501,998,0,12,0,4,95,95,95,95,0,995,9.8,998,998,998,99.8,99.8,99.8,2615.60411238361,8,5
19137,48,55,1-48-2020-055-07,7,1,WBA3N9C55EF7,17,34,47,2014,2,1,4,0,1,F,1,1649,5,0,1,1,4,2,89,1,0,0,995,0,0,0,84302,1,2,0,5,5,2,2,1,1,1,3,2,0,0,1,1,0,0,3,0,1,3,50,1,1,1,2,D,20,0,0,0,0,0,0,0,0,0,0,255,250,0,0,0,1,3,14,-14,0,17109,998,-40,15,0,4,0,0,0,0,0,995,9.8,998,998,998,99.8,99.8,99.8,585.148840156735,12,5
19137,48,55,1-48-2020-055-07,7,2,1C3CDFCH2DD3,17,7,29,2013,4,1,3,0,1,B,1,1471,5,9999,9,0,998,5,89,1,0,0,995,0,7,0,84302,9,9,0,5,5,2,2,1,1,1,3,2,0,0,1,1,0,0,9,0,5,3,53,99,1,1,2,D,22,0,0,0,0,0,0,0,0,0,0,250,255,0,0,0,1,3,16,16,3,13848,998,-43,15,0,4,95,95,95,95,0,995,9.8,998,998,998,99.8,99.8,99.8,585.148840156735,12,5
19138,48,56,1-48-2020-056-08,8,1,1N4BU31D3VC2,17,35,47,1997,4,1,2,0,1,T,3,1315,5,0,1,1,9,2,129,1,1,1,234,2,1,2,83252,1,9,0,1,2,1,1,1,1,1,1,3,2,3,1,1,0,0,9,1,6,1,6,3,1,4,1,A,1,1,7,2,2,1,4,61,1,1,30,997,997,0,0,0,1,6,999,999,999,9999999,999,999,999,8,0,2,9,0,3,3,997,3.1,8,6,24,57.1,10.4,58.0,82.6337260427965,12,5
19139,24,138,1-24-2020-138-07,7,1,1C3CDZAB6EN2,17,7,26,2014,4,1,3,0,1,R,9,1636,5,9999,9,0,998,5,64,1,0,0,995,0,0,0,08232,9,9,0,2,3,2,2,1,1,9,3,3,0,0,1,1,0,0,9,1,15,2,11,99,1,2,2,F,46,0,0,0,0,0,0,0,0,0,0,295,290,0,0,0,1,0,999,999,999,9999999,999,999,999,9,0,95,95,95,95,0,995,9.8,998,998,998,99.8,99.8,99.8,385.735922504641,1,5
19139,24,138,1-24-2020-138-07,7,2,5UXWX5C5XBL7,17,34,402,2011,14,3,14,0,1,R,2,1865,5,0,1,1,28,2,64,1,0,0,995,0,0,0,08402,9,9,0,2,3,1,2,1,1,9,0,3,0,0,1,1,0,0,1,0,1,4,60,1,1,1,2,F,45,0,0,0,0,0,0,0,0,0,0,998,998,0,0,0,2,8,999,999,999,9999999,999,999,999,7,0,0,0,0,0,0,998,0.0,999,999,999,0.0,0.0,0.0,385.735922504641,1,5
19142,24,141,1-24-2020-141-03,3,1,1N4AL21EX7N4,17,35,47,2007,4,1,4,0,1,F,9,1429,5,9999,9,0,998,2,72,1,0,0,995,0,0,0,08401,9,9,2,4,2,1,2,1,1,1,1,4,0,0,1,1,0,0,9,0,11,2,15,99,1,1,4,J,68,0,0,0,0,0,0,0,0,0,0,270,120,0,0,0,1,0,999,999,999,9999999,999,999,999,9,0,1,1,0,4,0,995,9.8,998,998,998,99.8,99.8,99.8,84.7706395169576,1,5
19142,24,141,1-24-2020-141-03,3,2,WBA5B3C54FD5,17,34,35,2015,4,1,5,0,1,F,1,1885,5,9999,9,0,998,2,72,1,0,0,995,0,0,0,08330,2,2,2,4,2,1,2,1,1,1,1,2,0,0,1,1,0,0,9,0,1,4,62,1,1,1,4,J,69,0,0,0,0,0,0,0,0,0,0,70,320,0,0,0,3,3,7,-7,-1,5262,998,-38,8,0,4,1,1,0,4,0,995,9.8,998,998,998,99.8,99.8,99.8,84.7706395169576,1,5
19142,24,141,1-24-2020-141-03,3,3,2HGFC2F89KH5,17,37,31,2019,4,1,3,0,1,L,1,1312,5,0,1,1,13,2,72,1,0,0,995,0,0,0,08234,3,2,2,4,2,1,2,1,1,1,1,4,1,0,1,1,0,0,1,0,5,4,62,8,1,1,6,M,98,0,0,0,0,0,0,0,0,0,0,320,70,0,0,0,3,3,9,-4,8,12259,998,-183,9,0,4,1,2,0,4,0,995,9.8,998,998,998,99.8,99.8,99.8,84.7706395169576,1,5
19142,24,141,1-24-2020-141-03,3,4,5GAKRBED6BJ3,17,18,24,2011,6,1,5,0,1,F,9,2168,5,9999,9,0,998,5,72,1,0,0,995,0,0,0,08234,9,9,2,4,2,1,2,1,1,1,1,4,1,0,1,1,0,0,1,0,5,3,51,99,1,1,6,M,98,0,0,0,0,0,0,0,0,0,0,310,270,0,0,0,2,0,999,999,999,9999999,999,999,999,9,0,95,95,95,95,0,995,9.8,998,998,998,99.8,99.8,99.8,84.7706395169576,1,5
19143,16,109,1-16-2020-109-04,4,1,3GYFK62897G3,17,19,481,2007,34,5,31,0,1,R,1,2611,5,9999,9,0,998,5,56,1,0,0,995,0,0,0,45237,9,9,1,1,3,3,2,1,1,4,1,2,0,0,1,1,1,2,1,0,11,2,15,99,1,1,4,J,68,0,0,0,0,0,0,0,0,0,0,150,30,0,0,0,1,3,19,-12,-14,88398,998,70,27,0,4,95,95,95,95,0,995,9.8,998,998,998,99.8,99.8,99.8,1041.76968942069,5,5
19143,16,109,1-16-2020-109-04,4,2,4T4BF1FK0GR5,17,49,40,2016,4,1,4,0,1,F,2,1467,5,0,1,1,16,2,56,1,0,0,995,0,0,0,45229,9,9,1,1,3,3,2,1,1,2,3,1,0,0,1,1,1,2,1,0,1,4,62,99,1,1,4,J,69,0,0,0,0,0,0,0,0,0,0,30,150,0,0,0,1,3,33,-32,6,33730,998,72,21,0,4,0,0,0,0,0,995,9.8,998,998,998,99.8,99.8,99.8,1041.76968942069,5,5
19144,16,110,1-16-2020-110-06,6,1,5XYKT3A17BG1,17,63,402,2011,14,3,14,0,1,F,3,1837,5,0,1,1,20,2,56,1,0,0,995,0,0,0,45013,9,9,2,1,7,1,2,1,1,1,0,3,0,0,1,1,1,2,1,0,1,4,60,99,1,1,2,F,45,0,0,0,0,0,0,0,0,0,0,998,998,0,0,9,2,1,42,-42,0,138024,998,-8,42,0,1,1,1,0,8,0,998,0.0,999,999,999,2.4,2.1,2.8,560.973476091451,5,5
19144,16,110,1-16-2020-110-06,6,2,1D8HB48P17F5,17,7,422,2007,15,3,15,0,1,R,2,2328,5,9999,9,4,77,2,56,1,0,0,995,0,0,0,41085,9,9,2,1,7,2,2,1,1,1,3,3,0,0,1,1,1,2,9,1,15,2,11,99,1,2,2,F,46,0,0,0,0,0,0,0,0,0,0,290,285,0,0,0,1,12,999,999,999,9999999,999,999,999,7,0,0,0,0,0,0,995,9.8,998,998,998,99.8,99.8,99.8,560.973476091451,5,5
19145,52,146,1-52-2020-146-10,10,1,YV1AX8845G11,17,51,34,1986,4,1,3,0,1,R,1,1323,5,0,1,1,15,2,56,1,0,0,995,0,0,0,59101,1,2,2,1,3,2,2,1,1,1,1,0,0,0,1,8,1,2,1,0,11,2,15,1,1,1,4,J,68,0,0,0,0,0,0,0,0,0,0,120,10,0,0,0,1,1,11,-6,-10,12364,998,129,11,0,4,0,0,0,0,0,995,9.8,998,998,998,99.8,99.8,99.8,685.105886630274,12,5
19145,52,146,1-52-2020-146-10,10,2,JTDJT923X851,17,49,51,2008,3,1,1,0,1,F,1,1050,5,0,1,2,14,5,56,1,0,0,995,0,0,0,59101,9,9,2,4,3,2,2,1,1,1,1,2,0,0,1,8,1,2,9,0,1,4,62,2,1,1,4,J,69,0,0,0,0,0,0,0,0,0,0,10,120,0,0,0,1,1,15,-15,3,11250,998,50,15,0,4,95,95,95,95,0,995,9.8,998,998,998,99.8,99.8,99.8,685.105886630274,12,5
19146,52,147,1-52-2020-147-02,2,1,3C6UR5HLXJG1,17,7,482,2018,34,5,31,0,1,R,9,3090,5,9999,9,0,998,5,56,1,0,0,995,0,0,0,59601,9,9,2,4,6,3,2,1,1,1,1,1,0,0,1,1,1,2,9,0,1,2,17,99,9,1,5,L,87,0,0,0,0,0,0,0,0,0,0,180,90,1,0,0,1,0,999,999,999,9999999,999,999,999,9,0,95,95,95,95,0,995,9.8,998,998,998,99.8,99.8,99.8,20.3744460339419,12,5
19146,52,147,1-52-2020-147-02,2,2,1G1JG6SH1H41,17,20,28,2017,5,1,1,0,1,F,1,1263,5,0,1,1,11,2,56,1,0,0,995,0,0,0,59102,9,9,2,4,4,1,2,1,1,1,0,1,0,0,1,1,1,2,9,0,1,4,66,2,1,1,5,L,86,0,0,0,0,0,0,0,0,0,0,90,180,0,0,0,1,5,999,999,999,9999999,999,999,16,2,0,1,2,0,4,0,995,9.8,998,998,998,99.8,99.8,99.8,20.3744460339419,12,5
19147,52,148,1-52-2020-148-06,6,1,5J6RM4H74DL0,17,37,402,2013,14,3,14,0,1,F,2,1583,5,0,1,1,10,2,56,1,1,8,997,8,0,0,59106,9,9,2,4,5,2,2,1,1,1,1,1,0,0,3,1,1,2,9,1,1,2,12,8,1,2,1,B,6,0,0,0,0,0,0,0,0,0,0,998,998,0,0,1,1,12,999,999,999,9999999,999,999,999,7,0,99,99,0,99,0,998,0.0,29,29,18,3.1,0.7,3.1,45.1352264563373,12,5
19148,52,149,1-52-2020-149-03,3,1,JF2GPABC5HH2,17,48,403,2017,14,3,14,0,1,F,1,1445,8,0,1,1,10,2,40,1,0,0,995,0,0,0,59106,9,9,2,5,3,2,2,1,1,1,1,2,0,0,1,8,0,0,3,1,11,2,13,1,1,4,1,C,11,0,0,0,0,0,0,0,0,0,0,0,0,0,0,0,1,1,24,-24,0,19056,998,1,18,0,1,99,99,0,5,0,995,9.8,998,998,998,99.8,99.8,99.8,22.3123065945956,12,5
19148,52,149,1-52-2020-149-03,3,2,5XXGT4L37KG3,17,63,34,2019,4,1,4,0,2,B,2,1465,5,0,1,5,12,,,,,,,,,,,,,,,,,,,,,,,,,,,,,,,,,,,,,,,,,,,,,,,,,,,,,,,,,,,,,,,,,,95,95,95,95,,,,,,,,,,22.3123065945956,12,5
19149,28,73,1-28-2020-073-09,9,1,1B3EL46R92N3,17,7,43,2002,4,1,3,0,1,F,2,1452,5,0,1,1,16,2,72,1,9,0,995,0,9,0,99999,9,9,0,4,2,1,2,1,2,1,0,0,0,0,2,1,0,0,9,1,14,2,12,99,1,4,1,B,6,0,0,0,0,0,0,0,0,0,0,998,998,0,0,1,2,1,30,-30,-5,55407,998,-38,30,0,1,99,99,0,99,0,998,0.0,999,999,999,28.5,1.6,28.7,296.32228130285,3,5
19150,28,74,1-28-2020-074-03,3,1,1N6BD0CT2GN7,17,35,472,2016,34,5,30,0,1,F,1,1880,5,0,1,1,11,2,89,1,0,0,995,0,0,0,15771,1,1,0,4,2,1,2,1,1,1,1,4,0,0,2,1,0,0,1,1,1,2,13,4,1,4,1,A,3,0,0,0,0,0,0,0,0,0,0,998,998,0,0,2,4,10,999,999,999,9999999,999,-11,24,2,0,1,2,0,4,0,998,1.2,9,9,116,35.2,2.6,35.4,49.8360619609918,3,5
19151,10,140,1-10-2020-140-08,8,1,2G1WX15K7191,17,20,36,2001,2,1,4,0,1,L,2,1516,5,0,1,1,6,2,56,1,0,0,995,0,0,0,99999,9,9,0,4,4,2,2,1,3,4,3,2,0,0,3,1,0,0,9,1,14,2,12,99,4,4,1,B,7,1,3,1,6,1,4,61,1,1,9,997,997,0,1,0,2,6,999,999,999,9999999,999,999,999,7,0,2,9,0,3,3,997,0.0,120,75,8,0.0,0.0,0.0,196.716532196185,4,5
19152,10,141,1-10-2020-141-05,5,1,1HTSHADR6YH2,17,84,881,2000,61,8,60,0,1,F,9,,,,,,,2,999,1,0,0,995,0,0,0,45315,9,9,0,1,3,1,2,1,3,9,1,3,2,3,1,1,0,0,3,1,14,2,12,1,1,4,1,B,6,,,,,,,,,,,,,,,,,,,,,,,,,,,95,95,95,95,,,3.0,999,999,999,22.0,49.0,52.0,33.0121701346468,4,5
19152,10,141,1-10-2020-141-05,5,2,JN8AZ1MW2DW3,17,35,49,2013,6,1,4,0,1,L,2,1831,5,0,1,4,15,2,105,1,0,0,995,0,0,0,45424,9,9,0,1,3,2,2,1,2,9,3,3,0,3,1,1,0,0,1,0,14,4,62,1,1,1,6,M,98,0,0,0,0,0,0,0,0,0,0,170,290,0,0,0,2,5,999,999,999,9999999,999,999,999,7,0,9,97,0,8,0,995,9.8,998,998,998,99.8,99.8,99.8,33.0121701346468,4,5
19153,10,142,1-10-2020-142-05,5,1,2G1FG1EW5F91,17,20,9,2015,2,1,4,0,1,F,3,1773,5,0,1,4,26,2,89,1,0,1,0,2,0,0,45067,1,2,0,4,2,1,2,1,1,4,1,2,0,0,1,1,0,0,1,1,1,2,13,2,2,4,1,A,1,1,99,1,2,6,4,42,3,1,15,998,998,0,1,2,1,12,999,999,999,9999999,999,999,999,8,0,2,5,0,4,3,998,0.3,25,25,120,99.9,99.9,99.9,33.0121701346468,4,5
19154,10,143,1-10-2020-143-03,3,1,1FADP3J22GL3,17,12,37,2016,4,1,3,0,1,F,2,1340,5,0,1,4,25,2,113,1,0,0,995,0,0,0,43207,9,9,0,1,2,2,2,1,1,1,3,2,1,3,1,8,0,0,1,0,1,3,51,99,1,1,2,D,24,0,0,0,0,0,0,0,0,0,0,90,90,0,0,0,1,5,999,999,999,9999999,999,999,999,7,0,99,99,0,5,0,995,9.8,998,998,998,99.8,99.8,99.8,292.690795305284,4,5
19154,10,143,1-10-2020-143-03,3,2,1HTSHADR1TH4,17,84,881,1996,61,8,60,0,1,B,9,,,,,,,2,113,1,0,0,995,0,0,0,45338,9,9,0,1,2,2,2,1,1,1,3,2,1,3,1,8,0,0,1,0,1,3,53,1,1,1,2,D,25,,,,,,,,,,,,,,,,,,,,,,,,,,,95,95,95,95,,,9.8,998,998,998,99.8,99.8,99.8,292.690795305284,4,5
19155,25,103,1-25-2020-103-04,4,1,1N4AL3AP9GC1,17,35,47,2016,4,1,4,0,1,F,1,1453,5,0,1,3,9,2,80,1,8,0,995,0,7,0,04210,9,9,0,4,2,1,2,1,1,2,1,2,1,0,3,1,0,0,1,0,1,6,87,99,1,1,1,C,13,0,0,0,0,0,0,0,0,0,0,998,998,0,0,0,1,12,999,999,999,9999999,999,999,999,6,0,0,0,0,0,0,998,9.8,998,998,998,99.8,99.8,99.8,658.587315835375,2,5
19156,25,104,1-25-2020-104-03,3,1,3FA6P0H7XGR2,17,12,23,2016,4,1,4,0,1,F,1,1558,5,0,1,1,48,2,56,1,8,0,995,0,7,0,04106,9,9,3,4,2,1,2,1,1,2,1,2,0,0,1,1,0,0,9,0,1,3,52,4,1,1,2,D,28,0,0,0,0,0,0,0,0,0,0,245,260,0,0,0,1,3,15,-15,0,17888,998,-40,16,0,4,1,1,0,4,0,995,9.8,998,998,998,99.8,99.8,99.8,193.951403926286,2,5