CASEID,PSU,CASENO,CASENUMBER,CATEGORY,VEHNO,VIN,VINLENGTH,MAKE,MODEL,MODELYR,BODYTYPE,BODYCAT,VEHCLASS,SPECUSE,TRANSTAT,DAMPLANE,DAMSEV,CURBWT,CURBSRC,CARGOWT,CARGOSRC,INSPTYPE,INSPLAG,TOWED,SPEEDLIMIT,DRPRESENT,PARALCOHOL,ALCTEST,ALCTESTRESULT,ALCTESTSRC,PARDRUG,DRUGTEST,ZIP,RACE,ETHNICITY,RELTOJUNCT,TRAFFLOW,RDLANES,INITLANE,SURFTYPE,SURFCOND,ALIGNMENT,PROFILE,LINERIGHT,LINELEFT,RUMBINIT,RUMBROAD,LIGHTCOND,WEATHER,TRAFDEV,TRAFFUNCT,DISTRACT,PREFHE,PREMOVE,CRITCAT,CRITEVENT,MANEUVER,PRESTAB,PRELOC,CRASHCAT,CRASHCONF,CRASHTYPE,ROLLTYPE,ROLLTURN,ROLLINTRPT,ROLLPREMAN,ROLLINITYP,ROLLINLOC,ROLLOBJ,ROLLTRIP,ROLLDIR,ROLLDIST,DVANGTHIS,DVANGOTH,TOWHITCH,TRAJDOC,TREEPOLE,DVEVENT,DVBASIS,DVTOTAL,DVLONG,DVLAT,DVENERGY,DVSPEED,DVMOMENT,DVBES,DVEST,DVCONF,VAIS,VISS,VINJURED,VTREAT,INITOBJCLASS,HEADANGLECAT,SHLDRWIDTH,STRKLENGTH,STRKWIDTH,STRKHEIGHT,EDGEDISTX,EDGEDISTY,EDGEDISTZ,CASEWGT,PSUSTRAT,VERSION
19193,26,133,1-26-2020-133-10,10,1,2FTHF25H7TCA,17,12,481,1996,34,5,30,0,1,F,2,1966,5,9999,9,1,6,2,72,1,0,0,995,0,0,0,95843,1,9,2,1,3,1,2,1,1,1,0,3,0,0,1,1,1,2,3,0,1,3,50,2,2,1,2,D,20,0,0,0,0,0,0,0,0,0,0,245,245,0,1,0,1,3,29,-29,0,59092,998,-8,27,0,4,99,99,0,99,0,995,9.8,998,998,998,99.8,99.8,99.8,9727.94495851407,10,5
19193,26,133,1-26-2020-133-10,10,2,1GCHK23142F1,17,20,481,2002,34,5,30,0,1,B,1,2738,5,9999,9,0,998,5,72,1,0,0,995,0,0,0,95841,9,9,2,1,3,1,2,1,1,1,0,3,0,0,1,1,1,2,1,0,5,3,53,1,1,1,2,D,21,0,0,0,0,0,0,0,0,0,0,245,245,0,1,0,1,3,22,22,0,57405,998,0,23,0,4,95,95,95,95,0,995,9.8,998,998,998,99.8,99.8,99.8,9727.94495851407,10,5
19194,20,64,1-20-2020-064-02,2,1,1N4AL3AP2GC1,17,35,47,2016,4,1,4,0,1,F,2,1453,5,0,1,1,16,2,89,1,1,8,997,8,9,9,93905,9,1,0,4,2,1,2,1,2,2,1,2,0,0,3,1,0,0,1,1,14,2,13,3,1,4,1,A,1,0,0,0,0,0,0,0,0,0,0,998,998,0,0,0,1,12,999,999,999,9999999,999,999,999,7,0,1,1,0,8,0,998,0.7,120,72,-8,10.0,2.0,10.0,134.951111286842,11,5
19195,15,93,1-15-2020-093-07,7,1,1XPXD40X7KD2,17,87,881,2019,66,8,68,0,1,B,9,,,,,,,5,48,1,8,9,998,8,7,9,11778,9,9,2,1,2,2,2,1,1,1,2,1,0,0,2,8,1,2,9,1,10,2,16,99,1,2,4,K,79,,,,,,,,,,,,,,,,,,,,,,,,,,,95,95,95,95,,,9.8,998,998,998,99.8,99.8,99.8,132.09976660427,1,5
19195,15,93,1-15-2020-093-07,7,2,1N4AL3AP3EN2,17,35,47,2014,4,1,4,0,1,L,9,1451,5,9999,9,0,998,2,48,1,8,9,998,8,7,9,11550,9,9,2,1,2,1,2,1,1,1,1,1,0,0,2,8,1,2,9,0,10,4,60,99,1,1,4,K,78,0,0,0,0,0,0,0,0,0,0,130,145,0,0,0,1,0,999,999,999,9999999,999,999,999,9,0,0,0,0,0,0,995,9.8,998,998,998,99.8,99.8,99.8,132.09976660427,1,5
19196,15,94,1-15-2020-094-04,4,1,WDCTG4GB4JJ4,17,42,55,2018,5,1,3,0,1,F,2,1505,5,0,2,4,36,2,64,1,8,9,998,8,7,9,11023,3,2,1,3,2,2,2,1,1,1,1,3,0,0,2,1,0,0,1,1,1,2,12,1,1,4,1,B,6,0,0,0,0,0,0,0,0,0,0,998,998,0,0,0,1,12,999,999,999,9999999,999,999,999,7,0,0,0,0,0,0,998,0.3,999,999,999,9.9,1.6,10.3,84.6766821222501,1,5
19197,15,95,1-15-2020-095-04,4,1,1C6RR7LT4GS3,17,7,482,2016,34,5,31,0,1,R,2,2336,5,9999,9,4,30,2,89,1,8,9,998,8,7,9,06902,9,9,0,3,4,1,2,1,3,1,1,3,2,3,3,1,0,0,9,1,14,2,13,99,1,4,1,A,1,0,0,0,0,0,0,0,0,0,0,998,998,0,0,0,1,12,999,999,999,9999999,999,999,999,7,0,0,0,0,0,0,998,3.2,999,999,999,12.8,3.3,13.0,84.6766821222501,1,5
19198,29,136,1-29-2020-136-03,3,1,1FTEW1E58KFA,17,12,481,2019,34,5,30,0,1,L,2,2130,5,0,2,1,29,2,0,1,0,0,995,0,0,0,02093,3,2,3,4,2,1,2,1,3,2,0,2,0,0,1,1,0,0,1,0,11,2,15,9,1,1,4,K,82,0,0,0,0,0,0,0,0,0,0,255,355,0,0,0,1,3,29,-19,22,134013,998,48,38,0,4,0,0,0,0,0,995,9.8,998,998,998,99.8,99.8,99.8,28.5039342470937,2,5
19198,29,136,1-29-2020-136-03,3,2,58ABK1GG4JU0,17,59,31,2018,4,1,4,0,1,F,2,1610,5,0,1,1,7,2,72,1,0,0,995,0,0,0,02864,9,9,3,4,4,1,2,1,1,1,1,3,0,0,1,1,0,0,1,0,1,4,72,3,1,1,4,K,83,0,0,0,0,0,0,0,0,0,0,355,255,0,0,0,1,3,37,-32,-18,50923,998,-63,25,0,4,9,97,0,8,0,995,9.8,998,998,998,99.8,99.8,99.8,28.5039342470937,2,5
19200,29,138,1-29-2020-138-06,6,1,1G1ND52J23M5,17,20,37,2003,4,1,3,0,1,F,2,1384,5,0,1,1,6,2,48,1,9,0,995,0,9,0,02747,9,9,0,4,2,1,2,1,1,1,0,2,0,0,3,1,0,0,3,1,1,2,11,1,1,4,1,C,11,0,0,0,0,0,0,0,0,0,0,350,350,0,0,0,1,1,28,-28,0,61681,998,48,31,0,4,9,97,0,99,0,995,9.8,998,998,998,99.8,99.8,99.8,33.1862807502151,2,5
19200,29,138,1-29-2020-138-06,6,2,2C4RC1BG7ER1,17,6,441,2014,20,4,20,0,2,B,1,2115,5,0,1,5,5,,,,,,,,,,,,,,,,,,,,,,,,,,,,,,,,,,,,,,,,,,,,,,,,,,,,,,,,,,,,,,,,,,95,95,95,95,,,,,,,,,,33.1862807502151,2,5
19201,29,139,1-29-2020-139-09,9,1,1J8HG58256C2,17,2,406,2006,14,3,14,0,1,F,1,2289,5,0,1,1,6,2,48,1,0,0,995,0,0,0,02744,9,9,0,4,2,1,2,1,1,4,0,2,0,0,1,1,0,0,3,1,1,2,13,99,1,4,1,A,1,0,0,0,0,0,0,0,0,0,0,998,998,0,1,2,1,10,999,999,999,9999999,999,54,21,2,0,99,99,0,8,0,998,0.0,999,999,999,5.5,0.6,5.4,130.706577809314,2,5
19202,22,104,1-22-2020-104-04,4,1,5TFAY5F17GX4,17,49,482,2016,34,5,30,0,1,R,1,2555,5,0,1,1,3,2,56,1,0,0,995,0,0,0,83501,1,2,3,4,2,1,2,1,1,4,0,4,0,0,5,8,0,0,1,0,6,4,61,3,1,1,4,J,73,0,0,0,0,0,0,0,0,0,0,55,40,0,0,0,1,8,999,999,999,9999999,999,999,999,6,0,0,0,0,0,0,995,0.0,48,18,-120,5.4,0.7,5.5,49.1577133586649,12,5
19202,22,104,1-22-2020-104-04,4,2,JF2SKAUC4LH4,17,48,401,2020,14,3,14,99,1,L,1,1610,5,9999,9,4,3,5,56,1,0,0,995,0,0,0,83501,9,9,3,4,2,1,2,1,1,2,0,4,0,0,5,8,0,0,9,1,11,2,10,99,1,1,4,J,72,0,0,0,0,0,0,0,0,0,0,40,55,0,0,0,1,8,999,999,999,9999999,999,999,999,6,0,95,95,95,95,0,995,9.8,998,998,998,99.8,99.8,99.8,49.1577133586649,12,5
19203,21,118,1-21-2020-118-01,1,1,2GCEC19V2314,17,20,481,2003,34,5,31,0,1,F,2,2066,8,0,1,1,41,2,89,1,9,1,0,3,9,2,92314,9,1,0,4,2,1,2,1,3,9,1,2,1,1,1,1,0,0,9,1,14,2,10,1,1,2,3,I,64,0,0,0,0,0,0,0,0,0,0,30,225,0,0,0,2,5,999,999,999,9999999,999,999,38,3,0,3,17,1,1,0,995,9.8,998,998,998,99.8,99.8,99.8,74.4329050626804,11,5
19203,21,118,1-21-2020-118-01,1,2,1FTHX26G4TEB,17,12,481,1996,34,5,31,0,1,L,9,9999,9,9999,9,0,998,5,89,1,0,0,995,0,0,0,92324,9,9,0,4,2,1,2,1,2,9,1,2,3,3,1,1,0,0,1,1,14,4,62,8,1,4,3,I,65,0,0,0,0,0,0,0,0,0,0,230,45,1,0,0,1,0,999,999,999,9999999,999,999,999,9,0,95,95,95,95,0,995,9.8,998,998,998,99.8,99.8,99.8,74.4329050626804,11,5
19203,21,118,1-21-2020-118-01,1,3,3C6UR5DL6GG2,17,7,482,2016,34,5,31,0,1,F,9,3005,5,2440,8,4,41,2,89,1,0,0,995,0,0,0,92543,1,9,0,4,2,1,2,1,2,9,1,2,3,3,1,1,0,0,1,1,14,4,62,4,9,4,6,M,98,0,0,0,0,0,0,0,0,0,0,225,30,1,0,0,2,5,999,999,999,9999999,999,999,999,9,0,1,1,0,4,0,995,9.8,998,998,998,99.8,99.8,99.8,74.4329050626804,11,5
19204,21,119,1-21-2020-119-09,9,1,3N1CB51D15L5,17,35,43,2005,4,1,1,0,1,L,1,1083,8,0,2,1,27,2,0,1,0,9,998,8,0,9,92404,9,1,3,4,2,1,2,1,1,1,0,0,0,0,1,1,2,2,2,0,11,2,15,1,1,1,4,K,82,0,0,0,0,0,0,0,0,0,0,240,20,0,0,0,1,5,999,999,999,9999999,999,999,5,1,0,1,1,0,4,0,995,9.8,998,998,998,99.8,99.8,99.8,4891.8334214965,11,5
19204,21,119,1-21-2020-119-09,9,2,999999999999,99,99,999,9999,99,10,99,99,1,F,9,,,,,,,5,64,1,1,0,995,0,0,0,92392,9,9,3,5,5,2,2,1,1,1,3,2,0,0,1,1,0,0,9,0,1,4,72,8,1,1,4,K,83,,,,,,,,,,,,,,,,,,,,,,,,,,,95,95,95,95,,,9.8,998,998,998,99.8,99.8,99.8,4891.8334214965,11,5
19207,12,76,1-12-2020-076-04,4,1,2C4RDGBG4KR8,17,7,442,2019,20,4,20,0,1,F,2,2050,5,0,1,1,4,2,72,1,0,0,995,0,0,0,99999,9,9,1,2,2,1,1,1,1,1,1,3,0,0,1,1,0,0,9,0,1,3,51,1,1,1,2,D,24,0,0,0,0,0,0,0,0,0,0,90,90,0,0,0,1,5,999,999,999,9999999,999,999,25,3,0,99,99,0,99,0,995,9.8,998,998,998,99.8,99.8,99.8,690.513274617959,9,5
19207,12,76,1-12-2020-076-04,4,2,1FUYDWDB1VL7,17,82,890,1997,66,8,68,0,1,B,9,,,,,,,5,72,1,0,0,995,0,0,0,77083,9,9,1,2,2,1,1,1,1,1,1,3,0,0,1,1,0,0,9,0,1,3,53,1,1,1,2,D,25,,,,,,,,,,,,,,,,,,,,,,,,,,,95,95,95,95,,,9.8,998,998,998,99.8,99.8,99.8,690.513274617959,9,5
19208,12,77,1-12-2020-077-08,8,1,1GTEC19R9VE5,17,23,481,1997,34,5,31,0,1,L,9,1892,4,500,8,0,998,2,89,1,0,0,995,0,0,0,73401,9,9,0,5,5,1,2,1,1,1,1,3,0,0,1,1,0,0,9,1,12,2,21,99,1,2,6,M,98,0,0,0,0,0,0,0,0,0,0,0,100,0,0,0,1,0,999,999,999,9999999,999,999,999,9,0,0,0,0,0,0,995,9.8,998,998,998,99.8,99.8,99.8,258.453743643535,9,5
19208,12,77,1-12-2020-077-08,8,2,1G1JC12F6371,17,20,16,2003,2,1,2,0,1,F,3,1188,5,0,1,1,71,2,89,1,0,0,995,0,0,0,74801,9,9,0,5,5,2,2,1,1,1,3,2,0,0,1,1,0,0,9,0,1,4,61,2,1,1,6,M,98,0,0,0,0,0,0,0,0,0,0,100,0,0,0,0,1,5,999,999,999,9999999,999,999,41,4,0,9,97,0,8,0,995,9.8,998,998,998,99.8,99.8,99.8,258.453743643535,9,5
19209,24,143,1-24-2020-143-06,6,1,4T1BK3DB3BU3,17,49,43,2011,4,1,4,0,1,F,1,1615,5,0,1,1,20,2,40,1,0,0,995,0,0,0,08401,2,2,2,4,2,1,2,1,1,9,0,2,0,0,3,1,1,2,1,0,1,4,66,99,1,1,5,L,86,0,0,0,0,0,0,0,0,0,0,240,335,0,0,0,1,3,23,-22,8,27923,998,91,17,0,4,1,2,0,4,0,995,9.8,998,998,998,99.8,99.8,99.8,133.271742269154,1,5
19209,24,143,1-24-2020-143-06,6,2,2G4WB52K6T14,17,18,20,1996,4,1,3,0,1,R,2,1524,5,9999,9,0,998,2,40,1,0,0,995,0,0,0,08401,9,9,2,3,2,1,2,1,1,9,0,1,0,0,3,1,1,2,9,0,1,2,17,99,1,1,5,L,87,0,0,0,0,0,0,0,0,0,0,335,240,0,0,0,1,3,25,-9,-24,65050,998,52,30,0,4,99,99,0,99,0,995,9.8,998,998,998,99.8,99.8,99.8,133.271742269154,1,5
19210,29,140,1-29-2020-140-06,6,1,1YVHP80C955M,17,41,50,2005,4,1,3,0,1,L,9,1384,5,9999,9,0,998,2,40,1,8,9,998,8,7,9,02745,9,9,2,4,2,1,2,1,1,1,0,0,0,0,1,1,2,2,9,0,1,2,17,99,1,1,5,L,89,0,0,0,0,0,0,0,0,0,0,270,0,0,0,0,1,0,999,999,999,9999999,999,999,999,9,0,99,99,0,8,0,995,9.8,998,998,998,99.8,99.8,99.8,33.1862807502151,2,5
19210,29,140,1-29-2020-140-06,6,2,1VWAP7A39DC1,17,30,46,2013,4,1,4,0,1,F,1,1436,5,0,1,1,14,2,48,1,8,9,998,8,7,9,11798,9,9,2,4,2,1,2,1,1,1,0,2,0,0,1,1,0,0,9,0,1,4,66,1,1,1,5,L,88,0,0,0,0,0,0,0,0,0,0,0,270,0,0,0,1,98,999,999,999,9999999,999,999,999,6,0,99,99,0,8,0,995,9.8,998,998,998,99.8,99.8,99.8,33.1862807502151,2,5
19212,30,128,1-30-2020-128-01,1,1,1GCHK29U86E1,17,20,481,2006,34,5,31,0,1,F,9,2567,8,9999,9,0,998,2,72,1,1,9,998,8,0,0,85205,9,9,2,1,3,2,2,1,1,1,1,1,0,0,3,1,1,2,9,0,1,3,51,1,1,2,2,D,24,0,0,0,0,0,0,0,0,0,0,270,270,0,0,0,1,0,999,999,999,9999999,999,999,999,9,0,99,99,0,99,0,995,9.8,998,998,998,99.8,99.8,99.8,21.2967005724243,10,5
19212,30,128,1-30-2020-128-01,1,2,JHLRE38578C0,17,37,402,2008,14,3,14,0,1,R,9,1544,5,9999,9,0,998,2,72,1,0,1,0,3,0,1,85203,9,9,2,1,3,2,2,1,1,1,1,1,0,0,3,1,1,2,1,0,1,3,53,99,1,1,2,D,25,0,0,0,0,0,0,0,0,0,0,998,998,0,0,1,2,0,999,999,999,9999999,999,999,999,9,0,2,12,0,1,0,998,0.0,16,16,999,1.0,0.0,1.0,21.2967005724243,10,5
19213,77,86,1-77-2020-086-06,6,1,4T1BE32K42U6,17,49,40,2002,4,1,3,0,1,F,1,1435,5,0,1,1,9,2,89,1,0,0,995,0,0,0,22901,1,2,0,2,2,2,1,1,1,9,3,2,0,0,1,1,0,0,1,0,1,3,52,2,1,1,2,D,28,0,0,0,0,0,0,0,0,0,0,20,15,0,0,0,1,3,18,-17,-3,23506,998,-30,19,0,4,2,5,0,3,0,995,9.8,998,998,998,99.8,99.8,99.8,1080.6561368693,9,5
19213,77,86,1-77-2020-086-06,6,2,1C4RJFBG8EC5,17,2,422,2014,15,3,15,0,1,B,1,2211,5,0,1,1,8,2,89,1,0,0,995,0,0,0,22101,9,9,0,2,2,2,1,1,1,9,3,2,0,0,1,1,0,0,1,0,2,3,53,1,1,1,2,D,29,0,0,0,0,0,0,0,0,0,0,15,20,0,0,0,1,3,13,12,4,13955,998,-48,12,0,4,99,99,0,99,0,995,9.8,998,998,998,99.8,99.8,99.8,1080.6561368693,9,5
19214,77,87,1-77-2020-087-10,10,1,2FABP7BV2AX1,17,12,16,2010,4,1,4,0,1,R,1,1900,5,0,1,1,4,2,40,1,0,0,995,0,0,0,22903,9,9,2,1,3,1,2,1,1,4,1,2,0,0,1,1,1,2,1,1,10,1,6,99,4,4,1,C,15,0,0,0,0,0,0,0,0,0,0,300,300,0,0,0,3,3,13,-2,-13,37827,998,235,13,0,4,0,0,0,0,0,995,0.3,43,10,18,0.0,0.0,0.0,16295.5541643754,9,5
19214,77,87,1-77-2020-087-10,10,2,JHLRD1865XC0,17,37,402,1999,14,3,14,0,1,L,9,1452,5,9999,9,0,998,5,40,1,0,0,995,0,0,0,22903,9,9,2,1,3,3,2,1,1,2,1,2,0,0,1,1,1,2,1,0,5,4,62,1,1,1,6,M,98,0,0,0,0,0,0,0,0,0,0,300,335,0,0,0,2,0,999,999,999,9999999,999,999,999,9,0,95,95,95,95,0,995,9.8,998,998,998,99.8,99.8,99.8,16295.5541643754,9,5
19214,77,87,1-77-2020-087-10,10,3,3GNFK16Z32G2,17,20,431,2002,16,3,16,0,1,L,1,2424,5,9999,9,0,998,2,40,1,0,0,995,0,0,0,22959,9,9,2,1,3,3,2,1,1,2,1,2,0,0,1,1,1,2,1,0,5,4,62,1,1,1,6,M,98,0,0,0,0,0,0,0,0,0,0,300,300,0,0,0,3,3,10,2,10,11775,998,9,11,0,4,0,0,0,0,0,995,9.8,998,998,998,99.8,99.8,99.8,16295.5541643754,9,5
19215,10,144,1-10-2020-144-09,9,1,JH4DB756XTS0,17,54,31,1996,3,1,2,0,1,F,9,1187,5,9999,9,0,998,2,56,1,0,1,0,2,0,2,45013,1,2,0,4,3,1,3,1,1,1,0,2,0,0,3,1,0,0,1,1,1,2,13,99,1,4,1,A,1,0,0,0,0,0,0,0,0,0,0,998,998,0,1,2,1,0,999,999,999,9999999,999,999,999,9,0,4,21,1,3,0,998,0.0,25,25,120,13.7,1.5,13.4,1628.29483971971,4,5
19216,10,145,1-10-2020-145-02,2,1,JF2SKAGC5KH4,17,48,401,2019,14,3,14,0,1,T,2,1610,5,0,1,1,13,2,113,1,0,1,0,2,0,1,75023,1,2,0,1,2,2,2,1,1,1,3,2,1,3,1,1,0,0,9,1,1,1,3,1,9,4,1,B,7,1,3,2,2,1,4,61,1,2,13,997,997,0,1,0,2,6,999,999,999,9999999,999,999,999,7,0,3,14,1,3,3,997,2.6,95,82,24,28.0,18.0,34.0,22.496088531018,4,5
19217,10,146,1-10-2020-146-03,3,1,2C3CDXJG9HH5,17,7,24,2017,4,1,5,0,1,F,9,1886,5,9999,9,0,998,3,56,1,0,0,995,0,0,0,45417,9,9,2,3,2,2,2,1,1,1,3,1,0,0,2,1,1,2,1,0,1,2,17,99,1,1,4,K,77,0,0,0,0,0,0,0,0,0,0,60,95,0,0,0,1,0,999,999,999,9999999,999,999,999,9,0,9,97,0,5,0,995,9.8,998,998,998,99.8,99.8,99.8,275.446630470888,4,5
19217,10,146,1-10-2020-146-03,3,2,3C6JR6AG4DG5,17,7,482,2013,34,5,30,0,1,R,9,2053,5,9999,9,0,998,5,24,1,0,0,995,0,0,0,45309,9,9,2,4,5,3,2,1,1,1,1,2,0,0,2,1,1,2,1,0,11,4,66,1,1,1,4,K,76,0,0,0,0,0,0,0,0,0,0,95,60,0,0,0,1,0,999,999,999,9999999,999,999,999,9,0,95,95,95,95,0,995,9.8,998,998,998,99.8,99.8,99.8,275.446630470888,4,5
19218,10,147,1-10-2020-147-03,3,1,1G1ZD5ST3LF1,17,20,37,2020,4,1,4,0,1,R,3,1418,5,0,1,4,15,2,56,1,0,0,995,0,0,0,94583,9,9,2,4,7,4,2,1,1,1,1,2,0,0,1,1,1,2,1,0,11,2,15,1,1,1,4,J,68,0,0,0,0,0,0,0,0,0,0,260,140,0,0,0,1,12,999,999,999,9999999,999,999,999,8,0,99,99,0,0,0,995,9.8,998,998,998,99.8,99.8,99.8,275.446630467817,4,5
19218,10,147,1-10-2020-147-03,3,2,3LN6L2G97ER8,17,13,13,2014,4,1,4,0,1,F,2,1736,5,0,1,4,14,5,56,1,0,0,995,0,0,0,45415,9,9,2,4,5,1,2,1,1,1,0,3,0,0,1,1,1,2,1,0,1,4,62,99,1,1,4,J,69,0,0,0,0,0,0,0,0,0,0,140,260,0,0,0,1,12,999,999,999,9999999,999,999,999,7,0,95,95,95,95,0,995,9.8,998,998,998,99.8,99.8,99.8,275.446630467817,4,5
19220,14,70,1-14-2020-070-01,1,1,1FAHP3FN8BW1,17,12,37,2011,4,1,2,0,1,L,3,1225,5,0,1,1,35,2,48,1,0,1,0,2,0,1,78130,1,2,2,4,2,1,2,1,1,1,0,0,0,0,1,1,2,2,9,0,11,2,15,99,1,1,4,K,82,0,0,0,0,0,0,0,0,0,0,90,230,0,0,0,1,1,40,-37,14,112663,998,-85,39,0,1,3,22,1,1,0,995,9.8,998,998,998,99.8,99.8,99.8,188.773611723321,8,5
19220,14,70,1-14-2020-070-01,1,2,2GCEC19T1511,17,20,481,2005,34,5,31,0,1,F,2,1980,5,46,1,1,24,2,48,1,0,0,995,0,0,0,78155,1,2,2,4,4,2,2,1,1,1,5,2,0,0,1,1,0,0,9,0,1,4,67,2,1,1,4,K,83,0,0,0,0,0,0,0,0,0,0,230,90,0,0,0,1,1,25,-23,-8,68778,998,-80,26,0,1,1,1,0,4,0,995,9.8,998,998,998,99.8,99.8,99.8,188.773611723321,8,5
19221,14,71,1-14-2020-071-09,9,1,19UUA865X9A0,17,54,35,2009,4,1,4,0,1,F,3,1686,5,0,1,1,14,2,113,1,0,0,995,0,0,0,78154,9,1,0,2,3,3,2,1,3,9,3,2,1,3,1,1,0,0,9,0,14,3,50,99,1,1,2,D,20,0,0,0,0,0,0,0,0,0,0,245,245,0,0,0,1,3,40,-40,0,61178,998,0,30,0,4,1,1,0,8,0,995,9.8,998,998,998,99.8,99.8,99.8,9171.27145680782,8,5
19221,14,71,1-14-2020-071-09,9,2,1GTEC19K3RE5,17,23,481,1994,34,5,31,0,1,B,2,1818,5,9999,9,0,998,2,113,1,0,0,995,0,0,0,78228,9,1,0,2,3,3,2,1,3,9,3,2,1,3,1,1,0,0,9,0,5,3,53,99,1,1,2,D,21,0,0,0,0,0,0,0,0,0,0,245,245,0,0,0,1,3,39,39,0,151092,998,0,46,0,4,0,0,0,0,0,995,9.8,998,998,998,99.8,99.8,99.8,9171.27145680782,8,5
19221,14,71,1-14-2020-071-09,9,3,3GCUKTECXFG1,17,20,481,2015,34,5,31,99,1,B,9,2394,5,9999,9,0,998,5,113,1,0,0,995,0,0,0,78132,9,9,0,2,3,3,2,1,3,9,3,2,1,3,1,1,0,0,9,0,5,3,53,99,1,1,6,M,98,0,0,0,0,0,0,0,0,0,0,245,245,0,0,0,2,0,999,999,999,9999999,999,999,999,9,0,95,95,95,95,0,995,9.8,998,998,998,99.8,99.8,99.8,9171.27145680782,8,5
19222,17,106,1-17-2020-106-06,6,1,2G4WS52M6V14,17,18,7,1997,4,1,3,0,1,F,2,1518,5,9999,9,0,998,2,48,1,9,1,0,2,9,2,61465,9,9,2,4,5,3,1,2,1,1,1,2,0,0,2,2,1,2,3,0,11,2,15,99,1,1,4,J,68,0,0,0,0,0,0,0,0,0,0,250,90,0,0,0,1,3,26,-26,0,54788,998,0,30,0,4,2,5,0,4,0,995,9.8,998,998,998,99.8,99.8,99.8,212.143918369712,4,5
19222,17,106,1-17-2020-106-06,6,2,5XXGR4A66DG2,17,63,34,2013,4,1,4,0,1,F,2,1535,5,0,1,1,6,2,48,1,9,0,995,0,9,0,61201,1,2,2,5,5,3,1,2,1,1,3,2,0,0,2,2,1,2,1,0,1,4,62,99,1,1,4,J,69,0,0,0,0,0,0,0,0,0,0,90,250,0,0,0,1,3,26,-24,9,38316,998,72,22,0,1,1,1,0,4,0,995,9.8,998,998,998,99.8,99.8,99.8,212.143918369712,4,5
19224,17,107,1-17-2020-107-10,10,1,JTHBJ46G3922,17,59,31,2009,4,1,4,0,1,F,1,1624,5,0,1,1,4,2,56,1,9,0,995,0,9,0,61282,9,9,3,4,2,1,2,1,2,1,1,4,0,0,3,1,0,0,9,1,10,2,13,99,1,4,1,A,1,0,0,0,0,0,0,0,0,0,0,998,998,0,0,0,1,12,999,999,999,9999999,999,999,999,6,0,0,0,0,0,0,998,0.9,120,24,-3,3.4,3.4,4.8,3022.17181358185,4,5
19225,54,33,1-54-2020-033-07,7,1,1GNEC13Z82J3,17,20,421,2002,15,3,15,0,1,B,1,2211,5,9999,9,0,998,5,40,1,0,0,995,0,0,0,35581,9,9,0,4,3,98,2,1,1,1,1,1,0,0,1,1,0,0,2,0,8,2,20,99,1,7,6,M,92,0,0,0,0,0,0,0,0,0,0,90,20,0,0,0,1,3,5,4,-3,2123,998,172,3,0,4,95,95,95,95,0,995,9.8,998,998,998,99.8,99.8,99.8,365.27356523072,9,5
19225,54,33,1-54-2020-033-07,7,2,1FA6P0H72E53,17,12,23,2014,4,1,4,0,1,R,1,1554,5,0,1,1,5,2,40,1,0,0,995,0,0,0,35653,1,2,0,4,3,1,2,1,1,1,0,1,0,0,1,1,0,0,1,0,1,4,64,1,1,1,6,M,93,0,0,0,0,0,0,0,0,0,0,20,90,0,0,0,1,3,7,-6,-3,4988,998,12,9,0,4,0,0,0,0,0,995,9.8,998,998,998,99.8,99.8,99.8,365.27356523072,9,5
19227,11,73,1-11-2020-073-02,2,1,1FATP8UH9K51,17,12,3,2019,1,1,3,0,1,B,1,1681,5,0,1,1,19,2,105,1,0,0,995,0,0,0,27284,1,2,1,2,2,2,2,2,1,1,3,2,1,3,1,2,0,0,1,1,1,1,6,3,3,4,1,A,2,0,0,0,0,0,0,0,0,0,0,998,998,0,0,9,3,1,19,19,-3,24387,998,-12,19,0,3,1,1,0,4,0,998,3.3,120,999,999,0.0,0.0,0.0,157.128334178451,8,5
19228,11,74,1-11-2020-074-02,2,1,3N1AB7AP1KY4,17,35,43,2019,4,1,3,0,1,T,2,1315,5,0,1,4,19,2,97,1,0,0,995,0,9,0,10452,9,9,1,2,4,4,2,2,1,1,3,2,1,3,2,2,0,0,1,1,1,1,6,99,9,4,1,A,2,2,98,8,8,98,8,32,8,8,998,997,997,0,0,0,2,6,999,999,999,9999999,999,999,999,7,0,9,97,0,8,8,997,4.6,999,999,999,15.8,6.3,16.8,157.128334178451,8,5
19229,52,150,1-52-2020-150-09,9,1,1GTP6DE13H11,17,23,472,2017,34,5,31,99,1,F,1,2001,5,9999,9,0,998,5,56,1,0,0,995,0,0,0,59327,9,9,3,4,3,1,2,1,1,1,0,1,0,0,1,1,0,0,9,0,1,2,17,99,1,1,5,L,88,0,0,0,0,0,0,0,0,0,0,350,250,0,0,0,1,3,8,-7,-1,3141,998,-43,6,0,4,95,95,95,95,0,995,9.8,998,998,998,99.8,99.8,99.8,262.381630682043,12,5
19229,52,150,1-52-2020-150-09,9,2,1G4HP52K04U1,17,18,2,2004,4,1,4,0,1,L,1,1618,5,0,1,1,8,2,56,1,0,0,995,0,0,0,59101,9,9,3,5,5,1,2,1,1,1,0,3,0,0,1,1,0,0,9,0,1,4,66,99,1,1,5,L,89,0,0,0,0,0,0,0,0,0,0,250,350,0,0,0,1,3,8,-3,8,7918,998,84,9,0,4,9,97,0,99,0,995,9.8,998,998,998,99.8,99.8,99.8,262.381630682043,12,5