CASEID,PSU,CASENO,CASENUMBER,CATEGORY,VEHNO,VIN,VINLENGTH,MAKE,MODEL,MODELYR,BODYTYPE,BODYCAT,VEHCLASS,SPECUSE,TRANSTAT,DAMPLANE,DAMSEV,CURBWT,CURBSRC,CARGOWT,CARGOSRC,INSPTYPE,INSPLAG,TOWED,SPEEDLIMIT,DRPRESENT,PARALCOHOL,ALCTEST,ALCTESTRESULT,ALCTESTSRC,PARDRUG,DRUGTEST,ZIP,RACE,ETHNICITY,RELTOJUNCT,TRAFFLOW,RDLANES,INITLANE,SURFTYPE,SURFCOND,ALIGNMENT,PROFILE,LINERIGHT,LINELEFT,RUMBINIT,RUMBROAD,LIGHTCOND,WEATHER,TRAFDEV,TRAFFUNCT,DISTRACT,PREFHE,PREMOVE,CRITCAT,CRITEVENT,MANEUVER,PRESTAB,PRELOC,CRASHCAT,CRASHCONF,CRASHTYPE,ROLLTYPE,ROLLTURN,ROLLINTRPT,ROLLPREMAN,ROLLINITYP,ROLLINLOC,ROLLOBJ,ROLLTRIP,ROLLDIR,ROLLDIST,DVANGTHIS,DVANGOTH,TOWHITCH,TRAJDOC,TREEPOLE,DVEVENT,DVBASIS,DVTOTAL,DVLONG,DVLAT,DVENERGY,DVSPEED,DVMOMENT,DVBES,DVEST,DVCONF,VAIS,VISS,VINJURED,VTREAT,INITOBJCLASS,HEADANGLECAT,SHLDRWIDTH,STRKLENGTH,STRKWIDTH,STRKHEIGHT,EDGEDISTX,EDGEDISTY,EDGEDISTZ,CASEWGT,PSUSTRAT,VERSION
19376,22,107,1-22-2020-107-06,6,2,JHLRD78822C0,17,37,402,2002,14,3,14,0,1,B,1,1480,5,0,1,1,12,2,56,1,0,0,995,0,0,0,99403,9,9,0,5,4,2,2,1,1,1,1,2,0,0,1,1,0,0,9,0,5,3,53,1,1,1,2,D,21,0,0,0,0,0,0,0,0,0,0,90,90,0,0,0,1,1,22,22,0,34572,998,4,24,0,4,99,99,0,0,0,995,9.8,998,998,998,99.8,99.8,99.8,61.3388434722752,12,5
19376,22,107,1-22-2020-107-06,6,3,1J4FY49S0WP7,17,2,403,1998,14,3,14,99,1,B,9,1381,5,9999,9,0,998,5,56,1,0,0,995,0,0,0,83501,9,9,0,5,4,2,2,1,1,1,1,2,0,0,1,1,0,0,9,0,5,3,53,1,1,1,6,M,98,0,0,0,0,0,0,0,0,0,0,90,90,0,0,0,2,0,999,999,999,9999999,999,999,999,9,0,95,95,95,95,0,995,9.8,998,998,998,99.8,99.8,99.8,61.3388434722752,12,5
19377,22,108,1-22-2020-108-03,3,1,1C4PJMLB7JD6,17,2,404,2018,14,3,14,0,1,F,3,1788,5,0,1,1,10,2,40,1,0,0,995,0,0,0,83843,9,9,0,4,2,1,2,1,1,1,0,0,0,0,1,1,0,0,3,1,1,2,13,1,1,4,1,C,11,0,0,0,0,0,0,0,0,0,0,80,80,0,0,0,1,98,999,999,999,9999999,999,999,999,8,0,1,1,0,5,0,995,9.8,998,998,998,99.8,99.8,99.8,47.5657163869599,12,5
19377,22,108,1-22-2020-108-03,3,2,F11YKK48460,11,12,481,1971,34,5,30,0,2,B,3,9999,9,9999,9,5,10,,,,,,,,,,,,,,,,,,,,,,,,,,,,,,,,,,,,,,,,,,,,,,,,,,,,,,,,,,,,,,,,,,95,95,95,95,,,,,,,,,,47.5657163869599,12,5
19379,15,99,1-15-2020-099-06,6,1,JM3KE4BEXE03,17,41,403,2014,14,3,14,0,1,L,9,1604,5,9999,9,4,34,2,48,1,8,9,998,8,7,9,11756,9,9,2,4,2,1,2,2,3,1,0,0,0,0,1,2,2,2,9,0,11,2,15,99,1,2,4,K,84,0,0,0,0,0,0,0,0,0,0,265,65,0,0,0,1,12,999,999,999,9999999,999,999,999,9,0,99,99,0,8,0,995,9.8,998,998,998,99.8,99.8,99.8,26.8876777383397,1,5
19379,15,99,1-15-2020-099-06,6,2,2HKYF18105H5,17,37,421,2005,15,3,15,0,1,F,9,2007,5,9999,9,0,998,5,48,1,8,9,998,8,7,9,11756,9,9,2,4,2,1,2,2,1,1,0,2,0,0,1,2,2,2,9,0,10,4,67,99,1,1,4,K,84,0,0,0,0,0,0,0,0,0,0,65,265,0,0,0,1,0,999,999,999,9999999,999,999,999,9,0,95,95,95,95,0,995,9.8,998,998,998,99.8,99.8,99.8,26.8876777383397,1,5
19380,15,100,1-15-2020-100-04,4,1,2T1BU4EE0CC8,17,49,32,2012,4,1,2,0,1,L,9,1255,5,9999,9,4,33,2,48,1,8,9,998,8,7,9,10065,9,9,2,3,1,1,2,2,1,1,0,0,0,0,2,2,2,2,9,0,1,2,17,99,1,1,5,L,89,0,0,0,0,0,0,0,0,0,0,90,180,0,0,0,1,12,999,999,999,9999999,999,999,999,9,0,0,0,0,0,0,995,9.8,998,998,998,99.8,99.8,99.8,48.745372017835,1,5
19380,15,100,1-15-2020-100-04,4,2,1FDRS6PM0HKA,17,12,462,2017,21,4,21,0,1,F,9,9999,9,9999,9,4,33,2,48,1,8,9,998,8,7,9,11776,9,9,2,3,1,1,2,2,1,2,1,0,0,0,2,2,0,0,9,0,1,4,66,99,1,1,5,L,88,0,0,0,0,0,0,0,0,0,0,180,90,0,0,0,1,12,999,999,999,9999999,999,999,999,9,0,0,0,0,0,0,995,9.8,998,998,998,99.8,99.8,99.8,48.745372017835,1,5
19381,15,101,1-15-2020-101-03,3,1,2HGFC2F7XJH5,17,37,31,2018,4,1,3,0,1,F,2,1244,5,0,1,1,15,2,48,1,8,0,995,0,7,0,11735,1,2,2,4,2,1,2,2,1,1,0,0,0,0,1,8,2,2,9,1,10,2,10,1,1,2,3,G,50,0,0,0,0,0,0,0,0,0,0,330,170,0,0,0,1,1,32,-32,-6,51243,998,-8,31,0,1,0,0,0,0,0,995,9.8,998,998,998,99.8,99.8,99.8,16.4662013578595,1,5
19381,15,101,1-15-2020-101-03,3,2,19XFB2F51DE2,17,37,31,2013,4,1,3,0,1,F,2,1236,5,0,1,1,16,2,48,1,8,1,0,2,7,0,11577,9,9,2,4,4,2,2,2,1,1,3,2,0,0,1,8,0,0,1,0,1,4,62,4,1,1,3,G,51,0,0,0,0,0,0,0,0,0,0,170,330,0,0,0,1,1,33,-32,6,61081,998,32,34,0,1,0,0,0,4,0,995,9.8,998,998,998,99.8,99.8,99.8,16.4662013578595,1,5
19382,21,123,1-21-2020-123-01,1,1,4JGAB54E22A3,17,42,401,2002,14,3,14,0,1,T,3,2170,5,0,1,4,163,2,113,1,0,1,0,2,0,0,91605,2,9,0,2,2,1,2,1,1,9,1,3,2,3,1,1,0,0,1,1,1,4,64,3,2,4,1,B,8,1,12,2,2,5,4,31,6,1,64,997,997,0,0,0,2,6,999,999,999,9999999,999,999,999,8,0,6,75,5,1,2,997,1.7,999,999,999,0.0,0.0,0.0,40.8403971670356,11,5
19383,21,124,1-21-2020-124-02,2,1,2C3CDXBG9KH6,17,7,24,2019,4,1,5,0,1,9,9,1823,8,0,2,0,998,2,89,1,0,1,0,2,0,0,11213,2,2,0,4,2,1,2,1,2,9,1,4,0,0,1,1,0,0,1,1,14,1,6,3,2,4,1,B,7,1,8,2,6,2,4,44,4,2,64,997,997,0,0,0,2,0,999,999,999,9999999,999,999,999,9,0,1,2,0,4,3,997,3.6,999,999,999,27.0,4.0,27.3,34.881400640758,11,5
19384,21,125,1-21-2020-125-05,5,1,SALSF2D47CA7,17,62,421,2012,15,3,15,0,1,T,1,2480,5,0,1,1,11,2,113,1,0,0,995,0,0,0,89102,2,2,0,1,3,3,2,1,1,9,3,2,1,3,2,1,0,0,3,1,1,2,12,8,3,4,1,A,2,1,8,2,2,1,4,61,1,2,61,997,997,0,0,0,2,6,999,999,999,9999999,999,999,999,6,0,2,6,0,3,3,997,3.2,999,999,999,0.0,0.0,0.0,53.6092354531847,11,5
19385,21,126,1-21-2020-126-03,3,1,1G1FB1RX7K01,17,20,9,2019,2,1,4,0,1,R,9,1530,5,9999,9,0,998,2,72,1,0,0,995,0,0,0,92410,9,1,3,4,5,2,2,1,1,1,1,2,0,0,1,1,0,0,1,0,1,4,72,7,1,1,4,K,83,0,0,0,0,0,0,0,0,0,0,160,65,0,0,0,1,0,999,999,999,9999999,999,999,999,9,0,1,1,0,99,0,995,9.8,998,998,998,99.8,99.8,99.8,582.258786102633,11,5
19385,21,126,1-21-2020-126-03,3,2,KMHCT4AE9GU1,17,55,36,2016,4,1,2,0,1,F,9,1159,5,9999,9,0,998,5,72,1,0,0,995,0,0,0,92410,9,9,3,3,1,1,2,1,1,2,0,0,0,0,1,1,0,0,9,0,11,2,15,2,1,1,4,K,82,0,0,0,0,0,0,0,0,0,0,65,160,0,0,0,1,0,999,999,999,9999999,999,999,999,9,0,95,95,95,95,0,995,9.8,998,998,998,99.8,99.8,99.8,582.258786102633,11,5
19386,20,68,1-20-2020-068-06,6,1,1G4PP5SK2D41,17,18,25,2013,4,1,3,0,1,F,1,1497,5,0,1,1,25,2,105,1,0,1,0,2,0,1,95076,1,1,0,2,2,2,2,1,1,1,3,1,1,3,1,1,0,0,9,1,1,2,12,99,1,4,1,B,6,0,0,0,0,0,0,0,0,0,0,998,998,0,0,0,1,1,13,-13,2,10381,998,2,13,0,3,2,6,0,3,0,998,4.5,120,999,999,0.0,0.0,0.0,1631.83610882533,11,5
19387,20,69,1-20-2020-069-02,2,1,5YFBU4EE5DP1,17,49,32,2013,4,1,2,0,1,L,2,1260,5,9999,9,0,998,2,40,1,0,0,995,0,0,0,95076,9,1,2,4,2,1,2,1,1,1,0,2,0,0,1,1,2,2,9,0,1,2,17,99,1,1,5,L,89,0,0,0,0,0,0,0,0,0,0,260,340,0,0,0,1,3,25,-19,16,68712,998,-77,32,0,4,0,0,0,0,0,995,9.8,998,998,998,99.8,99.8,99.8,87.07805279924,11,5
19387,20,69,1-20-2020-069-02,2,2,4T1BD1FK0HU2,17,49,40,2017,4,1,4,0,1,F,1,1550,5,0,1,1,39,2,40,1,0,0,995,0,0,0,93906,1,2,2,4,2,1,2,1,1,1,0,2,0,0,1,1,0,0,1,0,1,4,66,3,1,1,5,L,88,0,0,0,0,0,0,0,0,0,0,340,260,0,0,0,1,3,19,-10,-17,29618,998,-168,14,0,4,1,1,0,4,0,995,9.8,998,998,998,99.8,99.8,99.8,87.07805279924,11,5
19389,10,153,1-10-2020-153-04,4,1,1VWAT7A32GC0,17,30,46,2016,4,1,4,0,1,F,2,1439,5,0,1,4,13,2,56,1,0,0,995,0,0,0,53081,9,9,2,4,6,2,2,1,1,1,3,1,0,0,1,1,1,2,1,0,1,3,50,2,1,1,2,D,20,0,0,0,0,0,0,0,0,0,0,330,330,0,0,0,1,12,999,999,999,9999999,999,999,999,7,0,0,0,0,0,0,995,9.8,998,998,998,99.8,99.8,99.8,508.450714366772,4,5
19389,10,153,1-10-2020-153-04,4,2,1FM5K8AR8FGC,17,12,401,2015,14,3,14,5,1,B,9,2067,5,9999,9,0,998,5,56,1,0,0,995,0,0,0,45322,9,9,2,4,6,2,2,1,1,1,3,1,0,0,1,1,1,2,1,0,5,3,53,1,1,1,2,D,21,0,0,0,0,0,0,0,0,0,0,330,330,0,0,0,1,0,999,999,999,9999999,999,999,999,9,0,95,95,95,95,0,995,9.8,998,998,998,99.8,99.8,99.8,508.450714366772,4,5
19390,66,71,1-66-2020-071-09,9,1,2GTEC19K7M15,17,23,481,1991,34,5,31,99,1,F,1,1841,5,9999,9,0,998,5,64,1,0,0,995,0,7,0,64873,9,9,2,4,2,1,2,1,1,4,0,0,0,0,1,1,0,0,1,0,1,4,66,2,1,1,5,L,86,0,0,0,0,0,0,0,0,0,0,5,125,0,1,0,1,3,16,-15,-3,17332,998,-45,15,0,4,95,95,95,95,0,995,9.8,998,998,998,99.8,99.8,99.8,178.16681961938,6,5
19390,66,71,1-66-2020-071-09,9,2,1FAFP33P31W1,17,12,37,2001,4,1,2,0,1,R,1,1166,5,0,1,1,11,2,64,1,0,0,995,0,7,0,64862,9,9,2,3,1,1,2,1,1,1,0,0,0,0,1,1,2,2,2,0,1,2,17,99,1,1,5,L,87,0,0,0,0,0,0,0,0,0,0,125,5,0,0,0,1,3,22,-7,-20,26156,998,-15,22,0,4,9,97,0,8,0,995,9.8,998,998,998,99.8,99.8,99.8,178.16681961938,6,5
19391,25,112,1-25-2020-112-09,9,1,1N4AL11DX6N3,17,35,47,2006,4,1,4,0,1,F,9,1378,5,0,1,5,10,2,24,1,8,0,995,0,7,0,04102,9,9,0,5,3,1,2,1,1,1,1,2,0,0,1,1,0,0,1,0,1,3,52,99,1,1,2,D,28,0,0,0,0,0,0,0,0,0,0,220,220,0,0,0,1,98,999,999,999,9999999,999,999,999,9,0,99,99,0,99,0,995,9.8,998,998,998,99.8,99.8,99.8,483.184128241788,2,5
19391,25,112,1-25-2020-112-09,9,2,JTMRFREV8HJ1,17,49,402,2017,14,3,14,0,1,B,9,1610,5,9999,9,0,998,5,24,1,8,0,995,0,7,0,04102,9,9,0,5,3,1,2,1,1,1,1,2,0,0,1,1,0,0,1,0,1,3,53,99,1,1,2,D,29,0,0,0,0,0,0,0,0,0,0,220,220,0,0,0,1,0,999,999,999,9999999,999,999,999,9,0,95,95,95,95,0,995,9.8,998,998,998,99.8,99.8,99.8,483.184128241788,2,5
19392,25,113,1-25-2020-113-03,3,1,KNDKGCA41A77,17,63,401,2010,14,3,14,0,1,F,9,1600,5,9999,9,0,998,2,48,1,0,1,0,2,0,0,04015,9,9,2,4,3,1,2,2,1,1,1,2,0,0,3,1,1,2,9,0,1,4,65,99,1,1,4,K,79,0,0,0,0,0,0,0,0,0,0,305,275,0,0,0,1,0,999,999,999,9999999,999,999,999,9,0,0,0,0,4,0,995,9.8,998,998,998,99.8,99.8,99.8,78.7956938705549,2,5
19392,25,113,1-25-2020-113-03,3,2,5NPD74LF4HH1,17,55,35,2017,4,1,3,0,1,L,3,1275,5,9999,9,4,23,2,40,1,0,1,0,2,0,1,04103,1,9,2,4,2,1,2,2,1,1,0,2,0,0,3,1,1,2,9,0,10,2,16,99,1,1,4,K,78,0,0,0,0,0,0,0,0,0,0,275,305,0,0,0,1,12,999,999,999,9999999,999,999,999,8,0,2,5,0,3,0,995,9.8,998,998,998,99.8,99.8,99.8,78.7956938705549,2,5
19393,22,109,1-22-2020-109-04,4,1,JF2SJAAC0JH4,17,48,401,2018,14,3,14,0,1,F,3,1498,5,0,1,1,6,2,72,1,0,0,995,0,0,0,83544,9,9,0,4,2,1,2,2,2,1,1,2,0,0,1,2,0,0,3,1,14,2,10,99,1,2,3,G,50,0,0,0,0,0,0,0,0,0,0,55,260,0,0,0,1,5,999,999,999,9999999,999,999,41,4,0,0,0,0,0,0,995,9.8,998,998,998,99.8,99.8,99.8,101.436789159199,12,5
19393,22,109,1-22-2020-109-04,4,2,1XPXPPEX7JD4,17,87,881,2018,66,8,68,0,1,F,9,,,,,,,2,72,1,0,0,995,0,0,0,83350,9,9,0,4,2,1,2,2,1,1,1,2,0,0,1,2,0,0,9,0,1,4,62,4,1,1,3,G,51,,,,,,,,,,,,,,,,,,,,,,,,,,,95,95,95,95,,,9.8,998,998,998,99.8,99.8,99.8,101.436789159199,12,5
19394,29,149,1-29-2020-149-04,4,1,5UXKR0C5XG0S,17,34,401,2016,14,3,14,0,1,F,1,2173,5,0,1,1,8,2,40,1,0,0,995,0,0,0,02745,9,9,2,4,2,1,2,1,1,1,0,0,0,0,1,1,0,0,9,0,10,2,16,7,1,1,4,K,78,0,0,0,0,0,0,0,0,0,0,0,95,0,1,0,1,1,13,-10,8,28857,998,147,13,0,3,0,0,0,0,0,995,9.8,998,998,998,99.8,99.8,99.8,107.581545178581,2,5
19394,29,149,1-29-2020-149-04,4,2,1FTEW1EF3GFA,17,12,481,2016,34,5,31,0,1,R,1,2130,5,0,1,1,10,2,40,1,0,0,995,0,0,0,02719,9,9,2,4,2,1,2,1,1,1,0,0,0,0,1,1,0,0,1,0,1,4,65,3,1,1,4,K,79,0,0,0,0,0,0,0,0,0,0,95,0,0,0,0,1,1,14,-10,-9,17663,998,16,14,0,4,0,0,0,0,0,995,9.8,998,998,998,99.8,99.8,99.8,107.581545178581,2,5
19395,73,86,1-73-2020-086-03,3,1,JTEBU5JR2G53,17,49,401,2016,14,3,14,0,1,T,2,2111,5,0,1,1,27,2,80,1,8,0,995,0,7,0,04976,9,9,0,4,2,1,2,1,3,4,1,2,0,0,2,1,0,0,1,1,14,2,13,7,2,4,1,A,2,1,4,2,6,1,4,61,1,1,26,997,997,0,1,0,1,6,999,999,999,9999999,999,999,999,7,0,0,0,0,0,3,997,9.8,998,998,998,99.8,99.8,99.8,28.6852772817238,3,5
19400,77,90,1-77-2020-090-09,9,1,KMHDN46DX5U9,17,55,35,2005,4,1,2,0,1,L,1,1217,5,0,1,1,9,2,89,1,0,0,995,0,0,0,23936,9,9,0,4,2,1,2,2,2,9,1,2,1,0,1,2,0,0,1,1,14,4,62,8,3,4,1,A,3,0,0,0,0,0,0,0,0,0,0,998,998,0,0,1,1,1,11,-11,2,8298,998,-82,11,0,1,1,1,0,6,0,998,9.9,999,999,999,99.9,99.9,99.9,5054.86115043218,9,5
19401,77,91,1-77-2020-091-01,1,1,WBAWV53588P0,17,34,34,2008,2,1,3,0,1,R,3,1520,5,0,1,1,17,2,72,1,9,1,303,2,9,9,22902,2,2,0,1,2,1,2,1,2,1,1,3,0,0,3,1,0,0,9,1,14,2,12,99,1,4,1,B,6,0,0,0,0,0,0,0,0,0,0,998,998,0,0,1,3,12,999,999,999,9999999,999,999,999,5,0,6,75,3,1,0,998,0.1,120,999,999,0.0,0.0,0.0,103.196479574378,9,5
19402,10,154,1-10-2020-154-02,2,1,3FA6P0CD3KR1,17,12,23,2019,4,1,4,0,1,R,1,1558,5,0,1,1,12,2,56,1,0,0,995,0,0,0,43231,9,9,2,4,5,2,2,1,1,9,1,1,0,0,3,1,1,2,9,0,1,2,17,1,1,1,5,L,87,0,0,0,0,0,0,0,0,0,0,120,0,0,0,0,1,3,7,-5,-4,4446,998,-13,8,0,4,1,2,0,3,0,995,9.8,998,998,998,99.8,99.8,99.8,20.9602651154596,4,5
19402,10,154,1-10-2020-154-02,2,2,2GTEK13Z1612,17,23,481,2006,34,5,31,0,1,F,1,2397,5,9999,9,0,998,5,56,1,0,0,995,0,0,0,45401,9,9,2,4,4,2,2,1,1,9,1,2,0,0,3,1,1,2,1,0,1,2,17,99,1,1,5,L,86,0,0,0,0,0,0,0,0,0,0,0,120,0,0,0,1,3,5,-5,2,1763,998,84,4,0,4,95,95,95,95,0,995,9.8,998,998,998,99.8,99.8,99.8,20.9602651154596,4,5
19403,10,155,1-10-2020-155-01,1,1,1N4AL2AP1CN5,17,35,47,2012,4,1,4,0,1,R,2,1437,5,0,1,5,22,2,40,1,0,0,995,0,0,0,45403,9,9,0,4,2,1,3,1,1,1,0,0,0,0,3,1,0,0,1,1,1,2,13,99,1,4,1,A,1,0,0,0,0,0,0,0,0,0,0,998,998,0,1,1,2,12,999,999,999,9999999,999,999,999,7,0,5,43,1,1,0,998,0.0,120,12,16,0.0,0.0,0.0,35.3531483547192,4,5
19404,10,156,1-10-2020-156-04,4,1,1FM5K8AR4HGA,17,12,401,2017,14,3,14,5,1,F,1,2067,5,9999,9,4,8,2,72,1,0,0,995,0,0,0,45422,9,9,0,5,4,2,1,1,1,1,3,2,0,0,3,1,0,0,1,0,1,6,87,2,1,1,1,C,13,0,0,0,0,0,0,0,0,0,0,998,998,0,0,0,1,10,999,999,999,9999999,999,999,999,6,0,0,0,0,0,0,998,9.8,998,998,998,99.8,99.8,99.8,1443.61889952762,4,5
19405,10,157,1-10-2020-157-02,2,1,KNAE55LC4J60,17,63,41,2018,5,1,5,0,1,T,1,1873,5,0,1,1,5,2,72,1,0,0,995,0,0,0,45458,1,2,0,5,3,1,2,1,1,1,0,2,0,0,3,1,0,0,1,1,14,1,8,1,1,4,1,B,6,1,3,1,2,1,4,61,1,1,18,997,997,0,1,0,4,6,999,999,999,9999999,999,999,999,6,0,4,17,1,1,3,997,0.0,999,999,120,19.0,4.0,19.0,22.4086761209608,4,5
19406,54,35,1-54-2020-035-03,3,1,ML32A3HJ5KH0,17,52,48,2019,5,1,1,0,1,R,2,940,5,0,1,1,4,2,40,1,0,1,0,2,0,2,35618,1,9,2,4,2,1,2,1,1,1,0,0,0,0,1,1,2,2,3,0,1,2,17,99,1,1,5,L,87,1,1,2,5,7,1,2,2,2,5,300,220,0,0,0,1,12,999,999,999,9999999,999,999,999,7,0,9,0,0,4,1,995,9.8,998,998,998,99.8,99.8,99.8,937.823042476366,9,5
19406,54,35,1-54-2020-035-03,3,2,4A3AK24F99E0,17,52,37,2009,2,1,2,0,1,F,9,1485,5,9999,9,0,998,2,40,1,0,0,995,0,0,0,35653,9,9,2,4,2,1,2,1,1,1,1,2,0,0,1,1,0,0,9,0,1,4,66,99,1,1,5,L,86,0,0,0,0,0,0,0,0,0,0,220,300,0,0,0,1,0,999,999,999,9999999,999,999,999,9,0,0,0,0,0,0,995,9.8,998,998,998,99.8,99.8,99.8,937.823042476366,9,5
19407,14,74,1-14-2020-074-03,3,1,2C4RC1BG8HR8,17,6,443,2017,20,4,20,0,1,R,1,1964,5,0,1,1,17,2,97,1,0,0,995,0,0,0,78260,1,9,2,4,4,1,2,1,1,1,1,1,0,0,1,1,1,2,9,0,1,2,17,7,1,1,5,L,87,0,0,0,0,0,0,0,0,0,0,60,355,0,0,0,1,1,16,0,-16,4487,998,39,7,0,1,99,99,0,8,0,995,9.8,998,998,998,99.8,99.8,99.8,1034.68667580939,8,5
19407,14,74,1-14-2020-074-03,3,2,4T1BD1EB4EU0,17,49,43,2014,4,1,4,0,1,F,1,1620,5,0,1,1,17,2,97,1,0,0,995,0,0,0,78133,1,2,2,3,4,2,2,1,1,1,1,3,0,3,1,1,1,2,3,0,1,4,66,3,1,1,5,L,86,0,0,0,0,0,0,0,0,0,0,355,60,0,0,0,1,1,19,-18,6,50141,998,88,23,0,1,1,1,0,0,0,995,9.8,998,998,998,99.8,99.8,99.8,1034.68667580939,8,5
19408,14,75,1-14-2020-075-03,3,1,5YFBURHE9JP7,17,49,32,2018,4,1,3,0,1,F,2,1265,5,0,1,1,17,2,64,1,0,0,995,0,0,0,78132,1,2,0,4,2,1,2,1,1,1,0,0,0,0,4,5,0,0,2,1,1,2,10,99,1,2,3,I,64,0,0,0,0,0,0,0,0,0,0,90,300,0,0,0,1,12,999,999,999,9999999,999,999,999,7,0,0,0,0,6,0,995,9.8,998,998,998,99.8,99.8,99.8,1034.68667580939,8,5
19408,14,75,1-14-2020-075-03,3,2,1FT8W3DT0GEB,17,12,481,2016,34,5,31,0,1,R,2,3384,5,0,2,4,30,2,64,1,0,0,995,0,0,0,78130,1,2,0,4,2,1,2,1,1,1,0,0,0,0,4,5,0,0,1,1,1,4,62,4,1,4,3,I,65,0,0,0,0,0,0,0,0,0,0,998,998,0,1,2,2,12,999,999,999,9999999,999,999,999,7,0,1,1,0,6,0,998,0.0,999,30,90,19.0,2.4,19.2,1034.68667580939,8,5
19409,17,110,1-17-2020-110-06,6,1,1FAHP3FN5BW1,17,12,37,2011,4,1,2,0,1,F,3,1225,5,0,1,1,8,2,48,1,9,0,995,0,9,0,99999,9,9,2,1,4,2,1,1,1,1,1,3,0,0,3,1,1,2,9,1,1,2,13,2,1,4,1,A,1,0,0,0,0,0,0,0,0,0,0,998,998,0,1,1,1,1,45,-45,0,97094,998,14,45,0,1,99,99,0,99,0,998,0.0,30,30,76,1.8,1.0,2.1,337.915136910244,4,5
19411,11,78,1-11-2020-078-05,5,1,JM3KE4CE5D01,17,41,403,2013,14,3,14,0,1,F,2,1604,5,0,1,1,10,2,56,1,0,0,995,0,0,0,23237,9,9,2,4,2,1,2,2,1,1,1,2,0,0,1,2,0,0,1,0,11,2,15,3,1,1,4,J,68,0,0,0,0,0,0,0,0,0,0,220,70,0,0,0,1,1,31,-29,-11,67261,998,-48,30,0,1,0,0,0,0,0,995,9.8,998,998,998,99.8,99.8,99.8,337.352724194704,8,5
19411,11,78,1-11-2020-078-05,5,2,5XXGN4A72EG2,17,63,34,2014,4,1,4,0,1,F,2,1484,5,0,1,1,10,2,56,1,0,0,995,0,0,0,23234,9,9,2,4,2,1,2,2,1,1,1,2,0,0,1,2,0,0,1,0,1,4,62,99,1,1,4,J,69,0,0,0,0,0,0,0,0,0,0,70,220,0,0,0,1,1,32,-32,6,72899,998,42,33,0,1,3,11,1,3,0,995,0.0,41,42,64,12.1,8.4,14.2,337.352724194704,8,5
19412,11,79,1-11-2020-079-06,6,1,1GKEK13TX1R1,17,23,421,2001,15,3,15,0,1,F,1,2318,5,0,1,1,7,2,72,1,0,0,995,0,0,0,23831,2,2,0,4,4,2,2,1,1,1,3,2,0,0,1,1,0,0,1,0,1,3,52,5,1,1,2,D,28,0,0,0,0,0,0,0,0,0,0,170,180,0,0,0,1,1,14,-14,-2,30757,998,-19,18,0,4,0,0,0,0,0,995,9.8,998,998,998,99.8,99.8,99.8,4957.5897328246,8,5
19412,11,79,1-11-2020-079-06,6,2,1N4AL3AP5FC5,17,35,47,2015,4,1,4,0,1,B,1,1416,5,0,1,1,7,2,72,1,0,0,995,0,0,0,23234,2,2,0,4,4,2,2,1,1,1,3,2,0,0,1,1,0,0,1,0,2,3,53,7,1,1,2,D,29,0,0,0,0,0,0,0,0,0,0,180,170,0,0,0,1,1,22,22,0,15060,998,11,16,0,4,0,0,0,4,0,995,9.8,998,998,998,99.8,99.8,99.8,4957.5897328246,8,5
19413,48,61,1-48-2020-061-06,6,1,1G1ZE5E79BF3,17,20,37,2011,4,1,4,0,1,R,2,1655,5,0,1,1,19,2,105,1,0,0,995,0,0,0,89436,9,9,0,4,2,1,2,1,1,1,1,4,0,0,1,8,0,0,9,1,1,2,13,99,3,4,1,A,2,1,4,2,2,1,3,61,1,2,12,997,997,0,1,0,1,6,999,999,999,9999999,999,999,999,7,0,99,99,0,99,3,997,9.7,120,120,120,26.0,11.0,29.0,508.244249952084,12,5
19414,48,62,1-48-2020-062-03,3,1,1GC1KXEYXHF2,17,20,481,2017,34,5,31,0,1,R,2,2991,5,9999,9,1,13,2,72,1,0,0,995,0,7,0,81625,1,2,2,4,2,1,2,1,1,1,1,2,0,0,5,1,2,2,9,0,1,2,17,1,1,1,5,L,87,0,0,0,0,0,0,0,0,0,0,170,70,0,1,0,1,1,34,-22,-26,202572,998,185,29,0,4,2,5,0,3,0,995,1.4,120,30,40,3.4,3.3,4.6,251.247250101676,12,5
19414,48,62,1-48-2020-062-03,3,2,1GT120C82DF1,17,23,481,2013,34,5,31,0,1,F,2,2918,5,91,1,1,14,2,97,1,0,0,995,0,0,0,84337,1,2,2,4,4,2,2,1,1,1,1,2,0,0,5,1,0,0,1,0,1,4,66,2,1,1,5,L,86,0,0,0,0,0,0,0,0,0,0,70,170,0,0,0,1,1,34,-29,17,278044,998,128,39,0,4,3,14,1,3,0,995,1.8,120,8,40,25.0,0.0,25.0,251.247250101676,12,5
19415,24,152,1-24-2020-152-03,3,1,5NPD84LF1HH0,17,55,35,2017,4,1,3,0,1,F,1,1275,5,0,1,1,23,2,72,1,0,0,995,0,0,0,08402,9,9,0,1,2,1,2,1,1,1,1,3,0,0,1,1,0,0,1,0,1,3,50,99,1,1,2,D,20,0,0,0,0,0,0,0,0,0,0,160,160,0,0,0,1,3,12,-12,0,8889,998,17,13,0,4,99,99,0,99,0,995,9.8,998,998,998,99.8,99.8,99.8,108.974282765322,1,5