CASEID,PSU,CASENO,CASENUMBER,CATEGORY,VEHNO,VIN,VINLENGTH,MAKE,MODEL,MODELYR,BODYTYPE,BODYCAT,VEHCLASS,SPECUSE,TRANSTAT,DAMPLANE,DAMSEV,CURBWT,CURBSRC,CARGOWT,CARGOSRC,INSPTYPE,INSPLAG,TOWED,SPEEDLIMIT,DRPRESENT,PARALCOHOL,ALCTEST,ALCTESTRESULT,ALCTESTSRC,PARDRUG,DRUGTEST,ZIP,RACE,ETHNICITY,RELTOJUNCT,TRAFFLOW,RDLANES,INITLANE,SURFTYPE,SURFCOND,ALIGNMENT,PROFILE,LINERIGHT,LINELEFT,RUMBINIT,RUMBROAD,LIGHTCOND,WEATHER,TRAFDEV,TRAFFUNCT,DISTRACT,PREFHE,PREMOVE,CRITCAT,CRITEVENT,MANEUVER,PRESTAB,PRELOC,CRASHCAT,CRASHCONF,CRASHTYPE,ROLLTYPE,ROLLTURN,ROLLINTRPT,ROLLPREMAN,ROLLINITYP,ROLLINLOC,ROLLOBJ,ROLLTRIP,ROLLDIR,ROLLDIST,DVANGTHIS,DVANGOTH,TOWHITCH,TRAJDOC,TREEPOLE,DVEVENT,DVBASIS,DVTOTAL,DVLONG,DVLAT,DVENERGY,DVSPEED,DVMOMENT,DVBES,DVEST,DVCONF,VAIS,VISS,VINJURED,VTREAT,INITOBJCLASS,HEADANGLECAT,SHLDRWIDTH,STRKLENGTH,STRKWIDTH,STRKHEIGHT,EDGEDISTX,EDGEDISTY,EDGEDISTZ,CASEWGT,PSUSTRAT,VERSION
19448,33,70,1-33-2020-070-02,2,2,2T3ZFREV2JW4,17,49,402,2018,14,3,14,0,1,F,1,1568,5,0,1,1,17,2,72,1,0,0,995,0,0,0,95993,7,9,0,1,2,2,2,1,3,1,3,2,0,1,2,1,0,0,1,0,14,4,62,1,1,1,3,G,51,0,0,0,0,0,0,0,0,0,0,195,5,0,0,0,1,3,12,-12,2,9593,998,-29,12,0,4,9,0,0,4,0,995,9.8,998,998,998,99.8,99.8,99.8,22.5431965287913,12,5
19449,31,69,1-31-2020-069-07,7,1,2GNALDEK6F63,17,20,404,2015,14,3,14,0,1,F,9,1706,5,0,2,0,998,2,72,1,0,0,995,0,0,0,47715,1,2,2,1,3,1,1,1,1,1,1,1,0,0,2,1,0,0,1,1,1,2,12,1,1,4,1,B,6,0,0,0,0,0,0,0,0,0,0,998,998,0,0,0,1,0,999,999,999,9999999,999,999,999,9,0,0,0,0,0,0,998,1.1,120,120,20,0.0,0.0,0.0,1009.49288861699,6,5
19450,31,70,1-31-2020-070-04,4,1,1FTFW1EG1JKF,17,12,481,2018,34,5,31,0,1,F,1,2236,5,0,1,1,9,2,89,1,0,0,995,0,0,0,62869,9,9,0,4,2,1,2,1,1,1,1,4,0,0,2,1,0,0,9,0,1,6,87,99,1,1,1,C,13,0,0,0,0,0,0,0,0,0,0,998,998,0,0,0,1,10,999,999,999,9999999,999,67,12,2,0,0,0,0,0,0,998,9.8,998,998,998,99.8,99.8,99.8,569.702757395356,6,5
19451,22,110,1-22-2020-110-04,4,1,JF1GJAK60GH0,17,48,38,2016,4,1,3,0,1,F,1,1370,5,0,1,1,15,2,89,1,0,0,995,0,0,0,99130,9,9,0,4,2,1,2,1,1,4,1,2,1,0,4,1,0,0,9,0,1,6,87,2,1,1,1,C,13,0,0,0,0,0,0,0,0,0,0,998,998,0,0,0,1,10,999,999,999,9999999,999,0,20,2,0,0,0,0,0,0,998,9.8,998,998,998,99.8,99.8,99.8,45.2360607058516,12,5
19452,22,111,1-22-2020-111-09,9,1,1FTEF15N6TLA,17,12,481,1996,34,5,30,0,1,F,2,1841,5,0,1,1,8,2,40,1,1,1,181,2,1,2,99111,9,9,0,4,2,1,2,1,1,1,0,0,0,0,3,1,0,0,9,1,1,2,13,99,1,4,1,C,11,0,0,0,0,0,0,0,0,0,0,160,160,0,0,0,1,11,999,999,999,9999999,999,999,999,7,0,2,5,0,3,0,995,0.0,7,7,120,1.3,1.4,1.8,83.8364535843287,12,5
19452,22,111,1-22-2020-111-09,9,2,3C6UR5CJ5HG6,17,7,482,2017,34,5,30,0,2,B,9,3005,5,9999,9,0,998,,,,,,,,,,,,,,,,,,,,,,,,,,,,,,,,,,,,,,,,,,,,,,,,,,,,,,,,,,,,,,,,,,95,95,95,95,,,,,,,,,,83.8364535843287,12,5
19453,22,112,1-22-2020-112-07,7,1,5J6RM4H72DL0,17,37,402,2013,14,3,14,0,1,F,2,1583,5,0,1,1,4,2,40,1,0,0,995,0,0,0,83501,9,9,0,5,3,1,2,1,1,1,0,2,0,0,1,1,0,0,3,1,1,2,13,3,1,4,1,C,11,0,0,0,0,0,0,0,0,0,0,90,90,0,0,0,1,98,999,999,999,9999999,999,999,999,7,0,0,0,0,0,0,995,9.8,998,998,998,99.8,99.8,99.8,87.6310552462787,12,5
19453,22,112,1-22-2020-112-07,7,2,1GNDT13S9223,17,20,401,2002,14,3,14,0,2,B,9,2099,5,9999,9,0,998,,,,,,,,,,,,,,,,,,,,,,,,,,,,,,,,,,,,,,,,,,,,,,,,,,,,,,,,,,,,,,,,,,95,95,95,95,,,,,,,,,,87.6310552462787,12,5
19454,19,150,1-19-2020-150-07,7,1,3MZBM1V76EM1,17,41,51,2014,4,1,3,0,1,U,1,1366,5,0,1,1,6,2,89,1,0,0,995,0,0,0,35952,1,9,0,4,2,1,2,1,1,1,1,4,2,3,2,1,0,0,9,1,1,2,12,1,1,4,1,B,6,0,0,0,0,0,0,0,0,0,0,998,998,0,1,0,1,11,999,999,999,9999999,999,999,999,6,0,0,0,0,0,0,998,0.5,35,40,30,10.2,2.1,10.6,479.194207218953,9,5
19455,19,151,1-19-2020-151-06,6,1,5NPE24AF6FH1,17,55,33,2015,4,1,4,0,1,R,1,1475,5,0,1,1,6,2,72,1,0,0,995,0,0,0,35901,2,9,2,1,4,4,2,1,1,1,1,0,0,0,1,1,0,0,9,0,11,2,15,99,1,1,4,J,68,0,0,0,0,0,0,0,0,0,0,35,285,0,0,0,1,1,21,-11,-19,19508,998,42,17,0,1,0,0,0,0,0,995,9.8,998,998,998,99.8,99.8,99.8,166.014900743543,9,5
19455,19,151,1-19-2020-151-06,6,2,1FMCU0C78BKB,17,12,402,2011,14,3,14,0,1,F,1,1540,5,0,1,1,6,2,72,1,0,0,995,0,0,0,35903,2,9,2,1,4,2,2,1,1,1,1,3,0,0,1,1,0,0,9,0,1,4,62,3,1,1,4,J,69,0,0,0,0,0,0,0,0,0,0,285,35,0,0,0,1,1,20,-19,3,41243,998,64,23,0,1,1,1,0,4,0,995,9.8,998,998,998,99.8,99.8,99.8,166.014900743543,9,5
19456,19,152,1-19-2020-152-04,4,1,1N4BL4BV8LC1,17,35,47,2020,4,1,4,0,1,F,1,1545,5,0,1,1,5,2,40,1,0,0,995,0,0,0,35549,1,9,1,3,1,1,2,1,2,1,1,0,0,0,1,1,3,2,9,0,16,3,50,99,1,1,2,D,20,0,0,0,0,0,0,0,0,0,0,90,100,0,0,0,1,12,999,999,999,9999999,999,999,999,6,0,0,0,0,0,0,995,9.8,998,998,998,99.8,99.8,99.8,246.136262148929,9,5
19456,19,152,1-19-2020-152-04,4,2,2GNALCEK7H16,17,20,404,2017,14,3,14,0,1,B,9,1782,5,9999,9,0,998,5,40,1,0,0,995,0,0,0,35967,9,9,1,3,1,1,2,1,2,1,1,0,0,0,1,1,3,2,1,0,5,3,53,1,1,1,2,D,21,0,0,0,0,0,0,0,0,0,0,100,90,0,0,0,1,0,999,999,999,9999999,999,999,999,9,0,95,95,95,95,0,995,9.8,998,998,998,99.8,99.8,99.8,246.136262148929,9,5
19457,19,153,1-19-2020-153-03,3,1,KM8J23A41GU1,17,55,402,2016,14,3,14,0,1,F,3,1560,5,0,1,1,4,2,72,1,9,1,0,2,9,0,35952,1,9,0,4,5,2,2,1,2,1,3,1,0,0,1,1,0,0,3,1,14,2,10,1,1,2,3,G,50,0,0,0,0,0,0,0,0,0,0,345,175,0,1,0,1,1,48,-47,-8,188626,998,-32,52,0,1,1,1,0,4,0,995,9.8,998,998,998,99.8,99.8,99.8,82.0683899358432,9,5
19457,19,153,1-19-2020-153-03,3,2,5TENX22N17Z3,17,49,472,2007,34,5,30,0,1,F,3,1567,5,0,1,1,4,2,72,1,0,0,995,0,0,0,35954,1,9,0,5,5,2,2,1,3,1,3,2,0,0,1,1,0,0,9,0,14,4,62,99,1,1,3,G,51,0,0,0,0,0,0,0,0,0,0,175,345,0,1,0,1,1,48,-48,0,113179,998,9,42,0,1,2,5,0,3,0,995,9.8,998,998,998,99.8,99.8,99.8,82.0683899358432,9,5
19459,76,78,1-76-2020-078-02,2,1,JF2SJAGC9JH4,17,48,401,2018,14,3,14,0,1,F,3,1498,5,0,1,1,14,2,72,1,8,9,998,8,7,9,13788,9,9,0,4,2,1,2,1,2,1,1,2,0,0,1,8,0,0,3,1,14,2,10,4,1,2,3,G,50,0,0,0,0,0,0,0,0,0,0,40,200,0,0,0,1,1,49,-48,9,160830,998,33,49,0,1,1,1,0,5,0,995,9.8,998,998,998,99.8,99.8,99.8,14.8756328479644,3,5
19459,76,78,1-76-2020-078-02,2,2,4T1BF1FK7HU7,17,49,40,2017,4,1,4,0,1,F,3,1467,5,0,1,1,15,2,72,1,8,1,0,2,7,2,13788,1,9,0,4,2,1,2,1,3,1,1,2,0,0,1,8,6,2,9,0,14,4,62,3,1,1,3,G,51,0,0,0,0,0,0,0,0,0,0,200,40,0,0,0,1,1,53,-52,-9,176752,998,-32,53,0,1,3,22,1,3,0,995,9.8,998,998,998,99.8,99.8,99.8,14.8756328479644,3,5
19460,18,74,1-18-2020-074-05,5,1,1G1JC5SH5F41,17,20,28,2015,4,1,1,0,1,F,1,1245,5,0,1,1,14,2,72,1,1,8,997,8,1,3,54701,9,9,2,1,4,3,1,1,3,1,3,3,0,0,1,1,1,2,9,0,14,2,17,2,1,1,5,L,88,0,0,0,0,0,0,0,0,0,0,95,0,0,0,0,1,1,21,-18,-10,8933,998,-44,13,0,4,99,99,0,99,0,995,9.8,998,998,998,99.8,99.8,99.8,57.4865885735629,6,5
19460,18,74,1-18-2020-074-05,5,2,5FNRL5H68CB1,17,37,441,2012,20,4,20,0,1,L,1,2047,5,0,1,1,11,2,48,1,0,0,995,0,0,0,54703,9,9,2,4,3,1,2,1,1,1,0,1,0,0,1,1,1,2,9,0,1,4,66,2,1,1,5,L,89,0,0,0,0,0,0,0,0,0,0,0,95,0,0,0,1,1,12,-6,11,33778,998,102,17,0,4,9,97,0,8,0,995,9.8,998,998,998,99.8,99.8,99.8,57.4865885735629,6,5
19461,18,75,1-18-2020-075-10,10,1,JTDKN3DU9A00,17,49,46,2010,5,1,3,0,1,F,9,1380,5,9999,9,0,998,2,56,1,0,0,995,0,0,0,54768,9,9,2,1,2,2,1,1,1,1,3,2,0,0,3,1,0,0,9,0,1,6,87,99,1,1,1,C,13,0,0,0,0,0,0,0,0,0,0,998,998,0,0,0,1,0,999,999,999,9999999,999,999,999,9,0,0,0,0,0,0,998,9.8,998,998,998,99.8,99.8,99.8,7721.08025125649,6,5
19462,26,145,1-26-2020-145-06,6,1,2HGFB2F58FH5,17,37,31,2015,4,1,3,0,1,F,2,1258,5,0,1,1,8,2,56,1,1,8,997,8,9,9,95610,1,2,0,5,5,2,2,1,1,1,3,2,0,0,5,1,0,0,3,0,1,3,52,4,1,1,2,D,28,0,0,0,0,0,0,0,0,0,0,165,160,0,1,0,1,3,25,-25,4,31242,998,-5,25,0,4,1,1,0,4,0,995,9.8,998,998,998,99.8,99.8,99.8,2209.38584960684,10,5
19462,26,145,1-26-2020-145-06,6,2,1FM5K8AR8DGC,17,12,401,2013,14,3,14,5,1,B,1,2067,5,9999,9,5,35,2,56,1,0,0,995,0,0,0,95621,1,2,0,5,5,2,2,1,1,1,3,2,0,0,5,1,0,0,1,0,2,3,53,1,1,1,2,D,29,0,0,0,0,0,0,0,0,0,0,160,165,0,1,0,1,3,15,15,0,18838,998,0,15,0,4,0,0,0,4,0,995,9.8,998,998,998,99.8,99.8,99.8,2209.38584960684,10,5
19463,26,146,1-26-2020-146-03,3,1,1N4BL4BV7KC1,17,35,47,2019,4,1,4,0,1,F,2,1545,5,0,1,1,43,2,72,1,1,1,252,1,9,9,94601,9,1,0,1,3,1,2,1,1,1,0,3,0,0,1,1,0,0,9,1,1,2,13,1,1,4,1,A,1,0,0,0,0,0,0,0,0,0,0,998,998,0,1,1,1,12,999,999,999,9999999,999,999,999,7,0,0,0,0,4,0,998,0.0,20,20,78,13.4,1.8,13.5,1405.33205463127,10,5
19464,15,102,1-15-2020-102-03,3,1,1N4AL3AP3GC1,17,35,47,2016,4,1,4,0,1,F,9,1453,5,9999,9,0,998,2,64,1,8,9,998,8,7,9,11550,9,9,2,4,5,3,2,1,1,1,1,2,0,0,1,1,1,2,9,0,11,2,15,8,1,1,4,J,68,0,0,0,0,0,0,0,0,0,0,245,90,0,0,0,1,0,999,999,999,9999999,999,999,999,9,0,99,99,0,8,0,995,9.8,998,998,998,99.8,99.8,99.8,40.4736039261814,1,5
19464,15,102,1-15-2020-102-03,3,2,3CZRU6H38KG7,17,37,404,2019,14,3,14,0,1,L,1,1393,5,0,1,1,12,2,64,1,8,9,998,8,7,9,11590,9,9,2,1,3,2,2,1,3,1,1,1,0,0,1,1,1,2,9,0,14,4,62,4,1,1,4,J,69,0,0,0,0,0,0,0,0,0,0,90,245,0,0,0,1,8,999,999,999,9999999,999,999,999,6,0,99,99,0,8,0,995,9.8,998,998,998,99.8,99.8,99.8,40.4736039261814,1,5
19465,15,103,1-15-2020-103-06,6,1,5J6RM4H77EL0,17,37,402,2014,14,3,14,0,1,F,2,1583,5,9999,9,4,41,2,48,1,8,0,995,0,7,0,11756,1,2,2,4,2,1,2,1,1,1,1,2,0,0,1,1,0,0,9,0,1,3,52,99,1,1,2,D,28,0,0,0,0,0,0,0,0,0,0,0,0,0,0,0,1,12,999,999,999,9999999,999,999,999,7,0,0,0,0,4,0,995,9.8,998,998,998,99.8,99.8,99.8,67.0846640774123,1,5
19465,15,103,1-15-2020-103-06,6,2,SADCJ2FX9KA6,17,39,401,2019,14,3,14,0,1,B,9,1760,5,9999,9,0,998,5,48,1,8,9,998,8,7,9,11554,9,9,2,4,2,1,2,1,1,1,1,2,0,0,1,1,0,0,9,0,1,3,53,99,1,1,2,D,29,0,0,0,0,0,0,0,0,0,0,0,0,0,0,0,1,0,999,999,999,9999999,999,999,999,9,0,95,95,95,95,0,995,9.8,998,998,998,99.8,99.8,99.8,67.0846640774123,1,5
19466,15,104,1-15-2020-104-03,3,1,WBAFU9C52BC7,17,34,35,2011,4,1,5,0,1,F,2,2050,5,9999,9,4,58,2,89,1,8,9,998,8,7,9,11746,2,9,0,2,5,5,2,1,3,1,1,2,0,0,3,1,0,0,9,0,14,3,52,99,1,1,2,D,28,0,0,0,0,0,0,0,0,0,0,105,105,0,0,0,1,12,999,999,999,9999999,999,999,999,7,0,0,0,0,4,0,995,9.8,998,998,998,99.8,99.8,99.8,40.4736039242475,1,5
19466,15,104,1-15-2020-104-03,3,2,JM1GL1VM3L15,17,41,50,2020,4,1,4,0,1,B,9,1474,5,9999,9,0,998,2,89,1,8,9,998,8,7,9,11967,1,9,0,2,5,5,2,1,3,1,1,2,0,0,3,1,0,0,9,0,14,2,18,99,1,1,2,D,29,0,0,0,0,0,0,0,0,0,0,105,105,0,0,0,1,0,999,999,999,9999999,999,999,999,9,0,0,0,0,4,0,995,9.8,998,998,998,99.8,99.8,99.8,40.4736039242475,1,5
19467,20,70,1-20-2020-070-04,4,1,1GT12TEY3HF1,17,23,481,2017,34,5,31,0,1,R,2,2918,5,0,1,1,25,2,105,1,0,0,995,0,0,0,93926,9,1,1,3,1,1,2,1,1,1,1,1,0,0,1,1,0,0,9,1,1,2,13,99,3,4,1,A,2,1,3,2,2,1,4,61,1,2,13,997,997,0,0,0,2,6,999,999,999,9999999,999,999,999,7,0,0,0,0,0,3,997,2.5,120,5,120,14.2,3.9,14.9,800.824382655546,11,5
19468,20,71,1-20-2020-071-04,4,1,5YFBURHE7GP3,17,49,32,2016,4,1,3,0,1,F,2,1265,5,0,1,1,27,2,105,1,0,0,995,0,0,0,95019,7,1,0,2,2,2,2,1,1,4,3,2,0,0,1,1,0,0,1,0,1,3,52,2,1,1,2,D,28,0,0,0,0,0,0,0,0,0,0,140,160,0,0,0,1,12,999,999,999,9999999,999,999,999,7,0,0,0,0,0,0,995,9.8,998,998,998,99.8,99.8,99.8,800.824382655546,11,5
19468,20,71,1-20-2020-071-04,4,2,JTHBK2620850,17,59,35,2008,4,1,3,0,1,B,9,1600,5,9999,9,0,998,2,105,1,0,0,995,0,0,0,93905,9,1,0,2,2,2,2,1,1,4,3,2,0,0,1,1,0,0,1,0,2,2,18,2,1,1,2,D,29,0,0,0,0,0,0,0,0,0,0,160,140,0,0,0,1,0,999,999,999,9999999,999,999,999,9,0,0,0,0,0,0,995,9.8,998,998,998,99.8,99.8,99.8,800.824382655546,11,5
19468,20,71,1-20-2020-071-04,4,3,1C3LC56K87N5,17,6,43,2007,4,1,3,0,1,F,1,1501,5,0,1,5,15,3,105,1,0,0,995,0,0,0,95076,9,1,0,2,2,2,2,1,1,4,3,2,0,0,1,1,0,0,1,0,1,3,50,2,1,1,6,M,98,0,0,0,0,0,0,0,0,0,0,160,140,0,0,0,2,3,20,-20,0,22606,998,-40,19,0,4,0,0,0,0,0,995,9.8,998,998,998,99.8,99.8,99.8,800.824382655546,11,5
19469,29,150,1-29-2020-150-06,6,1,999999999999,99,99,399,9999,9,1,9,99,1,9,9,9999,9,9999,9,0,998,5,56,1,8,0,995,0,7,0,99999,9,9,2,1,2,2,2,2,1,1,1,2,0,0,3,2,1,2,9,0,12,2,21,99,9,2,6,M,98,0,0,0,0,0,0,0,0,0,0,999,80,0,0,0,1,0,999,999,999,9999999,999,999,999,9,0,95,95,95,95,0,995,9.8,998,998,998,99.8,99.8,99.8,90.1206971356379,2,5
19469,29,150,1-29-2020-150-06,6,2,JM1BL1TG9D18,17,41,51,2013,4,1,2,0,1,F,1,1304,5,0,1,1,43,2,56,1,0,2,996,1,0,0,02740,9,9,2,1,2,1,2,2,1,1,1,1,0,0,3,2,1,2,1,0,1,4,60,2,1,1,6,M,98,0,0,0,0,0,0,0,0,0,0,80,999,0,0,0,1,5,999,999,999,9999999,999,999,16,2,0,99,99,0,99,0,995,9.8,998,998,998,99.8,99.8,99.8,90.1206971356379,2,5
19470,29,151,1-29-2020-151-04,4,1,2GKFLXE34E63,17,23,402,2014,14,3,14,0,1,R,1,1823,5,0,1,1,5,2,56,1,0,0,995,0,0,0,02744,9,9,2,1,3,1,2,1,1,1,1,1,0,0,5,1,1,2,1,0,1,2,17,1,1,1,5,L,87,0,0,0,0,0,0,0,0,0,0,260,170,0,0,0,1,1,16,-13,-11,17976,998,113,12,0,1,99,99,0,8,0,995,9.8,998,998,998,99.8,99.8,99.8,162.236595600474,2,5
19470,29,151,1-29-2020-151-04,4,2,JTEBU5JR8G53,17,49,401,2016,14,3,14,0,1,F,1,2111,5,0,1,1,5,2,40,1,0,0,995,0,0,0,02127,9,9,2,4,3,1,2,1,1,1,0,1,0,0,5,1,1,2,1,0,1,4,66,1,1,1,5,L,86,0,0,0,0,0,0,0,0,0,0,170,260,0,0,0,1,1,14,-9,11,52433,998,162,16,0,1,0,0,0,0,0,995,9.8,998,998,998,99.8,99.8,99.8,162.236595600474,2,5
19471,29,152,1-29-2020-152-09,9,1,KL1TG666X6B6,17,20,39,2006,5,1,1,0,1,F,2,1068,8,0,1,1,5,2,48,1,8,9,998,8,7,9,02740,9,9,0,4,2,1,2,2,2,1,0,2,0,0,1,2,0,0,3,1,14,2,13,99,1,4,1,C,11,0,0,0,0,0,0,0,0,0,0,160,150,0,0,0,2,12,999,999,999,9999999,999,999,999,7,0,9,97,0,8,0,995,9.8,998,998,998,99.8,99.8,99.8,328.199302060882,2,5
19471,29,152,1-29-2020-152-09,9,2,5XXGR4A62FG4,17,63,34,2015,4,1,4,0,2,L,9,1468,5,9999,9,0,998,,,,,,,,,,,,,,,,,,,,,,,,,,,,,,,,,,,,,,,,,,,,,,,,,,,,,,,,,,,,,,,,,,95,95,95,95,,,,,,,,,,328.199302060882,2,5
19471,29,152,1-29-2020-152-09,9,3,1LNHM87AX4Y6,17,13,12,2004,4,1,5,0,1,L,9,1709,5,9999,9,0,998,5,48,1,8,0,995,0,7,0,02740,9,9,0,4,2,1,2,2,1,1,0,2,0,0,1,2,0,0,1,0,1,4,62,99,1,1,6,M,98,0,0,0,0,0,0,0,0,0,0,330,320,0,0,0,3,0,999,999,999,9999999,999,999,999,9,0,95,95,95,95,0,995,9.8,998,998,998,99.8,99.8,99.8,328.199302060882,2,5
19472,29,153,1-29-2020-153-03,3,1,2T1BURHE6JC0,17,49,32,2018,4,1,3,0,1,F,2,1265,5,0,1,1,8,2,48,1,1,0,995,0,7,9,02739,9,9,0,3,1,1,2,1,2,1,0,0,0,0,3,1,0,0,1,1,14,2,12,4,1,4,1,B,6,0,0,0,0,0,0,0,0,0,0,998,998,0,1,1,4,1,25,-25,0,38449,998,55,25,0,4,99,99,0,0,0,998,0.0,57,16,17,0.0,0.0,0.0,50.2744606053215,2,5
19473,21,127,1-21-2020-127-01,1,1,JTDKN3DUXF19,17,49,46,2015,5,1,3,0,1,R,9,1380,5,9999,9,5,46,2,113,1,0,0,995,0,0,0,90002,2,9,0,1,2,2,2,1,1,9,3,2,1,3,2,1,0,0,9,1,1,2,12,4,3,4,1,A,2,1,8,2,2,1,4,61,1,2,64,997,997,0,0,0,1,6,999,999,999,9999999,999,999,999,9,0,5,45,2,1,3,997,9.8,998,998,998,99.8,99.8,99.8,44.6814479775931,11,5
19474,21,128,1-21-2020-128-01,1,1,3FA6P0H75GR2,17,12,23,2016,4,1,4,0,1,F,3,1558,5,9999,9,5,86,2,105,1,9,1,253,3,9,1,92335,2,9,0,2,4,1,1,1,2,9,1,3,0,0,2,1,0,0,9,1,14,2,13,99,1,4,1,A,1,0,0,0,0,0,0,0,0,0,0,125,120,0,0,0,1,5,999,999,999,9999999,999,999,999,8,0,6,75,1,1,0,995,9.8,998,998,998,99.8,99.8,99.8,44.6814479774072,11,5
19474,21,128,1-21-2020-128-01,1,2,3AKJHHDR8LSL,17,82,881,2020,66,8,68,0,2,B,9,,,,,,,,,,,,,,,,,,,,,,,,,,,,,,,,,,,,,,,,,,,,,,,,,,,,,,,,,,,,,,,,,,,,,,,,95,95,95,95,,,,,,,,,,44.6814479774072,11,5
19477,30,137,1-30-2020-137-05,5,1,2G1WG5EKXB12,17,20,2,2011,4,1,4,0,1,F,3,1613,5,0,1,1,14,2,105,1,0,0,995,0,1,9,85323,9,9,0,2,5,2,2,1,1,1,3,3,0,0,1,1,0,0,3,0,1,3,51,1,1,1,2,D,24,0,0,0,0,0,0,0,0,0,0,350,350,0,0,0,1,5,999,999,999,9999999,999,999,84,5,0,2,5,0,8,0,995,9.8,998,998,998,99.8,99.8,99.8,36.4285881374342,10,5
19477,30,137,1-30-2020-137-05,5,2,1NKWL90X9XR8,17,85,881,1999,63,8,60,0,1,D,9,,,,,,,2,105,1,0,0,995,0,0,0,85303,9,9,0,2,5,2,2,1,1,1,3,3,0,0,1,1,0,0,1,0,1,3,53,1,1,1,2,D,25,,,,,,,,,,,,,,,,,,,,,,,,,,,95,95,95,95,,,9.8,998,998,998,99.8,99.8,99.8,36.4285881374342,10,5
19478,30,135,1-30-2020-135-05,5,1,2GKFLSE35E61,17,23,402,2014,14,3,14,0,1,T,2,1748,5,0,1,1,40,2,105,1,1,1,203,2,0,0,85351,9,9,1,2,3,2,2,1,1,2,3,3,0,0,3,1,0,0,9,1,6,2,11,99,1,2,2,F,44,1,7,2,5,7,1,2,3,2,999,997,997,0,0,0,2,6,999,999,999,9999999,999,999,999,7,0,2,6,0,3,1,997,9.8,998,998,998,99.8,99.8,99.8,36.4285881374342,10,5
19478,30,135,1-30-2020-135-05,5,2,1FTWW31P16ED,17,12,481,2006,34,5,31,0,1,L,9,9999,9,9999,9,0,998,5,105,1,0,9,998,8,7,9,85390,9,9,1,2,3,1,2,1,1,2,1,3,0,0,3,1,0,0,1,0,1,4,60,99,1,1,2,F,45,0,0,0,0,0,0,0,0,0,0,180,180,0,0,0,1,0,999,999,999,9999999,999,999,999,9,0,95,95,95,95,0,995,9.8,998,998,998,99.8,99.8,99.8,36.4285881374342,10,5
19479,30,138,1-30-2020-138-06,6,1,2C3CDXHG1FH7,17,7,24,2015,4,1,5,0,1,F,1,1785,5,0,1,1,17,2,105,1,0,0,995,0,0,2,85019,2,2,1,2,4,1,2,1,1,9,1,3,0,0,1,1,0,0,1,1,1,1,3,3,8,4,1,A,2,0,0,0,0,0,0,0,0,0,0,998,998,0,0,0,5,10,999,999,999,9999999,999,-54,14,2,0,1,1,0,4,0,998,4.0,999,999,999,19.9,4.0,19.4,456.983978259844,10,5
19479,30,138,1-30-2020-138-06,6,2,VNKKTUD37GA0,17,49,51,2016,5,1,1,0,1,L,9,1085,5,9999,9,0,998,5,105,1,0,0,995,0,0,0,85008,9,9,1,3,2,2,2,1,2,9,3,1,0,0,1,1,0,0,1,0,14,4,64,99,1,1,6,M,98,0,0,0,0,0,0,0,0,0,0,999,999,0,0,0,3,0,999,999,999,9999999,999,999,999,9,0,95,95,95,95,0,995,9.8,998,998,998,99.8,99.8,99.8,456.983978259844,10,5
19480,52,163,1-52-2020-163-08,8,1,3D7TT2CT6BG5,17,7,482,2011,34,5,31,0,1,F,1,2830,5,0,1,2,12,5,56,1,0,0,995,0,0,0,59105,9,9,2,4,4,1,2,1,1,1,0,3,0,0,3,1,0,0,9,0,1,4,62,3,1,1,4,J,69,0,0,0,0,0,0,0,0,0,0,350,110,0,0,0,1,1,19,-19,3,47962,998,72,19,0,1,95,95,95,95,0,995,9.8,998,998,998,99.8,99.8,99.8,27.755496471605,12,5
19480,52,163,1-52-2020-163-08,8,2,1GCEK19TXYE4,17,20,481,2000,34,5,31,0,1,R,1,2105,5,0,1,1,12,2,56,1,0,0,995,0,0,0,59102,9,9,2,4,4,2,2,1,1,1,3,2,0,0,3,1,0,0,9,0,11,2,15,1,9,1,4,J,68,0,0,0,0,0,0,0,0,0,0,110,350,0,0,0,1,1,22,-14,-17,52717,998,82,21,0,1,3,14,1,3,0,995,9.8,998,998,998,99.8,99.8,99.8,27.755496471605,12,5
19481,76,79,1-76-2020-079-08,8,1,1GNET16S1361,17,20,403,2003,14,3,14,0,1,F,2,2194,5,0,2,1,17,2,89,1,8,0,995,0,7,0,12455,1,2,0,4,2,1,2,2,1,2,1,2,0,0,1,2,0,0,3,1,1,2,10,1,1,2,3,G,50,0,0,0,0,0,0,0,0,0,0,260,90,0,0,0,1,98,999,999,999,9999999,999,999,999,7,0,1,1,0,3,0,995,1.2,999,999,999,35.0,22.7,41.0,30.2377231003998,3,5
19481,76,79,1-76-2020-079-08,8,2,5FNRL38238B0,17,37,441,2008,20,4,20,0,1,F,2,1989,5,0,1,1,11,2,89,1,8,9,998,8,7,9,13753,9,9,0,4,2,1,2,2,1,4,1,2,0,0,1,2,0,0,9,0,1,4,62,8,1,1,3,G,51,0,0,0,0,0,0,0,0,0,0,90,260,0,0,0,1,98,999,999,999,9999999,999,999,999,7,0,9,97,0,8,0,995,1.2,999,999,999,9.4,1.6,9.5,30.2377231003998,3,5