CASEID,PSU,CASENO,CASENUMBER,CATEGORY,VEHNO,VIN,VINLENGTH,MAKE,MODEL,MODELYR,BODYTYPE,BODYCAT,VEHCLASS,SPECUSE,TRANSTAT,DAMPLANE,DAMSEV,CURBWT,CURBSRC,CARGOWT,CARGOSRC,INSPTYPE,INSPLAG,TOWED,SPEEDLIMIT,DRPRESENT,PARALCOHOL,ALCTEST,ALCTESTRESULT,ALCTESTSRC,PARDRUG,DRUGTEST,ZIP,RACE,ETHNICITY,RELTOJUNCT,TRAFFLOW,RDLANES,INITLANE,SURFTYPE,SURFCOND,ALIGNMENT,PROFILE,LINERIGHT,LINELEFT,RUMBINIT,RUMBROAD,LIGHTCOND,WEATHER,TRAFDEV,TRAFFUNCT,DISTRACT,PREFHE,PREMOVE,CRITCAT,CRITEVENT,MANEUVER,PRESTAB,PRELOC,CRASHCAT,CRASHCONF,CRASHTYPE,ROLLTYPE,ROLLTURN,ROLLINTRPT,ROLLPREMAN,ROLLINITYP,ROLLINLOC,ROLLOBJ,ROLLTRIP,ROLLDIR,ROLLDIST,DVANGTHIS,DVANGOTH,TOWHITCH,TRAJDOC,TREEPOLE,DVEVENT,DVBASIS,DVTOTAL,DVLONG,DVLAT,DVENERGY,DVSPEED,DVMOMENT,DVBES,DVEST,DVCONF,VAIS,VISS,VINJURED,VTREAT,INITOBJCLASS,HEADANGLECAT,SHLDRWIDTH,STRKLENGTH,STRKWIDTH,STRKHEIGHT,EDGEDISTX,EDGEDISTY,EDGEDISTZ,CASEWGT,PSUSTRAT,VERSION
19482,66,74,1-66-2020-074-04,4,1,1FTEF14Y8TLB,17,12,481,1996,34,5,31,0,1,L,1,1966,5,0,1,1,32,2,64,1,8,9,998,8,7,9,65654,9,9,2,4,2,1,2,1,1,1,0,0,0,0,1,1,2,2,9,0,1,2,17,1,1,1,5,L,89,0,0,0,0,0,0,0,0,0,0,180,225,0,0,0,1,3,5,0,5,7759,998,106,8,0,4,99,99,0,99,0,995,9.8,998,998,998,99.8,99.8,99.8,197.598116928303,6,5
19482,66,74,1-66-2020-074-04,4,2,JA4AZ3A32LZ0,17,52,404,2020,14,3,14,0,1,F,1,1545,5,9999,9,5,47,2,97,1,0,0,995,0,7,0,65738,9,9,2,4,2,1,2,1,1,1,1,4,3,3,1,1,0,0,9,0,1,4,66,3,1,1,5,L,88,0,0,0,0,0,0,0,0,0,0,225,180,0,0,0,1,3,7,-4,-5,2597,998,-165,4,0,4,99,99,0,99,0,995,9.8,998,998,998,99.8,99.8,99.8,197.598116928303,6,5
19484,77,92,1-77-2020-092-02,2,1,1FAHP32N78W1,17,12,37,2008,2,1,2,0,1,R,3,1173,5,0,1,1,17,2,97,1,0,0,995,0,0,0,22551,9,9,2,4,2,1,2,2,1,1,0,0,0,0,1,2,0,0,1,0,1,2,17,99,1,1,5,L,87,1,6,2,2,7,1,2,2,2,31,300,235,0,0,0,1,1,59,-10,-58,300937,998,44,74,0,4,3,22,1,3,1,995,9.8,998,998,998,99.8,99.8,99.8,82.8182922699722,9,5
19484,77,92,1-77-2020-092-02,2,2,2T1BURHE8HC7,17,49,32,2017,4,1,3,0,1,F,3,1265,5,0,1,1,17,2,97,1,0,1,0,2,0,0,22304,9,9,2,1,4,3,2,2,1,1,3,1,1,3,1,2,0,0,1,0,1,4,66,8,1,1,5,L,86,1,2,1,2,1,4,61,1,2,5,235,300,0,0,0,1,1,58,-50,29,121779,998,83,42,0,1,2,9,0,4,3,995,1.2,4,4,70,1.5,0.2,1.6,82.8182922699722,9,5
19485,77,93,1-77-2020-093-03,3,1,1G1AK55F2678,17,20,22,2006,4,1,2,0,1,F,1,1265,5,0,1,1,6,2,89,1,0,0,995,0,0,0,22554,9,9,2,4,2,1,2,1,1,1,1,2,1,0,1,1,0,0,3,0,1,3,50,2,1,1,2,D,20,0,0,0,0,0,0,0,0,0,0,230,220,0,0,0,1,1,17,-17,0,20692,998,-44,19,0,1,99,99,0,99,0,995,9.8,998,998,998,99.8,99.8,99.8,607.288162382099,9,5
19485,77,93,1-77-2020-093-03,3,2,3MZBN1K76HM1,17,41,51,2017,5,1,3,0,1,B,1,1330,5,0,1,1,5,2,89,1,0,0,995,0,0,0,22938,9,9,2,4,2,1,2,1,1,1,1,2,1,0,1,1,0,0,1,0,5,3,53,1,1,1,2,D,21,0,0,0,0,0,0,0,0,0,0,220,230,0,0,0,1,1,15,15,3,14446,998,-81,14,0,1,0,0,0,4,0,995,9.8,998,998,998,99.8,99.8,99.8,607.288162382099,9,5
19486,10,158,1-10-2020-158-09,9,1,3MEHM07Z19R6,17,14,21,2009,4,1,3,0,1,R,2,1782,5,0,1,1,16,2,56,1,0,0,995,0,0,0,45417,9,9,2,4,5,2,2,1,1,1,3,1,0,0,1,8,1,2,1,0,1,2,17,1,1,1,4,K,83,0,0,0,0,0,0,0,0,0,0,150,10,0,0,0,1,12,999,999,999,9999999,999,999,999,7,0,99,99,0,8,0,995,9.8,998,998,998,99.8,99.8,99.8,1009.95497582267,4,5
19486,10,158,1-10-2020-158-09,9,2,2GNFLEEK2F62,17,20,404,2015,14,3,14,0,1,F,9,1782,5,9999,9,0,998,5,64,1,0,0,995,0,0,0,45338,9,9,2,4,3,2,2,1,1,1,1,2,0,0,1,8,1,2,1,0,11,2,15,1,1,1,4,K,82,0,0,0,0,0,0,0,0,0,0,10,150,0,0,0,1,0,999,999,999,9999999,999,999,999,9,0,95,95,95,95,0,995,9.8,998,998,998,99.8,99.8,99.8,1009.95497582267,4,5
19487,10,159,1-10-2020-159-02,2,1,3GNFK16RXVG1,17,20,431,1997,16,3,16,0,1,L,9,2466,5,9999,9,0,998,2,40,1,0,0,995,0,0,0,45417,9,9,2,4,2,1,2,1,1,1,0,0,0,0,2,1,2,2,9,0,1,2,17,99,1,1,5,L,87,1,1,2,5,7,1,3,2,2,2,20,997,0,0,0,3,0,999,999,999,9999999,999,999,999,9,0,99,99,0,5,1,997,9.8,998,998,998,99.8,99.8,99.8,22.4086761209608,4,5
19487,10,159,1-10-2020-159-02,2,2,JTDKBRFU8H35,17,49,46,2017,5,1,3,0,1,F,2,1395,5,0,1,1,11,2,64,1,0,0,995,0,0,0,45345,9,9,2,4,2,1,2,1,1,1,1,2,0,0,2,1,0,0,1,0,1,4,66,99,9,1,5,L,86,0,0,0,0,0,0,0,0,0,0,280,0,0,0,0,1,3,37,-36,6,52015,998,36,28,0,4,2,6,0,3,0,995,9.8,998,998,998,99.8,99.8,99.8,22.4086761209608,4,5
19487,10,159,1-10-2020-159-02,2,3,1HGCP2F66CA1,17,37,32,2012,4,1,4,0,1,L,1,1523,5,0,1,1,11,2,40,1,0,0,995,0,0,0,45044,9,9,2,4,2,1,2,1,1,1,0,0,0,0,2,1,2,2,1,0,5,4,62,1,1,1,6,M,98,0,0,0,0,0,0,0,0,0,0,180,20,0,0,0,2,3,5,-2,5,2274,998,92,5,0,4,0,0,0,0,0,995,9.8,998,998,998,99.8,99.8,99.8,22.4086761209608,4,5
19490,54,36,1-54-2020-036-09,9,1,1FMDU67K05UA,17,12,473,2005,34,5,30,0,1,T,2,1876,5,0,1,1,8,2,64,1,0,0,995,0,0,0,35674,1,9,0,4,2,1,2,1,3,1,1,2,0,0,2,1,0,0,9,1,14,2,13,1,1,4,1,A,1,1,4,2,4,1,1,61,1,1,22,997,997,0,0,0,2,6,999,999,999,9999999,999,999,999,7,0,1,1,0,4,3,997,0.3,28,28,115,11.0,4.0,12.0,854.364796536336,9,5
19491,14,76,1-14-2020-076-08,8,1,999999999999,99,99,399,9999,9,1,9,99,1,R,9,9999,9,9999,9,0,998,5,48,1,0,0,995,0,0,0,99999,9,9,0,5,4,2,2,1,1,1,3,2,0,0,1,1,0,0,9,0,1,4,61,9,1,1,2,F,44,0,0,0,0,0,0,0,0,0,0,230,230,0,0,0,1,0,999,999,999,9999999,999,999,999,9,0,95,95,95,95,0,995,9.8,998,998,998,99.8,99.8,99.8,1405.16821001253,8,5
19491,14,76,1-14-2020-076-08,8,2,1J4GB39117L1,17,2,403,2007,14,3,14,0,1,T,3,1848,5,0,1,1,19,2,48,1,8,1,0,2,0,0,78130,1,2,0,5,4,1,2,1,1,1,0,3,0,0,1,1,0,0,1,0,1,4,60,2,1,1,2,F,45,1,2,1,1,1,2,63,1,2,3,998,998,0,1,0,4,7,999,999,999,9999999,999,999,999,8,0,2,8,0,3,3,998,0.0,999,999,999,0.0,0.0,0.0,1405.16821001253,8,5
19492,14,77,1-14-2020-077-04,4,1,1FMJK1HT2GEF,17,12,422,2016,15,3,15,0,1,F,1,2768,5,0,1,1,15,2,56,1,0,0,995,0,0,0,78070,3,2,2,5,3,2,2,1,1,1,4,4,0,0,3,1,1,2,1,0,11,2,15,2,1,1,4,J,68,0,0,0,0,0,0,0,0,0,0,235,90,0,0,0,1,1,11,-8,-7,23484,998,-149,11,0,4,0,0,0,0,0,995,9.8,998,998,998,99.8,99.8,99.8,8585.40283147626,8,5
19492,14,77,1-14-2020-077-04,4,2,KNDMG4C7XE65,17,63,441,2014,20,4,20,0,1,F,1,2108,5,0,1,1,14,2,56,1,0,0,995,0,0,0,78070,1,9,2,4,4,2,2,1,1,1,1,2,0,0,3,1,1,2,9,0,1,4,62,99,1,1,4,J,69,0,0,0,0,0,0,0,0,0,0,90,235,0,0,0,1,1,14,-14,0,15572,998,-7,14,0,4,0,0,0,0,0,995,9.8,998,998,998,99.8,99.8,99.8,8585.40283147626,8,5
19493,17,111,1-17-2020-111-03,3,1,1N4AA5AP2BC8,17,35,39,2011,4,1,4,0,1,F,1,1630,5,0,1,1,11,2,56,1,0,0,995,0,0,0,61265,9,9,2,4,4,1,2,1,1,1,0,3,0,0,3,1,0,0,1,0,1,2,17,99,1,1,4,J,69,0,0,0,0,0,0,0,0,0,0,190,330,0,0,0,1,1,24,-23,8,13635,998,22,14,0,4,0,0,0,0,0,995,9.8,998,998,998,99.8,99.8,99.8,139.497293042308,4,5
19493,17,111,1-17-2020-111-03,3,2,1G1ZG5STXKF1,17,20,37,2019,4,1,4,0,1,F,2,1422,8,0,1,1,11,2,56,1,8,0,995,0,7,0,52806,9,9,2,4,4,2,2,1,1,1,3,2,0,0,3,1,0,0,2,0,11,4,63,1,1,1,4,J,68,0,0,0,0,0,0,0,0,0,0,330,190,0,0,0,1,1,25,-24,-9,74704,998,-69,31,0,4,1,2,0,4,0,995,9.8,998,998,998,99.8,99.8,99.8,139.497293042308,4,5
19494,17,112,1-17-2020-112-09,9,1,1G1ZD5E11BF1,17,20,37,2011,4,1,4,0,1,F,1,1549,5,9999,9,0,998,5,48,1,9,0,995,0,9,0,61462,9,9,2,3,4,3,2,1,1,1,3,3,0,0,1,1,1,2,3,1,15,2,10,99,1,2,2,F,47,0,0,0,0,0,0,0,0,0,0,55,85,0,0,0,1,3,15,-15,0,8400,998,0,12,0,4,95,95,95,95,0,995,9.8,998,998,998,99.8,99.8,99.8,825.908046214499,4,5
19494,17,112,1-17-2020-112-09,9,2,2B3KA53H26H1,17,7,24,2006,4,1,5,5,1,R,1,1860,5,0,1,1,7,2,48,1,9,0,995,0,9,0,61201,9,9,2,3,4,4,2,1,1,1,3,0,0,0,1,1,1,2,1,0,1,4,61,99,1,1,2,F,45,0,0,0,0,0,0,0,0,0,0,85,55,0,0,0,1,3,12,11,-6,17024,998,2,15,0,4,9,97,0,8,0,995,9.8,998,998,998,99.8,99.8,99.8,825.908046214499,4,5
19495,11,80,1-11-2020-080-06,6,1,1XKWDB9X77J1,17,85,881,2007,66,8,68,0,1,F,9,,,,,,,2,89,1,0,0,995,0,0,0,23901,9,9,2,1,5,2,2,1,1,1,1,1,0,0,1,1,1,2,1,1,1,3,50,7,1,2,2,D,20,,,,,,,,,,,,,,,,,,,,,,,,,,,95,95,95,95,,,9.8,998,998,998,99.8,99.8,99.8,5872.92111788907,8,5
19495,11,80,1-11-2020-080-06,6,2,WDCGG8HB3CF9,17,42,403,2012,14,3,14,0,1,B,2,1940,5,0,1,5,14,2,89,1,0,0,995,0,0,0,23112,2,2,2,1,5,2,2,1,1,1,1,1,0,0,1,1,1,2,1,0,5,3,53,1,1,1,2,D,21,0,0,0,0,0,0,0,0,0,0,260,250,0,0,0,1,5,999,999,999,9999999,999,999,999,7,0,0,0,0,4,0,995,9.8,998,998,998,99.8,99.8,99.8,5872.92111788907,8,5
19495,11,80,1-11-2020-080-06,6,3,1GKKVRKD4EJ1,17,23,423,2014,15,3,15,0,1,R,1,2130,5,0,1,1,14,2,89,1,0,0,995,0,0,0,23112,2,2,2,1,5,5,2,1,1,1,1,2,0,0,1,1,1,2,1,0,5,4,61,1,1,1,6,M,98,0,0,0,0,0,0,0,0,0,0,260,235,0,0,0,2,5,999,999,999,9999999,999,999,10,2,0,0,0,0,0,0,995,9.8,998,998,998,99.8,99.8,99.8,5872.92111788907,8,5
19496,11,81,1-11-2020-081-04,4,1,2T1BURHE2HC8,17,49,32,2017,4,1,3,0,1,F,1,1265,5,0,1,1,13,2,97,1,0,0,995,0,0,0,06825,9,9,0,2,3,3,2,1,3,1,3,1,1,3,2,1,0,0,1,0,14,6,87,99,1,1,1,C,13,0,0,0,0,0,0,0,0,0,0,998,998,0,0,0,1,12,999,999,999,9999999,999,999,999,6,0,0,0,0,0,0,998,9.8,998,998,998,99.8,99.8,99.8,10812.5276824987,8,5
19497,48,63,1-48-2020-063-01,1,1,KMHDU46DX9U7,17,55,35,2009,4,1,3,0,1,R,3,1313,5,9999,9,4,88,2,121,1,0,0,995,0,0,0,84043,1,9,0,2,3,1,1,1,1,1,3,2,1,3,2,1,0,0,9,1,15,2,11,99,1,2,2,F,46,0,0,0,0,0,0,0,0,0,0,200,180,0,0,0,1,12,999,999,999,9999999,999,999,999,8,0,1,1,0,5,0,995,9.8,998,998,998,99.8,99.8,99.8,94.864116906177,12,5
19497,48,63,1-48-2020-063-01,1,2,1FTSW31P64ED,17,12,481,2004,34,5,31,0,1,T,3,2723,5,9999,9,4,88,2,121,1,0,0,995,0,0,0,84404,1,2,0,2,3,2,1,1,1,1,3,3,0,3,2,1,0,0,9,0,1,4,61,8,1,1,2,F,45,1,2,1,2,1,3,61,1,2,8,997,997,1,0,0,3,5,999,999,999,9999999,999,999,999,8,0,3,10,1,1,3,997,3.1,999,999,999,25.1,23.4,33.4,94.864116906177,12,5
19498,48,64,1-48-2020-064-08,8,1,4S6CM58W8W44,17,37,401,1998,14,3,14,0,1,F,1,1494,5,0,1,5,4,2,40,1,0,1,66,2,7,0,84337,9,1,0,4,2,1,2,1,1,1,0,0,0,0,2,1,0,0,9,0,1,3,50,1,1,1,3,G,52,0,0,0,0,0,0,0,0,0,0,260,80,0,0,0,1,5,999,999,999,9999999,999,999,999,2,0,3,10,1,4,0,995,9.8,998,998,998,99.8,99.8,99.8,284.713921630325,12,5
19498,48,64,1-48-2020-064-08,8,2,1XPFDR9X4PD3,17,87,890,1993,66,8,67,0,1,F,9,,,,,,,5,999,0,7,7,887,6,8,8,99998,8,8,0,4,2,1,2,1,1,1,0,0,0,0,2,1,0,0,0,8,0,3,54,0,0,0,3,G,52,,,,,,,,,,,,,,,,,,,,,,,,,,,95,95,95,95,,,9.8,998,998,998,99.8,99.8,99.8,284.713921630325,12,5
19500,24,157,1-24-2020-157-03,3,1,3C4NJCCB5KT6,17,2,1,2019,6,1,2,0,1,F,1,1444,5,0,1,1,14,2,40,1,0,0,995,0,0,0,19103,1,2,2,4,2,1,2,2,1,1,0,0,0,0,1,2,2,2,9,0,1,2,17,99,1,1,5,L,86,0,0,0,0,0,0,0,0,0,0,10,90,0,0,0,1,3,18,-17,6,14565,998,73,14,0,4,1,2,0,4,0,995,9.8,998,998,998,99.8,99.8,99.8,358.201427805996,1,5
19500,24,157,1-24-2020-157-03,3,2,1GKEK13T51R1,17,23,431,2001,16,3,16,0,1,R,1,2318,5,9999,9,0,998,5,72,1,0,0,995,0,0,0,08203,9,9,2,4,2,1,2,2,1,1,0,2,0,0,1,2,0,0,9,0,1,4,66,1,1,1,5,L,87,0,0,0,0,0,0,0,0,0,0,90,10,0,0,0,1,3,12,-2,-12,23547,998,25,16,0,4,95,95,95,95,0,995,9.8,998,998,998,99.8,99.8,99.8,358.201427805996,1,5
19501,24,158,1-24-2020-158-07,7,1,1C4PJMCB6FW5,17,2,404,2015,14,3,14,0,1,F,1,1788,5,0,1,1,31,2,40,1,0,0,995,0,0,0,08406,9,9,2,4,4,3,2,2,1,1,1,2,0,0,3,2,1,2,1,0,11,2,15,3,1,1,4,J,68,0,0,0,0,0,0,0,0,0,0,30,230,0,0,0,1,3,14,-13,-5,14648,998,-41,14,0,4,0,0,0,0,0,995,9.8,998,998,998,99.8,99.8,99.8,1040.06735740446,1,5
19501,24,158,1-24-2020-158-07,7,2,1N4AB41D1WC7,17,35,43,1998,4,1,2,0,1,F,1,1074,5,9999,9,4,46,2,40,1,0,0,995,0,0,0,08406,1,2,2,4,5,3,2,2,3,1,3,2,0,0,3,2,1,2,9,0,14,4,62,99,1,1,4,J,69,0,0,0,0,0,0,0,0,0,0,230,30,0,0,0,1,3,23,-23,0,25521,998,0,24,0,4,1,1,0,4,0,995,9.8,998,998,998,99.8,99.8,99.8,1040.06735740446,1,5
19503,52,164,1-52-2020-164-07,7,1,1FM5K8GT0FGC,17,12,401,2015,14,3,14,0,1,F,1,2146,5,0,1,1,32,2,129,1,0,0,995,0,0,0,59102,1,2,0,1,2,1,2,1,1,1,1,3,2,3,2,8,0,0,1,0,1,6,87,1,1,1,1,C,13,0,0,0,0,0,0,0,0,0,0,998,998,0,0,0,1,10,999,999,999,9999999,999,-41,11,2,0,1,1,0,0,0,998,9.8,998,998,998,99.8,99.8,99.8,368.410588445219,12,5
19504,52,165,1-52-2020-165-06,6,1,3GTU2VEC8EG5,17,23,481,2014,34,5,31,0,1,F,3,2378,5,0,1,1,36,2,105,1,0,0,995,0,0,0,54166,9,9,0,2,2,2,2,1,1,1,3,2,1,3,1,1,0,0,9,0,1,3,50,2,1,1,2,D,20,0,0,0,0,0,0,0,0,0,0,90,90,0,0,0,1,1,43,-43,0,38522,998,-17,20,0,4,0,0,0,0,0,995,9.8,998,998,998,99.8,99.8,99.8,112.99900070219,12,5
19504,52,165,1-52-2020-165-06,6,2,5XYZTDLB8DG1,17,55,401,2013,14,3,14,0,1,B,3,1640,5,0,1,1,36,2,105,1,0,0,995,0,0,0,59752,9,9,0,2,2,2,2,1,1,1,3,2,1,3,1,1,0,0,9,0,5,3,53,99,1,1,2,D,21,0,0,0,0,0,0,0,0,0,0,90,90,0,0,0,1,1,65,65,0,423326,998,0,80,0,4,1,2,0,6,0,995,9.8,998,998,998,99.8,99.8,99.8,112.99900070219,12,5
19504,52,165,1-52-2020-165-06,6,3,1GCHK43K39F1,17,20,481,2009,34,5,31,0,1,B,9,2496,5,9999,9,0,998,5,105,1,0,0,995,0,0,0,59044,9,9,0,2,2,1,2,1,1,1,3,2,1,3,1,1,0,0,9,0,5,3,53,99,1,1,6,M,98,0,0,0,0,0,0,0,0,0,0,90,90,0,0,0,2,0,999,999,999,9999999,999,999,999,9,0,95,95,95,95,0,995,9.8,998,998,998,99.8,99.8,99.8,112.99900070219,12,5
19505,52,166,1-52-2020-166-08,8,1,1GCEK19J58Z2,17,20,481,2008,34,5,31,0,1,T,2,2432,5,100,1,1,23,2,97,1,1,1,169,2,0,0,59105,9,9,0,4,2,1,2,1,1,1,1,4,0,0,2,1,0,0,3,1,1,2,12,1,1,4,1,B,6,1,8,2,2,1,3,61,1,2,70,997,997,0,0,0,2,6,999,999,999,9999999,999,999,999,7,0,2,5,0,4,3,997,0.7,4,4,120,16.2,2.5,17.1,44.8780291607179,12,5
19506,52,167,1-52-2020-167-10,10,1,WAUDN74F18N1,17,32,40,2008,4,1,4,0,1,L,1,2055,5,0,1,1,27,2,97,1,0,0,995,0,0,0,59102,9,9,2,4,2,1,2,1,1,1,1,2,0,0,1,1,2,2,9,0,1,2,17,8,1,1,5,L,90,0,0,0,0,0,0,0,0,0,0,280,0,0,0,0,1,5,999,999,999,9999999,999,999,8,1,0,0,0,0,0,0,995,9.8,998,998,998,99.8,99.8,99.8,1715.20753616468,12,5
19506,52,167,1-52-2020-167-10,10,2,3C63D3GL2CG2,17,7,482,2012,34,5,31,0,1,R,9,3162,5,9999,9,0,998,5,97,1,0,0,995,0,0,0,59044,9,9,2,4,2,1,2,1,1,1,1,2,0,0,1,1,1,2,9,0,1,4,66,1,1,1,5,L,90,0,0,0,0,0,0,0,0,0,0,0,280,1,0,0,1,0,999,999,999,9999999,999,999,999,9,0,95,95,95,95,0,995,9.8,998,998,998,99.8,99.8,99.8,1715.20753616468,12,5
19507,28,81,1-28-2020-081-10,10,1,4T1SK12W8SU4,17,49,40,1995,5,1,2,0,1,F,1,1405,5,0,1,1,32,2,113,1,0,0,995,0,0,0,14580,9,9,0,2,2,2,2,1,2,1,3,2,1,3,1,1,0,0,9,1,14,1,9,99,3,4,1,A,2,0,0,0,0,0,0,0,0,0,0,998,998,0,0,0,1,1,21,-20,7,31350,998,69,21,0,4,0,0,0,0,0,998,3.5,120,40,89,3.1,1.2,3.3,1786.95106991524,3,5
19508,28,82,1-28-2020-082-07,7,1,4S4BRBGC0D32,17,48,45,2013,5,1,3,0,1,F,1,1619,5,0,1,1,23,2,64,1,0,0,995,0,0,0,16912,9,9,0,4,2,1,2,1,1,1,0,2,1,0,2,1,0,0,9,0,1,6,87,3,1,1,1,C,13,0,0,0,0,0,0,0,0,0,0,998,998,0,0,0,1,10,999,999,999,9999999,999,-40,11,2,0,0,0,0,0,0,998,9.8,998,998,998,99.8,99.8,99.8,334.889757107173,3,5
19511,66,75,1-66-2020-075-08,8,1,3A8FY58B16T2,17,6,52,2006,6,1,2,0,1,T,1,1395,5,0,1,1,14,2,89,1,0,0,995,0,7,0,65712,9,9,0,4,2,1,2,1,1,1,1,4,0,0,1,1,0,0,9,1,1,6,87,8,4,4,1,A,3,1,6,2,2,1,4,41,1,1,38,997,997,0,1,0,5,6,999,999,999,9999999,999,999,999,6,0,1,1,0,4,3,997,0.8,6,6,999,18.8,7.1,19.9,122.126347695842,6,5
19512,66,76,1-66-2020-076-03,3,1,2D4FV47V27H7,17,7,21,2007,6,1,5,0,1,L,1,1750,5,0,1,1,13,2,64,1,0,0,995,0,7,0,65708,9,9,2,4,2,1,2,1,1,1,1,4,0,0,3,8,2,2,2,0,1,2,17,1,1,1,5,L,89,0,0,0,0,0,0,0,0,0,0,15,90,0,0,0,1,1,17,0,17,36802,998,-33,22,0,3,0,0,0,0,0,995,9.8,998,998,998,99.8,99.8,99.8,101.661767199215,6,5
19512,66,76,1-66-2020-076-03,3,2,3FA6P0H90HR1,17,12,23,2017,4,1,4,0,1,F,1,1558,5,0,1,1,10,2,89,1,0,0,995,0,7,0,65625,9,9,2,4,2,1,2,1,1,1,1,2,3,3,3,8,0,0,9,0,1,4,66,4,2,1,5,L,88,0,0,0,0,0,0,0,0,0,0,90,15,0,0,0,1,1,20,-19,-3,12937,998,-36,14,0,3,2,5,0,4,0,995,9.8,998,998,998,99.8,99.8,99.8,101.661767199215,6,5
19513,23,54,1-23-2020-054-04,4,1,1GCVKREC1HZ1,17,20,481,2017,34,5,30,0,1,F,9,2366,5,9999,9,0,998,2,89,1,0,0,995,0,0,0,43021,9,9,0,4,2,1,2,2,1,1,1,4,0,0,1,8,0,0,9,0,1,6,87,99,9,9,1,C,13,0,0,0,0,0,0,0,0,0,0,998,998,0,0,0,1,0,999,999,999,9999999,999,999,999,9,0,99,99,0,5,0,998,9.8,998,998,998,99.8,99.8,99.8,928.371938487056,5,5
19514,23,55,1-23-2020-055-09,9,1,1HGEJ6674XL0,17,37,31,1999,4,1,2,0,1,L,9,1067,5,9999,9,0,998,2,56,1,0,0,995,0,0,0,43314,9,9,0,4,2,1,2,1,3,1,0,0,0,0,1,1,0,0,9,1,14,2,13,99,9,4,1,A,1,0,0,0,0,0,0,0,0,0,0,998,998,0,0,1,1,0,999,999,999,9999999,999,999,999,9,0,99,99,0,5,0,998,0.0,120,120,118,10.2,3.0,10.8,1769.34902575401,5,5
19517,73,90,1-73-2020-090-03,3,1,1G1ZD5ST6JF1,17,20,37,2018,4,1,4,0,1,B,1,1400,5,0,1,1,17,2,105,1,8,0,995,0,7,0,04092,9,9,0,2,2,1,2,2,1,1,1,3,2,3,2,2,0,0,1,1,1,1,6,99,2,2,2,D,25,0,0,0,0,0,0,0,0,0,0,110,265,0,0,0,1,5,999,999,999,9999999,999,999,20,2,0,99,99,0,0,0,995,2.3,999,999,999,0.0,0.0,0.0,59.2733395889748,3,5
19517,73,90,1-73-2020-090-03,3,2,1XKYDP9X0JJ9,17,85,884,2018,78,8,78,0,1,F,9,,,,,,,2,105,1,8,0,995,0,7,0,00001,9,9,0,2,2,1,2,2,1,1,1,3,2,3,2,2,0,0,1,0,1,3,51,99,1,1,2,D,24,,,,,,,,,,,,,,,,,,,,,,,,,,,95,95,95,95,,,9.8,998,998,998,99.8,99.8,99.8,59.2733395889748,3,5
19518,32,157,1-32-2020-157-05,5,1,2G1WA5E30C11,17,20,2,2012,4,1,4,0,1,F,9,1658,5,9999,9,0,998,2,105,1,0,0,995,0,0,0,75189,1,9,1,2,4,4,1,1,1,9,3,2,0,0,1,1,0,0,9,1,1,2,12,99,9,4,1,B,6,0,0,0,0,0,0,0,0,0,0,998,998,0,0,0,1,0,999,999,999,9999999,999,999,999,9,0,9,97,0,8,0,998,1.6,999,999,999,0.0,0.0,0.0,223.237035097047,7,5
19519,32,158,1-32-2020-158-06,6,1,3GNEC13T62G3,17,20,482,2002,34,5,31,0,1,F,1,2455,5,9999,9,0,998,2,72,1,0,0,995,0,0,0,75050,9,1,2,5,7,2,1,1,1,1,3,3,0,0,1,1,1,2,9,0,1,2,17,99,1,1,4,K,83,0,0,0,0,0,0,0,0,0,0,180,70,0,0,0,1,3,15,-15,3,18832,998,44,13,0,4,0,0,0,0,0,995,9.8,998,998,998,99.8,99.8,99.8,3280.59491948355,7,5
19519,32,158,1-32-2020-158-06,6,2,5XXGM4A74FG5,17,63,34,2015,4,1,4,0,1,L,1,1468,5,0,1,1,20,2,72,1,0,0,995,0,0,0,75052,1,9,2,4,2,1,1,1,1,1,1,2,0,0,1,1,1,2,9,0,11,4,62,99,1,1,4,K,82,0,0,0,0,0,0,0,0,0,0,70,180,0,0,0,1,3,24,-4,23,44537,998,38,25,0,4,9,97,0,8,0,995,9.8,998,998,998,99.8,99.8,99.8,3280.59491948355,7,5
19520,59,57,1-59-2020-057-05,5,1,4T1BF3EK1BU7,17,49,40,2011,4,1,4,0,1,R,1,1500,5,0,1,1,2,3,48,1,0,0,995,0,0,0,47802,9,9,2,4,3,1,2,2,1,1,0,1,0,0,1,2,1,2,9,0,1,2,17,99,1,1,5,L,87,0,0,0,0,0,0,0,0,0,0,180,90,0,0,0,1,1,19,-6,-18,6744,998,-35,10,0,1,0,0,0,4,0,995,9.8,998,998,998,99.8,99.8,99.8,97.6908511863607,6,5
19520,59,57,1-59-2020-057-05,5,2,2G1WT58K5691,17,20,2,2006,4,1,4,0,1,F,1,1630,5,0,1,1,2,2,48,1,0,0,995,0,0,0,46070,9,9,2,4,3,1,2,2,1,1,0,1,0,0,1,2,1,2,1,0,1,4,66,2,1,1,5,L,86,0,0,0,0,0,0,0,0,0,0,90,180,0,0,0,1,1,17,-16,6,40268,998,72,22,0,1,0,0,0,0,0,995,9.8,998,998,998,99.8,99.8,99.8,97.6908511863607,6,5
19521,31,71,1-31-2020-071-10,10,1,2G4WC5326512,17,18,22,2005,4,1,4,0,1,F,9,1589,5,0,2,0,998,2,89,1,0,0,995,0,0,0,62931,1,2,0,4,2,1,2,1,1,1,1,4,0,0,2,1,0,0,1,0,1,6,87,1,1,1,1,C,13,0,0,0,0,0,0,0,0,0,0,998,998,0,0,0,1,0,999,999,999,9999999,999,999,999,9,0,0,0,0,0,0,998,9.8,998,998,998,99.8,99.8,99.8,350.224747976596,6,5