CASEID,PSU,CASENO,CASENUMBER,CATEGORY,VEHNO,VIN,VINLENGTH,MAKE,MODEL,MODELYR,BODYTYPE,BODYCAT,VEHCLASS,SPECUSE,TRANSTAT,DAMPLANE,DAMSEV,CURBWT,CURBSRC,CARGOWT,CARGOSRC,INSPTYPE,INSPLAG,TOWED,SPEEDLIMIT,DRPRESENT,PARALCOHOL,ALCTEST,ALCTESTRESULT,ALCTESTSRC,PARDRUG,DRUGTEST,ZIP,RACE,ETHNICITY,RELTOJUNCT,TRAFFLOW,RDLANES,INITLANE,SURFTYPE,SURFCOND,ALIGNMENT,PROFILE,LINERIGHT,LINELEFT,RUMBINIT,RUMBROAD,LIGHTCOND,WEATHER,TRAFDEV,TRAFFUNCT,DISTRACT,PREFHE,PREMOVE,CRITCAT,CRITEVENT,MANEUVER,PRESTAB,PRELOC,CRASHCAT,CRASHCONF,CRASHTYPE,ROLLTYPE,ROLLTURN,ROLLINTRPT,ROLLPREMAN,ROLLINITYP,ROLLINLOC,ROLLOBJ,ROLLTRIP,ROLLDIR,ROLLDIST,DVANGTHIS,DVANGOTH,TOWHITCH,TRAJDOC,TREEPOLE,DVEVENT,DVBASIS,DVTOTAL,DVLONG,DVLAT,DVENERGY,DVSPEED,DVMOMENT,DVBES,DVEST,DVCONF,VAIS,VISS,VINJURED,VTREAT,INITOBJCLASS,HEADANGLECAT,SHLDRWIDTH,STRKLENGTH,STRKWIDTH,STRKHEIGHT,EDGEDISTX,EDGEDISTY,EDGEDISTZ,CASEWGT,PSUSTRAT,VERSION
19522,27,78,1-27-2020-078-10,10,1,JTDBR32E4600,17,49,32,2006,4,1,2,0,1,F,1,1135,5,0,1,1,35,2,56,1,8,0,995,0,7,0,01255,9,9,2,4,2,1,2,1,1,2,0,2,0,0,1,1,2,2,9,0,11,2,15,99,1,1,4,K,82,0,0,0,0,0,0,0,0,0,0,355,100,0,0,0,1,3,21,-16,14,10989,998,89,13,0,4,0,0,0,0,0,995,9.8,998,998,998,99.8,99.8,99.8,1842.24761510826,3,5
19522,27,78,1-27-2020-078-10,10,2,5TFUM5F14JX0,17,49,482,2018,34,5,31,0,1,R,1,2450,5,9999,9,0,998,5,56,1,8,0,995,0,7,0,01201,9,9,2,4,2,1,2,1,1,1,1,2,0,0,1,1,0,0,1,0,1,4,67,99,1,1,4,K,83,0,0,0,0,0,0,0,0,0,0,100,355,0,0,0,1,3,10,-8,-7,28799,998,1,17,0,4,95,95,95,95,0,995,9.8,998,998,998,99.8,99.8,99.8,1842.24761510826,3,5
19523,27,79,1-27-2020-079-06,6,1,5TDKK3DCXDS3,17,49,442,2013,20,4,20,0,1,F,1,1965,5,0,1,1,13,2,56,1,0,1,0,2,0,2,01267,1,2,0,4,2,1,2,1,3,1,1,2,0,0,1,1,0,0,9,1,14,1,8,1,1,4,1,B,7,0,0,0,0,0,0,0,0,0,0,998,998,0,0,0,3,98,999,999,999,9999999,999,999,999,6,0,2,5,0,3,0,998,2.7,40,16,16,13.8,10.6,17.0,116.35910706828,3,5
19524,13,100,1-13-2020-100-08,8,1,1G8ZH5288XZ2,17,24,1,1999,4,1,2,0,1,F,1,1055,5,0,1,1,33,2,113,1,8,1,0,2,7,2,76140,9,1,0,2,4,4,2,1,2,9,3,2,1,3,1,1,0,0,2,0,14,3,52,3,2,1,2,D,28,0,0,0,0,0,0,0,0,0,0,85,90,0,0,0,1,3,24,-24,0,24364,998,32,23,0,4,3,9,1,3,0,995,9.8,998,998,998,99.8,99.8,99.8,1223.0131824803,7,5
19524,13,100,1-13-2020-100-08,8,2,5TFAW5F10JX7,17,49,482,2018,34,5,31,0,1,B,1,2555,5,9999,9,0,998,5,113,1,8,0,995,0,7,0,76248,9,9,0,2,4,4,2,1,2,9,3,2,1,3,1,1,0,0,9,0,2,3,53,99,1,1,2,D,29,0,0,0,0,0,0,0,0,0,0,90,85,0,0,0,1,3,11,11,0,13428,998,0,12,0,4,95,95,95,95,0,995,9.8,998,998,998,99.8,99.8,99.8,1223.0131824803,7,5
19525,13,101,1-13-2020-101-05,5,1,5XYKU4A20CG1,17,63,402,2012,14,3,14,0,1,F,1,1635,5,9999,9,1,33,2,72,1,8,0,995,0,7,0,76116,1,2,1,3,1,1,1,1,2,4,1,1,0,0,1,1,6,2,9,1,14,1,6,99,9,4,1,B,7,1,2,2,6,5,4,31,1,2,999,998,998,0,0,0,1,10,999,999,999,9999999,999,0,13,2,0,4,18,1,3,2,998,0.0,999,999,999,11.9,0.0,11.9,205.241109136929,7,5
19526,22,113,1-22-2020-113-09,9,1,4A3AC84H12E0,17,52,37,2002,3,1,2,0,1,T,2,1298,5,0,1,1,9,2,80,1,0,1,0,2,0,0,99163,9,9,0,4,2,1,2,2,3,4,1,2,0,0,1,2,0,0,9,1,14,1,6,99,3,4,1,A,2,1,8,2,2,1,4,61,1,2,23,997,997,0,0,0,2,6,999,999,999,9999999,999,999,999,7,0,1,1,0,4,3,997,0.4,120,120,110,9.2,3.4,9.9,62.1899752638493,12,5
19527,22,114,1-22-2020-114-06,6,1,2CNFLDE56B62,17,20,404,2011,14,3,14,0,1,F,2,1706,5,0,1,1,23,2,105,1,0,0,995,0,0,0,83832,9,9,0,2,4,1,2,1,1,2,1,3,2,2,1,1,0,0,9,0,1,3,51,99,1,1,2,D,24,0,0,0,0,0,0,0,0,0,0,255,255,0,0,0,1,5,999,999,999,9999999,999,999,27,3,0,9,97,0,99,0,995,9.8,998,998,998,99.8,99.8,99.8,37.6263128277381,12,5
19527,22,114,1-22-2020-114-06,6,2,1FUJGLDR0JLH,17,82,881,2018,66,8,68,0,1,B,9,,,,,,,5,105,1,0,0,995,0,0,0,00001,9,9,0,2,4,1,2,1,1,2,1,3,2,3,1,1,0,0,9,0,1,4,60,1,1,1,2,D,25,,,,,,,,,,,,,,,,,,,,,,,,,,,95,95,95,95,,,9.8,998,998,998,99.8,99.8,99.8,37.6263128277381,12,5
19528,22,115,1-22-2020-115-10,10,1,4S3BG6850T79,17,48,34,1996,5,1,2,0,1,F,1,1465,5,0,1,1,11,2,40,1,0,0,995,0,0,0,83537,9,9,2,4,2,1,2,1,1,1,0,3,0,0,1,1,0,0,1,0,11,3,56,99,1,1,6,M,98,0,0,0,0,0,0,0,0,0,0,210,210,0,0,0,1,3,22,-21,4,36580,998,65,22,0,4,99,99,0,0,0,995,9.8,998,998,998,99.8,99.8,99.8,317.574488078652,12,5
19528,22,115,1-22-2020-115-10,10,2,JTEEP21A8400,17,49,403,2004,14,3,14,0,1,B,1,1760,5,9999,9,0,998,5,40,1,0,0,995,0,0,0,83654,9,9,2,4,2,1,2,1,1,1,0,4,0,0,1,1,0,0,9,0,8,2,20,99,1,1,6,M,98,0,0,0,0,0,0,0,0,0,0,210,210,0,0,0,1,3,20,20,-3,29754,998,45,20,0,4,95,95,95,95,0,995,9.8,998,998,998,99.8,99.8,99.8,317.574488078652,12,5
19529,12,84,1-12-2020-084-04,4,1,4T4BF1FK8ER4,17,49,40,2014,4,1,3,0,1,F,1,1441,5,0,1,1,14,2,72,1,0,0,995,0,0,0,73401,9,9,2,1,4,3,1,1,1,1,1,1,0,0,1,1,1,2,9,0,1,2,17,2,1,1,5,L,86,0,0,0,0,0,0,0,0,0,0,90,180,0,0,0,1,1,20,-19,7,38461,998,56,24,0,4,0,0,0,0,0,995,9.8,998,998,998,99.8,99.8,99.8,798.688922194409,9,5
19529,12,84,1-12-2020-084-04,4,2,1C6JJTBG7LL1,17,2,483,2020,34,5,31,0,1,R,1,2305,5,0,1,1,12,2,56,1,0,0,995,0,0,0,73401,9,9,2,4,3,1,1,1,1,1,0,1,0,0,1,1,1,2,9,0,1,4,66,10,1,1,5,L,87,0,0,0,0,0,0,0,0,0,0,180,90,0,0,0,1,1,13,-4,-12,3787,998,-11,6,0,4,0,0,0,0,0,995,9.8,998,998,998,99.8,99.8,99.8,798.688922194409,9,5
19530,12,85,1-12-2020-085-10,10,1,1G1BC5SM6H71,17,20,25,2017,4,1,3,0,1,F,1,1250,5,9999,9,0,998,5,56,1,0,0,995,0,0,0,75067,9,9,2,4,2,1,2,1,1,1,1,0,0,0,1,1,0,0,9,0,12,2,21,99,1,1,6,M,98,0,0,0,0,0,0,0,0,0,0,105,185,0,0,0,1,3,5,-4,2,943,998,4,4,0,4,95,95,95,95,0,995,9.8,998,998,998,99.8,99.8,99.8,7558.76779257648,9,5
19530,12,85,1-12-2020-085-10,10,2,JN8AS5MV4AW1,17,35,51,2010,6,1,3,0,1,R,1,1485,5,0,1,1,4,2,56,1,0,0,995,0,0,0,73401,9,9,2,4,2,1,2,1,1,1,1,0,0,0,1,1,0,0,9,0,1,4,61,99,1,1,6,M,98,0,0,0,0,0,0,0,0,0,0,185,105,0,0,0,1,3,4,-1,-4,2188,998,-139,4,0,4,0,0,0,0,0,995,9.8,998,998,998,99.8,99.8,99.8,7558.76779257648,9,5
19531,19,154,1-19-2020-154-07,7,1,1FM5K7D83FGC,17,12,401,2015,14,3,14,0,1,F,1,2067,5,0,1,1,2,2,105,1,0,0,995,0,0,0,35961,1,9,0,1,2,1,2,2,1,1,1,3,0,0,4,1,0,0,1,0,1,6,88,1,1,1,1,C,13,0,0,0,0,0,0,0,0,0,0,998,998,0,0,0,1,10,999,999,999,9999999,999,999,999,6,0,0,0,0,0,0,998,9.8,998,998,998,99.8,99.8,99.8,236.957159521214,9,5
19532,19,155,1-19-2020-155-04,4,1,58ABK1GG3HU0,17,59,31,2017,4,1,4,0,1,F,1,1620,5,0,1,1,8,2,40,1,0,0,995,0,0,0,35901,1,9,2,4,2,1,2,1,3,1,0,0,0,0,1,1,2,2,9,0,14,2,17,99,1,1,5,L,88,0,0,0,0,0,0,0,0,0,0,280,170,0,0,0,1,3,14,-12,-7,13004,998,-127,11,0,4,0,0,0,0,0,995,9.8,998,998,998,99.8,99.8,99.8,121.712133943493,9,5
19532,19,155,1-19-2020-155-04,4,2,4T1BF1FK0HU3,17,49,40,2017,4,1,4,0,1,L,1,1467,5,9999,9,0,998,2,40,1,0,0,995,0,0,0,35960,2,9,2,4,2,1,2,1,1,1,0,2,0,0,1,1,0,0,9,0,1,4,66,99,1,1,5,L,89,0,0,0,0,0,0,0,0,0,0,170,280,0,0,0,1,3,15,-12,10,30295,998,-93,19,0,4,0,0,0,0,0,995,9.8,998,998,998,99.8,99.8,99.8,121.712133943493,9,5
19533,19,156,1-19-2020-156-07,7,1,19XFB2F81EE0,17,37,31,2014,4,1,3,0,1,F,2,1284,5,0,1,1,7,2,56,1,0,0,995,0,0,0,35901,1,9,0,4,2,1,2,1,1,1,0,2,0,0,2,1,0,0,1,1,1,6,87,98,1,4,1,A,3,0,0,0,0,0,0,0,0,0,0,998,998,0,1,1,1,1,28,-28,0,40183,998,-12,28,0,1,0,0,0,0,0,998,0.0,27,27,70,35.4,0.6,35.4,236.957159521214,9,5
19534,19,157,1-19-2020-157-04,4,1,5TDZARFHXKS0,17,49,403,2019,14,3,14,0,1,R,2,1965,5,0,1,1,15,2,40,1,0,0,995,0,0,0,35903,1,2,2,4,2,1,2,1,1,4,1,2,0,0,5,1,2,2,1,0,3,2,17,10,1,1,5,L,87,0,0,0,0,0,0,0,0,0,0,70,330,0,1,0,1,3,33,-6,-32,101199,998,22,34,0,4,0,0,0,0,0,995,0.4,30,30,110,3.7,1.8,3.8,121.712133943493,9,5
19534,19,157,1-19-2020-157-04,4,2,1FT8W3DT5KED,17,12,481,2019,34,5,31,0,1,F,1,3163,5,9999,9,0,998,5,72,1,0,0,995,0,0,0,99999,9,9,2,3,2,1,2,1,1,1,1,3,0,0,5,1,0,0,9,0,1,4,66,99,1,1,5,L,86,0,0,0,0,0,0,0,0,0,0,330,70,0,0,0,1,3,23,-23,0,61406,998,0,22,0,4,95,95,95,95,0,995,9.8,998,998,998,99.8,99.8,99.8,121.712133943493,9,5
19535,15,105,1-15-2020-105-07,7,1,2HKRM4H72DH6,17,37,402,2013,14,3,14,0,1,T,2,1583,5,9999,9,4,37,2,48,1,8,9,998,8,7,9,11566,9,9,0,4,2,1,2,1,1,1,0,2,0,0,1,5,0,0,9,1,1,2,13,99,1,4,1,C,11,1,2,2,5,7,1,2,3,2,999,997,997,0,0,0,2,6,999,999,999,9999999,999,999,999,7,0,0,0,0,0,1,997,9.8,998,998,998,99.8,99.8,99.8,42.3860356389847,1,5
19535,15,105,1-15-2020-105-07,7,2,1HGCV1F38KA0,17,37,32,2019,4,1,4,0,2,L,9,1462,5,9999,9,0,998,,,,,,,,,,,,,,,,,,,,,,,,,,,,,,,,,,,,,,,,,,,,,,,,,,,,,,,,,,,,,,,,,,95,95,95,95,,,,,,,,,,42.3860356389847,1,5
19536,15,106,1-15-2020-106-02,2,1,1C4RJFAG8JC2,17,2,422,2018,15,3,15,0,1,R,1,2121,5,0,1,1,14,2,48,1,0,0,995,0,0,0,11542,9,9,0,4,2,1,2,1,3,2,1,2,0,0,3,8,0,0,9,1,14,2,13,7,9,4,1,A,1,1,1,2,6,6,4,42,2,2,13,998,998,0,0,1,1,1,9,-4,-8,17577,998,190,9,0,3,2,5,0,4,3,998,0.2,90,90,110,38.5,2.2,38.7,15.5973134847501,1,5
19537,15,107,1-15-2020-107-07,7,1,5NPDH4AE6DH4,17,55,35,2013,4,1,3,0,1,F,2,1265,5,9999,9,4,58,2,48,1,8,9,998,8,7,9,11771,1,2,0,4,2,1,2,1,1,2,0,0,0,0,3,1,0,0,1,1,1,2,13,1,1,4,1,C,11,0,0,0,0,0,0,0,0,0,0,185,180,0,0,0,1,12,999,999,999,9999999,999,999,999,7,0,0,0,0,0,0,995,9.8,998,998,998,99.8,99.8,99.8,42.3860356389847,1,5
19537,15,107,1-15-2020-107-07,7,2,JN8AT2MV8LW1,17,35,404,2020,14,3,14,0,2,B,9,1610,5,9999,9,0,998,,,,,,,,,,,,,,,,,,,,,,,,,,,,,,,,,,,,,,,,,,,,,,,,,,,,,,,,,,,,,,,,,,95,95,95,95,,,,,,,,,,42.3860356389847,1,5
19538,18,76,1-18-2020-076-01,1,1,2CNBJ7348369,17,20,402,2003,14,3,14,0,1,L,3,1355,5,0,1,1,18,2,105,1,0,1,0,1,0,2,54981,1,2,0,1,2,2,2,1,2,1,3,2,1,3,1,8,0,0,9,1,14,1,6,8,3,4,1,A,2,0,0,0,0,0,0,0,0,0,0,998,998,0,1,2,1,10,999,999,999,9999999,999,-42,74,5,0,3,14,1,1,0,998,3.2,32,36,999,18.4,9.6,20.6,69.9314531449724,6,5
19539,18,77,1-18-2020-077-07,7,1,3C6TR5MT4DG5,17,7,482,2013,34,5,31,0,1,U,9,3032,5,0,1,3,8,3,56,1,0,0,995,0,0,0,54729,1,2,1,3,1,1,2,3,2,1,1,2,0,0,2,4,0,0,1,1,14,1,6,8,2,4,1,B,7,0,0,0,0,0,0,0,0,0,0,998,998,0,1,0,2,7,999,999,999,9999999,999,999,999,9,0,0,0,0,0,0,998,1.3,2,6,999,23.8,0.3,23.9,4274.59351646962,6,5
19542,21,129,1-21-2020-129-08,8,1,1FMRU15L1YLB,17,12,422,2000,15,3,15,0,1,9,9,2222,5,9999,9,0,998,2,113,1,1,1,131,2,1,2,90255,9,9,0,1,2,2,2,1,1,9,3,2,1,3,1,1,0,0,9,1,1,2,12,8,3,4,3,I,64,1,2,2,5,7,1,2,2,1,4,997,997,0,0,0,2,0,999,999,999,9999999,999,999,999,9,0,3,19,1,3,1,997,9.8,998,998,998,99.8,99.8,99.8,377.971124917667,11,5
19542,21,129,1-21-2020-129-08,8,2,2B3LJ74W29H5,17,7,28,2009,2,1,5,0,1,F,2,1892,5,9999,9,5,15,2,113,1,0,0,995,0,0,2,92394,1,1,0,1,2,2,2,1,1,9,3,2,1,3,1,1,0,0,1,0,1,4,62,4,1,2,3,I,65,0,0,0,0,0,0,0,0,0,0,260,90,0,0,0,1,98,999,999,999,9999999,999,999,999,7,0,1,2,0,4,0,995,9.8,998,998,998,99.8,99.8,99.8,377.971124917667,11,5
19543,21,130,1-21-2020-130-05,5,1,JTDBT4K39CL0,17,49,51,2012,4,1,2,0,1,9,9,1050,5,9999,9,0,998,2,113,1,0,0,995,0,0,0,91335,1,1,0,1,2,2,2,1,1,9,3,2,2,3,1,1,0,0,9,1,1,2,12,8,3,6,1,B,7,1,8,2,4,1,2,61,1,2,68,997,997,0,0,0,1,0,999,999,999,9999999,999,999,999,9,0,3,22,1,3,3,997,9.8,998,998,998,99.8,99.8,99.8,50.0748026864663,11,5
19545,26,148,1-26-2020-148-02,2,1,3N1CN7APXJL8,17,35,50,2018,4,1,2,0,1,R,3,1132,5,0,1,1,9,2,89,1,0,1,0,2,0,2,95632,2,2,0,4,2,1,2,1,1,1,1,4,0,0,1,1,0,0,9,1,1,2,10,99,4,2,3,I,64,0,0,0,0,0,0,0,0,0,0,290,165,0,1,0,1,3,62,-40,-47,204766,998,49,62,0,4,5,57,1,1,0,995,9.8,998,998,998,99.8,99.8,99.8,57.9383474648306,10,5
19545,26,148,1-26-2020-148-02,2,2,1FTRF12W05NB,17,12,481,2005,34,5,30,0,1,F,2,2158,5,9999,9,0,998,2,89,1,0,0,995,0,0,0,95632,9,1,0,4,2,1,2,1,1,1,1,4,0,0,1,1,0,0,9,0,1,4,62,99,9,1,3,I,65,0,0,0,0,0,0,0,0,0,0,165,290,0,1,0,1,3,33,-33,0,86584,998,0,31,0,4,1,1,0,99,0,995,9.8,998,998,998,99.8,99.8,99.8,57.9383474648306,10,5
19548,26,149,1-26-2020-149-02,2,1,1HGCF86651A1,17,37,32,2001,4,1,3,0,1,F,3,1375,5,0,1,1,61,2,105,1,1,8,997,8,9,9,95695,9,1,0,2,2,2,2,1,3,9,3,2,1,3,3,1,0,0,9,0,14,3,54,99,9,1,3,G,52,0,0,0,0,0,0,0,0,0,0,130,305,0,0,0,1,1,128,-126,22,1439762,998,22,155,0,2,9,97,0,1,0,995,9.8,998,998,998,99.8,99.8,99.8,57.9383474648306,10,5
19548,26,149,1-26-2020-149-02,2,2,4T1B11HK6KU7,17,49,40,2019,4,1,4,0,1,F,3,1495,5,0,1,1,68,2,105,1,0,1,108,2,0,1,95822,9,1,0,2,2,2,2,1,3,9,3,2,1,3,3,1,0,0,9,0,14,3,54,99,9,1,3,G,52,0,0,0,0,0,0,0,0,0,0,305,130,0,0,0,1,1,121,-121,0,448457,998,-12,85,0,2,5,43,1,3,0,995,9.8,998,998,998,99.8,99.8,99.8,57.9383474648306,10,5
19548,26,149,1-26-2020-149-02,2,3,4V4NC9EH0GN9,17,51,881,2016,63,8,60,99,1,F,9,,,,,,,2,105,1,0,0,995,0,0,0,83255,9,9,0,2,2,1,2,1,3,9,1,3,2,3,3,1,0,0,1,0,14,4,60,99,9,1,6,M,98,,,,,,,,,,,,,,,,,,,,,,,,,,,95,95,95,95,,,9.8,998,998,998,99.8,99.8,99.8,57.9383474648306,10,5
19549,20,74,1-20-2020-074-06,6,1,JM1NA3513M02,17,41,45,1991,1,1,1,0,1,F,3,964,5,0,2,1,16,2,89,1,0,1,0,2,0,2,93906,1,2,0,4,2,1,2,1,1,1,1,2,0,0,1,1,0,0,9,1,1,2,10,99,1,2,3,G,50,0,0,0,0,0,0,0,0,0,0,230,70,0,1,0,1,3,47,-46,-8,107879,998,-61,46,0,4,1,2,0,3,0,995,9.8,998,998,998,99.8,99.8,99.8,445.53542346292,11,5
19549,20,74,1-20-2020-074-06,6,2,4A4AP3AW5FE0,17,52,47,2015,6,1,3,0,1,F,2,1405,8,0,1,1,23,2,89,1,0,1,0,2,0,0,93907,1,1,0,4,2,1,2,1,1,1,1,2,0,0,1,1,0,0,1,0,1,4,62,4,1,1,3,G,51,0,0,0,0,0,0,0,0,0,0,70,230,0,0,0,1,3,33,-32,6,63310,998,13,33,0,4,1,1,0,4,0,995,9.8,998,998,998,99.8,99.8,99.8,445.53542346292,11,5
19549,20,74,1-20-2020-074-06,6,3,5TDKK3DC0BS1,17,49,442,2011,20,4,20,0,1,F,9,1990,5,9999,9,0,998,5,40,1,0,0,995,0,0,0,95012,9,9,2,4,2,1,2,1,1,1,0,0,0,0,1,1,2,2,1,0,5,4,66,1,1,1,6,M,98,0,0,0,0,0,0,0,0,0,0,340,230,0,0,0,2,0,999,999,999,9999999,999,999,999,9,0,95,95,95,95,0,995,9.8,998,998,998,99.8,99.8,99.8,445.53542346292,11,5
19550,30,139,1-30-2020-139-03,3,1,MAJ3S2GE9LC3,17,12,403,2020,14,3,14,0,1,F,1,1370,5,0,1,1,29,2,105,1,0,1,0,2,0,1,85351,1,2,0,2,4,3,2,1,1,1,3,1,0,0,1,1,0,0,9,1,1,1,8,99,1,4,1,B,7,1,2,2,1,6,4,54,3,2,999,998,998,0,0,0,1,1,22,-21,8,28951,998,18,22,0,3,1,1,0,4,3,998,3.6,999,999,999,0.0,0.0,0.0,795.193174058823,10,5
19551,30,140,1-30-2020-140-01,1,1,5PVNE8JP6K4S,17,98,806,2019,62,8,60,0,1,F,9,,,,,,,2,105,1,0,0,995,0,0,0,85206,9,9,2,1,3,1,2,1,1,1,1,3,2,3,1,1,1,2,3,1,1,3,50,1,1,1,2,D,20,,,,,,,,,,,,,,,,,,,,,,,,,,,95,95,95,95,,,9.8,998,998,998,99.8,99.8,99.8,58.8038000475626,10,5
19551,30,140,1-30-2020-140-01,1,2,4TAVN73F0SZ0,17,49,472,1995,34,5,31,0,1,B,3,1544,5,9999,9,4,49,2,105,1,0,1,0,3,0,1,85392,9,9,2,1,3,1,2,1,1,1,1,3,2,3,1,1,1,2,1,0,5,3,53,1,1,1,2,D,21,0,0,0,0,0,0,0,0,0,0,240,250,0,0,0,1,5,999,999,999,9999999,999,999,999,8,0,6,75,1,1,0,995,9.8,998,998,998,99.8,99.8,99.8,58.8038000475626,10,5
19551,30,140,1-30-2020-140-01,1,3,1GNSKJKC2FR6,17,20,422,2015,15,3,15,0,1,B,2,2511,5,9999,9,4,49,2,105,1,0,0,995,0,0,0,85224,9,9,2,1,3,1,2,1,1,1,1,3,2,3,1,1,1,2,1,0,5,3,53,1,1,1,6,M,98,0,0,0,0,0,0,0,0,0,0,240,235,0,0,0,4,12,999,999,999,9999999,999,999,999,7,0,1,1,0,99,0,995,9.8,998,998,998,99.8,99.8,99.8,58.8038000475626,10,5
19551,30,140,1-30-2020-140-01,1,4,1C6RR7TTXKS5,17,7,482,2019,34,5,31,0,1,R,9,9999,9,9999,9,0,998,5,105,1,0,0,995,0,0,0,85224,9,9,2,1,3,2,2,1,1,1,3,1,0,3,1,1,1,2,1,0,5,8,98,1,1,1,6,M,98,0,0,0,0,0,0,0,0,0,0,998,998,0,0,0,3,0,999,999,999,9999999,999,999,999,9,0,95,95,95,95,0,998,9.8,998,998,998,99.8,99.8,99.8,58.8038000475626,10,5
19552,30,141,1-30-2020-141-02,2,1,5NPD74LF1LH5,17,55,35,2020,4,1,3,0,1,L,1,1280,5,0,1,1,22,2,56,1,0,0,995,0,0,1,85015,9,9,2,4,3,1,2,1,1,1,0,1,0,0,1,1,1,2,1,0,1,2,17,99,1,1,5,L,89,0,0,0,0,0,0,0,0,0,0,0,90,0,0,0,1,5,999,999,999,9999999,999,999,20,2,0,3,17,1,3,0,995,9.8,998,998,998,99.8,99.8,99.8,43.3246230084125,10,5
19552,30,141,1-30-2020-141-02,2,2,J8BC4B149Y70,17,20,882,2000,61,8,60,0,1,F,9,,,,,,,5,64,1,0,0,995,0,0,0,85037,9,9,2,4,6,1,2,1,1,1,1,3,0,0,1,1,1,2,1,0,1,4,66,99,1,1,5,L,88,,,,,,,,,,,,,,,,,,,,,,,,,,,95,95,95,95,,,9.8,998,998,998,99.8,99.8,99.8,43.3246230084125,10,5
19552,30,141,1-30-2020-141-02,2,3,3CZRM3H59GG7,17,37,402,2016,14,3,14,0,1,F,9,1531,5,9999,9,0,998,2,64,1,0,0,995,0,0,0,85226,9,9,2,4,6,3,2,1,1,1,3,1,0,0,1,1,1,2,1,0,1,4,62,99,1,1,6,M,98,0,0,0,0,0,0,0,0,0,0,30,270,0,0,0,2,0,999,999,999,9999999,999,999,999,9,0,0,0,0,0,0,995,9.8,998,998,998,99.8,99.8,99.8,43.3246230084125,10,5
19553,20,75,1-20-2020-075-06,6,1,2G1FK3DJ9F91,17,20,9,2015,1,1,4,0,1,B,1,1892,5,9999,9,0,998,2,56,1,0,0,995,0,0,0,93906,9,1,0,5,5,1,2,1,1,2,0,3,0,0,3,1,0,0,9,0,5,3,53,1,1,1,2,D,21,0,0,0,0,0,0,0,0,0,0,0,0,0,0,0,1,3,19,19,0,33196,998,0,21,0,4,1,1,0,5,0,995,9.8,998,998,998,99.8,99.8,99.8,445.53542346292,11,5
19553,20,75,1-20-2020-075-06,6,2,1N4AL3APXFN3,17,35,47,2015,4,1,4,0,1,F,1,1416,5,0,1,1,43,2,56,1,0,0,995,0,0,0,93906,9,1,0,5,5,1,2,1,1,2,0,3,0,0,3,1,0,0,2,0,1,3,50,1,1,1,2,D,20,0,0,0,0,0,0,0,0,0,0,0,0,0,0,0,1,3,24,-24,0,25531,998,-3,21,0,4,1,1,0,5,0,995,9.8,998,998,998,99.8,99.8,99.8,445.53542346292,11,5
19554,25,119,1-25-2020-119-03,3,1,JTKDE3B7XA03,17,49,50,2010,3,1,3,0,1,F,9,1347,8,9999,9,0,998,2,48,1,8,0,995,0,7,0,04103,9,9,2,4,3,1,2,1,1,1,1,2,0,0,1,1,1,2,1,0,1,3,52,99,1,1,2,D,28,0,0,0,0,0,0,0,0,0,0,240,240,0,0,0,1,0,999,999,999,9999999,999,999,999,9,0,0,0,0,0,0,995,9.8,998,998,998,99.8,99.8,99.8,58.3554303657984,2,5
19554,25,119,1-25-2020-119-03,3,2,2GNFLFEK3H61,17,20,404,2017,14,3,14,0,1,B,1,1782,5,0,1,5,15,2,48,1,8,0,995,0,7,0,04039,9,9,2,4,3,1,2,1,1,1,1,2,0,0,1,1,1,2,1,0,2,3,53,99,1,1,2,D,29,0,0,0,0,0,0,0,0,0,0,240,240,0,0,0,1,12,999,999,999,9999999,999,999,999,6,0,1,1,0,4,0,995,9.8,998,998,998,99.8,99.8,99.8,58.3554303657984,2,5
19554,25,119,1-25-2020-119-03,3,3,1GNKVHKDXFJ1,17,20,423,2015,15,3,15,0,1,B,1,2197,5,9999,9,0,998,5,48,1,8,0,995,0,7,0,04106,9,9,2,4,3,1,2,1,1,1,1,1,0,0,1,1,1,2,1,0,5,3,53,99,1,1,6,M,98,0,0,0,0,0,0,0,0,0,0,240,240,0,0,0,2,3,16,16,0,18860,998,0,15,0,4,95,95,95,95,0,995,9.8,998,998,998,99.8,99.8,99.8,58.3554303657984,2,5
19554,25,119,1-25-2020-119-03,3,4,WBAVC73597KP,17,34,34,2007,4,1,3,0,1,B,9,1625,5,9999,9,0,998,5,48,1,8,0,995,0,7,0,04103,9,9,2,4,3,1,2,1,1,1,1,1,0,0,1,1,1,2,1,0,5,3,53,99,1,1,6,M,98,0,0,0,0,0,0,0,0,0,0,240,240,0,0,0,3,0,999,999,999,9999999,999,999,999,9,0,95,95,95,95,0,995,9.8,998,998,998,99.8,99.8,99.8,58.3554303657984,2,5
19555,76,80,1-76-2020-080-07,7,1,3C3CFFBR9FT7,17,36,38,2015,3,1,1,0,1,F,1,1068,5,0,1,1,30,2,89,1,8,9,998,8,7,9,12414,9,9,0,4,2,1,2,1,3,1,1,2,0,0,1,1,0,0,9,1,14,1,8,4,2,4,1,B,7,0,0,0,0,0,0,0,0,0,0,998,998,0,0,0,1,12,999,999,999,9999999,999,999,999,6,0,0,0,0,0,0,998,0.6,999,999,999,2.2,0.5,2.3,50.5860124271789,3,5