CASEID,PSU,CASENO,CASENUMBER,CATEGORY,VEHNO,VIN,VINLENGTH,MAKE,MODEL,MODELYR,BODYTYPE,BODYCAT,VEHCLASS,SPECUSE,TRANSTAT,DAMPLANE,DAMSEV,CURBWT,CURBSRC,CARGOWT,CARGOSRC,INSPTYPE,INSPLAG,TOWED,SPEEDLIMIT,DRPRESENT,PARALCOHOL,ALCTEST,ALCTESTRESULT,ALCTESTSRC,PARDRUG,DRUGTEST,ZIP,RACE,ETHNICITY,RELTOJUNCT,TRAFFLOW,RDLANES,INITLANE,SURFTYPE,SURFCOND,ALIGNMENT,PROFILE,LINERIGHT,LINELEFT,RUMBINIT,RUMBROAD,LIGHTCOND,WEATHER,TRAFDEV,TRAFFUNCT,DISTRACT,PREFHE,PREMOVE,CRITCAT,CRITEVENT,MANEUVER,PRESTAB,PRELOC,CRASHCAT,CRASHCONF,CRASHTYPE,ROLLTYPE,ROLLTURN,ROLLINTRPT,ROLLPREMAN,ROLLINITYP,ROLLINLOC,ROLLOBJ,ROLLTRIP,ROLLDIR,ROLLDIST,DVANGTHIS,DVANGOTH,TOWHITCH,TRAJDOC,TREEPOLE,DVEVENT,DVBASIS,DVTOTAL,DVLONG,DVLAT,DVENERGY,DVSPEED,DVMOMENT,DVBES,DVEST,DVCONF,VAIS,VISS,VINJURED,VTREAT,INITOBJCLASS,HEADANGLECAT,SHLDRWIDTH,STRKLENGTH,STRKWIDTH,STRKHEIGHT,EDGEDISTX,EDGEDISTY,EDGEDISTZ,CASEWGT,PSUSTRAT,VERSION
19589,52,169,1-52-2020-169-03,3,2,1G1PF5SC3C71,17,20,25,2012,4,1,3,0,1,L,2,1407,5,0,1,1,26,2,40,1,0,0,995,0,0,0,59101,9,9,2,3,2,1,2,1,1,1,0,1,0,0,3,1,1,2,9,0,1,4,66,8,1,1,5,L,89,0,0,0,0,0,0,0,0,0,0,15,80,0,0,0,1,11,999,999,999,9999999,999,999,999,7,0,0,0,0,0,0,995,9.8,998,998,998,99.8,99.8,99.8,64.3212598280531,12,5
19589,52,169,1-52-2020-169-03,3,3,1FMYU02Z97KA,17,12,402,2007,14,3,14,0,2,R,9,1540,5,9999,9,0,998,,,,,,,,,,,,,,,,,,,,,,,,,,,,,,,,,,,,,,,,,,,,,,,,,,,,,,,,,,,,,,,,,,95,95,95,95,,,,,,,,,,64.3212598280531,12,5
19590,52,170,1-52-2020-170-06,6,1,4T1BK3DB1BU3,17,49,43,2011,4,1,4,0,1,L,3,1615,5,9999,9,4,15,2,40,1,9,0,995,0,9,0,99999,1,2,2,4,2,1,2,2,1,1,0,0,0,0,3,2,2,2,9,0,1,2,19,99,9,1,5,L,89,0,0,0,0,0,0,0,0,0,0,180,270,0,1,0,1,12,999,999,999,9999999,999,999,999,8,0,99,99,0,99,0,995,9.8,998,998,998,99.8,99.8,99.8,130.11450053305,12,5
19590,52,170,1-52-2020-170-06,6,2,3GCEK13Y37G5,17,20,481,2007,34,5,31,0,1,F,2,2639,5,9999,9,4,19,2,56,1,0,0,995,0,0,0,59102,9,9,2,5,5,1,2,2,1,1,0,3,0,0,3,2,0,0,9,0,1,4,68,99,9,1,5,L,88,0,0,0,0,0,0,0,0,0,0,270,180,0,0,0,1,12,999,999,999,9999999,999,999,999,7,0,9,97,0,99,0,995,9.8,998,998,998,99.8,99.8,99.8,130.11450053305,12,5
19591,52,171,1-52-2020-171-04,4,1,1HGCM56874A1,17,37,32,2004,4,1,3,0,1,R,1,1389,5,0,1,1,16,2,40,1,0,0,995,0,0,0,59102,9,9,2,1,3,2,2,3,1,1,3,1,0,0,3,4,1,2,9,0,1,4,66,99,9,1,5,L,87,0,0,0,0,0,0,0,0,0,0,350,280,0,0,0,1,1,17,-6,-16,16880,998,49,16,0,1,0,0,0,0,0,995,9.8,998,998,998,99.8,99.8,99.8,208.686535503258,12,5
19591,52,171,1-52-2020-171-04,4,2,1FTFX1E5XJKF,17,12,481,2018,34,5,31,0,1,F,1,2081,5,0,1,1,15,2,56,1,0,0,995,0,0,0,59102,9,9,2,4,5,2,2,3,1,1,1,1,0,0,3,4,1,2,9,0,1,2,17,4,9,1,5,L,86,0,0,0,0,0,0,0,0,0,0,280,350,0,0,0,1,1,12,-9,8,20003,998,127,12,0,1,0,0,0,0,0,995,9.8,998,998,998,99.8,99.8,99.8,208.686535503258,12,5
19592,59,58,1-59-2020-058-02,2,1,1G4GC5EG1AF3,17,18,22,2010,4,1,4,0,1,F,1,1822,5,9999,9,0,998,5,48,1,0,0,995,0,0,0,47802,9,9,2,2,3,1,2,1,1,1,0,1,0,0,1,8,1,2,9,0,1,4,66,99,1,1,5,L,86,0,0,0,0,0,0,0,0,0,0,100,190,0,0,0,1,3,10,-6,7,7601,998,169,7,0,4,95,95,95,95,0,995,9.8,998,998,998,99.8,99.8,99.8,137.137897671535,6,5
19592,59,58,1-59-2020-058-02,2,2,JTKJF5C75GJ0,17,67,32,2016,3,1,3,0,1,R,1,1377,5,0,1,1,7,2,48,1,0,0,995,0,0,0,75460,1,2,2,2,5,3,2,1,1,1,3,3,0,0,1,8,1,2,1,0,1,2,17,10,1,2,5,L,87,0,0,0,0,0,0,0,0,0,0,190,100,0,0,0,1,3,11,-9,-7,17708,998,88,14,0,1,1,1,0,4,0,995,0.0,6,6,999,2.1,0.9,2.2,137.137897671535,6,5
19593,28,83,1-28-2020-083-05,5,1,1N6AD0EV8FN7,17,35,472,2015,34,5,30,0,1,L,1,2085,5,0,1,1,20,2,80,1,1,1,270,2,0,1,16901,1,2,0,4,2,1,2,1,1,2,1,4,1,0,2,1,0,0,9,1,1,2,13,1,2,4,1,A,1,0,0,0,0,0,0,0,0,0,0,998,998,0,0,2,2,10,999,999,999,9999999,999,-99,15,2,0,2,9,0,3,0,998,0.5,19,19,120,70.9,4.6,71.0,48.1055843593417,3,5
19594,28,84,1-28-2020-084-07,7,1,1N4AL3AP8DC2,17,35,47,2013,4,1,4,0,1,F,1,1420,5,46,1,1,3,2,113,1,0,0,995,0,0,0,14845,9,9,0,2,2,2,2,1,1,1,3,2,1,3,2,1,0,0,9,0,1,6,87,99,1,1,1,C,13,0,0,0,0,0,0,0,0,0,0,998,998,0,0,0,1,10,999,999,999,9999999,999,33,12,2,0,0,0,0,0,0,998,9.8,998,998,998,99.8,99.8,99.8,999.487768240996,3,5
19595,13,102,1-13-2020-102-05,5,1,1FTEW1CF4FFA,17,12,481,2015,34,5,31,0,1,F,1,2028,5,0,1,1,30,2,64,1,8,1,0,2,7,1,76017,1,9,2,4,6,3,1,1,1,1,1,2,0,0,1,8,1,2,9,0,11,2,15,4,1,1,4,J,68,0,0,0,0,0,0,0,0,0,0,230,90,0,0,0,1,3,22,-19,-11,71737,998,-152,22,0,4,2,4,0,3,0,995,9.8,998,998,998,99.8,99.8,99.8,351.618863618989,7,5
19595,13,102,1-13-2020-102-05,5,2,1N4AA5AP1BC8,17,35,39,2011,4,1,4,0,1,F,2,1630,5,0,1,1,14,2,64,1,8,0,995,0,7,0,76002,9,1,2,1,4,2,1,1,1,2,1,3,0,0,1,8,1,2,1,0,1,4,62,2,1,1,4,J,69,0,0,0,0,0,0,0,0,0,0,90,230,0,0,0,1,3,27,-27,5,44328,998,-31,25,0,4,1,1,0,0,0,995,9.8,998,998,998,99.8,99.8,99.8,351.618863618989,7,5
19596,13,103,1-13-2020-103-02,2,1,1FMYU60E41UA,17,12,401,2001,14,3,14,0,1,L,9,1746,5,9999,9,0,998,2,72,1,8,0,995,0,7,0,76110,9,1,3,4,2,1,2,2,1,1,0,0,0,0,1,2,0,0,9,0,11,2,15,99,1,1,4,K,82,0,0,0,0,0,0,0,0,0,0,300,45,0,0,0,1,0,999,999,999,9999999,999,999,999,9,0,9,97,0,8,0,995,9.8,998,998,998,99.8,99.8,99.8,143.002950583219,7,5
19596,13,103,1-13-2020-103-02,2,2,2C3CDZGGXKH6,17,7,28,2019,2,1,5,0,1,F,2,1867,5,9999,9,4,43,2,72,1,8,0,995,0,7,0,76123,2,2,3,1,4,3,2,2,2,1,3,1,0,0,1,2,0,0,9,0,14,4,72,99,1,1,4,K,83,0,0,0,0,0,0,0,0,0,0,45,300,0,0,0,1,12,999,999,999,9999999,999,999,999,7,0,1,3,0,4,0,995,9.8,998,998,998,99.8,99.8,99.8,143.002950583219,7,5
19597,27,80,1-27-2020-080-01,1,1,SHSRD78862U0,17,37,402,2002,14,3,14,0,1,F,3,1480,5,0,1,1,4,2,72,1,0,0,995,0,1,9,01220,1,2,0,4,2,1,2,1,2,1,1,2,0,0,1,8,0,0,9,1,14,2,10,99,1,4,3,G,50,0,0,0,0,0,0,0,0,0,0,20,200,0,1,0,1,1,66,-66,0,367511,998,0,79,0,1,3,22,1,3,0,995,9.8,998,998,998,99.8,99.8,99.8,37.8982894279336,3,5
19597,27,80,1-27-2020-080-01,1,2,KMHDH4AE6EU0,17,55,35,2014,4,1,3,0,1,F,3,1305,5,0,1,1,5,2,72,1,0,0,995,0,0,9,01247,9,9,0,4,2,1,2,1,3,1,1,2,0,0,1,8,0,0,1,1,14,4,62,4,1,4,3,G,51,0,0,0,0,0,0,0,0,0,0,200,20,0,1,0,1,1,73,-73,0,183542,998,-16,58,0,1,2,8,0,1,0,995,9.8,998,998,998,99.8,99.8,99.8,37.8982894279336,3,5
19599,23,56,1-23-2020-056-05,5,1,JTKKT6249650,17,49,48,2006,5,1,1,0,1,F,1,1080,8,0,1,1,17,2,89,1,0,0,995,0,0,0,43081,1,9,2,4,5,2,2,2,1,1,3,1,0,0,1,2,0,0,9,0,1,4,65,99,1,1,4,K,77,0,0,0,0,0,0,0,0,0,0,160,190,0,0,0,1,3,23,-21,8,15513,998,-3,19,0,4,1,1,0,8,0,995,0.9,999,999,999,0.0,0.0,0.0,105.764769367044,5,5
19599,23,56,1-23-2020-056-05,5,2,1GNET16S0561,17,20,403,2005,14,3,14,0,1,F,9,2084,5,9999,9,0,998,2,89,1,0,0,995,0,0,0,44818,1,9,2,4,5,1,2,2,1,1,1,3,0,0,1,2,0,0,9,0,1,4,64,99,1,1,6,M,98,0,0,0,0,0,0,0,0,0,0,150,110,0,0,0,4,0,999,999,999,9999999,999,999,999,9,0,99,99,0,8,0,995,9.8,998,998,998,99.8,99.8,99.8,105.764769367044,5,5
19599,23,56,1-23-2020-056-05,5,3,5TDBK3EH0CS1,17,49,403,2012,14,3,14,0,1,R,1,1896,5,0,1,1,24,2,89,1,0,0,995,0,0,0,43015,9,9,2,4,2,1,2,2,1,1,1,2,0,0,1,2,0,0,9,0,11,2,15,99,1,7,4,K,76,0,0,0,0,0,0,0,0,0,0,190,160,0,0,0,1,3,13,8,-10,22114,998,-55,16,0,1,2,4,0,3,0,995,9.8,998,998,998,99.8,99.8,99.8,105.764769367044,5,5
19600,23,57,1-23-2020-057-01,1,1,KL4CJCSBXFB2,17,18,404,2015,14,3,14,0,1,L,9,1468,5,9999,9,4,66,2,72,1,0,0,995,0,0,0,43065,9,9,2,1,3,2,2,1,1,1,1,2,0,0,1,1,2,2,9,0,11,2,15,99,1,1,4,K,82,0,0,0,0,0,0,0,0,0,0,275,5,0,0,0,1,12,999,999,999,9999999,999,999,999,9,0,9,97,0,1,0,995,9.8,998,998,998,99.8,99.8,99.8,69.3439801955572,5,5
19600,23,57,1-23-2020-057-01,1,2,1ZVBP8AN4A51,17,12,3,2010,2,1,3,0,1,F,9,1634,5,9999,9,4,66,2,72,1,0,0,995,0,0,0,43065,9,9,2,1,4,1,2,1,3,1,1,3,0,0,1,1,0,0,9,0,14,4,67,99,1,1,4,K,83,0,0,0,0,0,0,0,0,0,0,5,275,0,0,0,1,12,999,999,999,9999999,999,999,999,9,0,9,97,0,8,0,995,9.8,998,998,998,99.8,99.8,99.8,69.3439801955572,5,5
19601,32,159,1-32-2020-159-02,2,1,1G2ZH36N3741,17,22,22,2007,1,1,4,0,1,L,1,1749,5,9999,9,0,998,2,56,1,0,0,995,0,0,0,75217,9,9,2,3,2,1,1,1,1,1,1,3,0,0,1,1,1,2,9,0,1,2,17,99,1,1,5,L,86,0,0,0,0,0,0,0,0,0,0,20,0,0,0,0,2,3,7,3,6,4412,998,34,8,0,4,99,99,0,99,0,995,9.8,998,998,998,99.8,99.8,99.8,54.5825674555015,7,5
19601,32,159,1-32-2020-159-02,2,2,2HKRW5H37KH4,17,37,402,2019,14,3,14,0,1,R,1,1502,5,0,1,1,39,2,56,1,0,0,995,0,0,0,75227,2,2,2,1,2,1,1,1,1,1,1,1,0,0,1,1,1,2,9,0,1,4,66,1,1,1,5,L,87,0,0,0,0,0,0,0,0,0,0,0,20,0,0,0,2,3,7,-1,-7,6772,998,171,7,0,4,2,4,0,4,0,995,0.0,40,40,60,3.4,0.1,3.4,54.5825674555015,7,5
19603,31,72,1-31-2020-072-04,4,1,JTND4RBE1L30,17,49,32,2020,5,1,3,0,1,F,1,1395,5,0,2,3,14,2,113,1,0,0,995,0,0,0,67213,1,2,1,1,2,1,2,1,3,1,1,3,2,3,2,1,0,0,1,0,14,6,87,2,1,1,1,C,13,0,0,0,0,0,0,0,0,0,0,998,998,0,0,0,1,12,999,999,999,9999999,999,999,999,6,0,0,0,0,0,0,998,9.8,998,998,998,99.8,99.8,99.8,200.351103957606,6,5
19605,25,121,1-25-2020-121-09,9,1,1G1ZG57B88F1,17,20,37,2008,4,1,4,0,1,F,3,1569,5,0,1,1,7,2,89,1,8,0,995,0,7,0,04093,9,9,0,4,2,1,2,2,1,1,1,4,0,0,1,2,0,0,1,1,1,2,12,1,1,4,1,B,6,0,0,0,0,0,0,0,0,0,0,998,998,0,0,5,1,10,999,999,999,9999999,999,-38,47,4,0,9,97,0,99,0,998,1.2,38,38,118,9.0,5.1,10.3,1415.06020818738,2,5
19606,25,122,1-25-2020-122-03,3,1,3C6JD6AK9CG1,17,7,482,2012,34,5,30,0,1,L,1,2049,5,227,1,1,6,2,40,1,8,0,995,0,7,0,04240,9,9,2,4,3,1,2,1,1,1,1,1,0,0,1,1,1,2,9,0,1,2,17,4,1,1,5,L,89,0,0,0,0,0,0,0,0,0,0,185,270,0,1,0,1,1,12,-8,9,23995,998,-79,14,0,1,0,0,0,5,0,995,0.6,12,12,47,31.8,3.2,32.0,230.762238389346,2,5
19606,25,122,1-25-2020-122-03,3,2,3GTU9DED9KG2,17,23,481,2019,34,5,30,0,1,F,1,2193,5,9999,9,1,4,2,40,1,8,0,995,0,7,0,04046,9,9,2,4,3,2,2,1,1,1,1,2,0,0,1,1,1,2,1,0,1,4,66,99,1,1,5,L,88,0,0,0,0,0,0,0,0,0,0,270,185,0,0,0,1,1,13,-10,-8,17545,998,-139,11,0,1,1,1,0,4,0,995,9.8,998,998,998,99.8,99.8,99.8,230.762238389346,2,5
19607,12,86,1-12-2020-086-03,3,1,1N4AL3AP2HC2,17,35,47,2017,4,1,4,0,1,F,1,1453,5,0,1,1,19,2,89,1,0,0,995,0,0,2,73401,1,2,0,5,5,2,2,1,1,1,3,2,0,0,1,1,0,0,3,1,1,2,12,1,1,4,1,B,6,0,0,0,0,0,0,0,0,0,0,998,998,0,0,0,3,10,999,999,999,9999999,999,-70,17,2,0,1,1,0,4,0,998,3.0,999,999,999,39.0,6.8,40.6,777.900705156047,9,5
19608,12,87,1-12-2020-087-03,3,1,JTDEPRAE4LJ1,17,49,32,2020,4,1,3,0,1,F,2,1395,5,0,1,1,3,2,40,1,0,0,995,0,0,0,73401,1,2,0,3,3,3,1,1,1,1,3,3,0,0,4,1,0,0,9,1,1,2,12,1,1,4,1,B,6,0,0,0,0,0,0,0,0,0,0,998,998,0,0,3,1,8,999,999,999,9999999,999,999,999,7,0,0,0,0,0,0,998,0.0,15,15,101,0.4,0.2,0.5,777.900705156047,9,5
19609,26,150,1-26-2020-150-01,1,1,JTDEBRBE3LJ0,17,49,32,2020,4,1,3,0,1,F,3,1315,5,9999,9,0,998,2,72,1,1,1,110,2,9,3,95843,7,9,2,4,2,1,2,1,1,1,3,2,0,0,3,1,0,0,9,1,6,2,10,99,1,2,3,G,50,0,0,0,0,0,0,0,0,0,0,255,75,0,1,0,1,3,58,-58,0,132460,998,0,49,0,4,1,1,0,4,0,995,9.8,998,998,998,99.8,99.8,99.8,77.7530590368511,10,5
19609,26,150,1-26-2020-150-01,1,2,1B4GH44R7PX7,17,7,442,1993,20,4,20,0,1,F,3,1635,5,90,1,1,93,2,72,1,0,1,0,3,1,2,95695,1,9,2,4,2,1,2,1,1,1,1,2,0,0,3,1,0,0,9,0,1,4,62,99,9,1,3,G,51,0,0,0,0,0,0,0,0,0,0,75,255,0,1,0,1,3,45,-45,0,190659,998,-18,52,0,4,5,50,1,1,0,995,9.8,998,998,998,99.8,99.8,99.8,77.7530590368511,10,5
19609,26,150,1-26-2020-150-01,1,3,WAUBVAFB5BN0,17,32,42,2011,4,1,4,0,1,L,9,1915,5,9999,9,0,998,2,72,1,0,0,995,0,0,0,95835,7,9,2,4,2,1,2,1,1,1,3,2,0,0,3,1,0,0,1,0,1,4,60,99,1,1,6,M,98,0,0,0,0,0,0,0,0,0,0,260,180,0,0,0,2,0,999,999,999,9999999,999,999,999,9,0,1,1,0,99,0,995,9.8,998,998,998,99.8,99.8,99.8,77.7530590368511,10,5
19609,26,150,1-26-2020-150-01,1,4,5TFUY5F13BX2,17,49,482,2011,34,5,30,0,1,L,1,2470,5,9999,9,4,92,2,72,1,0,0,995,0,0,0,95966,7,9,2,4,2,1,2,1,1,1,1,2,0,0,3,1,0,0,1,0,1,4,62,2,9,1,6,M,98,0,0,0,0,0,0,0,0,0,0,70,150,0,1,0,3,12,999,999,999,9999999,999,999,999,6,0,99,99,0,99,0,995,9.8,998,998,998,99.8,99.8,99.8,77.7530590368511,10,5
19610,26,151,1-26-2020-151-02,2,1,3FADP4EJ2KM1,17,12,32,2019,5,1,1,0,1,F,3,1151,5,0,1,1,30,2,89,1,1,1,260,2,0,2,95660,9,1,2,4,2,1,2,1,1,1,3,2,0,0,3,1,0,0,9,1,1,2,10,2,1,2,3,G,50,0,0,0,0,0,0,0,0,0,0,260,75,0,0,0,1,1,86,-85,-15,433087,998,-22,95,0,3,3,22,1,3,0,995,9.8,998,998,998,99.8,99.8,99.8,55.0012332598571,10,5
19610,26,151,1-26-2020-151-02,2,2,2C3CDZC95FH7,17,7,28,2015,2,1,5,0,1,F,3,1891,5,0,1,1,19,2,89,1,0,0,995,0,0,0,95747,7,9,2,4,2,1,2,1,1,1,1,2,0,0,3,1,0,0,1,0,1,4,62,3,1,1,3,G,51,0,0,0,0,0,0,0,0,0,0,75,260,0,0,0,1,1,52,-49,-18,140158,998,-37,41,0,1,1,1,0,4,0,995,9.8,998,998,998,99.8,99.8,99.8,55.0012332598571,10,5
19611,19,158,1-19-2020-158-08,8,1,1FAFP55U34A1,17,12,17,2004,4,1,3,0,1,F,1,1500,5,0,1,1,6,2,89,1,0,0,995,0,0,0,35956,1,9,0,4,2,1,2,2,3,1,1,4,2,3,2,2,0,0,3,1,14,2,13,99,1,4,1,A,1,0,0,0,0,0,0,0,0,0,0,998,998,0,1,0,1,1,13,-13,0,10094,998,0,13,0,1,9,97,0,8,0,998,0.5,120,120,-39,40.7,6.7,40.8,107.160924798618,9,5
19612,19,159,1-19-2020-159-06,6,1,2D8HN44H28R8,17,7,442,2008,20,4,20,0,1,F,1,1960,5,9999,9,0,998,2,105,1,0,0,995,0,0,0,35901,2,9,2,1,5,1,2,1,1,1,1,1,0,0,1,1,1,2,9,1,10,2,10,99,1,2,4,K,80,0,0,0,0,0,0,0,0,0,0,240,70,0,0,0,1,3,17,-17,0,24204,998,0,17,0,4,0,0,0,0,0,995,9.8,998,998,998,99.8,99.8,99.8,269.821951699376,9,5
19612,19,159,1-19-2020-159-06,6,2,1HGCR3F85EA0,17,37,32,2014,4,1,4,0,1,F,1,1631,5,0,1,1,4,2,89,1,0,0,995,0,0,0,35952,1,9,2,4,2,1,2,1,1,1,1,2,0,0,1,1,1,2,9,0,5,4,62,1,1,1,4,K,81,0,0,0,0,0,0,0,0,0,0,70,240,0,0,0,1,3,20,-19,3,23685,998,-6,19,0,4,1,2,0,4,0,995,9.8,998,998,998,99.8,99.8,99.8,269.821951699376,9,5
19613,19,160,1-19-2020-160-09,9,1,1FTPW14V77KA,17,12,481,2007,34,5,31,0,1,F,2,2558,5,0,1,1,2,2,89,1,1,1,241,2,0,0,35905,1,9,0,4,2,1,2,1,1,1,1,2,0,0,2,1,0,0,9,1,1,2,13,99,1,4,1,A,1,1,4,1,6,1,4,61,1,2,30,998,998,0,0,0,3,7,999,999,999,9999999,999,999,999,7,0,1,1,0,4,3,998,0.2,999,999,999,15.2,1.1,15.3,745.10353862461,9,5
19614,19,161,1-19-2020-161-03,3,1,5J6RM3H97GL0,17,37,402,2016,14,3,14,0,1,L,2,1531,5,0,2,1,4,2,105,1,0,0,995,0,0,0,35906,1,2,2,1,4,1,2,1,3,1,1,1,0,0,1,1,0,0,3,0,11,2,15,1,1,1,4,J,72,0,0,0,0,0,0,0,0,0,0,45,105,0,1,0,1,1,29,10,27,71142,998,-45,32,0,1,2,5,0,4,0,995,9.8,998,998,998,99.8,99.8,99.8,133.384732642837,9,5
19614,19,161,1-19-2020-161-03,3,2,1J4GL48K43W6,17,2,405,2003,14,3,14,0,1,F,2,1735,5,0,2,1,4,2,105,1,0,0,995,0,0,0,36272,1,2,2,1,4,3,2,1,3,1,3,3,0,0,1,1,0,0,1,0,14,4,61,2,1,1,4,J,73,0,0,0,0,0,0,0,0,0,0,105,45,0,1,0,1,1,26,-25,-4,34389,998,-32,22,0,1,1,1,0,0,0,995,9.8,998,998,998,99.8,99.8,99.8,133.384732642837,9,5
19615,66,77,1-66-2020-077-06,6,1,2A8GF48416R6,17,6,54,2006,6,1,5,0,1,B,1,2141,5,0,1,1,6,2,56,1,0,0,995,0,7,0,65605,9,9,3,5,3,1,2,2,1,1,1,2,0,0,2,2,0,0,9,0,10,3,53,99,1,1,2,D,31,0,0,0,0,0,0,0,0,0,0,10,0,0,0,0,1,1,17,17,-3,15655,998,46,13,0,4,99,99,0,99,0,995,1.4,120,13,15,10.1,4.9,11.4,185.26723990607,6,5
19615,66,77,1-66-2020-077-06,6,2,2GNALCEKXE61,17,20,404,2014,14,3,14,0,1,F,1,1706,5,0,1,1,5,2,56,1,0,0,995,0,7,0,65605,9,9,3,5,3,1,2,2,1,1,1,2,0,0,2,2,0,0,9,0,1,3,52,2,1,1,2,D,28,0,0,0,0,0,0,0,0,0,0,0,10,0,0,0,1,1,21,-21,0,42844,998,0,25,0,4,9,97,0,99,0,995,9.8,998,998,998,99.8,99.8,99.8,185.26723990607,6,5
19616,66,78,1-66-2020-078-04,4,1,2FMPK4J92HBB,17,12,24,2017,6,1,3,0,1,L,1,1668,5,0,1,3,19,2,40,1,0,0,995,0,7,0,65610,9,9,2,4,2,1,2,1,1,1,0,0,0,0,1,8,2,2,3,0,1,2,17,1,1,1,5,L,89,0,0,0,0,0,0,0,0,0,0,350,90,0,0,0,1,5,999,999,999,9999999,999,999,999,6,0,0,0,0,0,0,995,9.8,998,998,998,99.8,99.8,99.8,381.590524360326,6,5
19616,66,78,1-66-2020-078-04,4,2,1GBJK34162E1,17,20,481,2002,40,6,45,0,1,F,9,9999,9,9999,9,0,998,5,56,1,0,0,995,0,7,0,65633,9,9,2,4,2,1,2,1,1,1,1,4,0,0,1,8,0,0,9,0,1,4,66,99,1,1,5,L,88,0,0,0,0,0,0,0,0,0,0,90,350,0,0,0,1,0,999,999,999,9999999,999,999,999,9,0,95,95,95,95,0,995,9.8,998,998,998,99.8,99.8,99.8,381.590524360326,6,5
19617,73,92,1-73-2020-092-01,1,1,3GTR2VE73CG1,17,23,481,2012,34,5,31,0,1,F,9,2496,5,9999,9,0,998,5,89,1,8,0,995,0,7,0,04478,9,9,0,4,2,1,2,1,1,1,1,2,0,0,2,1,0,0,1,0,1,6,87,99,1,1,1,C,13,0,0,0,0,0,0,0,0,0,0,998,998,0,0,0,1,0,999,999,999,9999999,999,999,999,9,0,95,95,95,95,0,998,9.8,998,998,998,99.8,99.8,99.8,56.1761144358998,3,5
19617,73,92,1-73-2020-092-01,1,2,KL1TD66637B7,17,20,39,2007,4,1,1,0,1,F,3,1065,5,9999,9,4,64,2,89,1,1,1,0,3,7,0,04441,1,9,0,4,2,1,2,1,1,1,1,4,0,0,2,1,0,0,9,0,1,6,87,99,1,1,6,M,98,0,0,0,0,0,0,0,0,0,0,165,345,0,0,0,3,12,999,999,999,9999999,999,999,999,8,0,2,9,0,1,0,995,9.8,998,998,998,99.8,99.8,99.8,56.1761144358998,3,5
19617,73,92,1-73-2020-092-01,1,3,KNDJT2A59D75,17,63,37,2013,6,1,2,0,1,F,9,1220,5,9999,9,4,64,2,89,1,1,8,997,8,7,0,04478,9,9,0,4,2,1,2,1,1,1,1,2,0,0,2,1,0,0,1,0,1,4,62,99,1,1,6,M,98,0,0,0,0,0,0,0,0,0,0,345,165,0,0,0,3,12,999,999,999,9999999,999,999,999,9,0,3,27,2,3,0,995,9.8,998,998,998,99.8,99.8,99.8,56.1761144358998,3,5
19618,31,74,1-31-2020-074-10,10,1,1FTPX14565FB,17,12,481,2005,34,5,31,0,1,F,2,2495,5,9999,9,1,4,2,89,1,0,0,995,0,0,0,62869,9,9,0,4,2,1,2,1,1,1,1,2,0,0,2,1,0,0,3,1,1,2,13,98,1,4,1,A,1,0,0,0,0,0,0,0,0,0,0,998,998,0,1,0,1,12,999,999,999,9999999,999,999,999,7,0,99,99,0,99,0,998,0.3,120,120,-120,62.9,2.8,63.0,350.224747976596,6,5
19619,76,82,1-76-2020-082-04,4,1,1FBSS31L26HB,17,12,461,2006,21,4,21,0,1,F,9,2683,5,9999,9,0,998,2,89,1,8,9,998,8,7,9,12442,9,1,2,4,2,1,2,1,1,4,1,2,0,0,1,1,0,0,9,0,11,2,15,1,1,1,4,J,68,0,0,0,0,0,0,0,0,0,0,290,120,1,0,0,1,0,999,999,999,9999999,999,999,999,9,0,0,0,0,0,0,995,9.8,998,998,998,99.8,99.8,99.8,16.9395948574112,3,5
19619,76,82,1-76-2020-082-04,4,2,3FA6P0VPXHR2,17,12,23,2017,4,1,4,0,1,F,1,1558,5,0,1,1,59,2,89,1,8,9,998,8,7,9,12496,9,9,2,4,2,1,2,1,3,1,1,2,0,0,1,1,0,0,9,0,14,4,62,3,1,1,4,J,69,0,0,0,0,0,0,0,0,0,0,120,290,0,0,0,1,98,999,999,999,9999999,999,999,999,6,0,0,0,0,0,0,995,9.8,998,998,998,99.8,99.8,99.8,16.9395948574112,3,5
19620,76,83,1-76-2020-083-09,9,1,3G5DB03E43S5,17,18,401,2003,14,3,14,0,1,F,1,1792,5,9999,9,1,8,2,72,1,8,9,998,8,7,9,99999,9,9,0,4,2,1,2,1,2,2,1,2,0,0,4,1,0,0,9,1,14,2,12,99,1,4,1,B,6,0,0,0,0,0,0,0,0,0,0,998,998,0,0,1,7,11,999,999,999,9999999,999,999,999,6,0,0,0,0,99,0,998,0.4,999,999,999,8.6,1.3,8.7,20.3205194306157,3,5
19621,15,108,1-15-2020-108-06,6,1,1FMCU9DG4CKB,17,12,402,2012,14,3,14,0,1,F,9,1585,5,9999,9,0,998,5,48,1,8,9,998,8,7,9,11710,9,9,2,4,2,1,2,1,1,1,0,0,0,0,1,8,0,0,9,0,11,2,15,99,1,1,4,K,76,0,0,0,0,0,0,0,0,0,0,240,185,0,0,0,1,0,999,999,999,9999999,999,999,999,9,0,95,95,95,95,0,995,9.8,998,998,998,99.8,99.8,99.8,59.1638378563679,1,5