CASEID,PSU,CASENO,CASENUMBER,CATEGORY,VEHNO,VIN,VINLENGTH,MAKE,MODEL,MODELYR,BODYTYPE,BODYCAT,VEHCLASS,SPECUSE,TRANSTAT,DAMPLANE,DAMSEV,CURBWT,CURBSRC,CARGOWT,CARGOSRC,INSPTYPE,INSPLAG,TOWED,SPEEDLIMIT,DRPRESENT,PARALCOHOL,ALCTEST,ALCTESTRESULT,ALCTESTSRC,PARDRUG,DRUGTEST,ZIP,RACE,ETHNICITY,RELTOJUNCT,TRAFFLOW,RDLANES,INITLANE,SURFTYPE,SURFCOND,ALIGNMENT,PROFILE,LINERIGHT,LINELEFT,RUMBINIT,RUMBROAD,LIGHTCOND,WEATHER,TRAFDEV,TRAFFUNCT,DISTRACT,PREFHE,PREMOVE,CRITCAT,CRITEVENT,MANEUVER,PRESTAB,PRELOC,CRASHCAT,CRASHCONF,CRASHTYPE,ROLLTYPE,ROLLTURN,ROLLINTRPT,ROLLPREMAN,ROLLINITYP,ROLLINLOC,ROLLOBJ,ROLLTRIP,ROLLDIR,ROLLDIST,DVANGTHIS,DVANGOTH,TOWHITCH,TRAJDOC,TREEPOLE,DVEVENT,DVBASIS,DVTOTAL,DVLONG,DVLAT,DVENERGY,DVSPEED,DVMOMENT,DVBES,DVEST,DVCONF,VAIS,VISS,VINJURED,VTREAT,INITOBJCLASS,HEADANGLECAT,SHLDRWIDTH,STRKLENGTH,STRKWIDTH,STRKHEIGHT,EDGEDISTX,EDGEDISTY,EDGEDISTZ,CASEWGT,PSUSTRAT,VERSION
19733,77,99,1-77-2020-099-02,2,2,1GCHK24U34E2,17,20,481,2004,34,5,31,0,1,R,1,2459,5,9999,9,1,17,2,97,1,0,0,995,0,0,0,22901,2,2,3,2,2,1,2,1,1,1,1,3,2,3,2,1,0,0,1,0,10,2,11,1,1,1,4,J,70,0,0,0,0,0,0,0,0,0,0,300,225,1,1,0,1,5,999,999,999,9999999,999,999,999,2,0,0,0,0,0,0,995,9.8,998,998,998,99.8,99.8,99.8,144.821684745928,9,5
19733,77,99,1-77-2020-099-02,2,3,W1NYC7HJ0LX3,17,42,402,2020,14,3,14,0,1,F,1,2650,5,0,1,1,13,2,97,1,0,0,995,0,0,0,22947,1,2,3,1,2,1,2,1,1,1,1,3,2,3,2,1,0,0,1,0,1,3,52,4,1,1,6,M,98,0,0,0,0,0,0,0,0,0,0,220,220,0,0,0,6,5,999,999,999,9999999,999,999,15,2,0,2,5,0,3,0,995,9.8,998,998,998,99.8,99.8,99.8,144.821684745928,9,5
19734,77,100,1-77-2020-100-05,5,1,4T1BF1FK3DU6,17,49,40,2013,4,1,3,0,1,B,2,1441,5,0,1,1,11,2,105,1,0,0,995,0,0,0,24401,9,9,0,2,2,2,2,1,1,9,3,2,1,3,1,1,0,0,1,1,15,3,53,7,1,2,2,D,25,0,0,0,0,0,0,0,0,0,0,245,245,0,0,0,1,1,33,33,0,76858,998,-36,34,0,1,2,5,0,3,0,995,9.8,998,998,998,99.8,99.8,99.8,377.109993509726,9,5
19734,77,100,1-77-2020-100-05,5,2,JTEES43A6820,17,49,403,2008,14,3,14,0,1,F,2,1896,5,0,1,1,11,2,105,1,0,0,995,0,0,0,22901,9,9,0,2,2,1,2,1,1,9,1,3,2,3,1,1,0,0,1,0,1,3,51,2,1,1,2,D,24,0,0,0,0,0,0,0,0,0,0,245,245,0,0,0,1,1,27,-27,0,55346,998,-45,26,0,1,0,0,0,0,0,995,9.8,998,998,998,99.8,99.8,99.8,377.109993509726,9,5
19734,77,100,1-77-2020-100-05,5,3,1C4RJFBG1FC7,17,2,422,2015,15,3,15,0,1,B,1,2211,5,9999,9,0,998,5,105,1,0,0,995,0,0,0,22911,9,9,0,2,2,2,2,1,1,9,3,2,1,3,1,1,0,0,1,0,2,4,60,1,1,1,6,M,98,0,0,0,0,0,0,0,0,0,0,245,245,0,0,0,2,3,20,20,0,29205,998,0,18,0,4,95,95,95,95,0,995,9.8,998,998,998,99.8,99.8,99.8,377.109993509726,9,5
19737,54,39,1-54-2020-039-07,7,1,1GCRKTE35BZ1,17,20,481,2011,34,5,31,0,1,R,1,2408,5,0,1,1,3,2,89,1,0,0,995,0,0,0,35653,1,2,2,1,2,2,2,1,1,1,3,2,1,1,1,1,0,0,1,0,12,6,91,2,1,2,6,M,98,0,0,0,0,0,0,0,0,0,0,998,998,1,0,0,1,5,999,999,999,9999999,999,999,999,6,0,0,0,0,0,0,998,9.8,998,998,998,99.8,99.8,99.8,842.912141720972,9,5
19738,14,83,1-14-2020-083-03,3,1,1GNCS13X04K1,17,20,421,2004,15,3,15,0,1,F,1,1912,5,0,1,1,15,2,89,1,0,0,995,0,0,0,78163,1,9,2,4,3,1,2,1,1,1,1,1,0,0,1,1,1,2,3,0,1,2,17,8,1,1,5,L,88,0,0,0,0,0,0,0,0,0,0,90,330,0,0,0,1,1,22,-22,4,44563,998,37,23,0,1,0,0,0,0,0,995,9.8,998,998,998,99.8,99.8,99.8,1014.89743631484,8,5
19738,14,83,1-14-2020-083-03,3,2,1G1BE5SM1J71,17,20,25,2018,4,1,3,0,1,L,2,1250,5,0,1,1,16,2,89,1,0,0,995,0,0,0,78654,1,9,2,4,2,1,2,1,1,1,1,2,0,0,1,1,1,2,9,0,1,4,66,99,1,1,5,L,89,0,0,0,0,0,0,0,0,0,0,330,90,0,0,0,1,1,35,-12,33,60467,998,-17,34,0,1,1,1,0,4,0,995,9.8,998,998,998,99.8,99.8,99.8,1014.89743631484,8,5
19739,14,84,1-14-2020-084-03,3,1,JN8AZ2NE5J91,17,58,422,2018,15,3,15,0,1,F,1,2671,5,0,1,1,28,2,72,1,0,0,995,0,0,0,78259,2,9,2,4,5,3,2,1,1,9,1,2,0,0,1,8,1,2,9,0,11,2,15,4,1,1,4,J,68,0,0,0,0,0,0,0,0,0,0,55,230,0,0,0,1,3,21,-19,7,43377,998,38,20,0,4,99,99,0,5,0,995,9.8,998,998,998,99.8,99.8,99.8,1014.89743631484,8,5
19739,14,84,1-14-2020-084-03,3,2,1GNSKCKC3GR2,17,20,421,2016,15,3,15,0,1,F,1,2515,5,0,1,1,29,2,72,1,0,0,995,0,0,0,78266,2,2,2,4,4,2,2,1,1,9,1,1,0,0,1,8,1,2,9,0,1,4,62,2,1,1,4,J,69,0,0,0,0,0,0,0,0,0,0,230,55,0,0,0,1,3,22,-22,4,53569,998,-16,23,0,4,1,3,0,4,0,995,9.8,998,998,998,99.8,99.8,99.8,1014.89743631484,8,5
19740,17,117,1-17-2020-117-09,9,1,1G1ZC5E02AF2,17,20,37,2010,4,1,4,0,1,F,1,1549,5,0,1,1,11,2,48,1,9,0,995,0,9,0,61244,1,2,1,1,4,4,1,1,1,1,1,2,0,0,1,1,1,2,3,0,11,2,15,1,1,1,4,J,68,0,0,0,0,0,0,0,0,0,0,220,90,0,0,0,1,1,22,-20,-7,44745,998,-29,25,0,1,1,1,0,6,0,995,9.8,998,998,998,99.8,99.8,99.8,850.587412197415,4,5
19740,17,117,1-17-2020-117-09,9,2,1G2JB1247Y74,17,22,16,2000,2,1,2,0,1,F,2,1280,5,0,1,1,11,2,48,1,9,0,995,0,9,0,61265,9,9,1,1,3,2,1,1,1,1,1,3,0,0,1,1,1,2,9,0,1,4,62,2,1,1,4,J,69,0,0,0,0,0,0,0,0,0,0,90,220,0,0,0,1,1,26,-23,13,36129,998,73,23,0,1,1,1,0,4,0,995,9.8,998,998,998,99.8,99.8,99.8,850.587412197415,4,5
19741,17,118,1-17-2020-118-06,6,1,4T3BK3BB9DU0,17,49,53,2013,5,1,4,0,1,F,1,1790,5,0,1,1,8,2,48,1,9,0,995,0,9,0,61244,9,9,2,1,2,2,1,1,1,1,3,2,0,0,1,1,1,2,1,0,11,2,15,2,1,1,4,J,68,0,0,0,0,0,0,0,0,0,0,280,150,0,0,0,1,1,20,-17,-10,32954,998,-53,20,0,1,0,0,0,4,0,995,9.8,998,998,998,99.8,99.8,99.8,238.124678345625,4,5
19741,17,118,1-17-2020-118-06,6,2,2GCEC19VX311,17,20,481,2003,34,5,31,0,1,F,1,1980,5,68,1,1,10,2,48,1,9,0,995,0,9,0,61239,2,2,2,1,2,1,1,1,1,1,0,3,0,0,1,1,1,2,1,0,3,4,62,2,1,1,4,J,69,0,0,0,0,0,0,0,0,0,0,150,280,0,0,0,1,1,18,-17,6,26628,998,21,18,0,1,0,0,0,0,0,995,9.8,998,998,998,99.8,99.8,99.8,238.124678345625,4,5
19742,11,87,1-11-2020-087-06,6,1,1FMNU43SX2EA,17,12,423,2002,16,3,16,0,1,F,9,9999,9,9999,9,0,998,5,72,1,0,0,995,0,0,0,23832,9,9,0,4,2,1,2,1,2,1,1,2,0,0,1,1,0,0,1,1,14,2,10,99,1,2,3,H,60,0,0,0,0,0,0,0,0,0,0,85,270,0,0,0,1,0,999,999,999,9999999,999,999,999,9,0,95,95,95,95,0,995,9.8,998,998,998,99.8,99.8,99.8,3463.41517400235,8,5
19742,11,87,1-11-2020-087-06,6,2,1FMCU0JX2FUB,17,12,402,2015,14,3,14,0,1,F,1,1635,5,0,1,1,8,2,72,1,0,0,995,0,0,0,23850,9,9,0,4,2,1,2,1,3,1,1,2,0,0,1,1,0,0,1,0,14,4,62,99,1,1,3,H,61,0,0,0,0,0,0,0,0,0,0,998,998,0,0,1,2,1,19,-19,0,27424,998,-42,19,0,1,99,99,0,8,0,998,0.8,32,34,120,15.3,3.1,15.4,3463.41517400235,8,5
19743,11,88,1-11-2020-088-02,2,1,1N4AL3AP1JC2,17,35,47,2018,4,1,4,0,1,R,2,1453,5,0,1,1,7,2,89,1,0,1,0,2,0,0,23860,2,2,2,1,4,4,2,1,1,1,1,2,0,0,1,1,1,2,1,0,11,2,15,10,1,1,4,J,68,0,0,0,0,0,0,0,0,0,0,185,95,0,0,0,1,3,26,-4,-25,60973,998,109,26,0,4,1,1,0,3,0,995,9.8,998,998,998,99.8,99.8,99.8,90.5554746104876,8,5
19743,11,88,1-11-2020-088-02,2,2,1GYS4SKJ9FR7,17,19,421,2015,15,3,15,0,1,F,1,2740,5,9999,9,0,998,2,89,1,0,0,995,0,0,0,11230,9,9,2,1,5,3,2,1,1,1,1,2,0,0,1,1,1,2,1,0,1,4,62,99,1,1,4,J,69,0,0,0,0,0,0,0,0,0,0,95,185,0,0,0,1,3,14,-14,2,23051,998,41,14,0,4,99,99,0,99,0,995,9.8,998,998,998,99.8,99.8,99.8,90.5554746104876,8,5
19744,24,171,1-24-2020-171-10,10,1,1GCGG25C7811,17,20,461,2008,21,4,21,0,1,F,2,2188,5,0,1,1,13,2,40,1,0,0,995,0,0,0,08401,9,9,0,4,2,1,2,1,1,1,0,0,0,0,1,1,0,0,3,1,1,2,13,2,1,4,1,C,11,0,0,0,0,0,0,0,0,0,0,250,250,0,0,0,1,5,999,999,999,9999999,999,999,999,7,0,0,0,0,0,0,995,9.8,998,998,998,99.8,99.8,99.8,4018.83756297856,1,5
19744,24,171,1-24-2020-171-10,10,2,4DRBUC8P4GB7,17,84,981,2016,50,7,50,2,2,B,9,,,,,,,,,,,,,,,,,,,,,,,,,,,,,,,,,,,,,,,,,,,,,,,,,,,,,,,,,,,,,,,,,,,,,,,,95,95,95,95,,,,,,,,,,4018.83756297856,1,5
19745,24,172,1-24-2020-172-09,9,1,YV1RS5928524,17,51,47,2005,4,1,3,0,1,L,1,1440,5,9999,9,0,998,2,64,1,0,0,995,0,0,0,08094,9,9,1,2,3,1,2,1,1,9,1,1,0,0,1,1,0,0,9,1,15,2,10,99,1,1,2,F,47,0,0,0,0,0,0,0,0,0,0,150,150,0,0,0,2,3,4,0,-4,754,998,24,4,0,4,0,0,0,0,0,995,9.8,998,998,998,99.8,99.8,99.8,878.443799037631,1,5
19745,24,172,1-24-2020-172-09,9,2,2T1BU40E09C0,17,49,32,2009,4,1,2,0,1,F,9,1279,5,9999,9,0,998,5,64,1,0,0,995,0,0,0,08232,9,9,1,2,3,2,2,1,1,9,1,3,0,0,1,1,0,0,1,0,1,4,61,99,1,1,2,F,45,0,0,0,0,0,0,0,0,0,0,150,150,0,0,0,3,0,999,999,999,9999999,999,999,999,9,0,95,95,95,95,0,995,0.6,999,999,999,0.0,0.0,0.0,878.443799037631,1,5
19745,24,172,1-24-2020-172-09,9,3,JN1BJ0RR3GM2,17,58,44,2016,6,1,4,0,1,L,1,1827,5,0,1,1,11,2,64,1,0,0,995,0,0,0,33467,1,2,1,2,3,1,2,1,1,9,1,3,0,0,1,1,0,0,1,0,1,4,60,1,1,1,6,M,98,0,0,0,0,0,0,0,0,0,0,150,150,0,0,0,2,3,3,0,3,1688,998,-152,3,0,4,1,1,0,4,0,995,9.8,998,998,998,99.8,99.8,99.8,878.443799037631,1,5
19746,24,173,1-24-2020-173-07,7,1,WBAFU7C55BC8,17,34,35,2011,4,1,5,0,1,F,1,1920,5,0,1,1,10,2,80,1,0,0,995,0,0,0,08215,9,9,0,2,2,1,2,1,1,9,1,3,0,0,3,1,0,0,9,1,1,2,13,99,1,2,2,D,32,0,0,0,0,0,0,0,0,0,0,325,325,0,0,0,1,3,14,-13,-5,15327,998,-12,14,0,4,0,0,0,0,0,995,9.8,998,998,998,99.8,99.8,99.8,939.325733727416,1,5
19746,24,173,1-24-2020-173-07,7,2,1C6RR7FG6GS2,17,7,482,2016,34,5,30,0,2,B,9,2305,5,0,1,4,10,,,,,,,,,,,,,,,,,,,,,,,,,,,,,,,,,,,,,,,,,,,,,,,,,,,,,,,,,,,,,,,,,,95,95,95,95,,,,,,,,,,939.325733727416,1,5
19747,24,174,1-24-2020-174-04,4,1,KNMAT2MVXGP7,17,35,51,2016,6,1,3,0,1,F,2,1610,5,0,1,1,3,2,40,1,0,0,995,0,0,0,08234,9,9,0,4,2,1,2,1,1,1,0,0,0,0,3,1,0,0,9,1,1,2,13,1,1,4,1,C,11,0,0,0,0,0,0,0,0,0,0,220,215,0,0,0,1,3,29,-29,0,41427,998,49,24,0,4,99,99,0,0,0,995,9.8,998,998,998,99.8,99.8,99.8,670.422587650458,1,5
19747,24,174,1-24-2020-174-04,4,2,1FTZF17271NB,17,12,481,2001,34,5,30,0,2,B,2,1838,5,0,1,5,5,,,,,,,,,,,,,,,,,,,,,,,,,,,,,,,,,,,,,,,,,,,,,,,,,,,,,,,,,,,,,,,,,,95,95,95,95,,,,,,,,,,670.422587650458,1,5
19747,24,174,1-24-2020-174-04,4,3,2HNYD18442H5,17,54,421,2002,15,3,15,0,2,B,1,1992,5,0,1,5,5,,,,,,,,,,,,,,,,,,,,,,,,,,,,,,,,,,,,,,,,,,,,,,,,,,,,,,,,,,,,,,,,,,95,95,95,95,,,,,,,,,,670.422587650458,1,5
19748,48,69,1-48-2020-069-06,6,1,1GCVKPEC4FZ2,17,20,481,2015,34,5,31,0,1,F,3,2431,5,0,1,1,5,2,89,1,0,0,995,0,0,0,84302,1,2,0,5,5,2,2,1,1,1,3,2,0,0,1,1,0,0,3,1,1,2,10,8,1,2,3,G,52,0,0,0,0,0,0,0,0,0,0,190,340,0,0,0,1,5,999,999,999,9999999,999,999,56,5,0,2,5,0,4,0,995,9.8,998,998,998,99.8,99.8,99.8,137.372308923584,12,5
19748,48,69,1-48-2020-069-06,6,2,1FDUF5HT1CEB,17,12,880,2012,67,8,60,0,1,F,9,,,,,,,2,89,1,0,0,995,0,0,0,84067,9,9,0,4,5,2,2,1,1,1,3,2,0,0,1,1,0,0,1,1,1,3,54,7,1,2,3,G,52,,,,,,,,,,,,,,,,,,,,,,,,,,,95,95,95,95,,,9.8,998,998,998,99.8,99.8,99.8,137.372308923584,12,5
19749,48,70,1-48-2020-070-09,9,1,1GNSKBKC0GR3,17,20,421,2016,15,3,15,0,1,B,1,2515,5,9999,9,0,998,5,89,1,8,0,995,0,0,0,84306,9,9,3,4,2,1,2,2,1,1,1,2,0,0,1,2,0,0,1,0,2,3,53,99,1,1,2,D,31,0,0,0,0,0,0,0,0,0,0,350,0,0,0,0,1,3,20,20,0,43307,998,0,21,0,4,95,95,95,95,0,995,9.8,998,998,998,99.8,99.8,99.8,429.752600138086,12,5
19749,48,70,1-48-2020-070-09,9,2,3A4FY48B06T2,17,6,52,2006,6,1,2,0,1,F,2,1395,5,0,1,1,5,2,89,1,0,0,995,0,0,0,84403,9,9,3,4,2,1,2,2,1,1,1,2,0,0,1,2,0,0,3,0,1,3,52,8,1,1,2,D,28,0,0,0,0,0,0,0,0,0,0,0,350,0,0,0,1,3,33,-33,6,57399,998,8,32,0,4,99,99,0,0,0,995,9.8,998,998,998,99.8,99.8,99.8,429.752600138086,12,5
19750,12,91,1-12-2020-091-03,3,1,JT3GN86R3101,17,49,401,2001,14,3,14,0,1,R,1,1633,5,9999,9,0,998,5,40,1,0,0,995,0,0,0,73401,9,9,3,4,2,1,2,1,1,1,0,0,0,0,1,1,0,0,9,0,11,2,15,99,1,1,4,K,76,0,0,0,0,0,0,0,0,0,0,300,280,0,0,0,1,3,12,9,-8,5690,998,-59,9,0,4,95,95,95,95,0,995,9.8,998,998,998,99.8,99.8,99.8,437.82652861971,9,5
19750,12,91,1-12-2020-091-03,3,2,KMHE24L19HA0,17,55,33,2017,4,1,4,0,1,L,1,1586,5,0,1,1,6,2,56,1,0,0,995,0,0,0,73458,9,9,3,4,2,1,2,1,1,1,1,2,0,0,1,1,0,0,9,0,1,4,70,1,1,1,4,K,77,0,0,0,0,0,0,0,0,0,0,280,300,0,0,0,1,3,12,-11,4,18278,998,-88,14,0,4,99,99,0,99,0,995,9.8,998,998,998,99.8,99.8,99.8,437.82652861971,9,5
19751,12,92,1-12-2020-092-04,4,1,3C4NJDCB5KT6,17,2,1,2019,6,1,2,0,1,F,1,1509,5,0,1,1,8,2,72,1,0,0,995,0,0,0,73401,9,9,2,4,2,1,2,1,1,1,0,0,0,0,3,1,0,0,9,1,10,1,6,4,3,4,1,B,7,0,0,0,0,0,0,0,0,0,0,998,998,0,0,0,1,12,999,999,999,9999999,999,999,12,2,0,0,0,0,0,0,998,0.0,120,999,999,3.9,3.0,5.1,1580.74643425482,9,5
19752,52,176,1-52-2020-176-02,2,1,1C6RR7LM8JS3,17,7,482,2018,34,5,31,0,1,R,1,2336,5,48,1,1,13,2,56,1,9,0,995,0,0,0,59101,1,2,2,1,4,4,2,1,1,1,1,0,0,0,1,1,1,2,9,0,11,2,15,9,1,1,4,J,68,0,0,0,0,0,0,0,0,0,0,210,90,0,0,0,1,1,19,-12,-15,30342,998,107,15,0,3,1,1,0,4,0,995,0.0,999,999,999,0.0,0.0,0.0,20.3744460339419,12,5
19752,52,176,1-52-2020-176-02,2,2,1ZVBP8EM7E52,17,12,3,2014,1,1,3,0,1,F,1,1814,5,0,1,1,13,2,56,1,0,0,995,0,0,0,59102,9,9,2,2,4,2,2,1,1,1,1,1,0,0,1,1,1,2,9,0,1,4,62,4,2,1,4,J,69,0,0,0,0,0,0,0,0,0,0,90,210,0,0,0,1,1,22,-21,4,60188,998,37,26,0,3,2,5,0,3,0,995,0.0,999,999,999,3.4,1.8,4.0,20.3744460339419,12,5
19753,52,177,1-52-2020-177-06,6,1,1C4BJWEG6FL7,17,2,403,2015,14,3,14,0,1,F,1,1994,5,0,1,1,14,2,40,1,0,0,995,0,0,0,59102,1,9,3,4,2,1,2,1,1,1,0,0,0,0,1,8,0,0,9,1,1,1,8,1,1,4,1,B,6,0,0,0,0,0,0,0,0,0,0,998,998,0,1,0,4,1,18,-18,0,26672,998,0,18,0,4,1,1,0,3,0,998,0.0,120,120,57,4.8,1.5,5.1,217.703499651516,12,5
19753,52,177,1-52-2020-177-06,6,2,WDCTG4GB5FJ1,17,42,55,2015,5,1,3,0,2,F,9,1585,5,9999,9,0,998,,,,,,,,,,,,,,,,,,,,,,,,,,,,,,,,,,,,,,,,,,,,,,,,,,,,,,,,,,,,,,,,,,95,95,95,95,,,,,,,,,,217.703499651516,12,5
19755,52,179,1-52-2020-179-07,7,1,3D7MX48A77G8,17,7,482,2007,34,5,31,0,1,R,9,3115,5,9999,9,0,998,5,80,1,0,0,995,0,0,0,59041,9,9,2,4,2,1,2,1,1,1,1,2,0,0,1,1,2,2,2,0,1,2,17,99,1,1,5,L,87,0,0,0,0,0,0,0,0,0,0,90,0,0,1,0,1,0,999,999,999,9999999,999,999,999,9,0,95,95,95,95,0,995,9.8,998,998,998,99.8,99.8,99.8,709.778616755891,12,5
19755,52,179,1-52-2020-179-07,7,2,1GKS2KE75DR3,17,23,422,2013,15,3,15,0,1,F,3,2675,5,0,1,1,25,2,97,1,0,0,995,0,0,0,59044,9,9,2,4,2,1,2,1,1,1,1,2,0,0,1,1,0,0,9,0,1,4,66,2,1,1,5,L,86,0,0,0,0,0,0,0,0,0,0,0,90,0,1,0,1,11,999,999,999,9999999,999,999,999,8,0,0,0,0,0,0,995,0.6,20,20,103,4.7,5.0,6.6,709.778616755891,12,5
19756,25,125,1-25-2020-125-09,9,1,JTHFN48Y8200,17,59,36,2002,1,1,2,0,1,F,1,1742,5,0,1,1,35,2,48,1,8,0,995,0,7,0,04103,9,9,0,4,2,1,2,1,2,1,1,2,0,0,3,1,0,0,1,1,14,1,6,5,4,4,1,B,7,0,0,0,0,0,0,0,0,0,0,998,998,0,1,0,2,1,11,-8,-7,13572,998,-110,11,0,4,0,0,0,0,0,998,1.3,120,13,17,0.0,0.0,0.0,1025.3054924784,2,5
19757,25,126,1-25-2020-126-06,6,1,1FTYR15E08PA,17,12,471,2008,34,5,30,0,1,F,1,1625,5,0,1,4,34,2,40,1,8,0,995,0,7,0,04086,9,9,0,4,2,1,2,1,1,4,1,2,0,0,3,1,0,0,1,0,1,3,52,99,1,1,2,D,28,0,0,0,0,0,0,0,0,0,0,25,25,0,0,0,1,3,17,-17,0,18017,998,0,17,0,4,0,0,0,0,0,995,9.8,998,998,998,99.8,99.8,99.8,277.1369800194,2,5
19757,25,126,1-25-2020-126-06,6,2,2G1125S39E92,17,20,2,2014,4,1,4,0,1,B,1,1754,5,0,1,1,24,2,40,1,8,0,995,0,7,0,04011,9,9,0,4,2,1,2,1,1,4,1,2,0,0,3,1,0,0,1,0,2,3,53,99,1,1,2,D,29,0,0,0,0,0,0,0,0,0,0,25,25,0,0,0,1,3,16,16,0,20463,998,0,17,0,4,1,1,0,5,0,995,9.8,998,998,998,99.8,99.8,99.8,277.1369800194,2,5
19757,25,126,1-25-2020-126-06,6,3,2T1BU4EE1AC5,17,49,32,2010,4,1,2,0,1,B,9,1279,5,9999,9,0,998,5,40,1,8,0,995,0,7,0,04011,9,9,0,4,2,1,2,1,1,2,1,2,0,0,3,1,0,0,1,0,5,3,53,99,1,1,6,M,98,0,0,0,0,0,0,0,0,0,0,25,25,0,0,0,2,0,999,999,999,9999999,999,999,999,9,0,95,95,95,95,0,995,9.8,998,998,998,99.8,99.8,99.8,277.1369800194,2,5
19758,16,117,1-16-2020-117-04,4,1,5NMS3CAD7KH0,17,55,401,2019,14,3,14,0,1,L,1,1694,5,0,1,1,14,2,48,1,0,0,995,0,0,0,45238,1,2,2,4,6,2,2,1,1,4,1,1,0,0,1,1,1,2,1,0,1,2,17,1,1,1,5,L,89,0,0,0,0,0,0,0,0,0,0,60,180,0,0,0,1,3,10,-7,8,11056,998,-10,13,0,1,1,1,0,0,0,995,9.8,998,998,998,99.8,99.8,99.8,1661.39619552922,5,5
19758,16,117,1-16-2020-117-04,4,2,JF2SJAPC0EH4,17,48,401,2014,14,3,14,0,1,F,1,1550,4,9999,9,0,998,5,48,1,0,0,995,0,0,0,45241,9,9,2,2,5,1,2,1,1,1,0,3,0,0,1,1,1,2,1,0,1,4,66,1,1,1,5,L,88,0,0,0,0,0,0,0,0,0,0,180,60,0,0,0,1,3,11,-10,-2,4194,998,-38,8,0,4,95,95,95,95,0,995,9.8,998,998,998,99.8,99.8,99.8,1661.39619552922,5,5
19759,16,118,1-16-2020-118-04,4,1,KNMAT2MV5GP6,17,35,51,2016,6,1,3,0,1,L,1,1610,5,0,1,1,12,2,56,1,0,0,995,0,0,0,45202,9,9,3,4,2,1,2,1,1,4,0,0,0,0,1,1,0,0,1,0,11,2,15,1,1,1,4,K,82,0,0,0,0,0,0,0,0,0,0,275,25,0,0,0,1,3,17,-6,16,25308,998,-35,19,0,4,0,0,0,0,0,995,9.8,998,998,998,99.8,99.8,99.8,1661.39619552922,5,5
19759,16,118,1-16-2020-118-04,4,2,SAJWA4DC7FMB,17,39,35,2015,2,1,3,0,1,F,1,1753,5,9999,9,0,998,5,56,1,0,0,995,0,0,0,45208,9,9,3,4,2,1,2,1,1,1,0,2,0,0,1,1,0,0,1,0,1,4,72,1,1,1,4,K,83,0,0,0,0,0,0,0,0,0,0,25,275,0,0,0,1,3,16,-16,0,10909,998,0,13,0,4,95,95,95,95,0,995,9.8,998,998,998,99.8,99.8,99.8,1661.39619552922,5,5
19760,32,166,1-32-2020-166-10,10,1,1J8HS48N28C1,17,2,404,2008,14,3,14,0,1,F,1,2014,5,0,1,1,18,2,56,1,0,8,997,8,0,0,75040,1,1,0,4,2,1,1,1,3,1,1,3,0,0,3,1,0,0,9,1,14,2,13,98,1,4,1,A,1,0,0,0,0,0,0,0,0,0,0,998,998,0,1,0,3,10,999,999,999,9999999,999,0,14,2,0,0,0,0,0,0,998,0.0,120,20,17,0.0,0.0,0.0,15663.086272617,7,5
19761,32,167,1-32-2020-167-02,2,1,1GNSCAKC5JR3,17,20,421,2018,15,3,15,0,1,F,3,2408,5,0,1,1,14,2,72,1,0,0,995,0,0,0,77020,9,1,1,2,3,1,1,1,1,4,1,1,0,0,5,1,0,0,9,1,1,3,51,1,1,4,2,D,32,0,0,0,0,0,0,0,0,0,0,998,998,0,0,1,3,1,49,-49,0,231689,998,2,49,0,4,9,97,0,8,0,998,2.6,29,29,30,16.7,8.0,18.5,33.7705155274928,7,5
19761,32,167,1-32-2020-167-02,2,2,5NPEB4AC2CH4,17,55,33,2012,4,1,4,0,1,B,9,1454,5,9999,9,0,998,5,72,1,0,0,995,0,0,0,75043,9,9,0,3,1,1,1,1,1,4,1,2,0,0,5,1,0,0,9,0,1,3,53,1,1,1,2,D,32,0,0,0,0,0,0,0,0,0,0,95,115,0,0,0,1,0,999,999,999,9999999,999,999,999,9,0,95,95,95,95,0,995,9.8,998,998,998,99.8,99.8,99.8,33.7705155274928,7,5
19762,32,168,1-32-2020-168-02,2,1,KL4CJASBXJB6,17,18,421,2018,15,3,15,0,1,F,1,1978,5,0,1,1,17,2,105,1,0,1,182,2,0,0,75217,2,9,0,2,3,3,1,1,1,1,3,1,0,0,3,1,0,0,9,1,1,2,12,99,1,4,1,B,6,0,0,0,0,0,0,0,0,0,0,998,998,0,0,0,1,8,999,999,999,9999999,999,999,999,6,0,3,9,1,3,0,998,3.3,120,999,999,0.0,0.0,0.0,33.7705155336673,7,5
19762,32,168,1-32-2020-168-02,2,2,1GKKRNED7CJ1,17,23,8,2012,6,1,5,0,1,F,1,2142,5,0,1,1,19,2,105,1,0,0,995,0,0,0,75203,9,1,0,2,3,2,1,1,1,1,3,3,0,0,3,1,0,0,9,1,1,4,60,4,1,4,6,M,98,0,0,0,0,0,0,0,0,0,0,998,998,0,0,0,3,10,999,999,999,9999999,999,0,12,2,0,0,0,0,0,0,998,2.7,120,5,60,27.3,8.6,28.6,33.7705155336673,7,5
19763,32,169,1-32-2020-169-09,9,1,2GCEC14H3L11,17,20,481,1990,34,5,31,0,1,F,2,1710,5,0,1,1,24,2,64,1,0,0,995,0,0,0,75203,2,2,0,2,2,2,1,1,2,3,3,0,0,0,1,8,0,0,9,1,14,1,8,1,9,4,1,B,7,0,0,0,0,0,0,0,0,0,0,998,998,0,0,0,1,1,28,-28,0,58715,998,-43,28,0,1,9,97,0,5,0,998,0.0,120,999,999,0.0,0.0,0.0,4553.35853619302,7,5