CASEID,PSU,CASENO,CASENUMBER,CATEGORY,VEHNO,VIN,VINLENGTH,MAKE,MODEL,MODELYR,BODYTYPE,BODYCAT,VEHCLASS,SPECUSE,TRANSTAT,DAMPLANE,DAMSEV,CURBWT,CURBSRC,CARGOWT,CARGOSRC,INSPTYPE,INSPLAG,TOWED,SPEEDLIMIT,DRPRESENT,PARALCOHOL,ALCTEST,ALCTESTRESULT,ALCTESTSRC,PARDRUG,DRUGTEST,ZIP,RACE,ETHNICITY,RELTOJUNCT,TRAFFLOW,RDLANES,INITLANE,SURFTYPE,SURFCOND,ALIGNMENT,PROFILE,LINERIGHT,LINELEFT,RUMBINIT,RUMBROAD,LIGHTCOND,WEATHER,TRAFDEV,TRAFFUNCT,DISTRACT,PREFHE,PREMOVE,CRITCAT,CRITEVENT,MANEUVER,PRESTAB,PRELOC,CRASHCAT,CRASHCONF,CRASHTYPE,ROLLTYPE,ROLLTURN,ROLLINTRPT,ROLLPREMAN,ROLLINITYP,ROLLINLOC,ROLLOBJ,ROLLTRIP,ROLLDIR,ROLLDIST,DVANGTHIS,DVANGOTH,TOWHITCH,TRAJDOC,TREEPOLE,DVEVENT,DVBASIS,DVTOTAL,DVLONG,DVLAT,DVENERGY,DVSPEED,DVMOMENT,DVBES,DVEST,DVCONF,VAIS,VISS,VINJURED,VTREAT,INITOBJCLASS,HEADANGLECAT,SHLDRWIDTH,STRKLENGTH,STRKWIDTH,STRKHEIGHT,EDGEDISTX,EDGEDISTY,EDGEDISTZ,CASEWGT,PSUSTRAT,VERSION
19764,59,60,1-59-2020-060-02,2,1,5XYPGDA37GG0,17,63,402,2016,14,3,14,0,1,R,1,1742,5,9999,9,1,3,2,48,1,0,0,995,0,0,0,47834,1,2,2,4,2,1,2,2,1,4,1,2,0,0,2,2,2,2,1,0,1,4,66,1,1,1,5,L,87,0,0,0,0,0,0,0,0,0,0,0,280,0,0,0,1,1,12,-2,-12,8662,998,28,10,0,1,1,2,0,4,0,995,0.0,40,16,14,0.0,0.0,0.0,134.154753942659,6,5
19764,59,60,1-59-2020-060-02,2,2,1G1PF5S93B71,17,20,25,2011,4,1,3,0,1,F,1,1407,5,9999,9,1,4,2,48,1,0,0,995,0,0,0,47802,1,1,2,4,2,1,2,2,1,4,1,2,0,0,2,2,2,2,1,0,1,2,17,2,1,1,5,L,86,0,0,0,0,0,0,0,0,0,0,280,0,0,0,0,1,1,14,-13,5,19707,998,68,15,0,1,1,1,0,4,0,995,9.8,998,998,998,99.8,99.8,99.8,134.154753942659,6,5
19765,31,77,1-31-2020-077-04,4,1,1G1BE5SM3J72,17,20,25,2018,4,1,3,0,1,F,1,1250,5,0,1,1,4,2,89,1,0,0,995,0,0,0,62844,9,9,0,4,2,1,2,1,1,1,1,4,0,0,2,1,0,0,9,0,1,6,87,99,1,1,1,C,13,0,0,0,0,0,0,0,0,0,0,998,998,0,0,0,1,12,999,999,999,9999999,999,999,999,6,0,0,0,0,0,0,998,9.8,998,998,998,99.8,99.8,99.8,894.493296880547,6,5
19766,31,78,1-31-2020-078-03,3,1,KNDJN2A25G73,17,63,37,2016,6,1,2,0,1,F,1,1492,5,9999,9,5,8,2,89,1,0,0,995,0,0,0,62821,9,9,0,4,2,1,2,1,1,1,1,4,0,0,2,1,0,0,9,0,1,6,87,99,1,1,1,C,13,0,0,0,0,0,0,0,0,0,0,998,998,0,0,0,1,12,999,999,999,9999999,999,999,999,6,0,9,97,0,8,0,998,9.8,998,998,998,99.8,99.8,99.8,285.17759687943,6,5
19767,13,106,1-13-2020-106-03,3,1,3FA6P0HD2HR1,17,12,23,2017,4,1,4,0,1,F,1,1558,5,0,1,3,25,2,64,1,8,0,995,0,7,0,76021,2,9,2,1,3,3,1,1,1,1,1,0,0,0,1,1,0,0,9,0,11,2,15,1,1,1,4,J,68,0,0,0,0,0,0,0,0,0,0,10,270,0,0,0,1,3,13,-12,-4,7236,998,-72,10,0,4,99,99,0,0,0,995,9.8,998,998,998,99.8,99.8,99.8,1593.33025024398,7,5
19767,13,106,1-13-2020-106-03,3,2,4T1BF32K72U0,17,49,40,2002,4,1,3,0,1,L,1,1545,5,0,1,1,36,2,64,1,8,0,995,0,7,0,76021,1,9,2,1,2,2,1,1,1,2,3,0,0,0,1,1,0,0,9,0,1,4,62,99,1,1,4,J,69,0,0,0,0,0,0,0,0,0,0,270,10,0,0,0,1,3,13,-7,11,16857,998,-31,16,0,4,99,99,0,0,0,995,9.8,998,998,998,99.8,99.8,99.8,1593.33025024398,7,5
19768,13,107,1-13-2020-107-03,3,1,WVGAV7AX0CW0,17,30,402,2012,14,3,14,0,1,F,2,1539,5,0,1,1,57,2,105,1,8,0,995,0,7,0,75216,2,9,1,2,4,2,2,1,3,9,1,3,0,3,2,1,0,0,9,0,14,3,50,2,1,1,2,D,20,0,0,0,0,0,0,0,0,0,0,340,345,0,0,0,1,9,999,999,999,9999999,999,999,999,7,0,9,97,0,99,0,995,9.8,998,998,998,99.8,99.8,99.8,1593.33025045788,7,5
19768,13,107,1-13-2020-107-03,3,2,3C4PDCEGXKT6,17,7,404,2019,14,3,14,0,1,B,9,1834,5,9999,9,0,998,2,105,1,8,0,995,0,7,0,80013,1,9,1,2,4,2,2,1,3,9,1,3,0,3,2,1,0,0,9,0,5,3,53,1,1,1,2,D,21,0,0,0,0,0,0,0,0,0,0,345,340,0,0,0,1,0,999,999,999,9999999,999,999,999,9,0,3,9,1,3,0,995,9.8,998,998,998,99.8,99.8,99.8,1593.33025045788,7,5
19768,13,107,1-13-2020-107-03,3,3,4T1BB46K99U0,17,49,40,2009,4,1,4,0,1,B,2,1669,5,0,1,1,52,2,105,1,8,0,995,0,7,0,76010,2,9,1,2,4,2,1,1,3,9,1,3,0,3,2,1,0,0,9,0,5,3,53,1,1,1,6,M,98,0,0,0,0,0,0,0,0,0,0,345,350,0,0,0,2,11,999,999,999,9999999,999,999,999,7,0,99,99,0,99,0,995,9.8,998,998,998,99.8,99.8,99.8,1593.33025045788,7,5
19769,23,60,1-23-2020-060-01,1,1,5DG8AU6TXK00,17,98,883,2019,63,8,60,0,1,F,9,,,,,,,2,72,1,0,0,995,0,0,0,43314,9,9,0,4,2,1,2,1,3,1,1,2,0,0,1,1,0,0,1,0,14,4,62,99,1,1,3,I,65,,,,,,,,,,,,,,,,,,,,,,,,,,,95,95,95,95,,,9.8,998,998,998,99.8,99.8,99.8,61.2774509094256,5,5
19769,23,60,1-23-2020-060-01,1,2,1FAFP34N66W1,17,12,37,2006,4,1,2,0,1,R,3,1196,5,9999,9,5,20,2,72,1,0,9,998,8,0,9,43220,9,9,0,4,2,1,2,1,2,1,1,2,0,0,1,1,0,0,9,1,14,2,13,7,1,6,3,I,64,0,0,0,0,0,0,0,0,0,0,320,180,0,0,0,1,5,999,999,999,9999999,999,999,44,4,0,9,97,0,1,0,995,9.8,998,998,998,99.8,99.8,99.8,61.2774509094256,5,5
19770,23,61,1-23-2020-061-04,4,1,2GNALCEK9H61,17,20,404,2017,14,3,14,0,1,F,1,1706,5,100,1,1,35,2,113,1,0,0,995,0,0,0,43015,9,9,0,2,3,2,2,1,1,1,3,3,0,3,2,1,0,0,9,0,1,6,87,99,1,1,1,C,13,0,0,0,0,0,0,0,0,0,0,998,998,0,0,0,1,12,999,999,999,9999999,999,999,999,6,0,0,0,0,0,0,998,9.8,998,998,998,99.8,99.8,99.8,2559.04771137442,5,5
19771,27,86,1-27-2020-086-07,7,1,5J6TF2H52CL0,17,37,405,2012,14,3,14,0,1,F,1,1845,5,0,1,1,2,2,64,1,0,0,995,0,7,9,01220,9,9,0,4,2,1,2,1,2,4,1,2,0,0,1,1,0,0,1,0,14,6,87,99,1,1,1,C,13,0,0,0,0,0,0,0,0,0,0,998,998,0,0,0,1,10,999,999,999,9999999,999,14,15,2,0,0,0,0,0,0,998,9.8,998,998,998,99.8,99.8,99.8,229.755737168955,3,5
19772,27,87,1-27-2020-087-09,9,1,1GKET63M8822,17,23,401,2008,14,3,14,0,1,F,2,2178,5,57,1,1,7,2,40,1,9,0,995,0,9,0,99999,9,9,0,4,2,1,2,2,1,1,0,0,0,0,3,2,0,0,9,1,1,1,9,99,4,4,1,B,7,0,0,0,0,0,0,0,0,0,0,998,998,0,1,0,2,1,37,-37,0,117905,998,-20,37,0,3,99,99,0,99,0,998,0.0,120,120,120,21.9,11.0,24.2,219.806849753004,3,5
19773,33,71,1-33-2020-071-03,3,1,3C4NJCBB9KT8,17,2,1,2019,6,1,2,0,1,F,2,1444,5,0,1,1,20,2,105,1,0,0,995,0,0,0,94598,1,9,0,2,2,2,2,1,2,9,3,2,1,3,1,1,0,0,9,1,14,2,12,1,9,4,1,B,6,0,0,0,0,0,0,0,0,0,0,998,998,0,0,0,1,12,999,999,999,9999999,999,999,999,7,0,99,99,0,99,0,998,2.4,999,999,999,99.9,2.4,99.9,31.7677266356408,12,5
19774,33,72,1-33-2020-072-06,6,1,2GTEK13T3414,17,23,481,2004,34,5,30,0,1,F,1,2397,5,0,1,1,40,2,48,1,0,0,995,0,0,0,95928,1,9,2,1,3,3,2,1,3,1,1,0,0,0,1,1,1,2,9,0,11,2,15,1,1,1,4,J,68,0,0,0,0,0,0,0,0,0,0,245,115,0,0,0,1,1,13,-13,-2,23415,998,-93,14,0,1,0,0,0,0,0,995,9.8,998,998,998,99.8,99.8,99.8,64.2624521863627,12,5
19774,33,72,1-33-2020-072-06,6,2,4S4BSADC9F32,17,48,45,2015,5,1,3,0,1,L,1,1614,5,0,1,1,42,2,48,1,0,0,995,0,0,0,95961,3,9,2,4,3,1,2,1,1,1,0,3,0,0,1,1,1,2,1,0,1,4,62,11,1,1,4,J,69,0,0,0,0,0,0,0,0,0,0,115,245,0,0,0,1,1,19,-15,12,27422,998,-78,18,0,1,1,2,0,4,0,995,0.0,999,999,999,0.0,0.0,0.0,64.2624521863627,12,5
19775,19,166,1-19-2020-166-08,8,1,1HGEJ8249XL0,17,37,31,1999,2,1,2,0,1,L,2,1140,8,0,1,1,8,2,113,1,0,0,995,0,0,0,37342,1,9,0,1,2,1,2,2,1,1,1,3,2,3,1,1,0,0,9,1,1,1,6,99,3,4,1,A,2,0,0,0,0,0,0,0,0,0,0,998,998,0,0,1,2,12,999,999,999,9999999,999,999,999,7,0,9,97,0,8,0,998,4.7,999,999,999,99.9,99.9,99.9,100.936936942392,9,5
19776,19,167,1-19-2020-167-04,4,1,YV1LS5718R21,17,51,42,1994,4,1,3,0,1,F,1,1488,5,0,1,1,6,2,89,1,0,0,995,0,0,0,35903,1,9,3,4,2,1,2,2,1,1,1,4,0,0,3,8,0,0,9,0,11,2,15,99,1,1,4,J,68,0,0,0,0,0,0,0,0,0,0,270,120,0,1,0,1,3,20,-20,-4,22417,998,-92,16,0,4,0,0,0,0,0,995,9.8,998,998,998,99.8,99.8,99.8,376.807448257233,9,5
19776,19,167,1-19-2020-167-04,4,2,1GNSKJKC5GR2,17,20,422,2016,15,3,15,0,1,F,1,2620,5,0,2,1,6,2,89,1,0,0,995,0,0,0,35906,1,2,3,4,2,1,2,2,1,1,1,4,0,0,3,8,0,0,1,0,1,4,62,4,1,1,4,J,69,0,0,0,0,0,0,0,0,0,0,120,270,0,1,0,1,3,11,-11,4,31429,998,91,15,0,4,9,0,0,6,0,995,0.6,12,12,115,6.9,2.0,6.9,376.807448257233,9,5
19777,19,168,1-19-2020-168-04,4,1,SBM14DCA9KW0,17,69,63,2019,1,1,3,0,1,F,2,1424,5,0,1,1,8,2,56,1,0,0,995,0,0,0,35901,1,9,2,1,7,2,2,1,1,1,3,3,0,0,3,8,1,2,9,0,1,3,50,2,1,1,2,D,20,0,0,0,0,0,0,0,0,0,0,290,290,0,0,0,1,1,30,-30,0,95747,998,0,40,0,4,0,0,0,0,0,995,9.8,998,998,998,99.8,99.8,99.8,376.807448257233,9,5
19777,19,168,1-19-2020-168-04,4,2,1G11B5SA5DF3,17,20,37,2013,4,1,3,0,1,B,2,1539,5,0,1,1,9,2,56,1,0,0,995,0,0,0,35954,1,9,2,1,7,2,2,1,1,1,3,3,0,0,3,8,1,2,9,0,5,3,53,1,1,1,2,D,21,0,0,0,0,0,0,0,0,0,0,290,290,0,0,0,1,1,28,28,0,7537,998,0,11,0,4,0,0,0,0,0,995,9.8,998,998,998,99.8,99.8,99.8,376.807448257233,9,5
19777,19,168,1-19-2020-168-04,4,3,1FTPW14585FB,17,12,481,2005,34,5,31,0,1,B,9,2495,5,9999,9,0,998,5,56,1,0,0,995,0,0,0,35962,9,9,2,1,7,2,2,1,1,1,3,3,0,0,3,8,1,2,1,0,5,3,53,1,1,1,6,M,98,0,0,0,0,0,0,0,0,0,0,290,290,0,0,0,2,0,999,999,999,9999999,999,999,999,9,0,95,95,95,95,0,995,9.8,998,998,998,99.8,99.8,99.8,376.807448257233,9,5
19778,19,169,1-19-2020-169-03,3,1,KNAFK4A61G54,17,63,38,2016,4,1,3,0,1,F,1,1318,5,0,1,1,8,2,40,1,0,1,86,2,1,2,35901,2,9,2,4,2,1,2,1,1,1,0,2,0,0,3,1,1,2,1,1,11,2,13,99,1,4,1,A,1,0,0,0,0,0,0,0,0,0,0,998,998,0,1,1,1,1,14,-14,-2,11474,998,34,14,0,4,1,2,0,4,0,998,0.0,20,20,88,1.5,0.6,1.7,125.637646092121,9,5
19779,20,83,1-20-2020-083-02,2,1,1VWLA7A35KC0,17,30,46,2019,4,1,4,0,1,F,2,1480,5,0,1,1,19,2,105,1,0,1,0,2,0,0,93933,2,2,0,2,2,1,2,1,3,9,1,3,2,3,2,1,0,0,3,1,14,2,13,3,2,4,1,A,1,1,4,2,6,1,4,61,1,1,24,998,998,0,0,7,1,12,999,999,999,9999999,999,999,999,7,0,2,5,0,4,3,998,2.4,25,25,120,31.5,8.1,32.4,87.07805279924,11,5
19780,20,84,1-20-2020-084-03,3,1,JHMCN36455C0,17,37,32,2005,4,1,3,0,1,F,2,1389,5,9999,9,0,998,5,105,1,0,0,995,0,0,0,93940,9,9,1,2,3,1,2,1,1,1,1,1,0,1,1,1,0,0,2,0,1,3,52,2,1,1,2,D,28,0,0,0,0,0,0,0,0,0,0,230,230,0,0,0,1,3,30,-30,0,40351,998,0,27,0,4,95,95,95,95,0,995,9.8,998,998,998,99.8,99.8,99.8,202.965223467953,11,5
19780,20,84,1-20-2020-084-03,3,2,1HGCV1F34LA0,17,37,32,2020,4,1,4,0,1,B,2,1462,5,0,1,1,12,2,105,1,0,0,995,0,0,0,93933,9,1,1,2,3,1,2,1,1,1,1,1,0,1,1,1,0,0,1,0,2,3,53,1,1,1,2,D,29,0,0,0,0,0,0,0,0,0,0,230,230,0,0,0,1,3,27,27,0,51105,998,0,29,0,3,1,1,0,4,0,995,9.8,998,998,998,99.8,99.8,99.8,202.965223467953,11,5
19780,20,84,1-20-2020-084-03,3,3,1N6SD16S7PC4,17,35,499,1993,34,5,30,0,1,B,1,1289,5,9999,9,0,998,5,105,1,0,0,995,0,0,0,93940,9,9,1,2,3,1,2,1,1,1,1,1,0,1,1,1,0,0,9,0,5,3,53,1,1,1,6,M,98,0,0,0,0,0,0,0,0,0,0,230,230,0,0,0,2,3,20,20,0,22310,998,0,21,0,4,95,95,95,95,0,995,9.8,998,998,998,99.8,99.8,99.8,202.965223467953,11,5
19782,15,114,1-15-2020-114-09,9,1,1GCGG25V0711,17,20,461,2007,21,4,21,0,1,T,9,2188,5,9999,9,0,998,2,48,1,8,9,998,8,7,9,11542,9,9,2,4,2,1,2,1,1,1,1,2,0,0,1,1,0,0,9,1,1,2,13,99,1,4,1,C,11,1,99,2,5,7,1,2,3,2,9,285,275,0,0,0,2,0,999,999,999,9999999,999,999,999,9,0,9,97,0,8,1,995,9.8,998,998,998,99.8,99.8,99.8,48.5603912785607,1,5
19782,15,114,1-15-2020-114-09,9,2,1J8GR48K67C5,17,2,404,2007,14,3,14,0,2,B,9,2014,5,9999,9,0,998,,,,,,,,,,,,,,,,,,,,,,,,,,,,,,,,,,,,,,,,,,,,,,,,,,,,,,,,,,,,,,,,,,95,95,95,95,,,,,,,,,,48.5603912785607,1,5
19783,15,115,1-15-2020-115-04,4,1,3N1AB7AP0KL6,17,35,43,2019,4,1,3,0,1,F,9,1315,5,9999,9,0,998,2,48,1,8,9,998,8,7,9,11590,9,9,2,4,2,1,2,1,1,1,1,2,0,0,1,1,1,2,9,0,1,2,17,99,1,1,5,L,86,0,0,0,0,0,0,0,0,0,0,95,175,0,0,0,1,0,999,999,999,9999999,999,999,999,9,0,0,0,0,0,0,995,9.8,998,998,998,99.8,99.8,99.8,25.4794864827506,1,5
19783,15,115,1-15-2020-115-04,4,2,1GDHG31V4612,17,23,461,2006,21,4,24,2,1,R,9,2367,5,9999,9,0,998,5,48,1,8,9,998,8,7,9,11050,9,9,2,4,2,1,2,1,1,1,0,0,0,0,1,1,1,2,9,0,1,4,66,99,1,1,5,L,87,0,0,0,0,0,0,0,0,0,0,175,95,0,0,0,1,0,999,999,999,9999999,999,999,999,9,0,95,95,95,95,0,995,9.8,998,998,998,99.8,99.8,99.8,25.4794864827506,1,5
19784,15,116,1-15-2020-116-10,10,1,WAULC68E32A3,17,32,43,2002,4,1,3,0,1,L,1,1475,5,9999,9,4,9,2,48,1,8,9,998,8,9,9,11422,9,1,2,4,2,1,2,1,1,1,0,0,0,0,1,1,0,0,1,0,11,2,15,1,1,1,4,K,82,0,0,0,0,0,0,0,0,0,0,270,50,0,0,0,1,98,999,999,999,9999999,999,999,999,6,0,0,0,0,0,0,995,9.8,998,998,998,99.8,99.8,99.8,171.10727679374,1,5
19784,15,116,1-15-2020-116-10,10,2,JN8AS1MW1CM1,17,58,39,2012,6,1,4,0,1,F,9,1954,5,9999,9,0,998,5,48,1,8,9,998,8,7,9,11003,9,9,2,4,2,1,2,1,1,1,0,2,0,0,1,1,0,0,9,0,1,4,67,99,1,1,4,K,83,0,0,0,0,0,0,0,0,0,0,50,270,0,0,0,1,0,999,999,999,9999999,999,999,999,9,0,95,95,95,95,0,995,9.8,998,998,998,99.8,99.8,99.8,171.10727679374,1,5
19785,26,154,1-26-2020-154-03,3,1,KNDPMCAC9H71,17,63,401,2017,14,3,14,0,1,F,1,1696,5,0,1,1,24,2,105,1,0,8,997,8,0,0,95814,9,9,0,2,5,5,1,1,1,9,3,2,0,0,2,1,0,0,1,0,1,6,90,1,1,1,1,C,12,0,0,0,0,0,0,0,0,0,0,998,998,0,0,0,2,1,14,-14,0,13962,998,0,14,0,3,2,9,0,3,0,998,1.7,999,999,999,99.9,0.0,99.9,423.929238333281,10,5
19788,29,163,1-29-2020-163-01,1,1,WDDNG8GB5AA3,17,42,43,2010,4,1,5,0,1,T,2,2100,5,0,1,1,7,2,56,1,9,0,995,0,9,0,02740,1,1,0,4,2,1,2,2,2,2,3,2,0,0,3,2,0,0,9,1,14,1,6,2,2,4,1,B,7,1,2,2,2,6,4,68,2,2,5,997,997,0,1,0,5,6,999,999,999,9999999,999,999,999,7,0,9,97,0,1,3,997,0.5,30,16,16,0.0,0.0,0.0,15.9283144918181,2,5
19789,20,86,1-20-2020-086-04,4,1,3HGCG6656YG7,17,37,32,2000,4,1,3,0,1,F,9,1310,5,9999,9,0,998,5,40,1,0,0,995,0,0,0,95012,9,9,2,4,2,1,2,1,1,1,0,5,0,0,1,1,2,2,2,0,1,2,17,1,1,1,5,L,88,0,0,0,0,0,0,0,0,0,0,220,130,0,0,0,1,0,999,999,999,9999999,999,999,999,9,0,95,95,95,95,0,995,9.8,998,998,998,99.8,99.8,99.8,575.453394015704,11,5
19789,20,86,1-20-2020-086-04,4,2,JM1BM1U76G12,17,41,51,2016,4,1,3,0,1,L,1,1327,5,9999,9,4,41,2,40,1,0,0,995,0,0,0,95012,9,1,2,4,2,1,2,1,1,1,0,0,0,0,1,1,2,2,9,0,1,4,66,1,1,1,5,L,89,0,0,0,0,0,0,0,0,0,0,130,220,0,0,0,1,12,999,999,999,9999999,999,999,999,6,0,0,0,0,0,0,995,9.9,999,999,999,0.2,1.9,1.9,575.453394015704,11,5
19789,20,86,1-20-2020-086-04,4,3,1J4GZ58S2SC7,17,2,404,1995,14,3,14,0,2,F,9,1667,5,9999,9,0,998,,,,,,,,,,,,,,,,,,,,,,,,,,,,,,,,,,,,,,,,,,,,,,,,,,,,,,,,,,,,,,,,,,95,95,95,95,,,,,,,,,,575.453394015704,11,5
19794,18,82,1-18-2020-082-08,8,1,1FTPW14515KD,17,12,481,2005,34,5,31,0,1,F,2,2495,5,0,1,1,20,2,89,1,1,1,20,1,0,3,54726,1,9,2,4,2,1,2,1,1,1,0,0,0,0,2,1,1,2,9,1,1,2,14,2,1,4,1,C,14,0,0,0,0,0,0,0,0,0,0,998,998,0,1,5,1,10,999,999,999,9999999,999,21,35,3,0,9,97,0,1,0,998,0.0,15,15,60,6.6,0.3,6.7,479.234464658661,6,5
19796,21,140,1-21-2020-140-05,5,1,WBAPH5G58BNM,17,34,34,2011,4,1,3,0,1,F,9,1525,5,9999,9,0,998,2,113,1,0,0,995,0,0,0,91505,3,9,0,1,3,3,2,1,1,9,3,2,1,3,1,1,0,0,9,1,6,2,11,4,1,6,2,F,46,0,0,0,0,0,0,0,0,0,0,335,280,0,0,0,1,0,999,999,999,9999999,999,999,999,9,0,1,1,0,8,0,995,9.8,998,998,998,99.8,99.8,99.8,34.0721299196028,11,5
19796,21,140,1-21-2020-140-05,5,2,3HSDZAPRXLN8,17,84,881,2020,66,8,68,0,1,L,9,,,,,,,5,89,1,0,0,995,0,0,0,93543,9,9,0,1,3,2,2,1,1,9,1,3,0,3,1,1,0,0,1,0,1,4,60,1,1,1,2,F,45,,,,,,,,,,,,,,,,,,,,,,,,,,,95,95,95,95,,,9.8,998,998,998,99.8,99.8,99.8,34.0721299196028,11,5
19797,21,141,1-21-2020-141-04,4,1,2T3W1RFV8LW0,17,49,402,2020,14,3,14,0,1,R,2,1528,5,0,2,5,24,2,113,1,0,0,995,0,0,0,92821,1,2,0,1,2,1,2,1,1,9,1,3,2,3,2,1,0,0,1,1,1,2,13,2,1,4,1,A,1,1,4,1,2,1,4,61,1,2,31,997,997,0,0,0,1,6,999,999,999,9999999,999,999,999,7,0,1,1,0,0,3,997,2.7,999,999,999,28.8,16.4,33.2,1678.2089738888,11,5
19798,21,142,1-21-2020-142-02,2,1,1G6DG5EY5B01,17,19,18,2011,4,1,4,0,1,F,2,1868,5,9999,9,4,58,2,72,1,9,0,995,0,9,0,92411,9,9,0,4,3,1,2,1,2,3,3,2,0,0,1,1,0,0,1,1,6,2,12,99,1,4,1,B,6,0,0,0,0,0,0,0,0,0,0,998,998,0,0,0,4,12,999,999,999,9999999,999,999,999,7,0,99,99,0,99,0,998,0.0,120,15,20,0.0,0.0,0.0,18.3288613499856,11,5
19798,21,142,1-21-2020-142-02,2,2,JTDBE32K3302,17,49,40,2003,4,1,3,0,1,F,2,1435,5,9999,9,4,58,2,64,1,0,0,995,0,0,0,92407,9,9,0,4,3,2,2,1,2,3,3,2,0,0,1,1,0,0,1,1,14,4,63,7,1,2,6,M,98,0,0,0,0,0,0,0,0,0,0,330,155,0,0,0,6,12,999,999,999,9999999,999,999,999,7,0,99,99,0,8,0,995,9.8,998,998,998,99.8,99.8,99.8,18.3288613499856,11,5
19798,21,142,1-21-2020-142-02,2,3,2T1BURHE1JC1,17,49,32,2018,4,1,3,0,1,F,2,1302,8,9999,9,4,50,2,72,1,0,1,0,2,0,1,92405,1,9,0,4,3,1,2,1,2,3,3,2,0,0,1,1,0,0,1,0,14,4,62,99,1,1,6,M,98,0,0,0,0,0,0,0,0,0,0,155,330,0,0,0,6,12,999,999,999,9999999,999,999,999,7,0,3,19,2,3,0,995,0.0,6,6,999,0.0,0.0,0.0,18.3288613499856,11,5
19799,21,143,1-21-2020-143-03,3,1,1G1JC5SG3E41,17,20,28,2014,4,1,1,0,1,F,2,1245,5,9999,9,4,54,2,64,1,0,0,995,0,0,0,92503,2,9,3,4,4,2,2,1,1,1,3,2,0,0,1,1,0,0,1,0,1,4,67,99,1,1,4,K,83,0,0,0,0,0,0,0,0,0,0,275,150,0,0,0,1,12,999,999,999,9999999,999,999,999,7,0,99,99,0,99,0,995,9.8,998,998,998,99.8,99.8,99.8,370.063046849142,11,5
19799,21,143,1-21-2020-143-03,3,2,1C6RR6FG4KS5,17,7,482,2019,34,5,31,0,1,L,2,2177,5,9999,9,4,52,2,0,1,0,0,995,0,0,0,92405,9,1,3,4,2,1,2,1,1,1,0,0,0,0,1,1,0,0,2,0,11,2,15,99,1,1,4,K,82,0,0,0,0,0,0,0,0,0,0,150,275,0,0,0,1,12,999,999,999,9999999,999,999,999,7,0,99,99,0,8,0,995,9.8,998,998,998,99.8,99.8,99.8,370.063046849142,11,5
19800,22,125,1-22-2020-125-04,4,1,JA32U2FU0HU0,17,52,46,2017,4,1,2,0,1,L,1,1425,5,0,1,1,12,2,105,1,0,0,995,0,0,0,99163,1,2,0,2,2,1,2,1,3,2,1,3,2,3,2,1,0,0,1,1,6,6,90,99,1,2,1,C,12,0,0,0,0,0,0,0,0,0,0,998,998,0,0,0,1,8,999,999,999,9999999,999,999,999,6,0,0,0,0,0,0,998,9.8,998,998,998,99.8,99.8,99.8,32.4918796027834,12,5
19802,22,126,1-22-2020-126-10,10,1,3D3KR28T19G5,17,7,482,2009,34,5,30,0,1,F,1,2504,5,100,1,1,10,2,97,1,0,0,995,0,0,0,99111,9,9,0,4,3,1,2,3,1,1,1,3,0,1,2,1,0,0,9,1,1,1,5,99,4,4,1,B,7,0,0,0,0,0,0,0,0,0,0,998,998,0,0,7,1,98,999,999,999,9999999,999,999,999,6,0,99,99,0,0,0,998,2.2,999,999,999,3.8,1.4,4.0,178.847026403615,12,5
19803,22,127,1-22-2020-127-10,10,1,5NPEU46FX7H2,17,55,33,2007,4,1,3,0,1,F,9,1569,5,9999,9,0,998,2,80,1,0,0,995,0,0,0,99326,9,9,0,4,2,1,2,1,3,4,1,2,0,0,2,5,0,0,9,1,14,6,87,99,1,4,1,A,3,0,0,0,0,0,0,0,0,0,0,998,998,0,1,0,1,0,999,999,999,9999999,999,999,999,9,0,99,99,0,0,0,998,0.5,120,100,-60,99.9,99.9,99.9,178.847026403615,12,5
19804,26,156,1-26-2020-156-06,6,1,2G1FA1E31C91,17,20,9,2012,2,1,4,0,1,L,2,1700,5,9999,9,4,18,2,56,1,0,0,995,0,0,0,95828,1,9,2,4,4,1,2,1,1,1,1,2,0,0,1,1,1,2,2,0,12,2,21,1,1,2,6,M,98,0,0,0,0,0,0,0,0,0,0,270,345,0,0,0,1,12,999,999,999,9999999,999,999,999,7,0,99,99,0,99,0,995,9.8,998,998,998,99.8,99.8,99.8,666.478258567948,10,5
19804,26,156,1-26-2020-156-06,6,2,1J4GW48S54C3,17,2,404,2004,14,3,14,0,1,F,9,1812,5,9999,9,0,998,5,56,1,0,0,995,0,0,0,95821,9,9,2,4,4,1,2,1,1,1,1,2,0,0,1,1,1,2,1,0,1,3,51,99,1,1,6,M,98,0,0,0,0,0,0,0,0,0,0,345,270,0,0,0,1,0,999,999,999,9999999,999,999,999,9,0,95,95,95,95,0,995,9.8,998,998,998,99.8,99.8,99.8,666.478258567948,10,5