CASEID,PSU,CASENO,CASENUMBER,CATEGORY,VEHNO,VIN,VINLENGTH,MAKE,MODEL,MODELYR,BODYTYPE,BODYCAT,VEHCLASS,SPECUSE,TRANSTAT,DAMPLANE,DAMSEV,CURBWT,CURBSRC,CARGOWT,CARGOSRC,INSPTYPE,INSPLAG,TOWED,SPEEDLIMIT,DRPRESENT,PARALCOHOL,ALCTEST,ALCTESTRESULT,ALCTESTSRC,PARDRUG,DRUGTEST,ZIP,RACE,ETHNICITY,RELTOJUNCT,TRAFFLOW,RDLANES,INITLANE,SURFTYPE,SURFCOND,ALIGNMENT,PROFILE,LINERIGHT,LINELEFT,RUMBINIT,RUMBROAD,LIGHTCOND,WEATHER,TRAFDEV,TRAFFUNCT,DISTRACT,PREFHE,PREMOVE,CRITCAT,CRITEVENT,MANEUVER,PRESTAB,PRELOC,CRASHCAT,CRASHCONF,CRASHTYPE,ROLLTYPE,ROLLTURN,ROLLINTRPT,ROLLPREMAN,ROLLINITYP,ROLLINLOC,ROLLOBJ,ROLLTRIP,ROLLDIR,ROLLDIST,DVANGTHIS,DVANGOTH,TOWHITCH,TRAJDOC,TREEPOLE,DVEVENT,DVBASIS,DVTOTAL,DVLONG,DVLAT,DVENERGY,DVSPEED,DVMOMENT,DVBES,DVEST,DVCONF,VAIS,VISS,VINJURED,VTREAT,INITOBJCLASS,HEADANGLECAT,SHLDRWIDTH,STRKLENGTH,STRKWIDTH,STRKHEIGHT,EDGEDISTX,EDGEDISTY,EDGEDISTZ,CASEWGT,PSUSTRAT,VERSION
19875,29,167,1-29-2020-167-04,4,2,4T1B11HK9KU7,17,49,40,2019,4,1,4,0,1,B,9,1520,5,9999,9,0,998,5,105,1,0,0,995,0,0,0,28081,9,9,0,2,3,1,2,2,1,9,1,3,2,3,2,2,0,0,1,0,1,4,64,99,1,1,6,M,98,0,0,0,0,0,0,0,0,0,0,95,85,0,0,0,2,0,999,999,999,9999999,999,999,999,9,0,95,95,95,95,0,995,9.8,998,998,998,99.8,99.8,99.8,158.166665455797,2,5
19876,31,81,1-31-2020-081-10,10,1,2GTEK19T2411,17,23,481,2004,34,5,31,0,1,U,9,2241,5,9999,9,0,998,2,89,1,0,0,995,0,0,0,62935,9,9,2,4,2,1,4,1,1,2,0,0,0,0,1,1,0,0,9,1,11,1,3,99,9,4,1,B,7,0,0,0,0,0,0,0,0,0,0,996,996,0,1,0,2,0,999,999,999,9999999,999,999,999,9,0,0,0,0,0,0,996,0.0,10,10,120,0.0,0.0,0.0,1050.67424392979,6,5
19877,73,95,1-73-2020-095-07,7,1,2C4RC1BG8ER3,17,6,441,2014,20,4,20,0,1,F,1,2115,5,0,1,1,15,2,80,1,0,0,995,0,0,0,04943,9,9,0,4,2,1,2,1,1,1,1,4,0,0,1,1,0,0,1,0,1,6,87,99,1,1,1,C,13,0,0,0,0,0,0,0,0,0,0,998,998,0,0,0,1,10,999,999,999,9999999,999,0,15,2,0,0,0,0,0,0,998,9.8,998,998,998,99.8,99.8,99.8,122.995934935321,3,5
19878,24,177,1-24-2020-177-04,4,1,2HGFC2F70JH6,17,37,31,2018,4,1,3,0,1,F,1,1244,5,0,1,1,12,2,40,1,0,0,995,0,0,0,07057,1,1,2,4,4,2,2,2,1,1,1,2,0,0,1,2,1,2,1,0,11,2,15,1,1,1,4,J,68,0,0,0,0,0,0,0,0,0,0,240,90,0,0,0,1,3,14,-12,-7,9861,998,-103,11,0,4,0,0,0,0,0,995,9.8,998,998,998,99.8,99.8,99.8,2193.78327182364,1,5
19878,24,177,1-24-2020-177-04,4,2,1B7GG42X12S5,17,7,472,2002,34,5,31,0,1,F,1,1652,5,9999,9,0,998,5,40,1,0,0,995,0,0,0,08270,9,9,2,4,4,1,2,2,1,1,0,1,0,0,1,2,1,2,9,0,1,4,62,99,1,1,4,J,69,0,0,0,0,0,0,0,0,0,0,90,240,0,0,0,1,3,11,-11,0,14528,998,0,15,0,4,95,95,95,95,0,995,9.8,998,998,998,99.8,99.8,99.8,2193.78327182364,1,5
19879,18,87,1-18-2020-087-07,7,1,3N1AB7AP1FY2,17,35,43,2015,4,1,3,0,1,F,1,1293,5,0,1,1,30,2,89,1,0,0,995,0,0,0,54722,9,9,0,4,2,1,2,1,1,1,1,2,0,0,2,1,0,0,9,0,1,6,87,99,1,1,1,C,13,0,0,0,0,0,0,0,0,0,0,998,998,0,0,0,1,10,999,999,999,9999999,999,8,14,2,0,0,0,0,0,0,998,9.8,998,998,998,99.8,99.8,99.8,706.89115134891,6,5
19880,77,103,1-77-2020-103-09,9,1,2GCEK19R2T12,17,20,481,1996,34,5,31,0,1,L,3,2122,5,0,2,1,11,2,89,1,8,0,995,0,7,8,99999,9,1,0,4,2,1,2,1,1,4,1,2,1,1,5,1,0,0,9,1,1,1,8,8,3,4,1,A,2,1,4,2,2,2,4,60,4,2,22,997,997,0,0,0,2,6,999,999,999,9999999,999,999,999,8,0,1,1,0,0,3,997,0.2,120,120,120,11.0,2.5,11.0,1285.43065512954,9,5
19881,77,104,1-77-2020-104-04,4,1,1GCHK23296F1,17,20,481,2006,34,5,31,0,1,F,1,2668,5,9999,9,0,998,5,89,1,0,0,995,0,0,0,22727,9,9,2,2,5,2,2,1,1,9,1,1,0,0,1,1,1,2,3,0,1,2,17,2,1,1,4,J,69,0,0,0,0,0,0,0,0,0,0,210,310,0,0,0,1,3,8,-8,3,8086,998,88,8,0,4,95,95,95,95,0,995,9.8,998,998,998,99.8,99.8,99.8,686.68551479932,9,5
19881,77,104,1-77-2020-104-04,4,2,KM8J33A25GU0,17,55,402,2016,14,3,14,0,1,R,1,1560,5,0,1,1,2,2,89,1,0,0,995,0,0,0,22903,9,9,2,2,4,4,2,1,1,9,1,2,0,0,1,1,1,2,1,0,11,4,63,99,1,1,4,J,68,0,0,0,0,0,0,0,0,0,0,310,210,0,0,0,1,3,14,-7,-12,13326,998,-22,14,0,4,0,0,0,0,0,995,9.8,998,998,998,99.8,99.8,99.8,686.68551479932,9,5
19882,10,177,1-10-2020-177-01,1,1,1G1PC5SBXE74,17,20,25,2014,4,1,3,0,1,F,3,1407,5,0,1,4,10,2,56,1,0,1,0,3,0,2,45404,1,9,2,5,5,2,2,1,1,1,3,2,0,0,1,1,0,0,3,1,1,2,10,1,1,2,3,G,50,0,0,0,0,0,0,0,0,0,0,50,250,0,1,0,1,12,999,999,999,9999999,999,999,999,8,0,3,22,1,1,0,995,9.8,998,998,998,99.8,99.8,99.8,20.7611405952343,4,5
19882,10,177,1-10-2020-177-01,1,2,1FTNE24L49DA,17,12,461,2009,21,4,21,0,1,F,2,2328,5,9999,9,4,10,2,56,1,0,0,995,0,0,0,45403,9,9,2,5,5,2,2,1,1,1,3,2,0,0,1,1,0,0,1,0,1,4,62,8,1,1,3,G,51,0,0,0,0,0,0,0,0,0,0,250,50,0,1,0,1,12,999,999,999,9999999,999,999,999,7,0,9,97,0,8,0,995,0.0,48,8,10,0.0,0.0,0.0,20.7611405952343,4,5
19883,10,178,1-10-2020-178-10,10,1,1FMZU67E51UA,17,12,473,2001,34,5,31,0,1,T,1,9999,9,0,1,4,9,2,80,1,0,0,995,0,0,0,30294,9,9,0,2,3,2,1,1,3,2,1,3,0,0,1,8,0,0,9,1,14,1,6,99,9,4,1,A,1,1,2,2,6,2,4,54,4,2,999,997,997,0,0,0,4,6,999,999,999,9999999,999,999,999,6,0,0,0,0,0,3,997,3.1,999,999,999,0.0,0.0,0.0,3448.33003505499,4,5
19884,10,179,1-10-2020-179-07,7,1,1G6DM57NX301,17,19,18,2003,4,1,4,0,1,F,2,1620,5,0,1,4,98,2,56,1,0,0,995,0,0,0,45322,9,9,0,4,4,2,2,1,1,1,3,2,0,0,1,8,0,0,3,1,1,2,10,99,9,2,3,I,64,0,0,0,0,0,0,0,0,0,0,320,160,0,0,0,1,12,999,999,999,9999999,999,999,999,7,0,0,0,0,0,0,995,9.8,998,998,998,99.8,99.8,99.8,822.841330127463,4,5
19884,10,179,1-10-2020-179-07,7,2,2GKALSEK4D63,17,23,402,2013,14,3,14,0,1,L,2,1748,5,9999,9,4,99,2,56,1,0,0,995,0,0,0,45405,9,9,0,4,4,2,2,1,1,1,3,2,0,0,1,8,0,0,1,0,1,4,62,99,9,1,3,I,65,0,0,0,0,0,0,0,0,0,0,160,320,0,0,0,1,12,999,999,999,9999999,999,999,999,7,0,0,0,0,0,0,995,9.8,998,998,998,99.8,99.8,99.8,822.841330127463,4,5
19885,10,180,1-10-2020-180-03,3,1,2HGFC3B76HH3,17,37,31,2017,2,1,3,0,1,F,1,1313,5,0,1,1,8,2,64,1,0,1,220,2,0,0,45430,2,9,0,5,5,2,2,2,1,1,3,2,0,0,3,2,0,0,1,1,1,1,6,2,1,2,3,G,50,0,0,0,0,0,0,0,0,0,0,170,20,0,0,0,1,3,16,-15,-3,13256,998,26,15,0,4,0,0,0,4,0,995,9.8,998,998,998,99.8,99.8,99.8,170.048891021334,4,5
19885,10,180,1-10-2020-180-03,3,2,2G1105S3XH91,17,20,2,2017,4,1,4,0,1,F,1,1717,5,9999,9,0,998,5,64,1,0,0,995,0,0,0,45429,9,9,0,5,5,2,2,2,1,1,3,2,0,0,3,2,0,0,1,0,1,4,62,99,1,1,3,G,51,0,0,0,0,0,0,0,0,0,0,20,170,0,0,0,1,3,12,-11,4,13201,998,74,12,0,4,95,95,95,95,0,995,9.8,998,998,998,99.8,99.8,99.8,170.048891021334,4,5
19886,14,87,1-14-2020-087-03,3,1,JN8AZ1MU7AW0,17,35,49,2010,6,1,4,0,1,F,1,1833,5,0,1,1,21,2,97,1,0,0,995,0,0,0,78154,1,9,0,2,3,3,2,1,1,9,3,2,0,0,1,1,0,0,9,0,1,3,50,99,1,1,2,D,20,0,0,0,0,0,0,0,0,0,0,240,240,0,0,0,1,1,16,-16,0,11026,998,-10,12,0,4,0,0,0,0,0,995,9.8,998,998,998,99.8,99.8,99.8,1071.62878650612,8,5
19886,14,87,1-14-2020-087-03,3,2,5YFBURHE8KP9,17,49,32,2019,4,1,3,0,1,B,1,1265,5,0,1,1,22,2,97,1,0,0,995,0,0,0,78247,9,1,0,2,3,3,2,1,1,9,3,2,0,0,1,1,0,0,9,0,5,3,53,99,1,1,2,D,21,0,0,0,0,0,0,0,0,0,0,240,240,0,0,0,1,1,21,21,0,31521,998,-10,24,0,4,1,3,0,4,0,995,9.8,998,998,998,99.8,99.8,99.8,1071.62878650612,8,5
19886,14,87,1-14-2020-087-03,3,3,999999999999,99,99,999,9999,99,10,99,99,1,B,9,,,,,,,5,97,1,8,0,995,0,7,0,99999,9,9,0,2,3,3,2,1,1,9,3,2,0,0,1,1,0,0,9,0,5,3,53,99,1,1,6,M,98,,,,,,,,,,,,,,,,,,,,,,,,,,,95,95,95,95,,,9.8,998,998,998,99.8,99.8,99.8,1071.62878650612,8,5
19887,14,88,1-14-2020-088-02,2,1,WMWXU3C55G2D,17,69,54,2016,5,1,2,0,1,F,3,1313,5,0,1,1,49,2,89,1,1,1,272,2,1,1,78130,1,2,0,4,2,1,2,1,3,1,1,4,0,0,1,1,0,0,9,1,14,2,10,3,1,2,3,G,50,0,0,0,0,0,0,0,0,0,0,190,30,0,1,0,1,1,54,-54,-9,101688,998,-30,42,0,3,4,34,1,3,0,995,9.8,998,998,998,99.8,99.8,99.8,185.969882760661,8,5
19887,14,88,1-14-2020-088-02,2,2,5J6RM4H99FL1,17,37,402,2015,14,3,14,0,1,F,3,1586,5,0,1,1,29,2,89,1,0,0,995,0,0,0,78132,1,9,0,4,2,1,2,1,2,1,1,4,0,0,1,1,0,0,9,0,14,4,62,4,1,1,3,G,51,0,0,0,0,0,0,0,0,0,0,30,190,0,0,0,1,1,45,-45,8,208297,998,35,55,0,1,9,97,0,8,0,995,9.8,998,998,998,99.8,99.8,99.8,185.969882760661,8,5
19889,17,119,1-17-2020-119-04,4,1,JTMG1RFV1LD0,17,49,402,2020,14,3,14,0,1,R,9,1583,5,9999,9,0,998,5,48,1,9,0,995,0,9,0,61201,9,9,2,4,2,1,2,1,1,1,0,2,0,0,3,1,0,0,3,0,11,2,15,99,1,1,4,J,68,0,0,0,0,0,0,0,0,0,0,300,180,0,0,0,1,0,999,999,999,9999999,999,999,999,9,0,95,95,95,95,0,995,9.8,998,998,998,99.8,99.8,99.8,399.231985056283,4,5
19889,17,119,1-17-2020-119-04,4,2,1FMCU0GD4JUC,17,12,402,2018,14,3,14,0,1,F,1,1774,5,0,1,5,8,2,48,1,8,0,995,0,9,0,61201,9,9,2,4,2,1,2,1,1,1,0,2,0,0,3,1,0,0,1,0,1,4,62,3,1,1,4,J,69,0,0,0,0,0,0,0,0,0,0,180,300,0,0,0,1,12,999,999,999,9999999,999,999,999,6,0,0,0,0,0,0,995,9.8,998,998,998,99.8,99.8,99.8,399.231985056283,4,5
19890,17,120,1-17-2020-120-10,10,1,1FMCU03Z78KB,17,12,402,2008,14,3,14,0,1,F,1,1540,5,0,1,1,3,2,40,1,0,0,995,0,0,0,61201,9,9,2,4,2,1,1,1,1,1,0,0,0,0,3,1,2,2,3,1,1,2,14,1,1,4,1,C,14,0,0,0,0,0,0,0,0,0,0,998,998,0,0,0,1,10,999,999,999,9999999,999,-27,18,2,0,0,0,0,0,0,998,0.0,62,16,105,4.6,0.0,4.6,2681.03903185749,4,5
19891,11,91,1-11-2020-091-07,7,1,JM1BL1V75D17,17,41,51,2013,4,1,2,0,1,F,2,1378,5,0,1,1,14,2,97,1,0,0,995,0,0,0,23434,9,9,0,2,3,1,2,1,1,1,1,3,0,0,2,1,0,0,1,0,1,3,51,1,1,1,2,D,24,0,0,0,0,0,0,0,0,0,0,160,160,0,0,0,1,3,27,-27,0,20821,998,-1,19,0,4,0,0,0,0,0,995,9.8,998,998,998,99.8,99.8,99.8,5007.40025059395,8,5
19891,11,91,1-11-2020-091-07,7,2,1N4AL3APXFC2,17,35,47,2015,4,1,4,0,1,B,2,1416,5,9999,9,0,998,5,97,1,0,0,995,0,0,0,23875,9,9,0,2,3,1,2,1,1,1,1,3,0,0,2,1,0,0,1,0,1,3,53,99,1,1,2,D,25,0,0,0,0,0,0,0,0,0,0,160,160,0,0,0,1,3,27,27,0,59786,998,0,33,0,4,95,95,95,95,0,995,9.8,998,998,998,99.8,99.8,99.8,5007.40025059395,8,5
19891,11,91,1-11-2020-091-07,7,3,1C4PJLDS4GW1,17,2,404,2016,14,3,14,0,1,B,9,1669,5,9999,9,0,998,5,97,1,0,0,995,0,0,0,23836,9,9,0,2,3,1,2,1,1,1,1,3,0,0,2,1,0,0,1,0,1,3,53,99,1,1,6,M,98,0,0,0,0,0,0,0,0,0,0,160,155,0,0,0,2,0,999,999,999,9999999,999,999,999,9,0,95,95,95,95,0,995,9.8,998,998,998,99.8,99.8,99.8,5007.40025059395,8,5
19892,11,92,1-11-2020-092-09,9,1,JN1CA31A21T3,17,35,39,2001,4,1,3,0,1,F,1,1451,5,0,1,4,13,2,56,1,0,1,0,2,0,0,23235,2,2,3,4,2,1,2,1,2,1,1,2,0,0,2,1,0,0,1,0,14,3,52,99,1,1,2,D,28,0,0,0,0,0,0,0,0,0,0,185,185,0,0,0,1,12,999,999,999,9999999,999,999,999,6,0,1,2,0,4,0,995,9.8,998,998,998,99.8,99.8,99.8,6117.3819269396,8,5
19892,11,92,1-11-2020-092-09,9,2,4S3BH6654176,17,48,34,2001,6,1,3,0,1,B,9,1590,5,9999,9,0,998,5,56,1,0,0,995,0,0,0,23235,9,9,3,1,2,1,2,1,2,1,1,2,0,0,2,1,0,0,1,0,2,3,53,99,1,1,2,D,29,0,0,0,0,0,0,0,0,0,0,185,185,0,0,0,1,0,999,999,999,9999999,999,999,999,9,0,95,95,95,95,0,995,9.8,998,998,998,99.8,99.8,99.8,6117.3819269396,8,5
19893,30,156,1-30-2020-156-01,1,1,1FUJGLDR1ASA,17,82,898,2010,66,8,68,0,1,F,9,,,,,,,2,72,1,0,0,995,0,0,0,92504,9,9,2,3,2,1,2,1,1,1,1,3,2,3,1,1,1,2,3,0,1,3,50,99,1,1,2,D,20,,,,,,,,,,,,,,,,,,,,,,,,,,,95,95,95,95,,,9.8,998,998,998,99.8,99.8,99.8,36.3179049018098,10,5
19893,30,156,1-30-2020-156-01,1,2,2T1BURHE1KC2,17,49,32,2019,4,1,3,0,1,B,9,1265,5,9999,9,0,998,2,72,1,0,1,0,3,0,1,85140,1,9,2,3,2,1,2,1,1,1,1,3,2,3,1,1,1,2,1,0,5,3,53,1,1,1,2,D,21,0,0,0,0,0,0,0,0,0,0,5,5,0,0,0,1,0,999,999,999,9999999,999,999,999,9,0,6,75,1,1,0,995,9.8,998,998,998,99.8,99.8,99.8,36.3179049018098,10,5
19893,30,156,1-30-2020-156-01,1,3,1FDEE14N9PHB,17,12,461,1993,21,4,21,0,1,B,9,2027,5,9999,9,0,998,2,72,1,0,0,995,0,0,0,90026,9,9,2,3,2,1,2,1,1,1,1,3,2,3,1,1,1,2,1,0,5,3,53,1,1,1,6,M,98,0,0,0,0,0,0,0,0,0,0,5,5,0,0,0,2,0,999,999,999,9999999,999,999,999,9,0,9,97,0,5,0,995,9.8,998,998,998,99.8,99.8,99.8,36.3179049018098,10,5
19893,30,156,1-30-2020-156-01,1,4,1N6SD11S9SC4,17,35,471,1995,34,5,30,0,1,B,9,1281,5,9999,9,0,998,2,72,1,0,0,995,0,0,0,85037,9,9,2,3,2,1,2,1,1,1,1,3,2,3,1,1,1,2,1,0,5,3,53,1,1,1,6,M,98,0,0,0,0,0,0,0,0,0,0,5,5,9,0,0,3,0,999,999,999,9999999,999,999,999,9,0,9,97,0,8,0,995,9.8,998,998,998,99.8,99.8,99.8,36.3179049018098,10,5
19893,30,156,1-30-2020-156-01,1,5,3A8FY48909T5,17,6,52,2009,6,1,2,0,1,9,9,1498,5,9999,9,0,998,5,72,1,0,0,995,0,0,0,85013,9,9,2,3,2,1,2,1,1,1,1,3,2,3,1,1,1,2,1,0,5,8,98,1,1,1,6,M,98,0,0,0,0,0,0,0,0,0,0,998,998,0,0,0,4,0,999,999,999,9999999,999,999,999,9,0,95,95,95,95,0,998,9.8,998,998,998,99.8,99.8,99.8,36.3179049018098,10,5
19894,30,157,1-30-2020-157-03,3,1,KL8CB6SA4HC8,17,20,29,2017,5,1,1,0,1,F,2,1019,5,0,1,1,42,2,105,1,0,0,995,0,0,0,85351,9,9,0,2,4,2,2,1,1,9,3,3,0,0,1,1,0,0,1,0,1,3,52,7,1,1,2,D,28,0,0,0,0,0,0,0,0,0,0,5,0,0,0,0,1,12,999,999,999,9999999,999,999,999,7,0,99,99,0,0,0,995,9.8,998,998,998,99.8,99.8,99.8,491.120472668053,10,5
19894,30,157,1-30-2020-157-03,3,2,1FTER4EH0KLA,17,12,471,2019,34,5,31,0,1,B,9,2014,5,9999,9,0,998,5,105,1,0,0,995,0,0,0,85234,9,9,0,2,4,2,2,1,1,9,3,3,0,0,1,1,0,0,1,0,2,3,53,1,1,1,2,D,29,0,0,0,0,0,0,0,0,0,0,0,5,0,0,0,1,0,999,999,999,9999999,999,999,999,9,0,95,95,95,95,0,995,9.8,998,998,998,99.8,99.8,99.8,491.120472668053,10,5
19895,30,158,1-30-2020-158-04,4,1,1FTFW1CT5BFB,17,12,481,2011,34,5,31,0,1,F,9,9999,9,9999,9,0,998,2,105,1,0,0,995,0,0,0,85016,9,9,0,2,5,1,2,1,2,1,1,3,0,0,3,1,0,0,1,0,14,3,50,2,1,1,2,D,20,0,0,0,0,0,0,0,0,0,0,80,90,0,0,0,1,0,999,999,999,9999999,999,999,999,9,0,0,0,0,0,0,995,9.8,998,998,998,99.8,99.8,99.8,1763.238708793,10,5
19895,30,158,1-30-2020-158-04,4,2,1C4BJWDG1GL2,17,2,403,2016,14,3,14,0,1,B,9,1860,5,9999,9,0,998,2,105,1,0,0,995,0,0,0,85016,9,9,0,2,5,1,2,1,2,1,1,3,0,0,3,1,0,0,1,0,5,3,53,1,1,1,2,D,21,0,0,0,0,0,0,0,0,0,0,90,80,0,0,0,1,0,999,999,999,9999999,999,999,999,9,0,0,0,0,0,0,995,9.8,998,998,998,99.8,99.8,99.8,1763.238708793,10,5
19895,30,158,1-30-2020-158-04,4,3,3MYDLBYVXJY3,17,49,51,2018,4,1,2,0,1,B,9,1082,5,9999,9,0,998,2,105,1,0,0,995,0,0,0,85282,9,9,0,2,5,2,2,1,2,1,3,3,0,0,3,1,0,0,1,0,5,4,61,1,1,1,6,M,98,0,0,0,0,0,0,0,0,0,0,90,80,0,0,0,2,0,999,999,999,9999999,999,999,999,9,0,0,0,0,0,0,995,9.8,998,998,998,99.8,99.8,99.8,1763.238708793,10,5
19896,48,73,1-48-2020-073-01,1,1,5FNRL38765B0,17,37,441,2005,20,4,20,0,1,F,3,2033,5,0,1,1,35,2,72,1,0,1,0,3,0,1,84306,9,9,2,4,2,1,2,1,1,1,1,2,0,0,1,1,2,2,9,0,1,2,17,99,1,1,5,L,88,0,0,0,0,0,0,0,0,0,0,170,80,0,0,0,1,5,999,999,999,9999999,999,999,41,4,0,3,17,1,1,0,995,9.8,998,998,998,99.8,99.8,99.8,94.864116906177,12,5
19896,48,73,1-48-2020-073-01,1,2,999999999999,99,87,884,2000,66,8,68,0,1,L,9,,,,,,,5,97,1,0,0,995,0,0,0,84333,9,9,2,4,4,2,2,1,1,1,1,1,0,0,1,1,0,0,1,0,1,4,66,99,1,1,5,L,89,,,,,,,,,,,,,,,,,,,,,,,,,,,95,95,95,95,,,9.8,998,998,998,99.8,99.8,99.8,94.864116906177,12,5
19897,48,74,1-48-2020-074-03,3,1,3FA6P0HD6JR2,17,12,23,2018,4,1,4,0,1,R,2,1558,5,0,1,1,11,2,129,1,0,1,0,2,0,0,84302,1,2,0,2,2,2,1,1,1,1,3,2,0,2,4,1,0,0,1,1,1,4,61,98,3,4,1,A,2,1,8,2,2,1,3,61,1,2,40,997,997,0,1,0,1,6,999,999,999,9999999,999,999,999,7,0,2,6,0,4,3,997,9.7,999,999,999,69.4,29.4,75.7,537.748832039275,12,5
19898,24,178,1-24-2020-178-09,9,1,JTHBA30G9551,17,59,31,2005,4,1,3,0,1,F,2,1570,5,0,1,1,12,2,80,1,0,0,995,0,0,0,08232,7,9,0,2,2,2,2,1,1,1,3,2,0,0,1,1,0,0,9,1,6,1,6,99,3,4,1,A,2,1,1,1,6,2,4,44,4,2,16,996,996,0,0,0,3,7,999,999,999,9999999,999,999,999,7,0,1,1,0,4,3,996,3.2,9,5,999,18.8,3.8,19.2,575.495577860875,1,5
19899,24,179,1-24-2020-179-03,3,1,19UUA8F26DA0,17,54,35,2013,4,1,4,0,1,R,1,1695,5,0,1,1,18,2,80,1,0,0,995,0,0,0,08401,2,2,2,3,1,1,2,1,3,1,1,2,0,0,1,1,2,2,2,0,11,2,17,2,1,1,5,L,87,0,0,0,0,0,0,0,0,0,0,150,70,0,0,0,1,3,17,-3,-17,34430,998,52,21,0,4,1,2,0,4,0,995,0.0,120,999,999,0.0,0.0,0.0,135.238269184403,1,5
19899,24,179,1-24-2020-179-03,3,2,WAU78LFF7G11,17,32,48,2016,1,1,2,0,1,F,1,1625,5,9999,9,4,18,2,80,1,0,0,995,0,0,0,08055,1,2,2,2,3,2,2,1,1,1,1,3,0,0,1,1,0,0,1,0,1,4,66,2,1,1,5,L,86,0,0,0,0,0,0,0,0,0,0,70,150,0,0,0,1,3,18,-17,6,14841,998,65,13,0,4,0,0,0,4,0,995,9.8,998,998,998,99.8,99.8,99.8,135.238269184403,1,5
19900,24,180,1-24-2020-180-04,4,1,KNAFU4A26C56,17,63,38,2012,4,1,3,0,1,F,1,1228,5,9999,9,0,998,5,40,1,0,0,995,0,0,0,08240,9,9,2,4,2,1,2,1,1,1,0,0,0,0,1,1,0,0,9,0,1,2,17,99,1,1,5,L,86,0,0,0,0,0,0,0,0,0,0,340,70,0,0,0,1,3,8,-3,7,3738,998,179,5,0,4,95,95,95,95,0,995,9.8,998,998,998,99.8,99.8,99.8,439.214477811755,1,5
19900,24,180,1-24-2020-180-04,4,2,19XFC2F79HE2,17,37,31,2017,4,1,3,0,1,R,1,1244,5,0,1,1,10,2,56,1,0,0,995,0,0,0,08205,1,1,2,4,5,2,2,1,1,1,3,2,0,0,1,1,0,0,1,0,1,4,66,4,1,1,5,L,87,0,0,0,0,0,0,0,0,0,0,70,340,0,0,0,1,3,7,-7,-2,8673,998,78,11,0,4,0,0,0,0,0,995,9.8,998,998,998,99.8,99.8,99.8,439.214477811755,1,5
19901,52,183,1-52-2020-183-03,3,1,1J4PN2GK9AW1,17,2,405,2010,14,3,14,0,1,F,1,1872,5,9999,9,0,998,5,40,1,0,0,995,0,0,0,59102,9,9,2,3,2,1,2,1,1,1,0,3,0,0,1,1,1,2,9,1,1,2,10,1,1,2,3,H,60,0,0,0,0,0,0,0,0,0,0,70,270,0,0,0,1,3,9,-9,-2,4389,998,-35,8,0,4,95,95,95,95,0,995,9.8,998,998,998,99.8,99.8,99.8,17.6033267045663,12,5
19901,52,183,1-52-2020-183-03,3,2,3MZBN1V75HM1,17,41,51,2017,4,1,3,0,1,F,1,1330,5,0,1,1,13,2,40,1,0,0,995,0,0,0,59105,1,2,2,3,2,1,2,1,1,1,0,1,0,0,1,1,1,2,1,0,2,4,62,1,1,1,3,H,61,0,0,0,0,0,0,0,0,0,0,270,70,0,0,0,1,3,12,-12,2,9730,998,5,13,0,4,0,0,0,0,0,995,9.8,998,998,998,99.8,99.8,99.8,17.6033267045663,12,5
19902,52,184,1-52-2020-184-06,6,1,1VWAP7A32EC0,17,30,46,2014,4,1,4,0,1,F,1,1563,5,0,1,1,16,2,56,1,9,9,998,8,9,0,99999,9,9,0,4,2,1,2,1,1,1,0,2,0,0,2,1,0,0,9,1,1,2,13,99,1,4,1,C,11,0,0,0,0,0,0,0,0,0,0,95,90,0,0,0,1,3,18,-18,0,9771,998,0,13,0,4,99,99,0,99,0,995,9.8,998,998,998,99.8,99.8,99.8,22.6502651408967,12,5
19902,52,184,1-52-2020-184-06,6,2,1G1ND52F55M1,17,20,37,2005,4,1,3,0,2,B,1,1495,5,9999,9,4,17,,,,,,,,,,,,,,,,,,,,,,,,,,,,,,,,,,,,,,,,,,,,,,,,,,,,,,,,,,,,,,,,,,95,95,95,95,,,,,,,,,,22.6502651408967,12,5
19902,52,184,1-52-2020-184-06,6,3,1FTNW21L3YEA,17,12,481,2000,34,5,31,0,2,B,9,9999,9,9999,9,0,998,,,,,,,,,,,,,,,,,,,,,,,,,,,,,,,,,,,,,,,,,,,,,,,,,,,,,,,,,,,,,,,,,,95,95,95,95,,,,,,,,,,22.6502651408967,12,5
19902,52,184,1-52-2020-184-06,6,4,1GCGK29U1YZ1,17,20,481,2000,34,5,31,0,2,B,1,2483,5,0,1,4,17,,,,,,,,,,,,,,,,,,,,,,,,,,,,,,,,,,,,,,,,,,,,,,,,,,,,,,,,,,,,,,,,,,95,95,95,95,,,,,,,,,,22.6502651408967,12,5
19903,52,185,1-52-2020-185-07,7,1,1G3AJ55M3T64,17,21,17,1996,4,1,3,0,1,R,1,1326,5,0,1,1,18,2,56,1,0,1,9,2,0,0,59105,5,9,2,1,4,4,2,1,1,1,1,0,0,0,1,1,1,2,9,0,11,2,15,99,1,1,4,J,68,0,0,0,0,0,0,0,0,0,0,295,180,0,0,0,1,1,16,-14,-8,14398,998,94,14,0,4,1,1,0,4,0,995,9.8,998,998,998,99.8,99.8,99.8,53.3871098935928,12,5