CASEID,PSU,CASENO,CASENUMBER,CATEGORY,VEHNO,VIN,VINLENGTH,MAKE,MODEL,MODELYR,BODYTYPE,BODYCAT,VEHCLASS,SPECUSE,TRANSTAT,DAMPLANE,DAMSEV,CURBWT,CURBSRC,CARGOWT,CARGOSRC,INSPTYPE,INSPLAG,TOWED,SPEEDLIMIT,DRPRESENT,PARALCOHOL,ALCTEST,ALCTESTRESULT,ALCTESTSRC,PARDRUG,DRUGTEST,ZIP,RACE,ETHNICITY,RELTOJUNCT,TRAFFLOW,RDLANES,INITLANE,SURFTYPE,SURFCOND,ALIGNMENT,PROFILE,LINERIGHT,LINELEFT,RUMBINIT,RUMBROAD,LIGHTCOND,WEATHER,TRAFDEV,TRAFFUNCT,DISTRACT,PREFHE,PREMOVE,CRITCAT,CRITEVENT,MANEUVER,PRESTAB,PRELOC,CRASHCAT,CRASHCONF,CRASHTYPE,ROLLTYPE,ROLLTURN,ROLLINTRPT,ROLLPREMAN,ROLLINITYP,ROLLINLOC,ROLLOBJ,ROLLTRIP,ROLLDIR,ROLLDIST,DVANGTHIS,DVANGOTH,TOWHITCH,TRAJDOC,TREEPOLE,DVEVENT,DVBASIS,DVTOTAL,DVLONG,DVLAT,DVENERGY,DVSPEED,DVMOMENT,DVBES,DVEST,DVCONF,VAIS,VISS,VINJURED,VTREAT,INITOBJCLASS,HEADANGLECAT,SHLDRWIDTH,STRKLENGTH,STRKWIDTH,STRKHEIGHT,EDGEDISTX,EDGEDISTY,EDGEDISTZ,CASEWGT,PSUSTRAT,VERSION
19903,52,185,1-52-2020-185-07,7,2,5TFUU4EN2BX0,17,49,472,2011,34,5,31,0,1,F,1,1614,5,109,1,1,19,2,56,1,0,0,995,0,0,0,59105,9,9,2,1,4,2,2,1,1,1,1,1,0,0,1,1,1,2,9,0,1,4,62,2,9,1,4,J,69,0,0,0,0,0,0,0,0,0,0,180,295,0,0,0,1,1,13,-11,6,23207,998,118,15,0,4,0,0,0,0,0,995,9.8,998,998,998,99.8,99.8,99.8,53.3871098935928,12,5
19904,52,186,1-52-2020-186-09,9,1,1GTV2MEC2GZ2,17,23,481,2016,34,5,31,99,1,F,1,2366,5,9999,9,0,998,5,56,1,0,0,995,0,0,0,59102,9,9,2,4,5,3,2,1,1,1,1,2,0,0,3,1,1,2,3,0,1,3,50,99,1,1,2,D,20,0,0,0,0,0,0,0,0,0,0,90,90,0,0,0,1,3,7,-7,0,5267,998,0,8,0,4,95,95,95,95,0,995,9.8,998,998,998,99.8,99.8,99.8,51.075340218339,12,5
19904,52,186,1-52-2020-186-09,9,2,JTDKN3DU2A01,17,49,46,2010,5,1,3,0,1,B,1,1380,5,0,1,1,12,2,56,1,0,0,995,0,0,0,59105,9,9,2,4,5,3,2,1,1,1,1,2,0,0,3,1,1,2,9,0,5,3,53,1,1,1,2,D,22,0,0,0,0,0,0,0,0,0,0,90,90,0,0,0,1,3,11,11,0,6381,998,-36,10,0,4,99,99,0,4,0,995,9.8,998,998,998,99.8,99.8,99.8,51.075340218339,12,5
19904,52,186,1-52-2020-186-09,9,3,2FMPK4K90FBB,17,12,24,2015,6,1,4,99,1,B,9,1841,5,9999,9,0,998,5,56,1,0,0,995,0,0,0,59102,9,9,2,4,5,3,2,1,1,1,1,2,0,0,3,1,1,2,9,0,5,3,53,99,1,1,6,M,98,0,0,0,0,0,0,0,0,0,0,90,90,0,0,0,2,0,999,999,999,9999999,999,999,999,9,0,95,95,95,95,0,995,9.8,998,998,998,99.8,99.8,99.8,51.075340218339,12,5
19905,13,108,1-13-2020-108-01,1,1,1GNFC13008R1,17,20,421,2008,15,3,15,0,1,F,1,2388,5,0,1,1,12,2,89,1,8,1,244,3,7,1,76051,1,9,0,1,2,2,1,1,2,1,3,2,0,0,2,1,0,0,9,1,14,2,12,99,1,4,1,B,6,0,0,0,0,0,0,0,0,0,0,998,998,0,0,0,1,1,20,-20,0,44313,998,-68,20,0,4,3,10,1,1,0,998,0.0,90,90,120,12.7,4.1,13.3,45.6682070270588,7,5
19908,73,97,1-73-2020-097-01,1,1,1G6KE57Y53U1,17,19,3,2003,4,1,5,0,1,F,3,1804,5,0,1,4,52,2,89,1,0,1,0,3,0,0,04938,9,9,0,4,2,1,2,1,1,1,1,4,0,0,2,1,0,0,1,0,1,4,60,99,1,1,3,G,51,0,0,0,0,0,0,0,0,0,0,145,325,0,0,0,1,12,999,999,999,9999999,999,999,999,8,0,3,14,1,1,0,995,9.8,998,998,998,99.8,99.8,99.8,39.290329933404,3,5
19908,73,97,1-73-2020-097-01,1,2,3FAHP0JA6AR2,17,12,23,2010,4,1,3,0,1,F,3,1490,5,0,1,4,52,2,89,1,1,1,0,1,1,2,04957,9,9,0,4,2,1,2,1,1,1,1,4,0,0,2,1,0,0,9,1,1,2,10,99,1,2,3,G,50,0,0,0,0,0,0,0,0,0,0,325,145,0,0,0,1,12,999,999,999,9999999,999,999,999,8,0,9,97,0,8,0,995,9.8,998,998,998,99.8,99.8,99.8,39.290329933404,3,5
19909,28,89,1-28-2020-089-10,10,1,KNAGD1266654,17,63,34,2006,4,1,3,0,1,F,1,1487,8,0,1,1,9,2,89,1,0,0,995,0,0,0,16901,9,9,0,4,2,1,2,4,1,4,1,4,0,0,1,4,0,0,1,1,1,1,5,99,2,4,1,A,2,0,0,0,0,0,0,0,0,0,0,998,998,0,0,0,1,1,18,-18,-3,22122,998,-30,18,0,4,0,0,0,0,0,998,2.5,120,44,75,0.9,13.3,13.2,338.015934670015,3,5
19910,28,90,1-28-2020-090-07,7,1,KL8CF6S93EC5,17,20,29,2014,5,1,1,0,1,F,1,1050,5,0,1,1,9,2,89,1,0,0,995,0,0,0,15834,9,9,0,4,2,1,2,1,1,1,1,2,0,0,2,1,0,0,1,0,1,6,87,99,1,1,1,C,13,0,0,0,0,0,0,0,0,0,0,998,998,0,0,0,1,10,999,999,999,9999999,999,999,999,6,0,0,0,0,0,0,998,9.8,998,998,998,99.8,99.8,99.8,63.3470474742011,3,5
19911,66,83,1-66-2020-083-10,10,1,1G2ZG5585642,17,22,22,2006,4,1,4,0,1,F,9,1486,5,0,2,0,998,2,89,1,1,9,998,8,7,0,65723,1,2,3,4,2,1,2,1,1,1,1,4,3,3,2,1,0,0,1,1,6,2,10,2,1,2,4,J,73,0,0,0,0,0,0,0,0,0,0,275,255,0,1,0,1,0,999,999,999,9999999,999,999,999,9,0,0,0,0,0,0,995,9.8,998,998,998,99.8,99.8,99.8,1454.68261826573,6,5
19911,66,83,1-66-2020-083-10,10,2,1FMHK7D8XCGA,17,12,401,2012,14,3,14,99,1,B,9,2067,5,9999,9,0,998,5,89,1,0,0,995,0,7,0,65723,9,9,3,4,2,1,2,1,1,1,1,4,3,3,2,1,0,0,9,0,11,4,60,1,1,1,4,J,72,0,0,0,0,0,0,0,0,0,0,255,275,0,0,0,1,0,999,999,999,9999999,999,999,999,9,0,95,95,95,95,0,995,9.8,998,998,998,99.8,99.8,99.8,1454.68261826573,6,5
19912,66,84,1-66-2020-084-06,6,1,3D73Y4CL0BG5,17,7,482,2011,34,5,31,0,1,F,2,3377,5,136,1,1,5,2,113,1,0,0,995,0,7,0,64843,1,2,1,2,3,2,2,1,1,1,1,3,0,1,1,1,0,0,3,1,1,2,13,1,1,4,1,A,1,0,0,0,0,0,0,0,0,0,0,998,998,0,1,5,5,10,999,999,999,9999999,999,39,38,3,0,2,4,0,6,0,998,2.4,8,8,999,15.0,3.0,15.2,130.808569334625,6,5
19913,59,61,1-59-2020-061-04,4,1,3GKALPEX8JL1,17,23,402,2018,14,3,14,0,1,F,1,1509,5,0,1,1,2,2,97,1,0,0,995,0,0,0,47966,1,2,0,1,2,1,2,1,1,1,1,3,0,0,2,1,0,0,1,0,1,6,87,4,1,1,1,C,13,0,0,0,0,0,0,0,0,0,0,998,998,0,1,0,1,10,999,999,999,9999999,999,14,14,2,0,1,1,0,0,0,998,9.8,998,998,998,99.8,99.8,99.8,2236.5190953261,6,5
19916,32,176,1-32-2020-176-03,3,1,1ZVHT88SX851,17,12,3,2008,2,1,3,0,1,F,3,1516,5,0,1,1,11,2,56,1,0,1,0,2,0,1,75214,1,2,0,4,4,2,1,1,1,1,3,2,0,0,1,1,0,0,9,1,3,2,10,1,9,2,3,G,50,0,0,0,0,0,0,0,0,0,0,330,185,0,1,0,1,3,66,-57,-33,228894,998,-82,53,0,4,3,17,1,3,0,995,0.0,120,18,17,0.0,0.0,0.0,352.480167356274,7,5
19916,32,176,1-32-2020-176-03,3,2,1GKS2CKJ0HR2,17,23,421,2017,15,3,15,0,1,F,2,2606,5,0,1,1,9,2,56,1,0,0,995,0,0,0,75206,1,2,0,4,4,1,1,1,1,1,1,3,0,0,1,1,0,0,9,0,1,4,62,2,1,1,3,G,51,0,0,0,0,0,0,0,0,0,0,185,330,0,0,0,1,3,39,-38,7,294468,998,38,51,0,4,2,9,0,4,0,995,9.8,998,998,998,99.8,99.8,99.8,352.480167356274,7,5
19918,23,63,1-23-2020-063-09,9,1,1FTPW14565KE,17,12,481,2005,34,5,31,0,1,R,1,2495,5,0,1,1,38,2,89,1,0,0,995,0,0,0,99999,9,9,2,4,2,1,2,2,1,1,0,0,0,0,2,8,2,2,9,0,1,2,17,99,1,1,5,L,87,0,0,0,0,0,0,0,0,0,0,180,130,0,0,0,1,12,999,999,999,9999999,999,999,999,6,0,99,99,0,5,0,995,9.8,998,998,998,99.8,99.8,99.8,1175.10521478663,5,5
19918,23,63,1-23-2020-063-09,9,2,1HGCG6656XA1,17,37,32,1999,4,1,3,0,1,F,9,1310,5,9999,9,0,998,2,89,1,0,0,995,0,0,0,43074,9,9,2,4,2,1,2,2,1,1,1,4,0,0,2,8,0,0,9,0,1,4,66,99,1,1,5,L,86,0,0,0,0,0,0,0,0,0,0,130,180,0,0,0,1,0,999,999,999,9999999,999,999,999,9,0,99,99,0,5,0,995,9.8,998,998,998,99.8,99.8,99.8,1175.10521478663,5,5
19919,23,64,1-23-2020-064-04,4,1,1HGCS1B7XAA0,17,37,32,2010,2,1,3,0,1,F,9,1491,5,9999,9,0,998,5,72,1,0,0,995,0,0,0,45380,9,9,2,4,6,4,2,2,1,9,1,2,0,0,3,2,1,2,9,0,11,2,15,99,1,1,4,J,68,0,0,0,0,0,0,0,0,0,0,265,95,0,0,0,1,0,999,999,999,9999999,999,999,999,9,0,95,95,95,95,0,995,9.8,998,998,998,99.8,99.8,99.8,616.574056502395,5,5
19919,23,64,1-23-2020-064-04,4,2,KMHCT4AEXGU0,17,55,36,2016,4,1,2,0,1,F,2,1155,5,0,1,1,19,2,72,1,0,0,995,0,0,0,43011,9,9,2,4,6,3,2,2,1,9,3,1,0,0,3,2,1,2,9,0,1,4,62,99,1,1,4,J,69,0,0,0,0,0,0,0,0,0,0,95,265,0,0,0,1,12,999,999,999,9999999,999,999,999,7,0,0,0,0,0,0,995,9.8,998,998,998,99.8,99.8,99.8,616.574056502395,5,5
19920,27,90,1-27-2020-090-04,4,1,1FAHP33N18W1,17,12,37,2008,2,1,2,0,1,L,1,1173,5,0,1,1,33,2,48,1,8,0,995,0,7,0,01201,9,9,2,4,3,1,2,1,1,1,1,1,0,0,1,1,1,2,9,0,4,2,16,1,1,1,4,K,78,0,0,0,0,0,0,0,0,0,0,240,260,0,0,0,1,1,9,7,6,5908,998,-32,11,0,4,0,0,0,0,0,995,9.8,998,998,998,99.8,99.8,99.8,24.932060540899,3,5
19920,27,90,1-27-2020-090-04,4,2,1N4BL4CV4LC2,17,35,47,2020,4,1,4,0,1,R,1,1492,8,0,1,1,5,2,64,1,8,0,995,0,7,0,01201,9,9,2,1,2,1,2,1,1,1,1,1,0,0,1,1,1,2,9,0,1,4,65,3,1,1,4,K,79,0,0,0,0,0,0,0,0,0,0,260,240,0,0,0,1,1,8,-7,-3,2540,998,42,6,0,4,0,0,0,0,0,995,9.8,998,998,998,99.8,99.8,99.8,24.932060540899,3,5
19921,27,91,1-27-2020-091-09,9,1,2HKYF18176H5,17,37,421,2006,15,3,15,0,1,F,1,2007,5,0,1,1,6,2,40,1,1,2,996,1,9,9,12529,9,1,0,4,2,1,2,1,1,1,1,2,0,0,3,1,0,0,9,1,1,1,6,99,2,4,1,A,2,0,0,0,0,0,0,0,0,0,0,998,998,0,0,0,1,98,999,999,999,9999999,999,999,999,6,0,0,0,0,4,0,998,3.3,999,999,999,11.6,1.7,11.9,46.6516880301996,3,5
19921,27,91,1-27-2020-091-09,9,2,1GCDT19W3Y82,17,20,471,2000,34,5,30,0,2,B,9,1851,5,9999,9,0,998,,,,,,,,,,,,,,,,,,,,,,,,,,,,,,,,,,,,,,,,,,,,,,,,,,,,,,,,,,,,,,,,,,95,95,95,95,,,,,,,,,,46.6516880301996,3,5
19922,32,178,1-32-2020-178-07,7,1,1HGCR2F35FA0,17,37,32,2015,4,1,4,0,1,L,1,1496,5,0,1,1,45,2,80,1,0,0,995,0,0,0,75840,1,2,2,3,2,2,1,1,1,4,0,2,0,0,1,1,2,2,9,0,11,2,15,1,1,1,4,K,82,0,0,0,0,0,0,0,0,0,0,240,340,0,0,0,1,1,16,-11,13,20681,998,-198,11,0,4,0,0,0,0,0,995,9.8,998,998,998,99.8,99.8,99.8,1650.01818778752,7,5
19922,32,178,1-32-2020-178-07,7,2,1GCCS1450281,17,20,471,2002,34,5,30,0,1,F,1,1394,5,0,1,1,11,2,80,1,0,0,995,0,0,0,75216,2,2,2,4,4,1,2,1,1,1,1,3,0,0,1,1,0,0,9,0,1,4,67,2,1,1,4,K,83,0,0,0,0,0,0,0,0,0,0,340,240,0,0,0,1,1,17,-15,-9,57906,998,-136,23,0,4,0,0,0,0,0,995,9.8,998,998,998,99.8,99.8,99.8,1650.01818778752,7,5
19923,12,95,1-12-2020-095-07,7,1,1C6RR7LT7ES4,17,7,482,2014,34,5,31,0,1,R,1,2482,5,9999,9,0,998,5,40,1,0,0,995,0,0,0,73448,9,9,2,4,2,1,2,1,1,1,0,0,0,0,1,1,2,2,2,0,1,2,17,99,1,1,5,L,87,0,0,0,0,0,0,0,0,0,0,150,90,0,0,0,1,3,14,5,-13,35661,998,-11,19,0,4,95,95,95,95,0,995,9.8,998,998,998,99.8,99.8,99.8,519.487386144369,9,5
19923,12,95,1-12-2020-095-07,7,2,1N4AL2AP6BN4,17,35,47,2011,4,1,4,0,1,F,1,1437,5,0,1,1,10,2,40,1,0,0,995,0,0,0,73401,9,9,2,4,2,1,2,1,1,1,0,0,0,0,1,1,0,0,9,0,1,4,66,99,1,1,5,L,86,0,0,0,0,0,0,0,0,0,0,90,150,0,0,0,1,3,23,-23,4,13607,998,13,15,0,4,0,0,0,0,0,995,9.8,998,998,998,99.8,99.8,99.8,519.487386144369,9,5
19924,12,96,1-12-2020-096-07,7,1,1GTN1TEA7DZ1,17,23,481,2013,34,5,31,0,1,T,1,2023,5,0,1,1,6,2,72,1,0,0,995,0,0,0,73401,9,9,0,4,2,1,2,1,1,1,0,0,0,0,2,1,0,0,9,1,1,2,13,99,9,4,1,A,1,1,4,2,2,1,4,61,1,2,18,997,997,0,0,0,1,6,999,999,999,9999999,999,999,999,6,0,0,0,0,0,3,997,9.8,998,998,998,99.8,99.8,99.8,519.487386144369,9,5
19925,19,172,1-19-2020-172-08,8,1,1B3ES56C93D2,17,7,20,2003,4,1,3,0,1,L,3,1333,5,0,1,1,6,2,72,1,0,1,11,2,0,0,35961,2,9,0,4,2,1,2,2,1,1,0,2,0,0,1,8,0,0,9,1,1,2,10,99,1,2,3,I,64,1,2,2,2,1,3,61,1,2,22,997,997,0,1,0,3,6,999,999,999,9999999,999,999,999,8,0,4,29,1,4,3,997,9.8,998,998,998,99.8,99.8,99.8,111.512892312692,9,5
19925,19,172,1-19-2020-172-08,8,2,3ALACWFC8LDL,17,82,884,2020,64,8,60,0,1,L,9,,,,,,,2,72,1,0,0,995,0,0,0,35020,9,9,0,4,2,1,2,2,1,1,0,4,0,0,1,8,0,0,1,0,1,4,62,8,1,4,3,I,65,,,,,,,,,,,,,,,,,,,,,,,,,,,95,95,95,95,,,9.8,998,998,998,99.8,99.8,99.8,111.512892312692,9,5
19926,19,173,1-19-2020-173-01,1,1,KNDJT2A60D75,17,63,37,2013,6,1,2,0,1,T,1,1260,5,0,1,1,2,2,56,1,0,0,995,0,0,0,35906,1,9,0,4,2,1,2,1,3,4,0,2,0,0,1,8,0,0,9,1,14,2,13,1,1,4,1,A,1,1,4,2,2,2,4,31,4,1,15,997,997,0,1,0,2,6,999,999,999,9999999,999,999,999,6,0,1,1,0,1,2,997,0.0,120,106,-42,11.3,2.5,11.5,60.346493743352,9,5
19927,19,174,1-19-2020-174-08,8,1,3N1BC1CP1BL3,17,35,50,2011,5,1,2,0,1,F,2,1235,5,0,1,1,3,2,72,1,9,0,995,0,9,0,36303,1,9,2,1,7,3,2,2,2,1,3,2,0,0,1,2,1,2,9,1,14,2,12,1,1,6,3,G,52,0,0,0,0,0,0,0,0,0,0,145,320,0,1,0,1,1,31,-29,-11,52563,998,-14,32,0,4,9,97,0,4,0,995,9.8,998,998,998,99.8,99.8,99.8,111.512892312692,9,5
19927,19,174,1-19-2020-174-08,8,2,1FTNE24W07DA,17,12,461,2007,21,4,21,0,1,F,1,2268,5,250,1,1,2,2,72,1,0,0,995,0,0,0,35907,1,9,2,1,7,1,2,2,1,1,1,3,0,0,1,2,1,2,9,0,1,3,54,99,1,1,3,G,52,0,0,0,0,0,0,0,0,0,0,320,145,0,0,0,1,1,15,-13,-8,22140,998,-56,14,0,4,0,0,0,0,0,995,9.8,998,998,998,99.8,99.8,99.8,111.512892312692,9,5
19927,19,174,1-19-2020-174-08,8,3,1HGCB7658MA2,17,37,32,1991,4,1,3,0,1,R,9,1253,5,9999,9,0,998,5,72,1,0,0,995,0,0,0,35907,9,9,2,1,7,2,2,2,1,1,3,3,0,0,1,2,1,2,9,0,1,4,61,99,1,1,6,M,98,0,0,0,0,0,0,0,0,0,0,320,300,0,0,0,2,0,999,999,999,9999999,999,999,999,9,0,95,95,95,95,0,995,9.8,998,998,998,99.8,99.8,99.8,111.512892312692,9,5
19927,19,174,1-19-2020-174-08,8,4,JTEZU5JR5C50,17,49,401,2012,14,3,14,0,1,R,9,2121,5,9999,9,0,998,5,72,1,0,0,995,0,0,0,35016,9,9,2,1,7,3,2,2,1,1,3,1,0,0,1,2,1,2,9,0,1,4,61,99,1,1,6,M,98,0,0,0,0,0,0,0,0,0,0,320,290,0,0,0,3,0,999,999,999,9999999,999,999,999,9,0,95,95,95,95,0,995,9.8,998,998,998,99.8,99.8,99.8,111.512892312692,9,5
19928,19,175,1-19-2020-175-04,4,1,1C6RR7FT2GS4,17,7,482,2016,34,5,31,0,1,F,1,2305,5,0,1,1,18,2,72,1,0,0,995,0,0,0,36272,1,9,2,4,2,1,2,1,1,1,1,2,0,0,1,1,1,2,9,0,11,2,15,1,1,1,4,J,68,0,0,0,0,0,0,0,0,0,0,125,0,0,0,0,1,1,17,-16,-6,33613,998,-50,18,0,4,0,0,0,0,0,995,9.8,998,998,998,99.8,99.8,99.8,416.288523108435,9,5
19928,19,175,1-19-2020-175-04,4,2,3GCUKREC5FG2,17,20,481,2015,34,5,31,0,1,F,1,2394,5,0,2,1,18,2,72,1,0,0,995,0,0,0,36279,1,2,2,4,2,1,2,1,1,1,0,2,0,0,1,1,1,2,1,0,1,4,62,4,1,1,4,J,69,0,0,0,0,0,0,0,0,0,0,0,125,0,0,0,1,1,16,-14,8,24416,998,58,15,0,4,1,1,0,6,0,995,9.8,998,998,998,99.8,99.8,99.8,416.288523108435,9,5
19929,18,88,1-18-2020-088-03,3,1,7FARW2H81JE0,17,37,402,2018,14,3,14,0,1,F,1,1580,5,0,1,1,25,2,89,1,0,0,995,0,0,0,54493,1,9,0,4,2,1,2,1,2,1,1,2,0,0,1,1,6,2,3,1,14,2,12,1,9,4,1,B,6,0,0,0,0,0,0,0,0,0,0,998,998,0,1,0,3,10,999,999,999,9999999,999,52,12,2,0,99,99,0,8,0,998,1.2,999,999,999,86.0,19.0,89.0,192.548604590016,6,5
19930,18,89,1-18-2020-089-09,9,1,1FMEU15H3TLA,17,12,421,1996,15,3,15,0,1,F,9,2086,5,9999,9,5,40,2,89,1,0,0,995,0,0,0,56057,9,9,0,4,2,1,2,1,1,4,1,2,0,0,2,1,0,0,9,1,1,2,13,99,9,4,1,A,1,0,0,0,0,0,0,0,0,0,0,998,998,0,1,1,1,12,999,999,999,9999999,999,999,999,9,0,99,99,0,99,0,998,1.5,84,84,120,12.9,4.8,13.7,1089.20030811525,6,5
19931,54,42,1-54-2020-042-07,7,1,1GCRCREA5BZ1,17,20,481,2011,34,5,31,0,1,L,1,2299,5,0,1,1,5,2,56,1,0,0,995,0,0,0,35653,1,9,0,4,2,1,2,1,3,1,0,0,0,0,1,1,0,0,9,1,14,1,1,99,2,4,1,B,7,0,0,0,0,0,0,0,0,0,0,998,998,0,0,3,1,10,999,999,999,9999999,999,999,8,1,0,0,0,0,0,0,998,0.0,999,28,999,22.5,4.6,22.7,615.738317359157,9,5
19932,20,88,1-20-2020-088-08,8,1,JM1BK34M6811,17,41,51,2008,5,1,2,0,1,L,1,1432,5,0,1,1,19,2,105,1,8,0,995,0,0,0,95139,9,1,0,2,2,2,2,2,1,1,3,2,1,3,2,2,0,0,9,1,1,2,12,99,9,4,1,B,6,0,0,0,0,0,0,0,0,0,0,998,998,0,0,0,1,8,999,999,999,9999999,999,999,999,6,0,1,1,0,0,0,998,4.7,120,999,999,22.2,4.7,22.8,156.448973273295,11,5
19934,15,118,1-15-2020-118-09,9,1,2HGFA1F5XAH3,17,37,31,2010,4,1,3,0,1,F,9,1252,5,9999,9,0,998,5,48,1,8,9,998,8,7,9,11575,9,9,2,4,2,1,2,1,1,1,0,0,0,0,1,1,2,2,9,0,1,2,17,99,1,1,5,L,88,0,0,0,0,0,0,0,0,0,0,0,265,0,0,0,1,0,999,999,999,9999999,999,999,999,9,0,95,95,95,95,0,995,9.8,998,998,998,99.8,99.8,99.8,257.320295529003,1,5
19934,15,118,1-15-2020-118-09,9,2,1HGCG6653YA0,17,37,32,2000,4,1,3,0,1,L,1,1310,5,9999,9,4,12,2,48,1,8,9,998,8,7,9,11575,9,1,2,4,2,1,2,1,1,1,0,0,0,0,1,1,2,2,9,0,1,4,66,99,1,1,5,L,89,0,0,0,0,0,0,0,0,0,0,265,0,0,0,0,1,12,999,999,999,9999999,999,999,999,6,0,99,99,0,4,0,995,9.8,998,998,998,99.8,99.8,99.8,257.320295529003,1,5
19935,22,130,1-22-2020-130-08,8,1,KNADE1231660,17,63,32,2006,4,1,1,0,1,T,1,1104,5,0,1,1,51,2,24,1,0,0,995,0,0,1,99111,9,9,0,4,2,1,2,1,1,4,0,0,0,0,1,1,0,0,1,1,1,1,8,99,1,4,1,A,1,1,3,2,2,5,4,31,6,2,3,997,997,0,0,0,3,6,999,999,999,9999999,999,999,999,6,0,2,5,0,3,2,997,0.0,10,15,80,6.6,1.0,6.7,265.735414005148,12,5
19937,22,132,1-22-2020-132-10,10,1,4F4YR12C91TM,17,41,471,2001,34,5,30,0,1,F,1,1343,5,9999,9,5,21,2,56,1,0,0,995,0,0,0,83843,9,9,2,4,5,3,2,3,1,1,1,2,0,0,1,4,1,2,9,1,11,1,6,99,4,4,1,A,2,0,0,0,0,0,0,0,0,0,0,998,998,0,0,0,2,98,999,999,999,9999999,999,999,999,6,0,99,99,0,0,0,998,0.0,34,34,116,2.1,0.9,2.1,2350.30701257972,12,5
19939,29,169,1-29-2020-169-06,6,1,5NPEC4AC0DH5,17,55,33,2013,4,1,4,0,1,F,2,1475,5,0,1,1,16,2,48,1,0,0,995,0,0,0,02745,9,9,2,4,2,1,2,1,1,1,0,0,0,0,1,1,0,0,9,0,11,2,15,99,1,1,4,K,84,0,0,0,0,0,0,0,0,0,0,345,135,0,0,0,1,3,32,-32,6,56072,998,-28,30,0,4,9,97,0,5,0,995,9.8,998,998,998,99.8,99.8,99.8,76.3314377185312,2,5
19939,29,169,1-29-2020-169-06,6,2,19VDE2E53EE0,17,54,41,2014,4,1,3,0,1,F,2,1356,5,9999,9,0,998,5,48,1,0,0,995,0,0,0,02740,9,9,2,4,2,1,2,1,1,1,0,0,0,0,1,1,0,0,9,0,10,4,67,99,1,1,4,K,84,0,0,0,0,0,0,0,0,0,0,135,345,0,0,0,1,3,36,-34,-12,94529,998,-69,38,0,4,95,95,95,95,0,995,9.8,998,998,998,99.8,99.8,99.8,76.3314377185312,2,5
19940,26,161,1-26-2020-161-02,2,1,JTEBU5JR3B50,17,49,401,2011,14,3,14,0,1,F,1,2121,5,9999,9,0,998,2,72,1,1,8,997,8,0,9,95843,3,9,2,4,6,4,2,1,1,1,1,2,0,0,3,1,1,2,9,0,11,2,15,99,9,1,4,J,68,0,0,0,0,0,0,0,0,0,0,70,285,0,0,0,1,3,9,-8,-5,7697,998,-112,8,0,4,0,0,0,0,0,995,9.8,998,998,998,99.8,99.8,99.8,24.5416826327623,10,5
19940,26,161,1-26-2020-161-02,2,2,19XFC2F80HE2,17,37,31,2017,4,1,3,0,1,F,1,1244,5,0,1,1,20,2,72,1,0,0,995,0,0,0,95835,1,2,2,1,4,3,2,1,1,1,3,1,0,0,3,1,1,2,1,0,1,4,62,4,1,1,4,J,69,0,0,0,0,0,0,0,0,0,0,285,70,0,0,0,1,3,15,-15,3,16095,998,33,17,0,4,2,5,0,4,0,995,9.8,998,998,998,99.8,99.8,99.8,24.5416826327623,10,5
19940,26,161,1-26-2020-161-02,2,3,WBANU5C58AC3,17,34,35,2010,4,1,4,0,1,F,9,1590,5,9999,9,0,998,5,72,1,0,0,995,0,0,0,95843,9,9,2,1,2,2,2,1,1,1,1,0,0,0,3,1,1,2,1,0,5,4,67,1,1,1,6,M,98,0,0,0,0,0,0,0,0,0,0,180,5,0,0,0,2,0,999,999,999,9999999,999,999,999,9,0,95,95,95,95,0,995,9.8,998,998,998,99.8,99.8,99.8,24.5416826327623,10,5
19941,26,162,1-26-2020-162-05,5,1,WVWMP7AN9CE5,17,30,52,2012,4,1,3,0,1,F,3,1510,5,9999,9,1,18,2,72,1,0,1,0,2,0,2,95032,1,9,2,1,4,2,2,1,2,1,3,1,0,0,3,8,1,2,9,1,14,2,12,1,1,4,1,B,6,0,0,0,0,0,0,0,0,0,0,998,998,0,1,0,17,1,64,-60,-22,309933,998,-63,64,0,4,3,14,1,3,0,998,0.0,120,15,17,0.0,0.0,0.0,32.1530280757709,10,5
19942,26,163,1-26-2020-163-02,2,1,1C6RR7LG4GS1,17,7,482,2016,34,5,30,0,1,F,9,2336,5,9999,9,4,21,2,105,1,1,8,997,8,0,9,95608,1,2,0,2,5,2,2,1,1,1,3,3,0,0,2,1,0,0,9,0,1,3,51,3,9,1,2,D,24,0,0,0,0,0,0,0,0,0,0,215,220,0,0,0,1,5,999,999,999,9999999,999,999,999,9,0,2,5,0,4,0,995,9.8,998,998,998,99.8,99.8,99.8,24.5416826327623,10,5
19942,26,163,1-26-2020-163-02,2,2,1XKYDP9X4KJ2,17,85,881,2019,66,8,68,0,1,B,9,,,,,,,5,105,1,0,0,995,0,0,0,95437,9,9,0,2,5,2,2,1,1,1,3,3,0,0,2,1,0,0,1,0,1,3,53,1,1,1,2,D,25,,,,,,,,,,,,,,,,,,,,,,,,,,,95,95,95,95,,,9.8,998,998,998,99.8,99.8,99.8,24.5416826327623,10,5