CASEID,PSU,CASENO,CASENUMBER,CATEGORY,VEHNO,VIN,VINLENGTH,MAKE,MODEL,MODELYR,BODYTYPE,BODYCAT,VEHCLASS,SPECUSE,TRANSTAT,DAMPLANE,DAMSEV,CURBWT,CURBSRC,CARGOWT,CARGOSRC,INSPTYPE,INSPLAG,TOWED,SPEEDLIMIT,DRPRESENT,PARALCOHOL,ALCTEST,ALCTESTRESULT,ALCTESTSRC,PARDRUG,DRUGTEST,ZIP,RACE,ETHNICITY,RELTOJUNCT,TRAFFLOW,RDLANES,INITLANE,SURFTYPE,SURFCOND,ALIGNMENT,PROFILE,LINERIGHT,LINELEFT,RUMBINIT,RUMBROAD,LIGHTCOND,WEATHER,TRAFDEV,TRAFFUNCT,DISTRACT,PREFHE,PREMOVE,CRITCAT,CRITEVENT,MANEUVER,PRESTAB,PRELOC,CRASHCAT,CRASHCONF,CRASHTYPE,ROLLTYPE,ROLLTURN,ROLLINTRPT,ROLLPREMAN,ROLLINITYP,ROLLINLOC,ROLLOBJ,ROLLTRIP,ROLLDIR,ROLLDIST,DVANGTHIS,DVANGOTH,TOWHITCH,TRAJDOC,TREEPOLE,DVEVENT,DVBASIS,DVTOTAL,DVLONG,DVLAT,DVENERGY,DVSPEED,DVMOMENT,DVBES,DVEST,DVCONF,VAIS,VISS,VINJURED,VTREAT,INITOBJCLASS,HEADANGLECAT,SHLDRWIDTH,STRKLENGTH,STRKWIDTH,STRKHEIGHT,EDGEDISTX,EDGEDISTY,EDGEDISTZ,CASEWGT,PSUSTRAT,VERSION
19944,26,165,1-26-2020-165-05,5,1,1N4AL3AP6FC1,17,35,47,2015,4,1,4,0,1,F,3,1416,5,0,1,1,17,2,72,1,0,1,0,2,1,2,95628,1,9,0,5,5,2,2,2,1,2,3,2,0,0,3,2,0,0,1,1,12,1,6,99,9,4,6,M,98,0,0,0,0,0,0,0,0,0,0,998,998,0,0,1,4,11,999,999,999,9999999,999,999,999,8,0,3,14,1,3,0,998,0.0,15,5,15,0.0,0.0,0.0,32.1530280757709,10,5
19945,26,164,1-26-2020-164-07,7,1,999999999999,99,99,399,9999,9,1,9,99,1,L,9,9999,9,9999,9,0,998,5,105,1,9,0,995,0,9,0,99999,9,9,0,2,4,3,1,1,1,9,3,3,0,0,3,1,0,0,9,1,15,2,10,99,9,9,2,F,47,0,0,0,0,0,0,0,0,0,0,80,90,9,0,0,1,0,999,999,999,9999999,999,999,999,9,0,95,95,95,95,0,995,9.8,998,998,998,99.8,99.8,99.8,1724.44852741821,10,5
19945,26,164,1-26-2020-164-07,7,2,JTHBW1GG9E20,17,59,31,2014,4,1,4,0,1,R,1,1660,5,0,1,1,22,2,105,1,0,0,995,0,0,0,95664,1,9,0,2,4,4,1,1,1,9,3,2,0,0,3,1,0,0,1,0,1,4,61,1,1,1,2,F,45,0,0,0,0,0,0,0,0,0,0,90,80,0,0,0,1,12,999,999,999,9999999,999,999,10,2,0,0,0,0,0,0,995,9.8,998,998,998,99.8,99.8,99.8,1724.44852741821,10,5
19946,21,148,1-21-2020-148-03,3,1,5UXTR7C50KLR,17,34,402,2019,14,3,14,0,1,F,9,1883,5,9999,9,0,998,2,113,1,1,0,995,0,0,0,90260,9,1,0,1,6,3,2,1,1,9,3,3,0,0,1,1,0,0,3,0,1,3,50,2,1,1,2,D,20,0,0,0,0,0,0,0,0,0,0,205,200,0,0,0,1,0,999,999,999,9999999,999,999,999,9,0,0,0,0,0,0,995,9.8,998,998,998,99.8,99.8,99.8,200.145480388774,11,5
19946,21,148,1-21-2020-148-03,3,2,1FTFW1EG5HKC,17,12,481,2017,34,5,31,0,1,B,2,2130,5,9999,9,5,26,2,113,1,0,0,995,0,0,0,84043,1,2,0,1,6,3,2,1,1,9,1,1,0,0,1,1,0,0,1,0,5,3,53,1,1,1,2,D,21,0,0,0,0,0,0,0,0,0,0,200,205,0,0,0,1,12,999,999,999,9999999,999,999,999,7,0,1,1,0,0,0,995,9.8,998,998,998,99.8,99.8,99.8,200.145480388774,11,5
19947,21,149,1-21-2020-149-03,3,1,1G1ZB5ST5JF1,17,20,37,2018,4,1,4,0,1,F,9,1400,5,9999,9,0,998,2,105,1,9,0,995,0,9,0,99999,9,9,0,2,5,5,1,1,1,9,3,2,0,0,2,1,0,0,9,1,6,2,11,99,1,2,2,F,46,0,0,0,0,0,0,0,0,0,0,999,999,0,0,0,1,0,999,999,999,9999999,999,999,999,9,0,99,99,0,0,0,995,9.8,998,998,998,99.8,99.8,99.8,200.14548040979,11,5
19947,21,149,1-21-2020-149-03,3,2,KMHDH4AE9CU3,17,55,35,2012,4,1,3,0,1,L,9,1265,5,9999,9,0,998,5,105,1,0,0,995,0,0,0,89115,9,9,0,2,5,4,1,1,1,9,3,3,0,0,2,1,0,0,1,0,1,4,60,1,1,1,2,F,45,0,0,0,0,0,0,0,0,0,0,999,999,0,0,0,1,0,999,999,999,9999999,999,999,999,9,0,95,95,95,95,0,995,9.8,998,998,998,99.8,99.8,99.8,200.14548040979,11,5
19948,21,150,1-21-2020-150-06,6,1,1GTN1TEC8FZ9,17,23,481,2015,34,5,31,0,1,F,1,2127,5,0,1,4,32,2,56,1,9,0,995,0,9,0,99999,9,9,0,4,2,1,2,1,2,1,0,2,0,0,3,1,0,0,9,1,14,2,12,99,1,4,1,B,6,0,0,0,0,0,0,0,0,0,0,998,998,0,0,0,3,12,999,999,999,9999999,999,999,999,6,0,0,0,0,0,0,998,0.0,120,15,25,0.0,0.0,0.0,314.657728646686,11,5
19949,21,151,1-21-2020-151-06,6,1,5FNRL38215B0,17,37,441,2005,20,4,20,0,1,R,9,1989,5,9999,9,0,998,2,64,1,0,0,995,0,0,0,92407,9,1,0,5,5,3,2,1,1,1,4,4,0,0,3,1,0,0,9,0,12,2,21,1,1,2,6,M,98,0,0,0,0,0,0,0,0,0,0,999,999,0,0,0,1,0,999,999,999,9999999,999,999,999,9,0,0,0,0,0,0,995,9.8,998,998,998,99.8,99.8,99.8,314.657728646686,11,5
19949,21,151,1-21-2020-151-06,6,2,1HGCR2F31FA1,17,37,32,2015,4,1,4,0,1,F,9,1496,5,9999,9,0,998,2,64,1,0,0,995,0,0,0,92324,9,9,0,5,5,1,2,1,1,1,0,3,0,0,3,1,0,0,9,0,1,3,50,1,1,1,6,M,98,0,0,0,0,0,0,0,0,0,0,999,999,0,0,0,1,0,999,999,999,9999999,999,999,999,9,0,0,0,0,0,0,995,9.8,998,998,998,99.8,99.8,99.8,314.657728646686,11,5
19949,21,151,1-21-2020-151-06,6,3,19XFB2F56DE2,17,37,31,2013,4,1,3,0,1,L,2,1236,5,9999,9,5,53,2,64,1,0,0,995,0,0,0,92410,9,1,0,5,5,2,2,1,1,1,3,2,0,0,3,1,0,0,1,0,1,4,62,8,1,1,6,M,98,0,0,0,0,0,0,0,0,0,0,180,305,0,0,0,2,12,999,999,999,9999999,999,999,999,7,0,99,99,0,5,0,995,9.8,998,998,998,99.8,99.8,99.8,314.657728646686,11,5
19950,32,179,1-32-2020-179-02,2,1,1C4BJWEGXCL2,17,2,403,2012,14,3,14,0,1,L,1,1994,5,9999,9,0,998,2,48,1,0,0,995,0,0,0,75043,9,1,3,4,2,1,1,1,1,1,2,0,0,0,1,1,0,0,9,0,11,2,15,99,1,1,4,K,82,0,0,0,0,0,0,0,0,0,0,190,315,0,0,0,1,3,16,-14,8,43980,998,-85,20,0,4,0,0,0,0,0,995,9.8,998,998,998,99.8,99.8,99.8,14.9502295986374,7,5
19950,32,179,1-32-2020-179-02,2,2,3VV3B7AX2KM1,17,30,402,2019,14,3,14,0,1,F,1,1713,5,0,1,1,10,2,48,1,0,0,995,0,0,0,75040,3,2,3,4,6,2,1,1,1,1,1,3,0,0,1,1,0,0,9,0,1,4,67,4,1,1,4,K,83,0,0,0,0,0,0,0,0,0,0,315,190,0,0,0,1,3,18,-17,-6,23860,998,-108,14,0,4,2,5,0,4,0,995,9.8,998,998,998,99.8,99.8,99.8,14.9502295986374,7,5
19952,76,89,1-76-2020-089-06,6,1,JF1VA1G60F98,17,48,47,2015,4,1,3,0,1,F,9,1483,5,9999,9,0,998,2,48,1,1,9,998,8,7,9,12051,9,9,0,4,2,1,2,1,3,1,1,2,0,0,2,1,0,0,9,1,14,2,13,99,1,4,1,A,1,0,0,0,0,0,0,0,0,0,0,998,998,0,1,1,1,0,999,999,999,9999999,999,999,999,9,0,9,97,0,99,0,998,1.1,25,25,87,0.0,0.0,0.0,303.390184452518,3,5
19953,76,90,1-76-2020-090-03,3,1,999999999999,99,55,399,2018,9,1,9,99,1,9,9,9999,9,9999,9,0,998,2,89,1,8,9,998,8,7,9,13756,1,9,0,4,2,1,2,1,1,4,1,4,0,0,1,1,0,0,9,0,1,6,87,99,1,1,1,C,13,0,0,0,0,0,0,0,0,0,0,998,998,9,0,0,1,0,999,999,999,9999999,999,999,999,9,0,1,1,0,4,0,998,9.8,998,998,998,99.8,99.8,99.8,149.978970847084,3,5
19954,29,170,1-29-2020-170-06,6,1,5UXWX9C53E0D,17,34,402,2014,14,3,14,0,1,F,2,1845,5,0,1,1,8,2,40,1,8,9,998,8,7,9,02719,9,9,0,4,2,1,2,2,3,1,0,0,0,0,3,2,0,0,3,1,14,2,13,3,1,4,1,A,1,0,0,0,0,0,0,0,0,0,0,998,998,0,1,1,3,1,25,-25,0,53454,998,49,25,0,1,0,0,0,4,0,998,0.0,120,999,120,5.0,2.8,4.7,90.1206971356379,2,5
19955,20,90,1-20-2020-090-03,3,1,3N1CN8DV5LL8,17,35,50,2020,4,1,2,0,1,B,2,1202,8,0,1,1,15,2,105,1,0,0,995,0,0,0,93905,9,1,1,2,3,3,2,1,2,9,3,2,1,1,1,1,0,0,3,1,14,2,11,1,1,2,2,F,44,1,2,1,2,1,4,61,1,1,13,996,996,0,0,0,3,7,999,999,999,9999999,999,999,999,7,0,99,99,0,8,3,996,3.0,999,999,120,12.0,10.0,15.2,225.117769982155,11,5
19955,20,90,1-20-2020-090-03,3,2,5TDDZRFHXHS4,17,49,403,2017,14,3,14,0,1,L,9,2030,5,9999,9,0,998,5,89,1,0,0,995,0,0,0,92116,9,9,1,2,3,2,2,1,2,9,3,3,0,1,1,1,0,0,1,0,14,4,60,2,1,1,2,F,45,0,0,0,0,0,0,0,0,0,0,305,310,1,0,0,1,0,999,999,999,9999999,999,999,999,9,0,95,95,95,95,0,995,9.8,998,998,998,99.8,99.8,99.8,225.117769982155,11,5
19956,22,133,1-22-2020-133-07,7,1,3C6URVHD5EE1,17,7,463,2014,21,4,21,0,1,F,1,2251,5,9999,9,5,14,2,97,1,0,0,995,0,0,0,99006,9,9,0,4,2,1,2,2,3,1,1,2,1,1,3,2,0,0,9,0,14,6,87,99,1,1,1,C,13,0,0,0,0,0,0,0,0,0,0,998,998,0,0,0,1,12,999,999,999,9999999,999,999,999,6,0,99,99,0,0,0,998,9.8,998,998,998,99.8,99.8,99.8,481.087991564638,12,5
19958,32,180,1-32-2020-180-09,9,1,3VWRW3AG8AM0,17,30,47,2010,3,1,1,0,1,B,1,1308,5,0,1,1,22,2,72,1,0,0,995,0,0,0,75104,1,9,1,3,4,4,1,1,1,1,1,1,0,0,1,1,0,0,9,1,15,2,11,99,1,2,2,F,48,0,0,0,0,0,0,0,0,0,0,265,220,0,0,0,1,3,15,14,-5,17863,998,81,15,0,4,0,0,0,0,0,995,9.8,998,998,998,99.8,99.8,99.8,2015.77484077831,7,5
19958,32,180,1-32-2020-180-09,9,2,KMHDN46D36U3,17,55,35,2006,4,1,2,0,1,F,1,1195,5,0,1,1,29,2,72,1,0,0,995,0,0,0,75104,2,9,1,3,4,2,1,1,1,1,1,3,0,0,1,1,0,0,9,0,1,4,60,99,1,1,2,F,48,0,0,0,0,0,0,0,0,0,0,220,265,0,0,0,1,3,16,-15,-6,12588,998,-38,15,0,4,9,97,0,5,0,995,9.8,998,998,998,99.8,99.8,99.8,2015.77484077831,7,5
19959,73,98,1-73-2020-098-06,6,1,5XYKTCA68FG5,17,63,402,2015,14,3,14,0,1,F,1,1730,5,0,1,1,53,2,89,1,0,0,995,0,0,0,04441,1,9,2,4,2,1,2,2,1,2,1,4,0,0,4,2,0,0,1,1,1,2,12,99,1,4,1,B,6,0,0,0,0,0,0,0,0,0,0,998,998,0,1,1,2,1,13,-13,0,13306,998,-58,13,0,4,2,6,0,3,0,998,2.0,33,33,120,23.5,6.6,24.3,238.671620272112,3,5
19962,13,110,1-13-2020-110-02,2,1,1C6RREJT0LN1,17,7,482,2020,34,5,31,0,1,F,9,2255,5,9999,9,0,998,2,72,1,8,1,0,2,7,1,76016,1,2,0,1,3,3,1,2,1,1,3,2,0,0,1,8,0,0,3,1,1,2,12,99,1,4,1,B,6,0,0,0,0,0,0,0,0,0,0,998,998,0,0,7,2,0,999,999,999,9999999,999,999,999,9,0,0,0,0,3,0,998,0.0,999,999,999,6.3,3.4,6.9,28.3282048601079,7,5
19965,77,105,1-77-2020-105-02,2,1,3N1CN7AP6GL8,17,35,50,2016,4,1,2,0,1,L,2,1132,5,0,1,1,10,2,72,1,0,0,995,0,0,0,22901,1,2,2,4,3,1,2,1,1,2,0,2,0,0,5,1,2,2,1,0,10,2,16,1,1,2,4,K,78,0,0,0,0,0,0,0,0,0,0,200,205,0,0,0,1,1,25,21,12,13475,998,11,17,0,1,1,1,0,4,0,995,9.8,998,998,998,99.8,99.8,99.8,82.8182922699722,9,5
19965,77,105,1-77-2020-105-02,2,2,1C4RJFBG0FC7,17,2,422,2015,15,3,15,0,1,F,1,2211,5,0,1,1,30,2,72,1,0,0,995,0,0,0,22911,9,9,2,1,4,2,2,1,1,1,3,3,0,0,5,1,0,0,1,0,1,4,65,3,1,1,4,K,79,0,0,0,0,0,0,0,0,0,0,205,200,0,0,0,1,1,13,-12,-4,29512,998,-22,18,0,1,0,0,0,0,0,995,9.8,998,998,998,99.8,99.8,99.8,82.8182922699722,9,5
19966,77,106,1-77-2020-106-03,3,1,4T1BE32K82U0,17,49,40,2002,4,1,3,0,1,F,1,1435,5,0,1,1,8,2,113,1,0,0,995,0,0,0,22938,9,9,0,1,2,2,2,1,1,9,3,2,1,3,2,1,0,0,3,1,15,3,52,1,1,2,2,D,28,0,0,0,0,0,0,0,0,0,0,120,115,0,0,0,1,1,13,-13,0,14384,998,51,15,0,4,0,0,0,0,0,995,9.8,998,998,998,99.8,99.8,99.8,1372.78176337457,9,5
19966,77,106,1-77-2020-106-03,3,2,KMHTG6AF4KU0,17,55,42,2019,3,1,3,0,1,B,1,1240,5,0,1,1,5,2,113,1,0,0,995,0,0,0,24430,1,2,0,2,2,1,2,1,1,9,1,3,2,3,2,1,0,0,1,0,1,3,53,1,1,1,2,D,29,0,0,0,0,0,0,0,0,0,0,115,120,0,0,0,1,1,13,13,2,6104,998,16,10,0,4,3,10,1,3,0,995,9.9,999,999,999,99.9,99.9,99.9,1372.78176337457,9,5
19967,10,181,1-10-2020-181-09,9,1,2GTEC19V8113,17,23,481,2001,34,5,31,0,1,F,9,1986,5,9999,9,0,998,2,56,1,0,0,995,0,0,0,45414,9,9,0,4,4,2,2,1,1,9,3,2,0,0,3,4,0,0,9,1,15,2,11,99,1,2,2,F,46,0,0,0,0,0,0,0,0,0,0,999,999,1,0,9,99,0,999,999,999,9999999,999,999,999,9,0,99,99,0,8,0,999,0.0,999,999,999,20.8,4.4,21.3,2076.94669214408,4,5
19967,10,181,1-10-2020-181-09,9,2,1N4AA5AP6EC4,17,35,39,2014,4,1,4,0,1,T,2,1621,5,9999,9,4,92,5,56,1,0,0,995,0,0,0,45414,9,9,0,4,4,1,2,1,1,9,0,3,0,0,3,4,0,0,1,0,1,4,60,99,1,1,2,F,45,1,4,1,1,1,4,63,1,1,21,997,997,0,0,0,3,6,999,999,999,9999999,999,999,999,7,0,95,95,95,95,3,997,0.0,20,20,120,16.0,4.3,16.6,2076.94669214408,4,5
19968,10,182,1-10-2020-182-03,3,1,1GNSKJKC0GR4,17,20,422,2016,15,3,15,0,1,L,2,2634,8,0,1,1,28,2,72,1,0,0,995,0,0,0,45342,9,9,0,1,2,1,2,5,1,4,0,3,0,0,3,4,0,0,9,1,1,3,50,4,1,1,2,F,48,0,0,0,0,0,0,0,0,0,0,320,290,0,1,0,1,5,999,999,999,9999999,999,999,999,7,0,9,97,0,99,0,995,9.8,998,998,998,99.8,99.8,99.8,351.341755827439,4,5
19968,10,182,1-10-2020-182-03,3,2,1FD0X4GT7EEA,17,12,880,2014,67,8,60,0,1,B,9,,,,,,,5,72,1,0,0,995,0,0,0,45152,9,9,0,1,2,1,2,5,1,4,0,3,0,0,3,4,0,0,1,0,5,3,53,1,1,1,2,F,48,,,,,,,,,,,,,,,,,,,,,,,,,,,95,95,95,95,,,9.8,998,998,998,99.8,99.8,99.8,351.341755827439,4,5
19970,10,184,1-10-2020-184-04,4,1,KNDJT2A67C74,17,63,37,2012,6,1,2,0,1,L,1,1260,5,0,1,1,13,2,40,1,0,0,995,0,0,0,45345,9,9,3,4,2,1,2,2,1,1,0,0,0,0,5,2,0,0,1,0,10,2,16,1,1,1,4,K,78,0,0,0,0,0,0,0,0,0,0,40,110,0,0,0,1,3,9,1,8,11455,998,181,8,0,4,0,0,0,5,0,995,9.8,998,998,998,99.8,99.8,99.8,1060.93060941571,4,5
19970,10,184,1-10-2020-184-04,4,2,1G6DU5RK3L01,17,19,18,2020,4,1,5,0,1,F,1,1803,5,0,1,3,15,2,40,1,0,0,995,0,0,0,45381,9,9,3,4,2,1,2,2,1,1,0,2,0,0,5,2,0,0,1,0,1,4,65,1,1,1,4,K,79,0,0,0,0,0,0,0,0,0,0,110,40,0,0,0,1,3,6,-6,-1,4350,998,-39,7,0,4,0,0,0,5,0,995,9.8,998,998,998,99.8,99.8,99.8,1060.93060941571,4,5
19971,54,43,1-54-2020-043-04,4,1,2T3ZFREV9HW3,17,49,402,2017,14,3,14,0,1,F,1,1568,5,0,1,1,8,2,64,1,0,0,995,0,0,0,35654,1,2,0,4,2,1,2,1,3,1,0,2,0,0,1,8,0,0,3,1,14,2,13,1,1,4,1,A,1,0,0,0,0,0,0,0,0,0,0,998,998,0,0,0,1,10,999,999,999,9999999,999,999,999,6,0,1,1,0,0,0,998,0.0,8,8,999,22.0,11.0,24.0,179.201109639916,9,5
19972,14,89,1-14-2020-089-04,4,1,4T1G11AK7LU9,17,49,40,2020,4,1,4,0,1,B,2,1520,5,9999,9,4,19,2,72,1,0,0,995,0,0,0,78133,1,9,2,5,3,1,2,1,2,1,1,2,0,0,1,1,1,2,9,0,5,3,53,1,1,1,2,D,21,0,0,0,0,0,0,0,0,0,0,270,270,0,0,0,1,5,999,999,999,9999999,999,999,999,7,0,0,0,0,0,0,995,9.8,998,998,998,99.8,99.8,99.8,2853.49586149791,8,5
19972,14,89,1-14-2020-089-04,4,2,999999999999,99,38,898,2007,78,8,78,99,1,F,9,,,,,,,5,72,1,0,0,995,0,0,0,78745,9,9,2,5,3,1,2,1,1,1,3,4,0,0,1,1,1,2,9,1,1,3,50,4,1,1,2,D,20,,,,,,,,,,,,,,,,,,,,,,,,,,,95,95,95,95,,,9.8,998,998,998,99.8,99.8,99.8,2853.49586149791,8,5
19973,14,90,1-14-2020-090-04,4,1,5N1DR2MN3KC5,17,35,401,2019,14,3,14,0,1,F,1,1939,5,0,2,5,18,2,80,1,1,8,997,8,0,0,78266,1,1,2,4,2,1,2,2,1,4,1,2,0,0,2,2,1,2,1,1,1,1,1,1,9,4,1,B,7,0,0,0,0,0,0,0,0,0,0,998,998,0,1,1,1,1,22,-22,0,40602,998,-47,22,0,4,1,1,0,0,0,998,2.8,60,60,60,3.0,2.0,3.8,2853.49586149791,8,5
19974,17,121,1-17-2020-121-02,2,1,5NPD84LF2LH5,17,55,35,2020,4,1,3,0,1,T,2,1280,5,0,1,1,17,2,89,1,9,0,995,0,9,0,99999,9,9,0,4,2,1,2,99,2,1,1,4,0,0,2,99,0,0,9,1,14,2,12,99,1,4,1,B,6,1,8,2,2,1,3,61,1,1,42,997,997,0,0,0,1,6,999,999,999,9999999,999,999,999,7,0,3,9,1,3,3,997,9.8,998,998,998,99.8,99.8,99.8,60.0793896237542,4,5
19975,17,122,1-17-2020-122-08,8,1,1FAFP532X2G1,17,12,17,2002,4,1,3,0,1,F,3,1603,5,0,1,1,12,2,80,1,9,1,0,2,9,2,61240,9,9,0,4,2,1,2,1,1,1,1,2,0,0,1,1,0,0,9,1,1,2,12,99,1,4,1,B,6,0,0,0,0,0,0,0,0,0,0,998,998,0,1,1,5,1,76,-76,0,403360,998,-33,76,0,1,3,22,1,3,0,998,1.2,6,6,97,57.0,13.1,58.5,799.358295633079,4,5
19976,11,93,1-11-2020-093-06,6,1,2G1WB5EK6B11,17,20,2,2011,4,1,4,0,1,R,3,1613,5,9999,9,0,998,2,72,1,0,0,995,0,0,0,23225,2,2,2,1,4,4,2,2,1,9,1,2,0,0,2,1,1,2,1,0,11,2,15,99,1,1,4,J,68,0,0,0,0,0,0,0,0,0,0,20,270,0,0,0,1,3,43,-8,-43,194534,998,28,52,0,4,3,13,1,3,0,995,9.8,998,998,998,99.8,99.8,99.8,4073.86068803219,8,5
19976,11,93,1-11-2020-093-06,6,2,1FMCU0JX4FUC,17,12,402,2015,14,3,14,0,1,F,3,1635,5,0,1,1,8,2,72,1,0,0,995,0,0,0,23112,9,9,2,1,4,2,2,2,1,9,1,1,0,0,2,1,1,2,1,0,1,4,62,3,1,1,4,J,69,0,0,0,0,0,0,0,0,0,0,270,20,0,0,0,1,3,43,-42,-7,68989,998,-22,31,0,4,99,99,0,8,0,995,9.8,998,998,998,99.8,99.8,99.8,4073.86068803219,8,5
19977,11,94,1-11-2020-094-04,4,1,1GNFK13007R4,17,20,421,2007,15,3,15,0,1,F,1,2588,5,0,1,1,15,2,72,1,0,0,995,0,0,0,23237,9,9,2,4,2,1,2,1,1,1,1,2,0,0,1,1,0,0,3,0,1,3,51,3,1,1,2,D,24,0,0,0,0,0,0,0,0,0,0,30,30,0,0,0,1,1,15,-15,0,19745,998,14,14,0,1,0,0,0,0,0,995,9.8,998,998,998,99.8,99.8,99.8,7500.31042130259,8,5
19977,11,94,1-11-2020-094-04,4,2,3GCUKREC4HG4,17,20,481,2017,34,5,31,0,1,B,1,2394,5,0,1,1,15,2,72,1,0,0,995,0,0,0,23237,9,9,2,4,2,1,2,1,1,1,1,2,0,0,1,1,0,0,1,0,1,3,53,6,1,1,2,D,25,0,0,0,0,0,0,0,0,0,0,30,30,0,0,0,1,1,16,16,0,30613,998,10,18,0,1,0,0,0,0,0,995,9.8,998,998,998,99.8,99.8,99.8,7500.31042130259,8,5
19978,48,75,1-48-2020-075-03,3,1,1G1ZD5ST2JF1,17,20,37,2018,4,1,4,0,1,R,1,1400,5,0,1,1,6,2,48,1,0,0,995,0,0,0,84302,9,9,0,5,5,1,2,1,1,1,0,3,0,0,3,1,6,2,9,1,1,2,11,1,1,4,1,C,11,1,2,2,5,6,2,3,2,2,9,170,180,0,0,0,2,3,6,-6,-2,3494,998,46,7,0,4,99,99,0,0,1,995,9.8,998,998,998,99.8,99.8,99.8,107.052222031095,12,5
19978,48,75,1-48-2020-075-03,3,2,JTDKDTB3XE10,17,49,46,2014,5,1,2,0,2,L,9,1135,5,9999,9,0,998,,,,,,,,,,,,,,,,,,,,,,,,,,,,,,,,,,,,,,,,,,,,,,,,,,,,,,,,,,,,,,,,,,95,95,95,95,,,,,,,,,,107.052222031095,12,5
19978,48,75,1-48-2020-075-03,3,3,2T3BF4DVXCW2,17,49,402,2012,14,3,14,0,2,L,1,1579,5,9999,9,0,998,,,,,,,,,,,,,,,,,,,,,,,,,,,,,,,,,,,,,,,,,,,,,,,,,,,,,,,,,,,,,,,,,,95,95,95,95,,,,,,,,,,107.052222031095,12,5
19979,48,76,1-48-2020-076-06,6,1,4S4BRBGC8B33,17,48,45,2011,5,1,3,0,1,L,2,1542,5,0,2,5,5,2,129,1,0,0,995,0,0,0,84403,1,2,0,2,2,2,2,1,1,1,3,2,1,3,2,1,0,0,1,0,1,6,87,1,1,1,1,C,13,0,0,0,0,0,0,0,0,0,0,998,998,0,0,0,1,10,999,999,999,9999999,999,999,999,7,0,2,5,0,4,0,998,9.8,998,998,998,99.8,99.8,99.8,216.554315598994,12,5
19980,24,181,1-24-2020-181-02,2,1,2GNALBEK3E61,17,20,404,2014,14,3,14,0,1,B,1,1706,5,9999,9,0,998,2,89,1,0,0,995,0,0,0,08330,9,9,3,1,2,2,2,1,1,1,3,2,1,3,1,1,0,0,9,0,5,3,53,1,1,1,2,D,22,0,0,0,0,0,0,0,0,0,0,130,150,0,0,0,1,3,22,22,0,33711,998,-30,22,0,4,1,2,0,4,0,995,9.8,998,998,998,99.8,99.8,99.8,45.9948647167708,1,5
19980,24,181,1-24-2020-181-02,2,2,2HGFC2F68LH5,17,37,31,2020,4,1,3,0,1,F,2,1252,5,0,1,1,34,2,89,1,0,8,997,8,0,3,08330,1,2,3,1,2,2,2,1,1,1,3,2,1,3,1,1,0,0,3,0,1,3,50,4,1,1,2,D,20,0,0,0,0,0,0,0,0,0,0,150,130,0,0,0,1,3,28,-26,10,44602,998,34,28,0,4,4,24,1,3,0,995,9.8,998,998,998,99.8,99.8,99.8,45.9948647167708,1,5
19981,24,182,1-24-2020-182-05,5,1,5NPEB4AC7DH5,17,55,33,2013,4,1,4,0,1,F,1,1475,5,0,1,1,20,2,80,1,0,0,995,0,0,0,08225,1,2,0,4,2,1,1,1,1,2,1,2,0,0,1,1,0,0,9,1,1,2,10,99,1,2,3,G,50,0,0,0,0,0,0,0,0,0,0,100,285,0,0,0,1,3,14,-13,2,8943,998,-26,12,0,4,1,1,0,4,0,995,9.8,998,998,998,99.8,99.8,99.8,48.1207487007779,1,5
19981,24,182,1-24-2020-182-05,5,2,5NMSG13D37H1,17,55,401,2007,14,3,14,0,1,F,1,1691,5,0,1,1,20,2,80,1,0,0,995,0,0,0,08402,1,9,0,4,2,1,1,1,1,4,1,2,0,0,1,1,0,0,1,0,1,4,62,99,1,1,3,G,51,0,0,0,0,0,0,0,0,0,0,285,100,0,1,0,1,3,12,-12,2,13000,998,39,13,0,4,2,6,0,4,0,995,9.8,998,998,998,99.8,99.8,99.8,48.1207487007779,1,5
19982,24,183,1-24-2020-183-06,6,1,19UUA9F53DA0,17,54,35,2013,4,1,4,0,1,F,2,1807,5,0,1,1,30,2,72,1,0,0,995,0,0,0,08234,1,1,2,4,2,1,2,1,1,1,1,4,0,0,1,1,0,0,9,0,6,2,11,11,1,2,2,F,48,0,0,0,0,0,0,0,0,0,0,998,998,0,1,1,2,12,999,999,999,9999999,999,999,999,7,0,1,2,0,4,0,998,0.0,31,27,105,2.1,1.7,2.6,821.677564403897,1,5
19982,24,183,1-24-2020-183-06,6,2,SHSRD788X5U3,17,37,402,2005,14,3,14,0,1,R,1,1480,5,0,1,1,30,2,72,1,0,0,995,0,0,0,08234,9,9,2,4,2,1,2,1,1,1,1,2,0,0,1,1,0,0,9,0,10,3,53,99,1,1,2,F,48,0,0,0,0,0,0,0,0,0,0,130,110,0,1,0,1,3,5,5,-3,3162,998,-130,5,0,4,1,1,0,6,0,995,9.8,998,998,998,99.8,99.8,99.8,821.677564403897,1,5
19983,24,184,1-24-2020-184-04,4,1,5N1AZ2MS9KN1,17,35,422,2019,15,3,15,0,1,F,1,1787,5,0,1,1,20,2,72,1,0,0,995,0,0,0,08234,3,2,2,4,4,2,2,1,1,1,3,2,0,0,2,1,0,0,1,0,1,4,67,4,1,1,4,K,83,0,0,0,0,0,0,0,0,0,0,210,80,0,0,0,1,3,17,-15,9,18754,998,126,12,0,4,0,0,0,0,0,995,9.8,998,998,998,99.8,99.8,99.8,1697.40648244309,1,5