CASEID,PSU,CASENO,CASENUMBER,CATEGORY,VEHNO,VIN,VINLENGTH,MAKE,MODEL,MODELYR,BODYTYPE,BODYCAT,VEHCLASS,SPECUSE,TRANSTAT,DAMPLANE,DAMSEV,CURBWT,CURBSRC,CARGOWT,CARGOSRC,INSPTYPE,INSPLAG,TOWED,SPEEDLIMIT,DRPRESENT,PARALCOHOL,ALCTEST,ALCTESTRESULT,ALCTESTSRC,PARDRUG,DRUGTEST,ZIP,RACE,ETHNICITY,RELTOJUNCT,TRAFFLOW,RDLANES,INITLANE,SURFTYPE,SURFCOND,ALIGNMENT,PROFILE,LINERIGHT,LINELEFT,RUMBINIT,RUMBROAD,LIGHTCOND,WEATHER,TRAFDEV,TRAFFUNCT,DISTRACT,PREFHE,PREMOVE,CRITCAT,CRITEVENT,MANEUVER,PRESTAB,PRELOC,CRASHCAT,CRASHCONF,CRASHTYPE,ROLLTYPE,ROLLTURN,ROLLINTRPT,ROLLPREMAN,ROLLINITYP,ROLLINLOC,ROLLOBJ,ROLLTRIP,ROLLDIR,ROLLDIST,DVANGTHIS,DVANGOTH,TOWHITCH,TRAJDOC,TREEPOLE,DVEVENT,DVBASIS,DVTOTAL,DVLONG,DVLAT,DVENERGY,DVSPEED,DVMOMENT,DVBES,DVEST,DVCONF,VAIS,VISS,VINJURED,VTREAT,INITOBJCLASS,HEADANGLECAT,SHLDRWIDTH,STRKLENGTH,STRKWIDTH,STRKHEIGHT,EDGEDISTX,EDGEDISTY,EDGEDISTZ,CASEWGT,PSUSTRAT,VERSION
20095,33,73,1-33-2020-073-08,8,1,3G5DB03E42S5,17,18,401,2002,14,3,14,0,1,L,3,1890,5,0,1,1,13,2,89,1,0,1,0,2,0,2,95969,1,9,0,4,2,1,2,1,1,1,1,4,0,0,1,1,0,0,9,1,1,2,13,99,3,4,1,A,2,0,0,0,0,0,0,0,0,0,0,998,998,0,1,1,3,1,47,-8,46,166144,998,-12,47,0,1,4,24,1,3,0,998,0.9,999,49,64,4.4,0.9,4.5,159.731681301298,12,5
20096,33,74,1-33-2020-074-05,5,1,1GCDT1965481,17,20,473,2004,34,5,30,0,1,F,1,1725,5,9999,9,0,998,5,72,1,9,9,998,8,9,9,95945,9,9,3,4,2,1,4,1,1,1,1,2,0,0,1,1,0,0,9,0,1,3,51,99,9,1,2,D,24,0,0,0,0,0,0,0,0,0,0,340,315,0,0,0,1,3,14,-14,0,9119,998,30,11,0,4,95,95,95,95,0,995,9.8,998,998,998,99.8,99.8,99.8,30.0821504487588,12,5
20096,33,74,1-33-2020-074-05,5,2,5NPEB4AC1CH3,17,55,33,2012,4,1,4,0,1,B,1,1454,5,0,1,1,19,2,72,1,0,0,995,0,0,0,95966,1,9,3,4,2,1,4,1,1,1,1,2,0,0,1,1,0,0,9,0,11,3,53,99,1,1,2,D,26,0,0,0,0,0,0,0,0,0,0,315,340,0,1,0,1,3,16,15,6,21809,998,-53,18,0,4,1,1,0,6,0,995,0.6,120,6,85,4.0,4.3,6.1,30.0821504487588,12,5
20097,26,172,1-26-2020-172-03,3,1,5TEJU62N35Z0,17,49,472,2005,34,5,30,0,1,L,9,1767,5,9999,9,0,998,5,64,1,0,0,995,0,0,0,95828,9,9,0,1,2,1,2,1,1,1,1,3,0,0,1,1,0,0,9,1,15,2,10,1,1,1,2,F,47,0,0,0,0,0,0,0,0,0,0,240,260,0,0,0,1,0,999,999,999,9999999,999,999,999,9,0,95,95,95,95,0,995,9.8,998,998,998,99.8,99.8,99.8,918.882757168066,10,5
20097,26,172,1-26-2020-172-03,3,2,KNDPM3AC9H71,17,63,401,2017,14,3,14,0,1,L,1,1631,5,0,1,1,38,2,64,1,0,0,995,0,0,0,95828,2,9,0,1,2,2,2,1,1,1,3,0,0,0,1,1,0,0,1,0,1,4,61,2,1,1,2,F,45,1,1,2,2,1,4,63,1,2,26,997,997,0,1,0,3,6,999,999,999,9999999,999,999,999,6,0,1,1,0,99,3,997,0.0,18,120,17,0.0,0.0,0.0,918.882757168066,10,5
20100,19,180,1-19-2020-180-09,9,1,1G1ZJ5775942,17,20,37,2009,4,1,4,0,1,F,2,1569,5,0,1,1,8,2,105,1,0,0,995,0,0,0,35957,1,9,2,1,3,2,2,1,1,1,1,3,0,0,1,1,1,2,3,0,1,2,17,5,2,1,4,K,83,0,0,0,0,0,0,0,0,0,0,180,60,0,0,0,1,5,999,999,999,9999999,999,999,999,7,0,9,97,0,8,0,995,9.8,998,998,998,99.8,99.8,99.8,638.989211348547,9,5
20100,19,180,1-19-2020-180-09,9,2,1FUBCXCYXGHH,17,82,881,2016,66,8,68,0,1,L,9,,,,,,,5,89,1,0,0,995,0,0,0,35972,9,9,2,4,2,1,2,1,1,1,1,2,0,0,1,1,1,2,9,0,11,4,66,1,1,1,4,K,82,,,,,,,,,,,,,,,,,,,,,,,,,,,95,95,95,95,,,9.8,998,998,998,99.8,99.8,99.8,638.989211348547,9,5
20101,19,181,1-19-2020-181-03,3,1,3N1AB7AP0HY2,17,35,43,2017,4,1,3,0,1,U,1,1300,5,0,1,1,7,2,89,1,9,0,995,0,9,0,35901,2,9,0,4,2,1,2,1,1,1,1,2,1,3,1,1,0,0,9,1,1,1,8,1,1,4,1,A,1,0,0,0,0,0,0,0,0,0,0,998,998,0,1,0,1,12,999,999,999,9999999,999,999,999,6,0,9,97,0,8,0,998,0.2,999,999,999,10.4,2.4,10.6,114.388673113787,9,5
20102,19,182,1-19-2020-182-05,5,1,1FAHP2FW4BG1,17,12,17,2011,4,1,4,0,1,F,2,1918,5,0,1,1,2,2,56,1,0,0,995,0,0,0,35956,1,2,0,4,2,1,2,1,2,2,0,0,0,0,1,1,0,0,9,1,14,2,10,8,1,2,3,G,52,0,0,0,0,0,0,0,0,0,0,50,225,0,1,0,1,1,34,-33,-6,105425,998,-7,36,0,1,2,4,0,4,0,995,9.8,998,998,998,99.8,99.8,99.8,61.4181527827887,9,5
20102,19,182,1-19-2020-182-05,5,2,2GCEC19T0413,17,20,481,2004,34,5,31,0,1,F,2,1980,5,0,1,1,2,2,56,1,0,0,995,0,0,0,35956,1,9,0,4,2,1,2,1,3,4,0,0,0,0,1,1,0,0,1,1,14,4,62,3,1,2,3,G,52,0,0,0,0,0,0,0,0,0,0,225,50,0,1,0,1,1,33,-31,-11,76163,998,-19,30,0,1,9,97,0,8,0,995,9.8,998,998,998,99.8,99.8,99.8,61.4181527827887,9,5
20103,19,183,1-19-2020-183-03,3,1,4T1BF1FK8HU4,17,49,40,2017,4,1,4,0,1,R,2,1467,5,0,1,1,10,2,72,1,0,0,995,0,0,0,36272,1,9,2,1,4,4,2,1,2,1,1,2,0,0,1,1,1,2,9,0,11,2,15,1,1,1,4,J,68,0,0,0,0,0,0,0,0,0,0,85,350,0,0,0,1,1,27,-18,-21,17859,998,-27,17,0,4,9,97,0,8,0,995,1.0,30,30,80,3.2,0.0,3.2,114.388673113787,9,5
20103,19,183,1-19-2020-183-03,3,2,1GYS3DKJ0GR2,17,19,421,2016,15,3,15,0,1,F,1,2649,5,0,1,1,7,2,72,1,0,0,995,0,0,0,35763,1,9,2,1,4,2,2,1,3,1,3,3,0,0,1,1,1,2,9,0,14,4,62,2,1,1,4,J,69,0,0,0,0,0,0,0,0,0,0,350,85,0,0,0,1,1,16,-12,10,71164,998,125,20,0,4,0,0,0,0,0,995,9.8,998,998,998,99.8,99.8,99.8,114.388673113787,9,5
20104,27,94,1-27-2020-094-03,3,1,2GCEK13T3511,17,20,481,2005,34,5,31,0,1,F,2,2397,5,0,1,1,14,2,48,1,0,0,995,0,0,9,01247,9,9,0,4,2,1,2,1,1,1,0,2,0,0,3,1,0,0,1,1,1,1,3,2,1,2,3,G,50,0,0,0,0,0,0,0,0,0,0,5,195,0,0,0,1,98,999,999,999,9999999,999,999,999,7,0,0,0,0,0,0,995,9.8,998,998,998,99.8,99.8,99.8,29.1351708008549,3,5
20104,27,94,1-27-2020-094-03,3,2,5J6RM4H98GL0,17,37,402,2016,14,3,14,0,1,F,1,1586,5,0,1,1,16,2,48,1,0,0,995,0,0,0,01247,1,2,0,4,2,1,2,1,1,1,0,2,0,0,3,1,0,0,1,0,1,4,62,2,1,1,3,G,51,0,0,0,0,0,0,0,0,0,0,195,5,0,0,0,1,98,999,999,999,9999999,999,999,999,6,0,1,1,0,4,0,995,9.8,998,998,998,99.8,99.8,99.8,29.1351708008549,3,5
20105,27,95,1-27-2020-095-09,9,1,YS3DD55H6120,17,47,35,2001,5,1,2,0,1,F,2,1375,5,0,1,1,5,2,48,1,0,1,0,2,9,2,01247,1,2,0,4,2,1,2,2,1,4,1,2,0,0,3,1,0,0,9,1,1,2,10,99,1,2,3,G,50,0,0,0,0,0,0,0,0,0,0,30,210,0,0,0,1,5,999,999,999,9999999,999,999,39,3,0,1,1,0,4,0,995,9.8,998,998,998,99.8,99.8,99.8,184.489730002741,3,5
20105,27,95,1-27-2020-095-09,9,2,1FDFE4FS0GDC,17,12,870,2016,55,7,58,3,1,F,9,,,,,,,3,48,1,0,0,995,0,0,0,01201,9,9,0,4,2,1,2,2,1,1,1,2,0,0,3,1,0,0,1,0,1,4,62,99,1,1,3,G,51,,,,,,,,,,,,,,,,,,,,,,,,,,,95,95,95,95,,,9.8,998,998,998,99.8,99.8,99.8,184.489730002741,3,5
20106,15,122,1-15-2020-122-03,3,1,3LN6L5F98LR6,17,13,13,2020,4,1,4,0,1,F,9,1773,5,9999,9,4,35,2,89,1,8,9,998,8,7,9,11733,1,2,1,2,1,1,2,1,2,1,1,1,2,2,1,1,0,0,9,1,16,2,12,99,1,4,1,B,6,0,0,0,0,0,0,0,0,0,0,998,998,0,0,0,1,12,999,999,999,9999999,999,999,999,9,0,1,1,0,4,0,998,4.9,999,999,999,16.8,2.2,17.0,39.1116839872368,1,5
20107,15,123,1-15-2020-123-04,4,1,3N1AB7AP4KY4,17,35,43,2019,4,1,3,0,1,F,2,1315,5,9999,9,4,27,2,89,1,8,9,998,8,7,9,11568,9,9,1,2,4,1,2,1,2,1,1,3,0,2,1,8,0,0,9,1,15,2,13,99,1,4,1,A,1,0,0,0,0,0,0,0,0,0,0,998,998,0,0,0,1,12,999,999,999,9999999,999,999,999,7,0,0,0,0,0,0,998,5.1,999,999,999,10.6,2.0,10.8,74.2255237526541,1,5
20108,15,124,1-15-2020-124-04,4,1,1FBZX2YM5HKB,17,12,462,2017,21,4,21,0,1,F,9,2318,5,9999,9,0,998,5,48,1,8,9,998,8,7,9,11729,9,9,2,4,2,1,2,1,1,1,0,0,0,0,1,1,2,2,9,0,1,2,17,99,1,1,5,L,88,0,0,0,0,0,0,0,0,0,0,85,0,0,0,0,1,0,999,999,999,9999999,999,999,999,9,0,95,95,95,95,0,995,9.8,998,998,998,99.8,99.8,99.8,74.2255237564183,1,5
20108,15,124,1-15-2020-124-04,4,2,3TMCZ5AN5KM2,17,49,472,2019,40,6,45,0,1,L,9,1775,5,9999,9,0,998,2,48,1,8,9,998,8,7,9,11552,9,9,2,4,4,1,2,1,1,1,1,3,0,0,1,1,0,0,9,0,1,4,66,99,1,1,5,L,89,0,0,0,0,0,0,0,0,0,0,0,85,0,0,0,1,0,999,999,999,9999999,999,999,999,9,0,0,0,0,0,0,995,9.8,998,998,998,99.8,99.8,99.8,74.2255237564183,1,5
20109,20,92,1-20-2020-092-02,2,1,1G1BE5SMXG73,17,20,25,2016,4,1,3,0,1,F,1,1399,5,9999,9,4,42,2,56,1,0,1,0,2,0,0,93955,2,2,0,1,2,1,2,1,1,1,0,5,0,0,1,1,0,0,1,1,1,4,73,7,1,2,1,B,8,0,0,0,0,0,0,0,0,0,0,240,80,0,0,0,2,98,999,999,999,9999999,999,999,999,6,0,2,4,0,4,0,995,9.8,998,998,998,99.8,99.8,99.8,105.832548098408,11,5
20109,20,92,1-20-2020-092-02,2,2,JT3GM84R0W00,17,49,401,1998,14,3,14,0,2,L,9,1803,5,9999,9,0,998,,,,,,,,,,,,,,,,,,,,,,,,,,,,,,,,,,,,,,,,,,,,,,,,,,,,,,,,,,,,,,,,,,95,95,95,95,,,,,,,,,,105.832548098408,11,5
20109,20,92,1-20-2020-092-02,2,3,1FA6P8CF7G52,17,12,3,2016,2,1,3,0,2,F,9,1681,5,9999,9,0,998,,,,,,,,,,,,,,,,,,,,,,,,,,,,,,,,,,,,,,,,,,,,,,,,,,,,,,,,,,,,,,,,,,95,95,95,95,,,,,,,,,,105.832548098408,11,5
20110,29,173,1-29-2020-173-04,4,1,YV1LW61J7Y26,17,51,43,2000,6,1,3,0,1,R,1,1415,5,9999,9,4,7,2,56,1,0,0,995,0,0,0,02745,9,9,2,1,2,2,2,1,1,1,1,2,0,0,1,1,1,2,9,0,11,2,15,99,1,1,4,J,68,0,0,0,0,0,0,0,0,0,0,20,275,0,0,0,1,3,24,-8,-22,49322,998,61,27,0,4,0,0,0,0,0,995,9.8,998,998,998,99.8,99.8,99.8,91.6215929146243,2,5
20110,29,173,1-29-2020-173-04,4,2,JF2SJAEC1JH6,17,48,401,2018,14,3,14,0,1,F,1,1498,5,0,1,1,5,2,56,1,0,0,995,0,0,0,02743,9,9,2,1,2,1,2,1,1,1,1,1,0,0,1,1,1,2,1,0,1,4,62,4,1,1,4,J,69,0,0,0,0,0,0,0,0,0,0,275,20,0,0,0,1,3,22,-22,4,18708,998,2,18,0,1,0,0,0,0,0,995,9.8,998,998,998,99.8,99.8,99.8,91.6215929146243,2,5
20112,22,137,1-22-2020-137-04,4,1,3HAEUMML3LL1,17,84,881,2020,62,8,60,0,1,L,9,,,,,,,2,40,1,0,0,995,0,0,0,99207,9,9,2,4,2,1,2,2,1,1,0,2,0,0,1,1,2,2,2,0,10,2,16,99,1,1,4,K,78,,,,,,,,,,,,,,,,,,,,,,,,,,,95,95,95,95,,,9.8,998,998,998,99.8,99.8,99.8,66.4028661928615,12,5
20112,22,137,1-22-2020-137-04,4,2,1FTFW1E43KKE,17,12,481,2019,34,5,31,0,1,F,2,2236,5,0,1,1,5,2,40,1,0,0,995,0,0,0,83540,9,9,2,4,2,1,2,2,1,1,0,4,0,0,1,1,0,0,9,0,1,4,65,3,1,1,4,K,79,0,0,0,0,0,0,0,0,0,0,255,180,0,0,0,1,5,999,999,999,9999999,999,999,999,7,0,99,99,0,0,0,995,9.8,998,998,998,99.8,99.8,99.8,66.4028661928615,12,5
20113,22,138,1-22-2020-138-07,7,1,5NPEU46F76H0,17,55,33,2006,4,1,3,0,1,F,1,1569,5,0,1,1,29,2,40,1,0,0,995,0,0,0,83843,1,2,2,4,3,2,2,1,1,1,1,2,0,0,3,1,1,2,9,0,11,2,15,99,1,1,4,J,68,0,0,0,0,0,0,0,0,0,0,300,170,0,0,0,1,1,19,-18,-7,37413,998,-108,19,0,4,1,1,0,4,0,995,9.8,998,998,998,99.8,99.8,99.8,128.635277874745,12,5
20113,22,138,1-22-2020-138-07,7,2,1C4PJMDS8FW6,17,2,404,2015,14,3,14,0,1,L,1,1788,5,0,1,1,30,2,40,1,0,0,995,0,0,0,83501,1,2,2,4,3,2,2,1,1,4,1,1,0,0,3,1,1,2,9,0,1,4,62,4,1,1,4,J,69,0,0,0,0,0,0,0,0,0,0,170,300,0,0,0,1,1,16,-14,8,19789,998,-18,16,0,4,0,0,0,0,0,995,9.8,998,998,998,99.8,99.8,99.8,128.635277874745,12,5
20114,22,139,1-22-2020-139-07,7,1,2HKRM4H77FH6,17,37,402,2015,14,3,14,0,1,R,1,1586,5,0,1,1,8,2,56,1,0,0,995,0,0,0,83843,9,9,2,4,3,1,2,1,1,1,1,1,0,0,1,1,1,2,3,0,1,2,17,7,1,1,5,L,87,0,0,0,0,0,0,0,0,0,0,300,210,0,0,0,1,3,8,-5,-6,11232,998,154,9,0,4,99,99,0,5,0,995,9.8,998,998,998,99.8,99.8,99.8,128.635277874745,12,5
20114,22,139,1-22-2020-139-07,7,2,4S4BRBGC8C32,17,48,45,2012,6,1,3,0,1,F,1,1542,5,9999,9,0,998,5,40,1,0,0,995,0,0,0,83843,9,9,2,4,3,1,2,1,1,1,0,1,0,0,1,1,1,2,9,0,1,4,66,99,1,1,5,L,86,0,0,0,0,0,0,0,0,0,0,210,300,0,0,0,1,3,8,-6,5,6214,998,145,7,0,4,95,95,95,95,0,995,9.8,998,998,998,99.8,99.8,99.8,128.635277874745,12,5
20116,21,157,1-21-2020-157-02,2,1,5TEUU42N66Z3,17,49,472,2006,34,5,31,0,1,T,2,1791,5,0,1,1,22,2,105,1,0,1,261,2,0,0,89423,1,9,0,1,2,1,1,1,1,9,1,3,1,3,2,1,0,0,9,1,1,1,6,99,4,4,1,B,7,1,9,2,2,1,4,61,1,1,76,997,997,0,0,0,1,6,999,999,999,9999999,999,999,999,7,0,1,1,0,4,3,997,9.8,998,998,998,99.8,99.8,99.8,34.881400640758,11,5
20117,21,158,1-21-2020-158-03,3,1,2HGFC1F70GH6,17,37,31,2016,4,1,3,0,1,F,1,1244,5,0,1,5,21,2,56,1,9,9,998,8,9,9,92324,9,9,2,4,2,1,2,1,1,1,1,2,0,0,3,1,2,2,9,1,10,1,6,99,9,4,1,B,7,0,0,0,0,0,0,0,0,0,0,998,998,0,0,0,5,10,999,999,999,9999999,999,0,13,2,0,9,97,0,99,0,998,4.3,4,120,120,0.0,0.0,0.0,358.843548355022,11,5
20121,21,161,1-21-2020-161-05,5,1,KNDPB3A29D74,17,63,401,2013,14,3,14,0,1,T,3,1432,5,0,1,4,13,2,89,1,0,0,995,0,0,0,92311,1,9,0,4,2,1,2,1,2,9,1,2,3,3,1,1,0,0,9,1,14,2,13,99,3,4,1,A,2,1,8,2,2,1,4,61,1,2,52,997,997,0,0,0,1,6,999,999,999,9999999,999,999,999,8,0,1,1,0,4,3,997,9.8,998,998,998,99.8,99.8,99.8,33.0391377974989,11,5
20122,29,175,1-29-2020-175-07,7,1,1N4BA41E88C8,17,35,39,2008,4,1,4,0,1,R,1,1641,5,9999,9,0,998,2,48,1,8,9,998,8,7,9,02748,9,9,2,4,2,1,2,2,1,2,0,2,0,0,3,1,0,0,9,0,11,2,15,99,1,1,4,J,68,0,0,0,0,0,0,0,0,0,0,200,90,0,0,0,1,3,19,-3,-19,36677,998,46,22,0,4,0,0,0,0,0,995,9.8,998,998,998,99.8,99.8,99.8,142.657221358082,2,5
20122,29,175,1-29-2020-175-07,7,2,JF1VA2U61F98,17,48,47,2015,4,1,3,0,1,F,1,1527,5,0,1,1,7,2,48,1,8,9,998,8,7,9,02740,9,9,2,4,2,1,2,2,1,4,0,2,0,0,3,1,0,0,9,0,1,4,62,3,1,1,4,J,69,0,0,0,0,0,0,0,0,0,0,90,200,0,0,0,1,3,20,-20,-4,14830,998,9,15,0,1,0,0,0,0,0,995,9.8,998,998,998,99.8,99.8,99.8,142.657221358082,2,5
20123,17,125,1-17-2020-125-04,4,1,3FADP4BJXJM1,17,12,32,2018,4,1,1,0,1,R,1,1169,5,0,1,1,24,2,48,1,9,0,995,0,9,0,52732,9,9,3,4,4,2,1,1,1,1,3,2,0,0,1,1,0,0,9,0,11,2,15,1,1,1,4,J,68,0,0,0,0,0,0,0,0,0,0,190,100,0,0,0,1,1,14,-7,-12,6179,998,-46,11,0,4,0,0,0,0,0,995,9.8,998,998,998,99.8,99.8,99.8,290.314155630878,4,5
20123,17,125,1-17-2020-125-04,4,2,2HGES16565H5,17,37,31,2005,4,1,2,0,1,F,1,1163,5,0,1,1,13,2,48,1,9,0,995,0,9,0,61265,9,9,3,4,4,1,1,1,1,1,0,3,0,0,1,1,0,0,9,0,1,4,62,99,1,1,4,J,69,0,0,0,0,0,0,0,0,0,0,100,190,0,0,0,1,1,14,-12,7,18374,998,97,16,0,4,0,0,0,0,0,995,9.8,998,998,998,99.8,99.8,99.8,290.314155630878,4,5
20124,21,162,1-21-2020-162-01,1,1,3N1CN7AP8GL8,17,35,50,2016,4,1,2,0,1,F,3,1119,8,9999,9,5,41,2,89,1,9,0,995,0,9,0,92345,9,9,0,4,2,1,2,1,2,9,2,2,0,0,1,1,0,0,9,1,14,2,10,1,1,2,3,G,50,0,0,0,0,0,0,0,0,0,0,0,185,0,0,0,1,5,999,999,999,9999999,999,999,999,8,0,3,14,1,1,0,995,9.8,998,998,998,99.8,99.8,99.8,25.1697584995217,11,5
20124,21,162,1-21-2020-162-01,1,2,1XPHD49X9ED2,17,87,881,2014,66,8,67,0,1,F,9,,,,,,,2,89,1,0,0,995,0,0,0,92392,9,9,0,4,2,1,2,1,3,9,1,2,0,0,1,1,0,0,9,0,14,4,62,1,1,1,3,G,51,,,,,,,,,,,,,,,,,,,,,,,,,,,95,95,95,95,,,9.8,998,998,998,99.8,99.8,99.8,25.1697584995217,11,5
20125,14,93,1-14-2020-093-03,3,1,KNDJN2A22H74,17,63,37,2017,6,1,2,0,1,F,1,1492,5,0,1,1,17,2,48,1,0,0,995,0,0,0,78623,1,2,2,4,2,1,2,1,1,1,0,0,0,0,1,1,0,0,9,0,1,4,66,99,1,1,5,L,86,0,0,0,0,0,0,0,0,0,0,175,260,0,0,0,1,3,21,-11,18,26802,998,176,12,0,4,0,0,0,5,0,995,9.8,998,998,998,99.8,99.8,99.8,1343.33949363778,8,5
20125,14,93,1-14-2020-093-03,3,2,1GC4K0E8XFF5,17,20,481,2015,34,5,31,0,1,R,1,2998,5,9999,9,0,998,2,48,1,0,0,995,0,0,0,78623,1,2,2,4,2,1,2,1,3,1,0,0,0,0,1,1,2,2,3,0,14,2,17,99,1,1,5,L,87,0,0,0,0,0,0,0,0,0,0,260,175,0,0,0,1,3,11,-8,-7,71931,998,87,22,0,4,0,0,0,0,0,995,9.8,998,998,998,99.8,99.8,99.8,1343.33949363778,8,5
20126,26,174,1-26-2020-174-06,6,1,4T1BE46K87U0,17,49,40,2007,4,1,3,0,1,L,1,1500,5,9999,9,4,48,2,80,1,1,9,998,8,9,9,95624,1,9,2,4,3,1,2,1,1,9,1,1,0,0,3,1,1,2,2,0,10,2,16,1,1,1,4,K,78,0,0,0,0,0,0,0,0,0,0,60,90,0,0,0,1,3,7,-6,4,2081,998,-6,6,0,4,0,0,0,0,0,995,9.8,998,998,998,99.8,99.8,99.8,1444.61698898915,10,5
20126,26,174,1-26-2020-174-06,6,2,4T3ZK3BB0CU0,17,49,53,2012,5,1,4,0,1,R,1,1705,5,0,1,1,26,2,80,1,0,0,995,0,0,0,95835,9,1,2,4,4,2,2,1,1,9,3,2,0,0,3,1,1,2,1,0,1,4,65,2,1,1,4,K,79,1,1,2,2,1,3,61,1,2,3,90,60,0,0,0,1,3,6,3,-6,4370,998,60,7,0,4,99,99,0,99,3,995,9.8,998,998,998,99.8,99.8,99.8,1444.61698898915,10,5
20128,30,165,1-30-2020-165-03,3,1,JA4AR3AUXLU0,17,52,404,2020,14,3,14,0,1,R,1,1545,5,9999,9,4,52,2,72,1,0,0,995,0,0,0,61615,9,9,2,1,4,4,2,1,1,1,1,0,0,0,1,1,1,2,9,0,11,4,63,99,1,1,4,J,68,0,0,0,0,0,0,0,0,0,0,185,90,0,0,0,1,12,999,999,999,9999999,999,999,999,6,0,99,99,0,99,0,995,9.8,998,998,998,99.8,99.8,99.8,471.541487598739,10,5
20128,30,165,1-30-2020-165-03,3,2,2C3KA63H88H3,17,6,51,2008,4,1,5,0,1,F,9,1857,5,9999,9,0,998,2,72,1,0,0,995,0,0,0,85042,9,9,2,1,3,1,2,1,1,1,3,0,0,0,1,1,1,2,9,0,1,2,17,99,1,1,4,J,69,0,0,0,0,0,0,0,0,0,0,90,185,0,0,0,1,0,999,999,999,9999999,999,999,999,9,0,0,0,0,0,0,995,9.8,998,998,998,99.8,99.8,99.8,471.541487598739,10,5
20137,77,109,1-77-2020-109-07,7,1,5XYKUDA27BG1,17,63,402,2011,14,3,14,0,1,F,2,1837,5,0,1,1,18,2,89,1,0,0,995,0,0,0,22911,9,9,2,4,2,1,2,1,1,1,1,2,1,0,1,1,0,0,1,0,1,3,50,99,1,1,2,D,20,0,0,0,0,0,0,0,0,0,0,230,230,0,0,0,1,1,25,-25,0,60521,998,-5,29,0,4,0,0,0,0,0,995,9.8,998,998,998,99.8,99.8,99.8,298.89886090945,9,5
20137,77,109,1-77-2020-109-07,7,2,JF1GPAL64EG2,17,48,38,2014,6,1,2,0,1,B,2,1360,8,0,1,1,11,2,89,1,0,0,995,0,0,0,22923,9,9,2,4,2,1,2,1,1,1,1,2,1,0,1,1,0,0,1,0,5,3,53,1,1,1,2,D,21,0,0,0,0,0,0,0,0,0,0,230,230,0,0,0,1,1,34,34,0,49747,998,2,30,0,4,0,0,0,0,0,995,9.8,998,998,998,99.8,99.8,99.8,298.89886090945,9,5
20138,77,110,1-77-2020-110-01,1,1,1G8ZH528XVZ2,17,24,1,1997,4,1,2,0,1,F,3,1050,5,0,1,1,10,2,89,1,9,9,998,8,9,9,24590,1,2,2,4,2,1,2,1,3,1,2,1,2,2,2,1,2,2,9,1,10,2,10,99,1,2,4,K,80,1,2,2,5,1,1,2,1,2,18,195,30,0,0,0,1,1,61,-60,-11,89346,998,4,44,0,1,5,30,2,1,1,995,9.8,998,998,998,99.8,99.8,99.8,103.196479574378,9,5
20138,77,110,1-77-2020-110-01,1,2,1GCHK33264F1,17,20,481,2004,34,5,31,0,1,F,2,2764,5,0,1,1,9,2,89,1,0,0,995,0,0,0,22905,1,2,2,4,2,1,2,1,2,1,1,2,1,1,2,1,0,0,1,0,14,4,67,1,1,1,4,K,81,0,0,0,0,0,0,0,0,0,0,30,195,0,0,0,1,1,25,-25,4,152455,998,15,37,0,1,3,14,1,6,0,995,0.2,120,120,120,7.6,3.0,8.0,103.196479574378,9,5
20139,54,45,1-54-2020-045-10,10,1,1FTPX12V86NB,17,12,481,2006,34,5,31,0,1,R,1,2320,5,0,1,1,3,2,89,1,0,0,995,0,0,0,35565,1,9,0,4,2,1,2,1,1,1,1,2,0,0,1,8,0,0,9,1,1,2,13,4,1,4,1,A,3,0,0,0,0,0,0,0,0,0,0,998,998,0,0,1,1,8,999,999,999,9999999,999,999,999,6,0,0,0,0,0,0,998,0.6,28,28,120,22.5,3.9,22.7,6947.82940054251,9,5
20140,14,94,1-14-2020-094-06,6,1,3FA6P0H74FR2,17,12,23,2015,4,1,4,0,1,F,1,1554,5,0,1,1,18,2,89,1,0,0,995,0,0,0,78108,1,9,0,4,2,1,2,1,1,1,1,2,0,0,1,1,0,0,9,0,1,6,87,3,1,1,1,C,13,0,0,0,0,0,0,0,0,0,0,998,998,0,0,0,1,10,999,999,999,9999999,999,-25,14,2,0,99,99,0,0,0,998,9.8,998,998,998,99.8,99.8,99.8,1559.3574816583,8,5
20141,14,95,1-14-2020-095-03,3,1,KMHE24L14GA0,17,55,33,2016,4,1,4,0,1,U,2,1586,5,0,1,1,19,2,48,1,0,0,995,0,0,0,78133,1,2,0,4,2,1,2,1,1,1,0,0,0,0,2,5,0,0,9,1,1,1,8,99,1,4,1,A,2,0,0,0,0,0,0,0,0,0,0,998,998,0,0,0,1,7,999,999,999,9999999,999,999,999,7,0,0,0,0,5,0,998,0.0,30,12,6,36.2,2.7,36.2,940.793517563669,8,5
20142,10,189,1-10-2020-189-08,8,1,1GCEK19J28Z3,17,20,481,2008,34,5,30,0,1,F,2,2424,5,0,1,4,9,2,89,1,0,0,995,0,0,0,45614,9,9,0,2,3,1,2,1,3,1,1,3,0,0,3,1,0,0,9,1,14,2,13,99,1,4,1,A,1,0,0,0,0,0,0,0,0,0,0,300,300,0,0,0,1,12,999,999,999,9999999,999,999,999,7,0,1,2,0,4,0,995,9.8,998,998,998,99.8,99.8,99.8,177.010836062391,4,5