CASEID,PSU,CASENO,CASENUMBER,CATEGORY,VEHNO,VIN,VINLENGTH,MAKE,MODEL,MODELYR,BODYTYPE,BODYCAT,VEHCLASS,SPECUSE,TRANSTAT,DAMPLANE,DAMSEV,CURBWT,CURBSRC,CARGOWT,CARGOSRC,INSPTYPE,INSPLAG,TOWED,SPEEDLIMIT,DRPRESENT,PARALCOHOL,ALCTEST,ALCTESTRESULT,ALCTESTSRC,PARDRUG,DRUGTEST,ZIP,RACE,ETHNICITY,RELTOJUNCT,TRAFFLOW,RDLANES,INITLANE,SURFTYPE,SURFCOND,ALIGNMENT,PROFILE,LINERIGHT,LINELEFT,RUMBINIT,RUMBROAD,LIGHTCOND,WEATHER,TRAFDEV,TRAFFUNCT,DISTRACT,PREFHE,PREMOVE,CRITCAT,CRITEVENT,MANEUVER,PRESTAB,PRELOC,CRASHCAT,CRASHCONF,CRASHTYPE,ROLLTYPE,ROLLTURN,ROLLINTRPT,ROLLPREMAN,ROLLINITYP,ROLLINLOC,ROLLOBJ,ROLLTRIP,ROLLDIR,ROLLDIST,DVANGTHIS,DVANGOTH,TOWHITCH,TRAJDOC,TREEPOLE,DVEVENT,DVBASIS,DVTOTAL,DVLONG,DVLAT,DVENERGY,DVSPEED,DVMOMENT,DVBES,DVEST,DVCONF,VAIS,VISS,VINJURED,VTREAT,INITOBJCLASS,HEADANGLECAT,SHLDRWIDTH,STRKLENGTH,STRKWIDTH,STRKHEIGHT,EDGEDISTX,EDGEDISTY,EDGEDISTZ,CASEWGT,PSUSTRAT,VERSION
20142,10,189,1-10-2020-189-08,8,2,1NXBR32EX5Z4,17,49,32,2005,4,1,2,0,2,B,3,1135,5,0,1,4,9,,,,,,,,,,,,,,,,,,,,,,,,,,,,,,,,,,,,,,,,,,,,,,,,,,,,,,,,,,,,,,,,,,95,95,95,95,,,,,,,,,,177.010836062391,4,5
20143,10,190,1-10-2020-190-10,10,1,19UUA66247A0,17,54,35,2007,4,1,3,0,1,F,1,1642,5,0,1,1,13,2,89,1,0,0,995,0,0,0,45346,9,9,0,4,2,1,2,1,1,1,1,2,0,0,2,1,0,0,1,1,1,4,62,7,1,4,1,B,8,0,0,0,0,0,0,0,0,0,0,998,998,0,1,0,1,1,18,-18,0,20787,998,0,18,0,1,0,0,0,0,0,998,0.0,120,120,120,32.0,11.0,34.0,5340.76020655016,4,5
20144,10,191,1-10-2020-191-03,3,1,1G1ZG5ST9LF0,17,20,37,2020,4,1,4,0,1,R,1,1418,5,0,1,1,6,2,64,1,0,0,995,0,0,0,45305,9,9,2,4,7,3,2,3,1,9,1,2,0,0,1,8,1,2,1,0,11,2,15,1,1,1,4,J,68,0,0,0,0,0,0,0,0,0,0,300,180,0,0,0,1,3,9,-3,-9,13971,998,204,9,0,4,0,0,0,0,0,995,9.8,998,998,998,99.8,99.8,99.8,263.371063993949,4,5
20144,10,191,1-10-2020-191-03,3,2,1FTYE1ZM4KKB,17,12,462,2019,21,4,21,0,1,F,1,2268,5,0,1,5,6,2,64,1,0,0,995,0,0,0,45305,1,9,2,1,3,2,2,3,1,9,3,1,0,0,1,8,1,2,1,0,1,4,62,3,1,1,4,J,69,0,0,0,0,0,0,0,0,0,0,180,300,0,0,0,1,3,6,-6,-1,4118,998,-45,6,0,4,0,0,0,4,0,995,9.8,998,998,998,99.8,99.8,99.8,263.371063993949,4,5
20145,10,192,1-10-2020-192-03,3,1,3VWN57BU6LM0,17,30,40,2020,4,1,3,0,1,R,1,1350,5,0,1,5,4,2,56,1,0,0,995,0,0,0,45431,1,9,2,4,5,3,2,1,1,1,1,2,0,0,1,1,1,2,1,0,11,2,15,99,9,1,4,J,68,0,0,0,0,0,0,0,0,0,0,85,350,0,0,0,1,3,17,-6,-16,25062,998,45,20,0,4,1,1,0,4,0,995,0.0,999,999,999,2.0,0.5,2.5,263.371063988127,4,5
20145,10,192,1-10-2020-192-03,3,2,5NPE24AF9FH2,17,55,33,2015,4,1,4,0,1,F,1,1475,5,0,1,4,4,2,56,1,0,0,995,0,0,0,45458,9,9,2,1,2,1,2,1,2,1,0,3,0,0,1,1,1,2,1,0,14,4,62,8,9,1,4,J,69,0,0,0,0,0,0,0,0,0,0,350,85,0,0,0,1,3,16,-16,3,10758,998,36,13,0,4,0,0,0,0,0,995,9.8,998,998,998,99.8,99.8,99.8,263.371063988127,4,5
20146,17,126,1-17-2020-126-06,6,1,5XXGN4A72FG3,17,63,34,2015,4,1,4,0,1,R,1,1468,5,0,1,1,6,2,72,1,9,0,995,0,9,0,61244,9,9,2,4,4,2,2,1,1,1,3,1,0,0,3,1,1,2,1,0,1,2,17,99,1,1,5,L,87,0,0,0,0,0,0,0,0,0,0,180,90,0,0,0,1,1,24,-4,-24,17968,998,-102,14,0,4,0,0,0,0,0,995,9.8,998,998,998,99.8,99.8,99.8,297.998675209126,4,5
20146,17,126,1-17-2020-126-06,6,2,JN8AS5MT9DW0,17,35,51,2013,6,1,3,0,1,F,2,1495,5,0,1,5,6,2,72,1,9,0,995,0,9,0,61265,9,9,2,1,4,3,2,1,1,1,3,1,0,0,3,1,1,2,1,0,1,4,66,99,1,1,5,L,86,0,0,0,0,0,0,0,0,0,0,90,180,0,0,0,1,1,25,-24,4,73247,998,9,35,0,4,0,0,0,0,0,995,9.8,998,998,998,99.8,99.8,99.8,297.998675209126,4,5
20147,17,127,1-17-2020-127-07,7,1,5NPDH4AE0DH2,17,55,35,2013,4,1,3,0,1,F,1,1265,5,0,1,1,7,2,48,1,9,0,995,0,9,0,61281,9,9,0,4,2,1,2,1,1,1,0,4,0,0,5,1,0,0,3,1,1,2,13,99,1,4,1,C,11,0,0,0,0,0,0,0,0,0,0,10,10,0,0,0,1,12,999,999,999,9999999,999,999,999,6,0,0,0,0,0,0,995,9.8,998,998,998,99.8,99.8,99.8,871.315799953591,4,5
20147,17,127,1-17-2020-127-07,7,2,2GCGC39N1J12,17,20,481,1988,34,5,31,0,2,B,9,1710,5,9999,9,0,998,,,,,,,,,,,,,,,,,,,,,,,,,,,,,,,,,,,,,,,,,,,,,,,,,,,,,,,,,,,,,,,,,,95,95,95,95,,,,,,,,,,871.315799953591,4,5
20148,48,79,1-48-2020-079-06,6,1,1C4NJRFB5ED6,17,2,407,2014,14,3,14,0,1,F,1,1428,5,0,1,1,23,2,89,1,0,0,995,0,0,0,84340,1,2,0,4,2,1,2,1,1,1,1,4,0,0,2,1,0,0,1,0,1,6,87,2,1,1,1,C,13,0,0,0,0,0,0,0,0,0,0,998,998,0,0,0,1,10,999,999,999,9999999,999,-50,18,2,0,1,1,0,6,0,998,9.8,998,998,998,99.8,99.8,99.8,366.462744063609,12,5
20149,48,80,1-48-2020-080-10,10,1,JN8AS58VX8W1,17,35,51,2008,6,1,3,0,1,F,1,1485,5,0,1,1,19,2,89,1,0,0,995,0,0,0,84326,9,9,0,4,2,1,2,2,3,1,1,2,0,0,2,8,0,0,9,0,14,6,87,99,1,1,1,C,13,0,0,0,0,0,0,0,0,0,0,998,998,0,0,0,1,10,999,999,999,9999999,999,999,999,6,0,0,0,0,0,0,998,9.8,998,998,998,99.8,99.8,99.8,5434.41169891047,12,5
20150,24,188,1-24-2020-188-07,7,1,1VWAT7A3XFC1,17,30,46,2015,4,1,4,0,1,F,9,1439,5,9999,9,0,998,5,40,1,9,9,998,8,9,9,99999,9,9,2,4,4,2,2,2,1,1,1,2,0,0,1,2,1,2,9,0,11,2,15,99,1,9,4,J,68,0,0,0,0,0,0,0,0,0,0,340,200,0,0,0,1,0,999,999,999,9999999,999,999,999,9,0,95,95,95,95,0,995,9.8,998,998,998,99.8,99.8,99.8,803.482706602074,1,5
20150,24,188,1-24-2020-188-07,7,2,JTDBU4EE8B91,17,49,32,2011,4,1,2,0,1,L,9,1255,5,9999,9,0,998,2,40,1,0,0,995,0,0,0,08232,9,9,2,4,4,1,2,2,1,1,0,1,0,0,1,2,1,2,9,0,1,4,62,99,1,1,4,J,69,0,0,0,0,0,0,0,0,0,0,200,340,0,0,0,1,0,999,999,999,9999999,999,999,999,9,0,0,0,0,0,0,995,9.8,998,998,998,99.8,99.8,99.8,803.482706602074,1,5
20151,24,189,1-24-2020-189-10,10,1,5TBDT44194S4,17,49,482,2004,34,5,31,0,1,F,1,2258,5,9999,9,0,998,5,40,1,0,0,995,0,0,0,08037,9,9,2,4,2,1,2,1,1,1,0,2,0,0,1,1,2,2,1,0,11,2,15,99,1,1,4,K,76,0,0,0,0,0,0,0,0,0,0,310,240,0,0,0,1,3,7,-6,1,4707,998,45,7,0,4,95,95,95,95,0,995,9.8,998,998,998,99.8,99.8,99.8,3437.64294534583,1,5
20151,24,189,1-24-2020-189-10,10,2,2C8GP54L41R1,17,6,441,2001,20,4,20,0,1,L,1,1941,5,0,1,1,14,2,40,1,0,0,995,0,0,0,08037,1,1,2,4,2,1,2,1,1,1,0,2,0,0,1,1,0,0,1,0,1,4,65,1,1,1,4,K,77,0,0,0,0,0,0,0,0,0,0,240,310,0,0,0,1,3,7,4,6,10662,998,199,7,0,4,0,0,0,0,0,995,9.8,998,998,998,99.8,99.8,99.8,3437.64294534583,1,5
20152,24,190,1-24-2020-190-03,3,1,5XXG14J28MG0,17,63,398,2021,4,1,4,0,1,F,1,1464,8,0,1,1,28,2,80,1,0,0,995,0,0,0,08037,1,2,2,4,2,1,2,1,1,1,1,4,1,0,2,1,0,0,3,1,6,4,61,2,1,1,4,J,73,0,0,0,0,0,0,0,0,0,0,40,340,0,0,0,1,1,11,-11,0,18378,998,43,17,0,1,0,0,0,4,0,995,9.8,998,998,998,99.8,99.8,99.8,176.576094957647,1,5
20152,24,190,1-24-2020-190-03,3,2,SALCP2RX7JH7,17,62,405,2018,14,3,14,0,1,L,1,1744,5,0,2,1,25,2,80,1,0,0,995,0,0,0,08037,1,2,2,4,2,1,2,1,1,1,1,4,1,0,2,1,0,0,1,1,11,2,10,3,1,1,4,J,72,1,1,2,2,5,4,31,6,1,3,340,40,0,0,0,1,1,10,5,8,3508,998,-140,5,0,1,1,2,0,6,2,995,9.8,998,998,998,99.8,99.8,99.8,176.576094957647,1,5
20153,24,191,1-24-2020-191-03,3,1,WDDZH6JB7LA7,17,42,48,2020,6,1,5,0,1,F,1,1970,5,0,1,1,9,2,64,1,0,0,995,0,0,0,07054,3,2,0,2,2,1,2,1,2,9,1,3,0,0,1,1,0,0,1,1,14,2,13,4,1,4,1,A,3,1,4,9,6,5,4,31,1,1,20,998,998,0,0,0,1,1,17,-17,0,22802,998,4,17,0,4,9,97,0,6,2,998,2.5,999,999,999,15.1,2.8,15.4,176.57609497995,1,5
20154,25,133,1-25-2020-133-07,7,1,1FTFX1EF6BFA,17,12,481,2011,34,5,30,0,1,F,1,2454,5,0,1,1,8,2,48,1,8,0,995,0,7,0,04103,9,9,2,1,3,1,2,1,3,1,1,1,0,0,1,1,1,2,1,0,14,3,50,2,1,1,2,D,20,0,0,0,0,0,0,0,0,0,0,70,80,0,0,0,1,3,15,-15,0,22065,998,62,14,0,4,0,0,0,0,0,995,9.8,998,998,998,99.8,99.8,99.8,967.283917370175,2,5
20154,25,133,1-25-2020-133-07,7,2,1GT221C82BZ2,17,23,481,2011,34,5,30,0,1,B,1,2847,5,9999,9,0,998,5,48,1,8,0,995,0,7,0,04105,9,9,2,1,3,1,2,1,3,1,1,1,0,0,1,1,1,2,1,0,5,3,53,99,1,1,2,D,23,0,0,0,0,0,0,0,0,0,0,80,70,0,0,0,1,3,14,13,-2,26128,998,52,15,0,4,95,95,95,95,0,995,9.8,998,998,998,99.8,99.8,99.8,967.283917370175,2,5
20155,25,134,1-25-2020-134-03,3,1,KM8J3CA23HU4,17,55,402,2017,14,3,14,0,1,L,1,1634,5,0,1,1,4,2,24,1,8,0,995,0,7,0,04029,1,2,2,4,2,1,2,3,3,4,0,0,0,0,1,1,6,2,1,0,14,1,5,4,3,2,6,M,98,1,1,1,5,3,1,31,1,2,4,997,997,0,0,0,1,6,999,999,999,9999999,999,999,999,6,0,1,1,0,5,2,997,9.8,998,998,998,99.8,99.8,99.8,192.706817923777,2,5
20156,52,195,1-52-2020-195-09,9,1,3GNEK12T75G2,17,20,482,2005,34,5,31,0,1,F,2,2576,5,0,1,1,17,2,56,1,9,0,995,0,9,0,99999,9,9,0,4,2,1,2,1,1,1,1,2,0,0,2,1,0,0,9,1,1,2,11,1,1,4,1,C,11,0,0,0,0,0,0,0,0,0,0,280,270,0,0,0,1,1,30,-30,0,174757,998,60,39,0,4,99,99,0,99,0,995,9.8,998,998,998,99.8,99.8,99.8,127.778637819264,12,5
20156,52,195,1-52-2020-195-09,9,2,3B7HF13Z7VG8,17,7,482,1997,34,5,31,0,2,B,2,2285,5,0,1,5,17,,,,,,,,,,,,,,,,,,,,,,,,,,,,,,,,,,,,,,,,,,,,,,,,,,,,,,,,,,,,,,,,,,95,95,95,95,,,,,,,,,,127.778637819264,12,5
20160,16,122,1-16-2020-122-05,5,1,1HGCT2B80EA0,17,37,32,2014,2,1,3,0,1,R,2,1603,5,0,1,1,13,2,56,1,0,0,995,0,0,0,45246,2,9,2,4,3,1,2,1,1,1,0,1,0,0,3,1,1,2,1,0,1,2,17,9,1,1,5,L,87,0,0,0,0,0,0,0,0,0,0,95,10,0,0,0,1,1,29,-10,-28,34851,998,77,20,0,4,1,1,0,6,0,995,0.0,45,40,71,5.8,0.7,5.9,59.4558886595476,5,5
20160,16,122,1-16-2020-122-05,5,2,2GNALDEK2D61,17,20,404,2013,14,3,14,0,1,F,2,1706,5,0,1,1,6,2,56,1,0,0,995,0,0,0,61265,2,9,2,1,4,3,2,1,1,1,3,1,0,0,3,1,1,2,1,0,1,4,66,7,1,1,5,L,86,0,0,0,0,0,0,0,0,0,0,10,95,0,1,0,1,1,28,-24,14,117612,998,100,34,0,3,9,97,0,8,0,995,0.0,120,39,63,7.0,0.5,7.0,59.4558886595476,5,5
20161,16,123,1-16-2020-123-07,7,1,4T1BE32K15U5,17,49,40,2005,4,1,3,0,1,F,9,1435,5,9999,9,0,998,2,89,1,0,0,995,0,0,0,45238,9,9,0,2,4,3,2,2,2,9,3,3,0,3,1,8,0,0,1,1,15,2,11,99,1,2,2,F,46,0,0,0,0,0,0,0,0,0,0,200,170,0,0,0,1,0,999,999,999,9999999,999,999,999,9,0,0,0,0,0,0,995,9.8,998,998,998,99.8,99.8,99.8,2517.07021685159,5,5
20161,16,123,1-16-2020-123-07,7,2,3TMLU4EN2DM1,17,49,472,2013,34,5,30,0,1,R,1,1914,5,0,1,1,7,2,89,1,0,0,995,0,0,0,45238,9,9,0,2,4,2,2,2,2,9,3,3,0,3,1,8,0,0,1,0,14,4,60,99,1,1,2,F,45,0,0,0,0,0,0,0,0,0,0,190,175,0,0,0,2,3,18,-17,-6,29581,998,94,17,0,4,0,0,0,0,0,995,2.5,999,999,999,99.9,99.9,99.9,2517.07021685159,5,5
20161,16,123,1-16-2020-123-07,7,3,1FMCU93G29KC,17,12,402,2009,14,3,14,0,1,L,1,1540,5,0,1,1,7,2,89,1,0,0,995,0,0,0,47060,9,9,0,2,4,1,2,2,2,9,1,3,2,3,1,8,0,0,1,0,14,4,60,2,1,1,6,M,98,0,0,0,0,0,0,0,0,0,0,175,190,0,0,0,2,3,23,20,11,42845,998,66,23,0,4,0,0,0,0,0,995,9.8,998,998,998,99.8,99.8,99.8,2517.07021685159,5,5
20162,59,64,1-59-2020-064-02,2,1,2G1105SA5H91,17,20,2,2017,4,1,4,0,1,F,1,1661,5,0,1,1,1,2,64,1,8,1,0,2,7,1,47834,1,2,0,4,4,1,2,1,1,1,1,3,0,0,1,1,0,0,9,1,1,1,8,1,1,4,1,A,1,1,1,1,2,6,4,42,3,2,2,998,998,0,1,1,3,1,17,-17,0,24101,998,62,17,0,4,3,10,1,3,3,998,0.0,120,16,120,64.2,8.1,66.1,142.925813790637,6,5
20163,28,95,1-28-2020-095-07,7,1,2D4GP44L45R2,17,7,442,2005,20,4,20,0,1,F,1,1810,5,68,2,3,14,2,64,1,0,0,995,0,0,0,16933,1,2,0,4,2,1,2,2,2,2,0,0,0,0,1,8,0,0,1,1,14,1,8,1,1,2,3,I,64,0,0,0,0,0,0,0,0,0,0,60,245,0,0,0,1,3,7,-7,0,1916,998,-75,5,0,4,0,0,0,0,0,995,9.8,998,998,998,99.8,99.8,99.8,380.466199018002,3,5
20163,28,95,1-28-2020-095-07,7,2,1GC2KXCG0BZ2,17,20,481,2011,34,5,31,0,1,L,1,2847,5,0,1,1,19,3,64,1,0,0,995,0,0,0,16933,9,9,0,4,2,1,2,2,3,4,0,0,0,0,1,8,0,0,1,0,14,4,60,4,1,1,3,I,65,0,0,0,0,0,0,0,0,0,0,245,60,0,0,0,1,3,5,-5,1,5219,998,-68,6,0,4,0,0,0,0,0,995,9.8,998,998,998,99.8,99.8,99.8,380.466199018002,3,5
20164,32,187,1-32-2020-187-02,2,1,KMHC65LC7KU1,17,55,45,2019,5,1,3,0,1,F,2,1370,5,0,1,4,37,2,40,1,0,0,995,0,0,0,76040,9,9,2,1,3,1,1,1,1,2,1,3,0,0,3,1,1,2,9,0,1,2,17,99,1,1,5,L,86,0,0,0,0,0,0,0,0,0,0,350,80,0,0,0,1,12,999,999,999,9999999,999,999,999,7,0,9,97,0,8,0,995,9.8,998,998,998,99.8,99.8,99.8,37.093607912311,7,5
20164,32,187,1-32-2020-187-02,2,2,JN8AY2NC1J95,17,35,421,2018,15,3,15,0,1,L,1,2684,5,0,1,1,14,2,64,1,0,0,995,0,0,0,75212,9,1,2,1,3,2,1,1,1,1,3,1,0,0,3,1,1,2,9,0,1,4,66,1,1,1,5,L,87,1,4,2,1,1,4,48,1,2,25,998,998,0,0,0,3,10,999,999,999,9999999,999,-139,12,2,0,0,0,0,0,3,998,0.0,120,20,17,0.0,0.0,0.0,37.093607912311,7,5
20166,32,189,1-32-2020-189-09,9,1,1ZVHT80N5951,17,12,3,2009,2,1,3,0,1,F,2,1516,5,0,1,1,7,2,72,1,0,0,995,0,0,0,75149,1,1,1,3,1,1,1,2,2,9,1,1,0,0,1,8,0,0,1,1,14,2,12,8,9,4,1,B,7,0,0,0,0,0,0,0,0,0,0,998,998,0,0,0,1,98,999,999,999,9999999,999,999,999,7,0,1,1,0,5,0,998,1.7,120,999,999,0.0,0.0,0.0,5001.41894657587,7,5
20167,32,190,1-32-2020-190-01,1,1,1GNEK13TX1R1,17,20,421,2001,15,3,15,0,1,R,1,2317,5,68,1,1,20,2,72,1,0,1,0,2,0,2,75051,9,1,0,1,4,2,1,1,3,1,1,3,0,0,3,1,1,2,9,1,14,2,13,3,2,4,1,A,2,1,4,1,6,1,4,61,1,2,12,998,998,0,1,0,1,1,10,-8,-5,22844,998,187,10,0,4,5,45,1,1,3,998,0.0,120,50,65,2.3,1.5,2.6,64.6723510630345,7,5
20168,23,69,1-23-2020-069-07,7,1,JN1BY1AR7BM3,17,58,38,2011,4,1,4,0,1,T,1,1750,5,9999,9,4,45,2,89,1,0,0,995,0,0,0,43065,9,9,0,4,2,1,2,1,3,1,0,2,0,0,3,1,0,0,9,1,14,2,13,99,2,4,1,A,1,1,4,2,2,1,3,61,1,1,23,997,997,0,0,0,1,6,999,999,999,9999999,999,999,999,6,0,0,0,0,5,3,997,9.8,998,998,998,99.8,99.8,99.8,2930.36253201291,5,5
20169,23,70,1-23-2020-070-02,2,1,3VWN57BUXKM2,17,30,40,2019,4,1,3,0,1,F,2,1350,5,0,1,1,16,2,89,1,1,1,189,1,0,3,43026,1,9,0,4,2,1,2,1,3,1,1,4,0,0,2,1,0,0,9,1,14,2,13,7,9,4,1,A,1,0,0,0,0,0,0,0,0,0,0,998,998,0,0,0,2,11,999,999,999,9999999,999,999,999,7,0,1,1,0,8,0,998,0.6,120,50,45,0.0,0.6,0.6,54.7066912658746,5,5
20169,23,70,1-23-2020-070-02,2,2,999999999999,99,98,804,1984,78,8,78,0,2,L,9,,,,,,,,,,,,,,,,,,,,,,,,,,,,,,,,,,,,,,,,,,,,,,,,,,,,,,,,,,,,,,,,,,,,,,,,95,95,95,95,,,,,,,,,,54.7066912658746,5,5
20170,31,85,1-31-2020-085-09,9,1,1FTNX21F2XEC,17,12,481,1999,34,5,31,0,1,T,2,2558,5,0,1,1,4,2,89,1,0,0,995,0,0,0,62859,9,9,0,4,2,1,2,9,1,1,0,0,0,0,1,2,0,0,9,1,1,2,12,99,2,4,1,B,7,1,4,1,6,1,4,61,1,1,19,997,997,0,1,0,4,6,999,999,999,9999999,999,999,999,7,0,9,97,0,99,3,997,0.0,7,7,120,11.9,3.2,12.3,308.337828892742,6,5
20171,31,86,1-31-2020-086-08,8,1,JTDBR32E8500,17,49,32,2005,4,1,2,0,1,L,1,1135,5,0,1,5,10,2,32,1,0,0,995,0,0,0,62959,7,1,1,3,1,1,1,1,2,1,1,2,0,0,3,1,6,2,9,1,14,1,9,8,3,4,1,B,7,0,0,0,0,0,0,0,0,0,0,998,998,0,1,1,1,1,10,5,9,6012,998,18,10,0,4,1,1,0,3,0,998,1.4,42,32,120,24.9,10.3,27.6,231.020820418902,6,5
20172,32,188,1-32-2020-188-05,5,1,1C3CDFBB1FD2,17,7,29,2015,4,1,3,0,1,F,3,1445,5,0,1,1,17,2,56,1,0,1,81,2,0,2,76010,2,2,0,1,4,2,1,1,1,4,0,3,0,0,3,1,1,2,3,1,2,2,13,7,1,4,1,A,1,0,0,0,0,0,0,0,0,0,0,998,998,0,1,1,1,1,59,-58,-10,223552,998,-18,59,0,1,3,12,1,3,0,998,0.0,30,30,60,8.1,0.5,8.1,98.6395109806555,7,5
20174,26,175,1-26-2020-175-09,9,1,5Y2SL63855Z4,17,22,32,2005,6,1,2,0,1,F,3,1227,5,0,1,5,17,2,64,1,1,9,998,8,0,9,95822,1,9,2,4,5,1,2,1,1,1,3,3,0,0,5,1,1,2,1,0,1,2,17,1,1,1,4,J,69,0,0,0,0,0,0,0,0,0,0,90,230,0,0,0,1,3,50,-47,17,153378,998,71,49,0,4,0,0,0,0,0,995,1.8,30,30,75,4.6,1.9,4.4,1134.59997320301,10,5
20174,26,175,1-26-2020-175-09,9,2,JM3LW28J4303,17,41,441,2003,20,4,20,0,1,F,2,1722,5,54,1,1,17,2,64,1,0,0,995,0,0,0,95832,2,2,2,4,5,3,2,1,1,1,1,2,0,0,5,1,1,2,1,0,11,4,63,1,1,1,4,J,68,0,0,0,0,0,0,0,0,0,0,230,90,0,0,0,1,3,34,-32,-11,119568,998,-88,34,0,4,1,1,0,0,0,995,9.8,998,998,998,99.8,99.8,99.8,1134.59997320301,10,5
20175,26,176,1-26-2020-176-05,5,1,1HGCS1B79CA0,17,37,32,2012,2,1,3,0,1,F,1,1491,5,9999,9,0,998,2,64,1,1,9,998,8,0,0,95832,9,1,2,1,4,3,2,1,1,1,3,1,0,0,3,1,1,2,9,0,1,2,17,99,1,1,5,L,86,0,0,0,0,0,0,0,0,0,0,270,0,0,0,0,1,3,17,-16,6,18166,998,76,15,0,4,0,0,0,0,0,995,1.6,7,7,999,7.1,3.4,7.8,22.6212527327168,10,5
20175,26,176,1-26-2020-176-05,5,2,JM1DE1KZXD01,17,41,55,2013,5,1,1,0,1,R,1,1043,5,0,1,1,41,2,64,1,9,1,0,2,9,1,95838,3,9,2,1,3,2,2,1,1,1,3,1,0,0,3,1,1,2,9,0,1,4,66,1,1,1,5,L,87,0,0,0,0,0,0,0,0,0,0,0,270,0,0,0,1,3,24,-8,-23,47644,998,93,26,0,4,3,17,1,3,0,995,9.8,998,998,998,99.8,99.8,99.8,22.6212527327168,10,5
20179,27,96,1-27-2020-096-03,3,1,1HTMKTAN9KH5,17,84,881,2019,63,8,60,0,1,B,9,,,,,,,5,56,0,7,7,887,6,8,8,99998,8,8,0,4,2,1,2,1,1,1,1,2,0,0,1,1,0,0,0,8,0,3,53,0,0,0,2,D,21,,,,,,,,,,,,,,,,,,,,,,,,,,,95,95,95,95,,,9.8,998,998,998,99.8,99.8,99.8,37.0520669410764,3,5
20179,27,96,1-27-2020-096-03,3,2,1V2NR2CA5MC5,17,30,403,2021,14,3,14,0,1,F,2,2042,5,0,1,1,8,2,56,1,0,0,995,0,0,0,01230,1,2,0,4,2,1,2,1,1,1,1,2,0,0,1,1,0,0,3,0,1,3,50,7,1,1,2,D,20,0,0,0,0,0,0,0,0,0,0,170,170,0,0,0,1,5,999,999,999,9999999,999,999,39,3,0,1,1,0,4,0,995,9.8,998,998,998,99.8,99.8,99.8,37.0520669410764,3,5
20180,27,97,1-27-2020-097-03,3,1,1HGCR3F85GA0,17,37,32,2016,4,1,4,0,1,R,2,1615,5,0,1,1,24,2,72,1,8,0,995,0,7,0,12189,9,9,2,1,3,3,2,2,1,2,1,2,0,0,1,4,1,2,9,0,4,2,15,1,1,1,4,J,68,0,0,0,0,0,0,0,0,0,0,315,165,0,0,0,1,1,26,-20,-17,51200,998,128,20,0,4,3,10,1,4,0,995,9.8,998,998,998,99.8,99.8,99.8,37.0520669244402,3,5
20180,27,97,1-27-2020-097-03,3,2,JF2SJAFCXFH5,17,48,401,2015,14,3,14,0,1,F,2,1498,5,0,1,1,10,2,72,1,8,0,995,0,7,0,01238,1,2,2,1,2,1,2,2,1,4,1,1,0,0,1,4,1,2,1,0,1,4,62,3,1,1,4,J,69,0,0,0,0,0,0,0,0,0,0,165,315,0,0,0,1,1,31,-30,-5,99045,998,-26,39,0,4,1,3,0,4,0,995,9.8,998,998,998,99.8,99.8,99.8,37.0520669244402,3,5
20181,19,184,1-19-2020-184-04,4,1,5NPEB4AC3BH2,17,55,33,2011,4,1,4,0,1,L,1,1454,5,0,1,1,7,2,105,1,0,0,995,0,0,0,35645,1,9,2,1,2,1,2,1,3,2,1,3,2,3,1,1,0,0,2,1,11,2,15,1,1,1,4,J,72,0,0,0,0,0,0,0,0,0,0,85,145,0,1,0,1,1,8,-1,8,2113,998,144,4,0,1,0,0,0,0,0,995,9.8,998,998,998,99.8,99.8,99.8,382.487875698088,9,5
20181,19,184,1-19-2020-184-04,4,2,1FTEX1EB4KKC,17,12,481,2019,34,5,31,0,1,R,1,2081,5,0,1,1,7,2,105,1,0,0,995,0,0,0,35801,1,9,2,1,2,2,2,1,3,2,1,3,1,3,1,1,0,0,1,0,14,4,61,3,1,2,4,J,73,0,0,0,0,0,0,0,0,0,0,145,85,0,1,0,1,1,6,-5,-4,10708,998,136,9,0,1,0,0,0,0,0,995,0.9,38,45,120,20.5,12.1,24.9,382.487875698088,9,5
20182,19,185,1-19-2020-185-08,8,1,1FTHF25M4JNB,17,12,481,1988,34,5,31,0,1,F,9,1798,5,9999,9,0,998,2,113,1,0,0,995,0,0,0,36207,1,9,0,1,2,2,2,1,1,1,3,1,1,3,2,1,0,0,9,1,1,2,12,99,1,4,1,B,6,0,0,0,0,0,0,0,0,0,0,998,998,0,0,9,1,0,999,999,999,9999999,999,999,999,9,0,9,97,0,8,0,998,0.9,999,999,999,99.9,99.9,99.9,102.458576042296,9,5
20183,19,186,1-19-2020-186-10,10,1,4M2ZU52P3WUJ,17,14,401,1998,14,3,14,0,1,F,1,1600,8,0,1,1,3,2,72,1,1,1,0.7,1,0,0,35954,7,9,2,4,2,1,2,1,1,1,0,0,0,0,2,8,2,2,9,1,10,2,12,2,2,4,1,B,6,0,0,0,0,0,0,0,0,0,0,998,998,0,1,0,4,11,999,999,999,9999999,999,999,999,6,0,0,0,0,0,0,998,0.0,15,15,110,15.4,0.9,15.4,3619.85368212477,9,5
20184,19,187,1-19-2020-187-04,4,1,4TAVL52N8WZ0,17,49,472,1998,34,5,30,0,1,F,1,1252,5,0,1,1,6,2,56,1,0,0,995,0,0,0,35957,1,9,2,4,2,1,2,1,2,1,0,2,0,0,1,8,2,2,2,0,14,2,17,1,1,1,5,L,88,0,0,0,0,0,0,0,0,0,0,100,5,0,0,0,1,1,20,-19,-3,32182,998,-84,22,0,1,0,0,0,0,0,995,9.8,998,998,998,99.8,99.8,99.8,382.487875657101,9,5