CASEID,PSU,CASENO,CASENUMBER,CATEGORY,VEHNO,VIN,VINLENGTH,MAKE,MODEL,MODELYR,BODYTYPE,BODYCAT,VEHCLASS,SPECUSE,TRANSTAT,DAMPLANE,DAMSEV,CURBWT,CURBSRC,CARGOWT,CARGOSRC,INSPTYPE,INSPLAG,TOWED,SPEEDLIMIT,DRPRESENT,PARALCOHOL,ALCTEST,ALCTESTRESULT,ALCTESTSRC,PARDRUG,DRUGTEST,ZIP,RACE,ETHNICITY,RELTOJUNCT,TRAFFLOW,RDLANES,INITLANE,SURFTYPE,SURFCOND,ALIGNMENT,PROFILE,LINERIGHT,LINELEFT,RUMBINIT,RUMBROAD,LIGHTCOND,WEATHER,TRAFDEV,TRAFFUNCT,DISTRACT,PREFHE,PREMOVE,CRITCAT,CRITEVENT,MANEUVER,PRESTAB,PRELOC,CRASHCAT,CRASHCONF,CRASHTYPE,ROLLTYPE,ROLLTURN,ROLLINTRPT,ROLLPREMAN,ROLLINITYP,ROLLINLOC,ROLLOBJ,ROLLTRIP,ROLLDIR,ROLLDIST,DVANGTHIS,DVANGOTH,TOWHITCH,TRAJDOC,TREEPOLE,DVEVENT,DVBASIS,DVTOTAL,DVLONG,DVLAT,DVENERGY,DVSPEED,DVMOMENT,DVBES,DVEST,DVCONF,VAIS,VISS,VINJURED,VTREAT,INITOBJCLASS,HEADANGLECAT,SHLDRWIDTH,STRKLENGTH,STRKWIDTH,STRKHEIGHT,EDGEDISTX,EDGEDISTY,EDGEDISTZ,CASEWGT,PSUSTRAT,VERSION
20184,19,187,1-19-2020-187-04,4,2,5FNYF6H77GB0,17,37,421,2016,15,3,15,0,1,L,1,1930,5,0,1,1,5,2,89,1,0,0,995,0,0,0,35906,7,9,2,1,3,3,2,1,1,1,3,2,1,1,1,8,0,0,9,0,1,4,66,11,1,1,5,L,89,0,0,0,0,0,0,0,0,0,0,5,100,0,0,0,1,1,13,-2,13,12654,998,-98,11,0,1,0,0,0,0,0,995,9.8,998,998,998,99.8,99.8,99.8,382.487875657101,9,5
20185,22,140,1-22-2020-140-06,6,1,5TDBY5G11ES0,17,49,422,2014,15,3,15,0,1,F,1,2714,5,0,1,1,12,2,80,1,0,0,995,0,0,0,99158,9,9,0,4,2,1,2,3,1,1,1,4,0,0,1,4,0,0,9,1,1,1,6,4,4,4,1,B,7,0,0,0,0,0,0,0,0,0,0,998,998,0,0,0,1,1,11,-8,-7,25134,998,-143,11,0,1,1,1,0,5,0,998,0.7,999,120,999,9.4,7.4,12.0,66.7763985326975,12,5
20186,22,141,1-22-2020-141-07,7,1,4T1BF3EK2BU6,17,49,40,2011,4,1,4,0,1,F,2,1500,5,0,1,1,12,2,97,1,1,1,140,1,1,9,99324,9,9,0,4,2,1,2,2,3,2,1,2,1,0,2,8,0,0,9,1,14,2,13,1,1,4,1,A,1,0,0,0,0,0,0,0,0,0,0,998,998,0,0,0,1,98,999,999,999,9999999,999,999,999,7,0,99,99,0,0,0,998,1.6,120,999,64,26.5,1.0,26.5,213.92235265288,12,5
20187,22,142,1-22-2020-142-09,9,1,5FNYF48659B0,17,37,421,2009,15,3,15,0,1,L,2,1967,5,0,1,1,8,2,72,1,0,1,0,1,1,0,83501,1,9,0,4,2,1,2,1,2,1,1,2,0,0,2,8,0,0,3,1,14,2,12,99,1,4,1,B,6,0,0,0,0,0,0,0,0,0,0,998,998,0,0,1,1,7,999,999,999,9999999,999,999,999,7,0,1,1,0,4,0,998,1.9,20,20,-120,29.5,6.9,30.6,204.659082722592,12,5
20188,15,125,1-15-2020-125-04,4,1,1N6AD0EV0JN7,17,35,472,2018,34,5,30,0,1,L,9,2085,5,9999,9,0,998,2,64,1,8,9,998,8,7,9,11801,9,9,0,3,3,2,2,1,1,3,1,2,0,0,3,1,1,2,9,1,1,6,87,99,1,4,1,B,8,0,0,0,0,0,0,0,0,0,0,998,998,0,0,0,1,0,999,999,999,9999999,999,999,999,9,0,99,99,0,0,0,998,9.9,999,999,999,3.1,1.6,3.2,61.0246585695246,1,5
20189,15,126,1-15-2020-126-06,6,1,5FNYF6H50GB1,17,37,421,2016,15,3,15,0,1,R,9,1930,5,9999,9,0,998,5,48,1,8,9,998,8,7,9,11710,9,9,0,4,4,2,2,1,1,1,3,2,0,0,3,1,0,0,9,1,15,2,11,99,1,2,2,F,46,0,0,0,0,0,0,0,0,0,0,100,90,0,0,0,1,0,999,999,999,9999999,999,999,999,9,0,95,95,95,95,0,995,9.8,998,998,998,99.8,99.8,99.8,33.6608643197808,1,5
20189,15,126,1-15-2020-126-06,6,2,4T1BF1FK1CU1,17,49,40,2012,4,1,3,0,1,F,9,1441,5,0,2,4,22,2,48,1,8,9,998,8,7,9,11553,3,2,0,4,4,1,2,1,1,1,1,3,0,0,3,1,0,0,1,0,1,4,60,1,1,1,2,F,45,0,0,0,0,0,0,0,0,0,0,105,90,0,0,0,2,5,999,999,999,9999999,999,999,999,9,0,0,0,0,0,0,995,9.8,998,998,998,99.8,99.8,99.8,33.6608643197808,1,5
20189,15,126,1-15-2020-126-06,6,3,999999999999,99,37,999,2007,99,10,99,0,2,B,9,,,,,,,,,,,,,,,,,,,,,,,,,,,,,,,,,,,,,,,,,,,,,,,,,,,,,,,,,,,,,,,,,,,,,,,,95,95,95,95,,,,,,,,,,33.6608643197808,1,5
20190,15,127,1-15-2020-127-07,7,1,5NPEC4AB9DH5,17,55,33,2013,4,1,4,0,1,F,9,1475,5,9999,9,0,998,2,64,1,8,9,998,8,7,9,11791,9,9,0,3,4,2,2,1,1,9,3,3,0,0,3,1,0,0,9,0,1,3,52,99,1,1,2,D,28,0,0,0,0,0,0,0,0,0,0,50,50,0,0,0,1,0,999,999,999,9999999,999,999,999,9,0,0,0,0,0,0,995,9.8,998,998,998,99.8,99.8,99.8,95.2014527824205,1,5
20190,15,127,1-15-2020-127-07,7,2,JN8AS5MV0EW7,17,35,51,2014,6,1,3,0,1,B,9,1639,5,9999,9,0,998,5,64,1,8,9,998,8,7,9,11798,9,9,0,3,4,2,2,1,1,9,3,3,0,0,3,1,0,0,9,0,1,3,53,99,1,1,2,D,29,0,0,0,0,0,0,0,0,0,0,50,50,0,0,0,1,0,999,999,999,9999999,999,999,999,9,0,95,95,95,95,0,995,9.8,998,998,998,99.8,99.8,99.8,95.2014527824205,1,5
20191,29,176,1-29-2020-176-09,9,1,2G1WH55KX291,17,20,2,2002,4,1,4,0,1,F,2,1552,5,0,1,1,6,2,48,1,0,0,995,0,0,0,02703,9,9,0,4,2,1,2,3,3,4,1,2,0,0,3,1,0,0,1,1,14,1,6,2,9,4,1,A,2,0,0,0,0,0,0,0,0,0,0,998,998,0,0,1,1,1,38,-38,0,89011,998,3,38,0,1,99,99,0,0,0,998,0.3,53,53,66,4.2,1.2,4.2,338.759837443018,2,5
20192,29,177,1-29-2020-177-09,9,1,1NXBU40E59Z0,17,49,32,2009,4,1,2,0,1,F,3,1279,5,0,1,1,17,2,56,1,8,9,998,8,7,9,02739,9,9,0,4,4,1,2,1,3,1,1,3,0,0,3,8,0,0,9,1,14,1,6,2,1,4,1,A,1,0,0,0,0,0,0,0,0,0,0,998,998,0,1,7,1,10,999,999,999,9999999,999,25,43,4,0,99,99,0,8,0,998,0.3,999,999,999,16.4,0.7,16.0,338.759837533102,2,5
20193,20,93,1-20-2020-093-05,5,1,5TDKK3DC9CS1,17,49,442,2012,20,4,20,0,1,F,3,1940,5,48,1,1,12,2,40,1,0,1,0,2,0,1,93907,1,2,0,4,2,1,2,2,2,4,0,2,0,0,1,8,0,0,1,1,14,1,6,1,2,4,1,B,7,0,0,0,0,0,0,0,0,0,0,998,998,0,0,1,1,1,65,-64,11,372272,998,45,64,0,4,3,22,1,3,0,998,0.0,120,93,120,14.9,2.9,14.5,107.813981726156,11,5
20194,26,179,1-26-2020-179-06,6,1,999999999999,99,99,399,9999,9,1,9,99,1,F,9,9999,9,9999,9,0,998,5,999,1,9,0,995,0,9,0,99999,9,9,2,4,2,1,2,1,1,1,0,2,0,0,1,1,1,2,9,0,10,2,16,99,9,1,4,K,78,0,0,0,0,0,0,0,0,0,0,290,335,9,0,0,1,0,999,999,999,9999999,999,999,999,9,0,95,95,95,95,0,995,9.8,998,998,998,99.8,99.8,99.8,386.265308646024,10,5
20194,26,179,1-26-2020-179-06,6,2,3FAHP0JA1BR2,17,12,23,2011,4,1,3,0,1,F,9,1490,5,9999,9,0,998,2,999,1,0,0,995,0,0,0,96002,1,9,2,4,5,1,2,1,1,1,3,3,0,0,1,1,1,2,9,0,1,4,65,99,9,1,4,K,79,0,0,0,0,0,0,0,0,0,0,999,999,0,0,0,99,0,999,999,999,9999999,999,999,999,9,0,0,0,0,4,0,999,1.8,32,15,15,0.0,0.0,0.0,386.265308646024,10,5
20196,21,164,1-21-2020-164-02,2,1,JTKJF5C71B30,17,49,50,2011,3,1,3,0,1,F,2,1377,5,9999,9,5,66,2,56,1,0,1,248,2,9,0,92316,2,9,2,4,5,3,2,1,1,1,1,2,0,0,3,1,1,2,9,1,17,2,17,8,1,1,4,J,69,0,0,0,0,0,0,0,0,0,0,185,355,0,0,0,1,12,999,999,999,9999999,999,999,999,7,0,2,12,0,3,0,995,9.8,998,998,998,99.8,99.8,99.8,86.2520230009883,11,5
20196,21,164,1-21-2020-164-02,2,2,5TDZZRFH1JS2,17,49,403,2018,14,3,14,0,1,F,9,1926,5,9999,9,0,998,2,56,1,0,0,995,0,0,0,92113,9,9,2,4,5,3,2,1,1,1,1,2,0,0,3,1,1,2,9,0,11,4,63,1,1,1,4,J,68,0,0,0,0,0,0,0,0,0,0,355,185,0,0,0,1,0,999,999,999,9999999,999,999,999,9,0,1,1,0,8,0,995,9.8,998,998,998,99.8,99.8,99.8,86.2520230009883,11,5
20196,21,164,1-21-2020-164-02,2,3,5N1AA08A26N7,17,35,421,2006,15,3,15,0,1,L,9,2513,5,9999,9,0,998,2,56,1,0,0,995,0,0,0,92324,3,9,2,4,5,2,2,1,1,1,3,1,0,0,3,1,1,2,9,0,5,4,62,1,1,1,6,M,98,0,0,0,0,0,0,0,0,0,0,355,155,0,0,0,2,0,999,999,999,9999999,999,999,999,9,0,0,0,0,0,0,995,9.8,998,998,998,99.8,99.8,99.8,86.2520230009883,11,5
20197,30,166,1-30-2020-166-05,5,1,2G1WX12K0393,17,20,36,2003,2,1,4,0,1,R,9,1516,5,9999,9,0,998,2,64,1,0,0,995,0,0,0,85301,9,9,2,4,6,3,2,1,1,1,1,2,0,0,3,1,1,2,9,0,11,2,15,99,1,1,4,J,68,0,0,0,0,0,0,0,0,0,0,100,350,0,0,0,1,0,999,999,999,9999999,999,999,999,9,0,9,97,0,8,0,995,9.8,998,998,998,99.8,99.8,99.8,26.9451403739047,10,5
20197,30,166,1-30-2020-166-05,5,2,3FAHP0HA5CR1,17,12,23,2012,4,1,3,0,1,F,2,1490,5,0,1,1,15,2,64,1,0,0,995,0,0,0,85335,9,9,2,4,6,2,2,1,1,1,3,3,0,0,3,1,1,2,1,0,1,4,62,2,1,1,4,J,69,0,0,0,0,0,0,0,0,0,0,350,100,0,0,0,1,11,999,999,999,9999999,999,999,999,7,0,9,97,0,8,0,995,0.0,10,10,80,3.5,1.2,3.7,26.9451403739047,10,5
20199,30,168,1-30-2020-168-06,6,1,5NMSH13E78H2,17,55,401,2008,14,3,14,0,1,L,1,1871,5,9999,9,0,998,2,64,1,0,0,995,0,0,0,85042,9,9,2,4,2,1,2,1,1,1,0,0,0,0,3,1,2,2,9,0,11,2,15,99,1,1,4,K,82,0,0,0,0,0,0,0,0,0,0,60,180,0,0,0,1,3,23,-17,15,58266,998,136,20,0,4,0,0,0,0,0,995,9.8,998,998,998,99.8,99.8,99.8,160.161078343261,10,5
20199,30,168,1-30-2020-168-06,6,2,4A32B2FF2CE0,17,52,34,2012,4,1,3,0,1,F,2,1580,8,0,1,1,40,2,64,1,0,0,995,0,0,0,85042,9,9,2,5,5,2,2,1,1,1,3,2,0,0,3,1,0,0,9,0,1,4,67,99,1,4,4,K,83,0,0,0,0,0,0,0,0,0,0,180,60,0,0,0,1,3,27,-25,-9,65117,998,-35,31,0,1,9,97,0,99,0,995,9.9,103,14,17,0.0,0.0,0.0,160.161078343261,10,5
20200,21,165,1-21-2020-165-05,5,1,WDAPF4CC2E95,17,42,461,2014,28,4,28,0,1,F,3,2179,8,9999,9,1,13,2,105,1,0,1,0,2,0,2,92373,2,9,0,2,4,2,1,1,1,9,3,3,0,0,1,8,0,0,9,0,1,3,50,2,1,1,2,D,20,0,0,0,0,0,0,0,0,0,0,280,280,0,0,0,1,5,999,999,999,9999999,999,999,65,5,0,3,10,1,3,0,995,9.8,998,998,998,99.8,99.8,99.8,37.9612329506205,11,5
20200,21,165,1-21-2020-165-05,5,2,3AKJGLDV0JSJ,17,82,881,2018,66,8,68,0,1,B,9,,,,,,,5,89,1,0,0,995,0,0,0,91739,9,9,0,2,4,2,1,1,1,9,3,3,0,0,1,8,0,0,9,0,5,3,53,1,1,1,2,D,21,,,,,,,,,,,,,,,,,,,,,,,,,,,95,95,95,95,,,9.8,998,998,998,99.8,99.8,99.8,37.9612329506205,11,5
20201,52,197,1-52-2020-197-07,7,1,3FAHP0HG3CR1,17,12,23,2012,4,1,3,0,1,L,1,1563,5,0,1,1,14,3,56,1,0,0,995,0,0,0,59102,9,9,2,4,2,1,2,1,1,1,0,0,0,0,1,1,2,2,2,0,11,2,15,2,1,1,4,K,82,0,0,0,0,0,0,0,0,0,0,60,180,0,0,0,1,3,9,-3,9,7095,998,19,11,0,4,0,0,0,0,0,995,9.8,998,998,998,99.8,99.8,99.8,133.562148585772,12,5
20201,52,197,1-52-2020-197-07,7,2,4S2CM58W3W43,17,38,402,1998,14,3,14,0,1,F,1,1782,5,9999,9,0,998,2,40,1,0,0,995,0,0,0,59105,9,9,2,5,5,2,2,1,1,1,3,2,0,0,1,1,0,0,9,0,1,4,67,99,9,1,4,K,83,0,0,0,0,0,0,0,0,0,0,180,60,0,0,0,1,3,8,-8,1,3276,998,35,6,0,4,0,0,0,0,0,995,9.8,998,998,998,99.8,99.8,99.8,133.562148585772,12,5
20202,76,96,1-76-2020-096-04,4,1,JTDKARFP0L31,17,49,46,2020,5,1,3,0,1,F,1,1526,5,9999,9,4,39,2,89,1,8,9,998,8,7,9,13753,9,9,0,4,2,1,4,1,2,1,0,0,0,0,2,1,0,0,9,1,14,6,87,7,1,4,1,B,8,0,0,0,0,0,0,0,0,0,0,998,998,0,0,0,1,12,999,999,999,9999999,999,999,999,6,0,0,0,0,0,0,998,0.0,120,105,-10,10.2,1.0,10.3,123.458415767746,3,5
20203,30,169,1-30-2020-169-07,7,1,1G1PG5SB1F72,17,20,25,2015,4,1,3,0,1,R,9,1399,5,9999,9,0,998,2,56,1,0,0,995,0,0,0,85014,9,9,3,5,6,4,2,1,1,1,4,4,0,0,1,1,0,0,2,0,11,2,15,99,1,1,4,J,68,0,0,0,0,0,0,0,0,0,0,30,270,0,0,0,1,0,999,999,999,9999999,999,999,999,9,0,0,0,0,0,0,995,9.8,998,998,998,99.8,99.8,99.8,581.043477082966,10,5
20203,30,169,1-30-2020-169-07,7,2,999999999999,99,99,399,9999,9,1,9,99,1,F,9,9999,9,9999,9,0,998,5,56,1,9,0,995,0,9,0,99999,9,9,3,5,6,1,2,1,1,1,0,3,0,0,1,1,0,0,9,0,1,4,62,99,1,1,4,J,69,0,0,0,0,0,0,0,0,0,0,270,30,0,0,0,1,0,999,999,999,9999999,999,999,999,9,0,95,95,95,95,0,995,9.8,998,998,998,99.8,99.8,99.8,581.043477082966,10,5
20206,26,180,1-26-2020-180-03,3,1,5TFHY5F17JX7,17,49,482,2018,34,5,30,0,1,F,1,2441,5,0,1,1,32,2,999,1,1,1,307,2,9,1,95207,9,9,0,5,5,2,2,2,1,1,3,2,0,0,2,2,0,0,9,1,1,2,14,99,1,4,1,C,14,1,1,2,6,6,4,42,3,2,7,998,998,0,1,1,5,1,21,-21,0,48317,998,54,21,0,4,1,2,0,4,3,998,0.0,120,16,20,0.0,0.0,0.0,245.69317300871,10,5
20207,13,118,1-13-2020-118-02,2,1,5NPE34AF1JH6,17,55,33,2018,4,1,4,0,1,F,2,1572,5,0,1,1,48,2,105,1,8,0,995,0,7,0,99999,1,9,1,2,3,1,2,1,1,9,1,3,0,0,3,1,0,0,9,1,1,2,11,99,1,4,1,C,12,0,0,0,0,0,0,0,0,0,0,998,998,0,0,0,1,12,999,999,999,9999999,999,999,999,7,0,9,97,0,99,0,998,9.8,998,998,998,99.8,99.8,99.8,37.2898723350478,7,5
20208,13,119,1-13-2020-119-05,5,1,JTEZT14R7380,17,49,401,2003,14,3,14,0,1,F,3,2000,5,0,1,5,23,2,105,1,8,1,297,2,7,0,76051,1,9,1,2,4,98,1,1,2,9,2,3,0,0,2,1,0,0,9,0,14,3,54,99,1,1,3,G,52,1,2,2,5,1,1,61,1,1,999,150,300,0,0,0,1,3,57,-56,10,341154,998,-20,64,0,4,3,22,1,3,3,995,9.8,998,998,998,99.8,99.8,99.8,91.6891748139349,7,5
20208,13,119,1-13-2020-119-05,5,2,1G11C5SL8EU1,17,20,37,2014,4,1,3,0,1,F,3,1620,5,0,1,5,24,2,105,1,8,1,33,2,7,2,76244,1,9,1,2,4,4,1,1,3,9,3,2,0,0,2,1,0,0,9,0,14,3,54,99,1,1,3,G,52,0,0,0,0,0,0,0,0,0,0,300,150,0,0,0,1,3,70,-65,-24,322275,998,-71,63,0,4,3,27,1,3,0,995,9.8,998,998,998,99.8,99.8,99.8,91.6891748139349,7,5
20209,54,46,1-54-2020-046-01,1,1,5FNYF28556B0,17,37,421,2006,15,3,15,0,1,F,3,2007,5,0,1,1,4,2,64,1,1,0,995,0,7,0,35654,9,1,0,4,2,1,2,1,1,1,1,2,0,0,1,1,0,0,9,1,1,2,13,99,1,4,1,A,1,0,0,0,0,0,0,0,0,0,0,998,998,0,0,1,1,1,42,-42,0,139367,998,0,41,0,4,3,10,1,1,0,998,0.1,87,115,120,38.0,11.0,40.0,241.141611715916,9,5
20209,54,46,1-54-2020-046-01,1,2,1GCCS1364582,17,20,473,2005,34,5,31,0,2,9,9,1702,5,9999,9,0,998,,,,,,,,,,,,,,,,,,,,,,,,,,,,,,,,,,,,,,,,,,,,,,,,,,,,,,,,,,,,,,,,,,95,95,95,95,,,,,,,,,,241.141611715916,9,5
20210,10,193,1-10-2020-193-06,6,1,1GNEV18K0JF1,17,20,421,1988,15,3,15,0,1,9,9,1435,5,9999,9,0,998,2,56,1,8,0,995,0,7,0,99999,9,9,0,5,4,2,1,1,1,1,4,4,0,0,1,1,0,0,9,1,6,2,11,1,1,2,2,F,46,1,3,2,6,1,4,61,1,2,19,210,997,0,1,0,3,0,999,999,999,9999999,999,999,999,9,0,99,99,0,0,3,997,0.0,999,999,120,19.0,3.0,19.0,414.645694849219,4,5
20210,10,193,1-10-2020-193-06,6,2,2CNALDEC6B64,17,20,404,2011,14,3,14,0,1,L,1,1706,5,0,1,1,9,2,56,1,0,0,995,0,0,0,45424,9,9,0,5,4,1,1,1,1,1,0,2,0,0,1,1,0,0,1,0,1,4,60,1,1,1,2,F,45,0,0,0,0,0,0,0,0,0,0,210,210,0,0,0,1,3,18,17,6,31221,998,80,18,0,4,99,99,0,5,0,995,9.8,998,998,998,99.8,99.8,99.8,414.645694849219,4,5
20211,10,194,1-10-2020-194-10,10,1,1FAFP44674F2,17,12,3,2004,1,1,2,0,1,R,2,1456,5,9999,9,5,4,2,89,1,0,0,995,0,0,0,45385,9,9,0,2,3,1,2,2,1,1,1,3,0,0,1,4,0,0,1,1,1,1,6,2,4,4,1,B,7,0,0,0,0,0,0,0,0,0,0,998,998,0,0,0,1,12,999,999,999,9999999,999,999,999,7,0,0,0,0,0,0,998,3.1,999,999,999,99.9,3.1,99.9,5072.95265806623,4,5
20212,10,195,1-10-2020-195-05,5,1,3C6UR4HJ3FG6,17,7,482,2015,34,5,30,0,1,F,2,2934,5,0,1,1,6,2,105,1,0,0,995,0,0,0,38041,9,9,0,3,3,1,2,1,1,9,1,3,2,3,3,1,0,0,3,1,1,1,8,4,2,4,1,A,2,1,1,2,2,1,4,61,1,2,3,998,998,0,0,1,1,12,999,999,999,9999999,999,999,999,7,0,9,97,0,8,3,998,3.0,999,999,120,99.9,99.9,99.9,28.215697997965,4,5
20213,10,196,1-10-2020-196-03,3,1,2T2BZMCAXGC0,17,59,403,2016,14,3,14,0,1,L,9,2020,5,9999,9,0,998,5,56,1,0,0,995,0,0,0,45458,9,9,2,3,3,2,2,1,1,1,1,1,0,0,1,8,1,2,1,1,11,2,10,99,9,2,2,F,47,0,0,0,0,0,0,0,0,0,0,15,40,0,0,0,1,0,999,999,999,9999999,999,999,999,9,0,95,95,95,95,0,995,9.8,998,998,998,99.8,99.8,99.8,250.164562242971,4,5
20213,10,196,1-10-2020-196-03,3,2,3LN6L2J96GR6,17,13,13,2016,4,1,4,0,1,R,1,1815,5,0,1,5,7,2,56,1,0,0,995,0,0,0,45414,9,9,2,3,3,3,2,1,1,1,1,0,0,0,1,8,1,2,1,0,1,4,61,99,9,1,2,F,45,0,0,0,0,0,0,0,0,0,0,40,15,0,0,0,1,12,999,999,999,9999999,999,999,999,6,0,1,1,0,4,0,995,9.8,998,998,998,99.8,99.8,99.8,250.164562242971,4,5
20214,14,96,1-14-2020-096-03,3,1,5NPD84LF7JH3,17,55,35,2018,4,1,3,0,1,B,1,1275,5,0,1,1,12,2,97,1,0,0,995,0,0,0,77515,1,2,1,2,4,1,2,1,1,9,1,3,0,0,3,1,0,0,1,0,5,3,53,1,1,1,2,D,21,0,0,0,0,0,0,0,0,0,0,30,30,0,0,0,1,3,22,22,0,21399,998,-5,20,0,4,1,2,0,6,0,995,9.8,998,998,998,99.8,99.8,99.8,2095.08343490326,8,5
20214,14,96,1-14-2020-096-03,3,2,1GNEK13R1TJ4,17,20,421,1996,15,3,15,0,1,F,1,2179,5,9999,9,0,998,5,97,1,0,0,995,0,0,0,49431,9,9,1,2,4,1,2,1,1,9,1,3,0,0,3,1,0,0,9,0,1,3,50,2,1,1,2,D,20,0,0,0,0,0,0,0,0,0,0,30,30,0,0,0,1,3,14,-14,0,18993,998,0,15,0,4,95,95,95,95,0,995,9.8,998,998,998,99.8,99.8,99.8,2095.08343490326,8,5
20214,14,96,1-14-2020-096-03,3,3,ZACCJADT9FPB,17,2,408,2015,14,3,14,0,1,F,2,1372,5,0,1,1,13,2,97,1,0,0,995,0,0,0,77954,1,2,1,2,4,1,2,1,1,9,1,3,0,0,3,1,0,0,9,0,1,3,53,99,1,9,6,M,98,0,0,0,0,0,0,0,0,0,0,30,30,0,0,0,3,3,31,-30,5,42697,998,32,27,0,4,1,1,0,5,0,995,9.8,998,998,998,99.8,99.8,99.8,2095.08343490326,8,5
20214,14,96,1-14-2020-096-03,3,4,1FTEW1C45KFB,17,12,481,2019,34,5,31,0,1,B,1,2028,5,9999,9,0,998,5,97,1,0,0,995,0,0,0,78132,9,9,1,2,4,1,2,1,1,9,1,1,0,0,3,1,0,0,9,0,1,3,53,99,1,1,6,M,98,0,0,0,0,0,0,0,0,0,0,30,30,0,0,0,3,3,22,21,-4,54176,998,58,25,0,4,95,95,95,95,0,995,9.8,998,998,998,99.8,99.8,99.8,2095.08343490326,8,5
20215,14,97,1-14-2020-097-03,3,1,2HNYD18644H5,17,54,421,2004,15,3,15,0,1,F,1,1992,5,101,1,1,20,2,113,1,0,0,995,0,0,0,78130,1,9,0,2,4,1,2,1,1,9,1,3,2,3,3,1,0,0,9,0,1,4,60,99,1,1,2,E,42,0,0,0,0,0,0,0,0,0,0,230,280,0,0,0,1,1,10,-10,3,13326,998,33,12,0,4,0,0,0,4,0,995,9.8,998,998,998,99.8,99.8,99.8,2095.08343490326,8,5
20215,14,97,1-14-2020-097-03,3,2,1FM5K8AR8GGC,17,12,401,2016,14,3,14,5,1,R,1,2146,5,0,1,1,17,2,113,1,0,0,995,0,0,0,78130,1,1,0,2,4,4,2,1,1,9,3,1,1,3,3,1,0,0,9,1,15,2,11,2,1,2,2,E,42,0,0,0,0,0,0,0,0,0,0,280,230,0,0,0,1,1,10,4,-10,16382,998,-162,9,0,4,0,0,0,5,0,995,9.8,998,998,998,99.8,99.8,99.8,2095.08343490326,8,5
20216,17,128,1-17-2020-128-05,5,1,1G1PG5S96B71,17,20,25,2011,4,1,3,0,1,R,2,1407,5,0,1,1,15,2,89,1,9,1,0,2,9,0,61244,9,9,2,1,3,3,2,1,1,1,1,2,0,0,1,1,1,2,1,0,11,2,15,9,1,1,4,J,68,0,0,0,0,0,0,0,0,0,0,320,220,0,0,0,1,1,26,-13,-23,34336,998,-33,24,0,4,0,0,0,4,0,995,9.8,998,998,998,99.8,99.8,99.8,72.2952189419722,4,5
20216,17,128,1-17-2020-128-05,5,2,1GTV2UEH7EZ1,17,23,481,2014,34,5,31,0,1,F,1,2360,5,0,1,1,8,2,89,1,9,0,995,0,9,0,61230,9,9,2,1,3,2,2,1,1,1,3,1,2,3,1,1,1,2,1,0,1,4,62,4,1,1,4,J,69,0,0,0,0,0,0,0,0,0,0,220,320,0,0,0,1,1,16,-15,5,35642,998,72,18,0,4,0,0,0,4,0,995,9.8,998,998,998,99.8,99.8,99.8,72.2952189419722,4,5
20216,17,128,1-17-2020-128-05,5,3,JTEES43A3820,17,49,403,2008,14,3,14,0,1,B,9,1896,5,9999,9,0,998,5,89,1,9,0,995,0,7,0,61244,9,9,2,1,3,1,2,1,2,1,1,1,0,0,1,1,1,2,1,0,5,4,67,1,1,1,6,M,98,0,0,0,0,0,0,0,0,0,0,160,220,0,0,0,2,0,999,999,999,9999999,999,999,999,9,0,95,95,95,95,0,995,9.8,998,998,998,99.8,99.8,99.8,72.2952189419722,4,5
20219,11,97,1-11-2020-097-06,6,1,2GNALBEK9E11,17,20,404,2014,14,3,14,0,1,T,1,1782,5,0,1,1,30,2,72,1,0,0,995,0,0,0,23831,2,2,2,4,3,2,2,1,1,1,1,2,0,0,2,1,0,0,1,0,1,2,17,5,1,1,4,K,83,1,3,2,5,1,1,61,1,2,5,997,997,0,0,0,2,6,999,999,999,9999999,999,999,999,6,0,1,1,0,4,3,997,9.8,998,998,998,99.8,99.8,99.8,1857.53247120792,8,5
20219,11,97,1-11-2020-097-06,6,2,KNADE123X863,17,63,32,2008,4,1,1,0,1,F,9,1104,5,9999,9,0,998,5,72,1,0,0,995,0,0,0,23831,9,9,2,4,3,2,2,1,2,1,1,2,0,0,2,1,2,2,9,0,11,4,66,99,1,1,4,K,82,0,0,0,0,0,0,0,0,0,0,140,240,0,0,0,1,0,999,999,999,9999999,999,999,999,9,0,95,95,95,95,0,995,9.8,998,998,998,99.8,99.8,99.8,1857.53247120792,8,5
20220,11,98,1-11-2020-098-01,1,1,1GTR2VE33BZ4,17,23,481,2011,34,5,31,0,1,F,3,2496,5,272,8,1,20,2,72,1,9,9,998,8,9,9,23114,9,9,0,4,2,1,2,1,1,1,1,2,0,0,2,1,0,0,9,1,1,2,10,2,1,2,3,G,50,1,4,1,5,1,1,61,1,1,999,210,35,0,0,0,1,12,999,999,999,9999999,999,999,999,8,0,9,97,0,1,3,995,0.0,120,999,999,0.0,0.0,0.0,84.1646876922519,8,5