CASEID,PSU,CASENO,CASENUMBER,CATEGORY,VEHNO,VIN,VINLENGTH,MAKE,MODEL,MODELYR,BODYTYPE,BODYCAT,VEHCLASS,SPECUSE,TRANSTAT,DAMPLANE,DAMSEV,CURBWT,CURBSRC,CARGOWT,CARGOSRC,INSPTYPE,INSPLAG,TOWED,SPEEDLIMIT,DRPRESENT,PARALCOHOL,ALCTEST,ALCTESTRESULT,ALCTESTSRC,PARDRUG,DRUGTEST,ZIP,RACE,ETHNICITY,RELTOJUNCT,TRAFFLOW,RDLANES,INITLANE,SURFTYPE,SURFCOND,ALIGNMENT,PROFILE,LINERIGHT,LINELEFT,RUMBINIT,RUMBROAD,LIGHTCOND,WEATHER,TRAFDEV,TRAFFUNCT,DISTRACT,PREFHE,PREMOVE,CRITCAT,CRITEVENT,MANEUVER,PRESTAB,PRELOC,CRASHCAT,CRASHCONF,CRASHTYPE,ROLLTYPE,ROLLTURN,ROLLINTRPT,ROLLPREMAN,ROLLINITYP,ROLLINLOC,ROLLOBJ,ROLLTRIP,ROLLDIR,ROLLDIST,DVANGTHIS,DVANGOTH,TOWHITCH,TRAJDOC,TREEPOLE,DVEVENT,DVBASIS,DVTOTAL,DVLONG,DVLAT,DVENERGY,DVSPEED,DVMOMENT,DVBES,DVEST,DVCONF,VAIS,VISS,VINJURED,VTREAT,INITOBJCLASS,HEADANGLECAT,SHLDRWIDTH,STRKLENGTH,STRKWIDTH,STRKHEIGHT,EDGEDISTX,EDGEDISTY,EDGEDISTZ,CASEWGT,PSUSTRAT,VERSION
20220,11,98,1-11-2020-098-01,1,2,1D4RE4GG5BC7,17,7,422,2011,15,3,15,0,1,F,3,2262,5,0,1,1,18,2,72,1,9,1,0,2,9,2,23838,1,9,0,4,2,1,2,1,1,1,1,2,0,0,2,1,0,0,3,0,1,4,62,1,1,1,3,G,51,0,0,0,0,0,0,0,0,0,0,35,210,0,0,0,1,12,999,999,999,9999999,999,999,999,8,0,1,1,0,3,0,995,0.0,120,999,999,3.7,2.0,4.3,84.1646876922519,8,5
20221,24,192,1-24-2020-192-03,3,1,KM8J3CA43KU0,17,55,402,2019,14,3,14,0,1,F,1,1634,5,0,1,5,7,2,64,1,0,0,995,0,0,0,08205,9,9,2,4,6,2,2,2,1,1,1,1,0,0,1,8,1,2,9,0,1,2,17,99,1,1,4,K,83,0,0,0,0,0,0,0,0,0,0,130,50,0,0,0,1,3,18,-16,-9,17782,998,-109,13,0,4,99,99,0,0,0,995,9.8,998,998,998,99.8,99.8,99.8,274.246488829962,1,5
20221,24,192,1-24-2020-192-03,3,2,KMHDN46D44U7,17,55,35,2004,4,1,2,0,1,L,1,1217,5,9999,9,1,7,2,40,1,0,0,995,0,0,0,08087,9,9,2,4,3,2,2,2,1,1,1,2,0,0,1,8,1,2,9,0,11,4,66,99,1,1,4,K,82,0,0,0,0,0,0,0,0,0,0,50,130,0,0,0,1,3,24,-8,22,47035,998,-23,30,0,4,99,99,0,0,0,995,0.0,10,10,999,5.5,1.2,5.5,274.246488829962,1,5
20222,24,193,1-24-2020-193-03,3,1,999999999999,99,99,399,9999,9,1,9,99,1,B,9,9999,9,9999,9,0,998,5,40,1,0,0,995,0,7,0,99999,9,9,0,4,2,1,2,1,1,1,1,2,0,0,3,1,0,0,9,0,13,2,20,99,1,1,6,M,92,0,0,0,0,0,0,0,0,0,0,120,120,0,0,0,1,0,999,999,999,9999999,999,999,999,9,0,95,95,95,95,0,995,9.8,998,998,998,99.8,99.8,99.8,274.24648886976,1,5
20222,24,193,1-24-2020-193-03,3,2,3C4NJCCB5LT1,17,2,1,2020,6,1,2,0,1,F,2,1444,5,0,1,5,11,2,40,1,0,0,995,0,0,0,08401,9,9,0,4,2,1,2,1,1,1,1,2,0,0,3,1,0,0,9,0,1,3,56,99,1,1,6,M,93,0,0,0,0,0,0,0,0,0,0,120,120,0,0,0,1,98,999,999,999,9999999,999,999,999,7,0,9,97,0,99,0,995,9.8,998,998,998,99.8,99.8,99.8,274.24648886976,1,5
20223,52,198,1-52-2020-198-04,4,1,5TDJKRFH5GS2,17,49,403,2016,14,3,14,0,1,F,1,2035,5,0,1,1,26,2,105,1,0,0,995,0,0,0,59068,1,2,0,4,2,1,2,1,1,1,1,4,1,0,2,1,0,0,1,0,1,6,87,3,1,1,1,C,13,0,0,0,0,0,0,0,0,0,0,998,998,0,0,0,1,10,999,999,999,9999999,999,57,12,2,0,0,0,0,0,0,998,9.8,998,998,998,99.8,99.8,99.8,163.964112904999,12,5
20225,52,200,1-52-2020-200-02,2,1,1GNFK16K0RJ3,17,20,431,1994,16,3,16,0,1,F,1,2315,5,0,1,1,26,2,56,1,0,0,995,0,0,0,59057,9,9,2,4,2,1,2,1,1,1,1,2,0,0,1,1,0,0,9,0,1,4,67,99,1,1,4,K,83,0,0,0,0,0,0,0,0,0,0,0,250,0,1,0,1,1,22,-21,-4,90836,998,-3,31,0,4,3,13,1,3,0,995,9.8,998,998,998,99.8,99.8,99.8,20.3744460339419,12,5
20225,52,200,1-52-2020-200-02,2,2,5FNRL6H72JB0,17,37,441,2018,20,4,20,0,1,L,2,2046,5,0,1,1,25,2,40,1,0,0,995,0,0,0,59044,1,9,2,4,2,1,2,1,1,2,0,0,0,0,1,1,2,2,2,0,11,2,15,99,1,1,4,K,82,0,0,0,0,0,0,0,0,0,0,250,0,0,1,0,1,1,25,-12,21,17814,998,87,13,0,4,2,5,0,3,0,995,9.8,998,998,998,99.8,99.8,99.8,20.3744460339419,12,5
20226,52,201,1-52-2020-201-06,6,1,1G1PC5SB7F71,17,20,25,2015,4,1,3,0,1,F,2,1399,5,0,1,1,29,2,105,1,0,0,995,0,0,0,59101,9,9,0,1,2,2,2,1,3,1,3,2,1,3,2,1,0,0,9,0,14,6,87,99,1,1,1,C,13,0,0,0,0,0,0,0,0,0,0,998,998,0,0,0,1,10,999,999,999,9999999,999,13,31,3,0,9,97,0,0,0,998,9.8,998,998,998,99.8,99.8,99.8,102.230403147622,12,5
20227,16,124,1-16-2020-124-01,1,1,4A3AE45G83E1,17,52,37,2003,1,1,2,0,1,L,3,1405,5,0,1,1,25,2,56,1,0,0,995,0,0,0,45238,9,9,0,1,2,2,2,1,2,2,3,2,0,0,3,8,0,0,9,1,14,1,6,99,3,4,1,A,2,0,0,0,0,0,0,0,0,0,0,998,998,0,1,1,2,1,53,0,53,182327,998,-43,52,0,4,9,97,0,1,0,998,0.0,120,15,13,0.0,0.0,0.0,37.5405187991476,5,5
20229,25,135,1-25-2020-135-07,7,1,3C6RR7LT2FG7,17,7,482,2015,34,5,30,0,1,F,2,2336,5,0,1,1,8,2,64,1,8,0,995,0,7,0,04055,9,9,0,4,2,1,2,2,3,4,0,2,0,0,1,1,0,0,1,1,14,2,13,3,2,4,1,A,1,0,0,0,0,0,0,0,0,0,0,998,998,0,0,1,1,12,999,999,999,9999999,999,999,999,7,0,0,0,0,0,0,998,0.0,33,33,120,45.6,5.8,45.9,1732.20921810657,2,5
20230,25,136,1-25-2020-136-04,4,1,1C4PJMDNXLD5,17,2,404,2020,14,3,14,0,1,F,1,1797,5,0,1,1,7,2,56,1,8,0,995,0,7,0,04021,9,9,2,4,3,2,2,1,1,1,1,2,0,0,2,1,1,2,1,0,1,4,62,1,1,1,4,J,69,0,0,0,0,0,0,0,0,0,0,350,140,0,0,0,1,3,18,-17,6,38912,998,71,21,0,4,0,0,0,0,0,995,9.8,998,998,998,99.8,99.8,99.8,1171.82805969763,2,5
20230,25,136,1-25-2020-136-04,4,2,2HGFG3B86DH5,17,37,31,2013,2,1,2,0,1,F,2,1278,5,0,1,1,15,2,56,1,8,0,995,0,7,0,04092,9,9,2,1,3,2,2,1,3,1,1,2,0,0,2,1,1,2,3,0,11,2,15,99,1,1,4,J,68,0,0,0,0,0,0,0,0,0,0,140,350,0,0,0,1,3,25,-25,-4,33583,998,-72,22,0,4,0,0,0,0,0,995,9.8,998,998,998,99.8,99.8,99.8,1171.82805969763,2,5
20231,59,65,1-59-2020-065-04,4,1,1GCEK19B76Z1,17,20,481,2006,34,5,31,0,1,R,1,2151,5,101,2,4,6,2,48,1,0,0,995,0,0,0,28001,1,2,3,2,4,2,2,1,1,1,3,3,0,0,1,1,0,0,2,1,10,2,11,1,1,2,4,J,70,0,0,0,0,0,0,0,0,0,0,215,200,0,0,0,1,3,6,5,-3,3386,998,-81,5,0,4,0,0,0,0,0,995,9.8,998,998,998,99.8,99.8,99.8,782.605879253166,6,5
20231,59,65,1-59-2020-065-04,4,2,2C4RDGCG0KR7,17,7,442,2019,20,4,20,0,1,L,1,2050,5,0,1,1,5,2,48,1,0,0,995,0,0,0,47832,9,9,3,2,4,1,2,1,1,1,3,0,0,0,1,1,0,0,9,0,1,4,60,99,1,1,4,J,71,0,0,0,0,0,0,0,0,0,0,200,215,0,0,0,1,3,7,-7,2,6029,998,-75,8,0,4,0,0,0,0,0,995,9.8,998,998,998,99.8,99.8,99.8,782.605879253166,6,5
20232,28,96,1-28-2020-096-10,10,1,1FTRF14W74NA,17,12,481,2004,34,5,31,0,1,F,1,2317,5,0,1,5,16,2,113,1,0,0,995,0,0,0,22201,1,2,0,2,2,1,2,4,1,1,1,3,2,3,1,4,0,0,1,1,6,1,5,2,3,4,1,A,2,0,0,0,0,0,0,0,0,0,0,998,998,0,0,0,1,12,999,999,999,9999999,999,999,999,6,0,0,0,0,0,0,998,2.9,120,43,82,3.4,0.8,3.5,1247.82898156726,3,5
20233,28,97,1-28-2020-097-03,3,1,1FTEW1EB8JFC,17,12,481,2018,34,5,31,0,1,L,2,2130,5,0,1,1,2,2,40,1,1,8,997,8,0,0,16950,1,2,2,4,2,1,2,1,1,1,0,0,0,0,3,1,2,2,9,0,1,2,17,8,1,1,5,L,89,0,0,0,0,0,0,0,0,0,0,200,290,0,0,0,1,1,28,-21,18,36130,998,2,20,0,4,1,1,0,6,0,995,0.0,120,120,120,3.0,0.0,3.0,37.6269085205474,3,5
20233,28,97,1-28-2020-097-03,3,2,1GCEK14T53Z1,17,20,481,2003,34,5,31,0,1,F,2,1965,5,0,1,1,3,2,40,1,1,8,997,8,0,0,16950,9,9,2,4,2,1,2,1,1,1,0,2,0,0,3,1,0,0,1,0,1,4,66,2,1,1,5,L,88,0,0,0,0,0,0,0,0,0,0,290,200,0,0,0,1,1,30,-19,-23,173697,998,-154,33,0,4,0,0,0,0,0,995,0.0,120,120,120,3.0,0.0,3.0,37.6269085205474,3,5
20234,18,94,1-18-2020-094-07,7,1,1G1JC5SH8C41,17,20,28,2012,4,1,1,0,1,U,9,1237,5,0,1,5,59,2,113,1,0,0,995,0,0,0,54729,1,9,0,1,2,2,1,1,2,1,3,2,1,3,1,1,0,0,1,0,14,6,90,99,1,1,1,C,12,0,0,0,0,0,0,0,0,0,0,998,998,0,0,0,1,12,999,999,999,9999999,999,999,999,9,0,0,0,0,0,0,998,9.8,998,998,998,99.8,99.8,99.8,1119.91585833552,6,5
20235,18,95,1-18-2020-095-04,4,1,5XYPG4A33JG4,17,63,402,2018,14,3,14,0,1,F,1,1680,5,0,1,1,6,2,113,1,0,0,995,0,0,0,54701,9,9,0,1,2,1,1,3,3,1,1,3,2,3,2,1,0,0,1,1,14,1,6,99,2,4,1,B,7,0,0,0,0,0,0,0,0,0,0,998,998,0,1,0,1,10,999,999,999,9999999,999,-37,13,2,0,0,0,0,0,0,998,1.2,999,50,75,14.1,6.0,15.4,580.521831806916,6,5
20237,32,192,1-32-2020-192-06,6,1,1HGCR2F89FA1,17,37,32,2015,4,1,4,0,1,F,2,1496,5,0,1,1,14,2,56,1,0,1,0,2,0,2,75236,2,9,1,1,4,2,2,1,1,4,1,1,0,0,3,1,0,0,9,1,15,2,13,1,1,4,1,A,1,0,0,0,0,0,0,0,0,0,0,998,998,0,1,3,3,12,999,999,999,9999999,999,999,999,7,0,0,0,0,4,0,998,0.0,120,20,17,0.0,0.0,0.0,1156.73772343173,7,5
20238,32,193,1-32-2020-193-06,6,1,2G1FB1ED0B91,17,20,9,2011,2,1,4,0,1,R,9,1700,5,9999,9,0,998,2,64,1,0,0,995,0,0,0,75212,2,9,2,1,4,4,1,1,1,1,1,2,0,0,1,1,1,2,9,0,11,2,15,99,1,1,4,J,68,0,0,0,0,0,0,0,0,0,0,130,0,0,0,0,1,0,999,999,999,9999999,999,999,999,9,0,9,97,0,0,0,995,9.8,998,998,998,99.8,99.8,99.8,1156.73772343173,7,5
20238,32,193,1-32-2020-193-06,6,2,1HGCP367X9A0,17,37,32,2009,4,1,4,0,1,F,9,1621,5,9999,9,0,998,2,64,1,0,0,995,0,0,0,75254,9,1,2,1,5,3,1,1,1,1,3,3,0,0,1,1,1,2,9,0,1,2,17,99,1,1,4,J,69,0,0,0,0,0,0,0,0,0,0,0,130,0,0,0,1,0,999,999,999,9999999,999,999,999,9,0,9,97,0,0,0,995,9.8,998,998,998,99.8,99.8,99.8,1156.73772343173,7,5
20239,32,194,1-32-2020-194-02,2,1,1N4AL3AP2HC1,17,35,47,2017,4,1,4,0,1,F,2,1453,5,0,1,5,4,2,113,1,0,0,995,0,0,0,76011,1,9,1,2,5,2,1,1,1,4,1,3,0,0,1,1,0,0,9,1,1,4,60,8,2,4,1,A,3,0,0,0,0,0,0,0,0,0,0,998,998,0,0,0,1,10,999,999,999,9999999,999,10,39,3,0,9,97,0,5,0,998,2.4,999,999,999,0.0,0.0,0.0,29.6003402587079,7,5
20240,23,71,1-23-2020-071-07,7,1,4S4BRCDC8E32,17,48,45,2014,5,1,3,0,1,F,2,1621,5,9999,9,4,41,2,56,1,0,0,995,0,0,0,43035,9,9,0,4,2,1,2,4,1,1,1,2,0,0,1,4,0,0,9,1,1,1,5,99,2,4,1,A,2,0,0,0,0,0,0,0,0,0,0,998,998,0,0,0,1,12,999,999,999,9999999,999,999,999,7,0,0,0,0,5,0,998,0.0,116,30,50,5.5,0.5,5.5,1253.13140139162,5,5
20241,23,72,1-23-2020-072-08,8,1,1GMDX03E91D3,17,22,441,2001,20,4,20,0,1,F,9,1788,5,9999,9,0,998,2,89,1,0,0,995,0,0,0,43338,9,9,0,4,2,1,2,2,1,1,1,4,0,0,1,8,0,0,3,1,1,2,10,99,1,2,3,G,50,0,0,0,0,0,0,0,0,0,0,180,10,0,0,0,1,0,999,999,999,9999999,999,999,999,9,0,9,97,0,8,0,995,9.8,998,998,998,99.8,99.8,99.8,174.815424559032,5,5
20241,23,72,1-23-2020-072-08,8,2,1FTRF12227NA,17,12,481,2007,34,5,30,0,1,F,3,2158,5,0,1,1,31,2,89,1,0,0,995,0,0,0,43338,9,9,0,4,2,1,2,2,1,1,1,4,0,0,1,8,0,0,9,0,1,4,62,99,1,1,3,G,51,0,0,0,0,0,0,0,0,0,0,10,180,0,0,0,1,12,999,999,999,9999999,999,999,999,8,0,9,97,0,8,0,995,9.8,998,998,998,99.8,99.8,99.8,174.815424559032,5,5
20242,73,99,1-73-2020-099-03,3,1,3C4PDCAB8JT4,17,7,27,2018,6,1,4,0,1,T,2,1926,5,0,1,1,28,2,80,1,0,1,0,2,0,1,04426,1,9,0,4,2,1,2,4,2,4,1,2,0,0,2,4,0,0,1,1,14,1,6,99,4,4,1,B,7,1,6,2,6,1,4,61,1,1,25,997,997,0,0,0,1,6,999,999,999,9999999,999,999,999,7,0,3,14,1,3,3,997,9.8,998,998,998,99.8,99.8,99.8,248.391915009706,3,5
20243,73,100,1-73-2020-100-02,2,1,1GTR2TEA9CZ3,17,23,481,2012,34,5,31,0,1,F,9,9999,9,9999,9,0,998,2,64,1,0,0,995,0,7,0,04976,9,9,0,4,2,1,2,2,1,1,1,2,0,0,3,8,0,0,3,1,1,2,10,99,1,2,3,G,50,0,0,0,0,0,0,0,0,0,0,350,170,0,0,0,1,0,999,999,999,9999999,999,999,999,9,0,9,97,0,99,0,995,3.2,30,30,120,4.8,1.9,5.1,34.1677195360008,3,5
20243,73,100,1-73-2020-100-02,2,2,JA4AZ3A39KZ0,17,52,404,2019,14,3,14,0,1,F,3,1575,8,0,1,1,28,2,64,1,8,0,995,0,7,0,04950,9,9,0,4,2,1,2,2,1,1,1,4,0,0,3,8,0,0,1,0,1,4,62,99,1,1,3,G,51,0,0,0,0,0,0,0,0,0,0,170,350,0,0,0,1,5,999,999,999,9999999,999,999,101,5,0,9,97,0,8,0,995,9.8,998,998,998,99.8,99.8,99.8,34.1677195360008,3,5
20244,13,120,1-13-2020-120-03,3,1,ZACNJABB0LPL,17,2,408,2020,14,3,14,0,1,T,2,1372,5,0,1,1,22,2,80,1,8,0,995,0,7,0,99999,9,9,1,2,2,1,1,1,2,9,1,3,0,0,2,1,0,0,9,1,14,1,6,99,3,4,1,A,2,1,2,2,2,1,4,61,1,2,999,997,997,0,0,0,1,6,999,999,999,9999999,999,999,999,7,0,99,99,0,8,3,997,9.8,998,998,998,99.8,99.8,99.8,1775.77744384111,7,5
20245,13,121,1-13-2020-121-04,4,1,4T1BF1FK4HU7,17,49,40,2017,4,1,4,0,1,F,2,1467,5,0,1,4,35,2,113,1,8,0,995,0,7,0,76063,9,1,0,2,5,3,2,1,1,9,3,3,0,0,3,1,0,0,9,0,1,3,51,99,1,1,2,D,24,0,0,0,0,0,0,0,0,0,0,275,275,0,0,0,1,12,999,999,999,9999999,999,999,999,7,0,0,0,0,0,0,995,9.8,998,998,998,99.8,99.8,99.8,6133.89047308698,7,5
20245,13,121,1-13-2020-121-04,4,2,1GCRCSE06BZ4,17,20,481,2011,34,5,31,0,1,B,9,2299,5,9999,9,0,998,5,113,1,8,0,995,0,7,0,76103,9,9,0,2,5,3,2,1,1,9,3,3,0,0,3,1,0,0,9,0,1,3,53,99,1,1,2,D,25,0,0,0,0,0,0,0,0,0,0,275,275,0,0,0,1,0,999,999,999,9999999,999,999,999,9,0,95,95,95,95,0,995,9.8,998,998,998,99.8,99.8,99.8,6133.89047308698,7,5
20246,32,195,1-32-2020-195-06,6,1,1B3CB3HA3BD1,17,7,25,2011,5,1,2,0,1,R,1,1334,5,0,1,1,9,2,64,1,0,0,995,0,0,0,76148,1,2,2,1,4,1,1,1,1,1,0,3,0,0,1,1,1,2,9,0,1,2,17,1,1,1,5,L,87,1,2,2,5,1,1,61,1,2,999,0,290,0,0,0,1,1,15,-9,-11,14178,998,110,12,0,1,9,97,0,0,3,995,9.8,998,998,998,99.8,99.8,99.8,1156.73772327426,7,5
20246,32,195,1-32-2020-195-06,6,2,WP1AB29P65LA,17,45,421,2005,15,3,15,0,1,F,1,2245,5,0,1,1,9,2,64,1,0,0,995,0,0,0,76117,9,1,2,1,4,3,1,1,1,4,3,1,0,0,1,1,1,2,9,0,1,4,66,99,1,1,5,L,86,0,0,0,0,0,0,0,0,0,0,290,0,0,0,0,1,1,9,-4,8,19738,998,145,10,0,1,0,0,0,0,0,995,9.8,998,998,998,99.8,99.8,99.8,1156.73772327426,7,5
20247,52,202,1-52-2020-202-09,9,1,1GCHK63659F1,17,20,481,2009,34,5,31,0,1,F,1,2785,5,0,1,1,27,3,40,1,9,0,995,0,9,0,99999,9,9,0,4,2,1,2,1,1,1,0,0,0,0,2,1,0,0,9,1,1,9,99,99,9,4,1,B,10,0,0,0,0,0,0,0,0,0,0,998,998,0,0,1,1,5,999,999,999,9999999,999,999,13,2,0,99,99,0,0,0,998,0.0,26,26,88,3.5,3.3,4.8,318.869096704987,12,5
20248,76,97,1-76-2020-097-05,5,1,1G1JD5SGXJ41,17,20,28,2018,4,1,1,0,1,L,1,1292,5,0,1,1,17,2,56,1,8,0,995,0,7,0,12205,2,2,2,4,2,1,2,2,3,2,0,0,0,0,4,8,2,2,9,0,11,2,15,2,1,1,4,K,82,0,0,0,0,0,0,0,0,0,0,230,350,0,0,0,1,1,18,-11,14,15619,998,-62,16,0,1,0,0,0,4,0,995,9.8,998,998,998,99.8,99.8,99.8,23.1872588605988,3,5
20248,76,97,1-76-2020-097-05,5,2,1C3CCCDG6FN5,17,6,18,2015,4,1,3,0,1,F,1,1721,5,0,2,1,22,2,89,1,8,9,998,8,7,9,12477,1,2,2,4,2,1,2,2,3,2,1,2,1,1,4,8,0,0,1,0,14,4,67,4,1,1,4,K,83,0,0,0,0,0,0,0,0,0,0,350,230,0,0,0,1,1,13,-13,-2,19747,998,-68,15,0,1,0,0,0,0,0,995,9.8,998,998,998,99.8,99.8,99.8,23.1872588605988,3,5
20249,76,98,1-76-2020-098-07,7,1,2HJYK16556H5,17,37,471,2006,34,5,31,0,1,L,1,2043,5,0,1,1,23,2,0,1,8,9,998,8,7,9,12051,9,9,3,4,2,1,2,1,1,1,0,0,0,0,3,8,0,0,9,0,11,2,15,99,1,1,4,K,82,0,0,0,0,0,0,0,0,0,0,15,125,0,0,0,1,3,18,-9,16,52994,998,90,22,0,4,0,0,0,0,0,995,9.8,998,998,998,99.8,99.8,99.8,108.300941673793,3,5
20249,76,98,1-76-2020-098-07,7,2,4A4AR3AU9FE0,17,52,47,2015,6,1,3,0,1,F,1,1525,5,0,1,1,28,2,48,1,8,9,998,8,7,9,12087,9,9,3,4,2,1,2,1,1,1,1,2,0,0,3,8,0,0,9,0,1,4,72,1,1,1,4,K,83,0,0,0,0,0,0,0,0,0,0,125,15,0,0,0,1,3,24,-24,-4,20221,998,22,18,0,4,0,0,0,0,0,995,9.8,998,998,998,99.8,99.8,99.8,108.300941673793,3,5
20250,22,143,1-22-2020-143-04,4,1,1C3CCCFB1GN1,17,6,18,2016,4,1,3,0,1,F,1,1575,5,0,1,1,5,2,56,1,0,0,995,0,0,0,83501,9,9,3,5,4,2,2,2,1,1,3,4,0,0,3,2,0,0,9,0,11,2,15,1,1,1,4,J,68,0,0,0,0,0,0,0,0,0,0,210,60,0,0,0,1,3,12,-12,4,17796,998,25,16,0,4,0,0,0,0,0,995,9.8,998,998,998,99.8,99.8,99.8,35.209603671735,12,5
20250,22,143,1-22-2020-143-04,4,2,2HGES15231H5,17,37,31,2001,4,1,2,0,1,F,1,1095,5,9999,9,0,998,5,56,1,0,0,995,0,0,0,83501,9,9,3,5,4,2,2,2,1,1,3,2,0,0,3,2,0,0,9,0,1,4,62,99,1,1,4,J,69,0,0,0,0,0,0,0,0,0,0,60,210,0,0,0,1,3,19,-12,15,25200,998,143,17,0,4,95,95,95,95,0,995,9.8,998,998,998,99.8,99.8,99.8,35.209603671735,12,5
20251,22,144,1-22-2020-144-04,4,1,5TFUY5F14MX9,17,49,482,2021,34,5,31,0,1,F,1,2558,5,0,1,1,5,2,40,1,0,0,995,0,0,0,83501,1,2,2,4,2,1,2,1,1,1,0,0,0,0,1,8,2,2,2,0,1,2,17,3,1,1,5,L,88,0,0,0,0,0,0,0,0,0,0,355,270,0,0,0,1,3,22,-17,-14,53877,998,-120,19,0,4,0,0,0,0,0,995,9.8,998,998,998,99.8,99.8,99.8,35.209603671735,12,5
20251,22,144,1-22-2020-144-04,4,2,1D4HS48N73F5,17,7,402,2003,14,3,14,0,1,L,2,2100,5,9999,9,0,998,2,40,1,0,0,995,0,0,0,83501,9,9,2,4,2,1,2,1,1,1,0,4,0,0,1,8,0,0,9,0,1,4,66,99,1,1,5,L,89,0,0,0,0,0,0,0,0,0,0,270,355,0,0,0,1,3,26,-17,20,88790,998,-67,29,0,4,2,4,0,3,0,995,9.8,998,998,998,99.8,99.8,99.8,35.209603671735,12,5
20254,19,189,1-19-2020-189-05,5,1,1GNLC2E07CR2,17,20,421,2012,15,3,15,5,1,F,3,2388,5,500,1,1,6,2,72,1,0,0,995,0,0,0,35972,1,9,0,1,4,2,2,2,3,1,3,2,0,0,3,2,0,0,9,1,14,1,5,2,3,4,1,B,7,0,0,0,0,0,0,0,0,0,0,100,190,0,1,0,1,5,999,999,999,9999999,999,999,55,5,0,9,97,0,8,0,995,9.8,998,998,998,99.8,99.8,99.8,61.4181527827887,9,5
20254,19,189,1-19-2020-189-05,5,2,999999999999,99,98,806,9999,61,8,60,0,2,R,9,,,,,,,,,,,,,,,,,,,,,,,,,,,,,,,,,,,,,,,,,,,,,,,,,,,,,,,,,,,,,,,,,,,,,,,,95,95,95,95,,,,,,,,,,61.4181527827887,9,5
20255,19,188,1-19-2020-188-07,7,1,5N1AR2MM3DC6,17,35,401,2013,14,3,14,0,1,R,1,1987,5,0,1,1,2,2,105,1,0,0,995,0,0,0,30329,9,1,0,1,2,2,2,1,1,1,3,2,0,0,4,1,0,0,9,0,1,6,90,1,1,1,6,M,98,0,0,0,0,0,0,0,0,0,0,998,998,0,1,0,1,12,999,999,999,9999999,999,999,999,6,0,0,0,0,0,0,998,9.8,998,998,998,99.8,99.8,99.8,1592.81681648815,9,5
20256,26,181,1-26-2020-181-03,3,1,5UXWX7C31H0W,17,34,402,2017,14,3,14,0,1,F,1,1882,5,0,1,1,39,2,64,1,0,0,995,0,0,0,95831,3,9,0,1,3,3,2,2,1,1,3,0,0,0,1,2,0,0,9,0,1,3,52,2,9,1,2,D,28,0,0,0,0,0,0,0,0,0,0,265,265,0,0,0,1,12,999,999,999,9999999,999,999,999,6,0,0,0,0,0,0,995,9.8,998,998,998,99.8,99.8,99.8,453.245463176559,10,5
20256,26,181,1-26-2020-181-03,3,2,JTHBE1BL4E50,17,59,34,2014,4,1,4,0,1,B,9,1685,5,9999,9,0,998,2,64,1,0,0,995,0,0,0,95824,3,9,0,1,3,3,2,2,1,1,3,0,0,0,1,2,0,0,1,0,2,3,53,2,9,1,2,D,29,0,0,0,0,0,0,0,0,0,0,265,265,0,0,0,1,0,999,999,999,9999999,999,999,999,9,0,99,99,0,0,0,995,9.8,998,998,998,99.8,99.8,99.8,453.245463176559,10,5
20256,26,181,1-26-2020-181-03,3,3,19UUA66266A0,17,54,35,2006,4,1,3,0,1,B,9,1585,5,9999,9,0,998,2,64,1,0,0,995,0,0,0,95823,9,1,0,1,3,3,2,2,1,1,3,0,0,0,1,2,0,0,1,0,7,3,53,1,1,1,6,M,98,0,0,0,0,0,0,0,0,0,0,265,265,0,0,0,2,0,999,999,999,9999999,999,999,999,9,0,0,0,0,0,0,995,9.8,998,998,998,99.8,99.8,99.8,453.245463176559,10,5
20257,26,182,1-26-2020-182-03,3,1,1GCHC29U51E3,17,20,481,2001,34,5,30,0,1,F,1,2396,5,0,1,1,27,2,64,1,0,0,995,0,0,0,95624,3,9,2,1,4,2,2,1,1,1,3,1,0,0,1,1,1,2,3,0,1,2,17,2,9,1,4,K,83,0,0,0,0,0,0,0,0,0,0,355,260,0,1,0,1,3,7,-7,-1,6469,998,-46,8,0,4,0,0,0,0,0,995,9.8,998,998,998,99.8,99.8,99.8,453.245463176559,10,5
20257,26,182,1-26-2020-182-03,3,2,KNDJP3A54J76,17,63,37,2018,6,1,2,0,1,L,1,1287,5,0,1,1,20,2,0,1,0,0,995,0,0,0,95841,1,9,2,1,2,2,2,1,3,1,1,0,0,0,1,1,1,2,9,0,11,4,66,99,9,1,4,K,82,0,0,0,0,0,0,0,0,0,0,260,355,0,0,0,1,3,13,-2,13,17296,998,127,13,0,4,0,0,0,4,0,995,9.8,998,998,998,99.8,99.8,99.8,453.245463176559,10,5
20258,26,183,1-26-2020-183-02,2,1,MAJ6S3GL6KC2,17,12,403,2019,14,3,14,0,1,F,3,1370,5,9999,9,4,29,2,56,1,1,1,142,2,0,1,95825,1,9,0,4,4,1,2,1,1,1,0,3,0,0,3,1,0,0,9,1,1,2,13,99,1,4,1,A,1,0,0,0,0,0,0,0,0,0,0,998,998,0,1,1,1,12,999,999,999,9999999,999,999,999,8,0,3,22,1,3,0,998,0.0,50,57,120,17.3,1.5,17.4,24.5416826327623,10,5