CASEID,PSU,CASENO,CASENUMBER,CATEGORY,VEHNO,VIN,VINLENGTH,MAKE,MODEL,MODELYR,BODYTYPE,BODYCAT,VEHCLASS,SPECUSE,TRANSTAT,DAMPLANE,DAMSEV,CURBWT,CURBSRC,CARGOWT,CARGOSRC,INSPTYPE,INSPLAG,TOWED,SPEEDLIMIT,DRPRESENT,PARALCOHOL,ALCTEST,ALCTESTRESULT,ALCTESTSRC,PARDRUG,DRUGTEST,ZIP,RACE,ETHNICITY,RELTOJUNCT,TRAFFLOW,RDLANES,INITLANE,SURFTYPE,SURFCOND,ALIGNMENT,PROFILE,LINERIGHT,LINELEFT,RUMBINIT,RUMBROAD,LIGHTCOND,WEATHER,TRAFDEV,TRAFFUNCT,DISTRACT,PREFHE,PREMOVE,CRITCAT,CRITEVENT,MANEUVER,PRESTAB,PRELOC,CRASHCAT,CRASHCONF,CRASHTYPE,ROLLTYPE,ROLLTURN,ROLLINTRPT,ROLLPREMAN,ROLLINITYP,ROLLINLOC,ROLLOBJ,ROLLTRIP,ROLLDIR,ROLLDIST,DVANGTHIS,DVANGOTH,TOWHITCH,TRAJDOC,TREEPOLE,DVEVENT,DVBASIS,DVTOTAL,DVLONG,DVLAT,DVENERGY,DVSPEED,DVMOMENT,DVBES,DVEST,DVCONF,VAIS,VISS,VINJURED,VTREAT,INITOBJCLASS,HEADANGLECAT,SHLDRWIDTH,STRKLENGTH,STRKWIDTH,STRKHEIGHT,EDGEDISTX,EDGEDISTY,EDGEDISTZ,CASEWGT,PSUSTRAT,VERSION
20259,26,184,1-26-2020-184-05,5,1,JTDKN3DP1C30,17,49,46,2012,5,1,4,0,1,F,3,1485,5,0,1,1,28,2,72,1,0,1,0,2,0,2,95747,1,9,2,1,4,1,2,1,1,1,0,3,0,0,1,8,1,2,9,1,1,2,13,1,1,4,1,A,1,0,0,0,0,0,0,0,0,0,0,998,998,0,1,1,2,1,100,-100,0,594610,998,-7,100,0,1,2,5,0,3,0,998,2.2,12,17,120,2.8,0.0,2.8,41.7308305595887,10,5
20260,15,128,1-15-2020-128-06,6,1,1C4BJWDG4DL5,17,2,404,2013,14,3,14,0,1,F,9,1940,5,9999,9,0,998,5,48,1,8,9,998,8,7,9,11735,9,9,0,4,2,1,2,3,1,1,1,2,0,0,3,4,0,0,9,1,1,2,10,99,1,2,3,G,50,0,0,0,0,0,0,0,0,0,0,175,0,0,0,0,1,0,999,999,999,9999999,999,999,999,9,0,95,95,95,95,0,995,9.8,998,998,998,99.8,99.8,99.8,214.129284180653,1,5
20260,15,128,1-15-2020-128-06,6,2,JTMRFREV4FD1,17,49,402,2015,14,3,14,0,1,F,9,1615,5,9999,9,0,998,2,48,1,8,9,998,8,7,9,11735,9,1,0,4,2,1,2,3,1,1,1,2,0,0,3,4,0,0,9,0,1,4,62,99,1,1,3,G,51,0,0,0,0,0,0,0,0,0,0,0,175,0,0,0,1,0,999,999,999,9999999,999,999,999,9,0,0,0,0,4,0,995,9.8,998,998,998,99.8,99.8,99.8,214.129284180653,1,5
20261,15,129,1-15-2020-129-01,1,1,1FMYU93105KA,17,12,402,2005,14,3,14,0,1,F,9,1496,5,9999,9,0,998,2,48,1,8,9,998,8,7,9,11758,9,9,0,4,2,1,2,1,2,1,1,2,0,0,3,1,0,0,9,1,14,2,12,99,1,4,1,B,6,0,0,0,0,0,0,0,0,0,0,998,998,0,0,2,1,0,999,999,999,9999999,999,999,999,9,0,9,97,0,1,0,998,1.3,58,58,120,20.0,1.0,20.0,17.3601016794599,1,5
20262,15,130,1-15-2020-130-03,3,1,999999999999,99,99,898,9999,78,8,78,0,1,L,9,,,,,,,5,89,1,8,9,998,8,7,9,99999,9,9,1,2,5,1,2,1,1,1,1,3,2,3,3,1,0,0,9,1,16,2,10,99,1,2,2,F,47,,,,,,,,,,,,,,,,,,,,,,,,,,,95,95,95,95,,,9.8,998,998,998,99.8,99.8,99.8,129.188749108285,1,5
20262,15,130,1-15-2020-130-03,3,2,1FDAF57F42EC,17,12,880,2002,67,8,60,0,1,F,9,,,,,,,5,89,1,8,9,998,8,7,9,12508,9,9,1,2,5,2,2,1,1,1,3,3,0,3,3,1,0,0,9,0,1,4,61,99,1,1,2,F,45,,,,,,,,,,,,,,,,,,,,,,,,,,,95,95,95,95,,,9.8,998,998,998,99.8,99.8,99.8,129.188749108285,1,5
20262,15,130,1-15-2020-130-03,3,3,YV4162UM6K21,17,51,403,2019,14,3,14,0,1,B,2,1682,5,9999,9,4,18,2,89,1,8,9,998,8,7,9,07079,9,9,1,2,5,3,2,1,1,1,3,3,0,3,3,1,0,0,9,0,1,3,53,99,1,1,6,M,98,0,0,0,0,0,0,0,0,0,0,260,255,0,0,0,2,5,999,999,999,9999999,999,999,999,7,0,99,99,0,8,0,995,9.8,998,998,998,99.8,99.8,99.8,129.188749108285,1,5
20263,20,94,1-20-2020-094-03,3,1,2T1FF28P51C4,17,49,44,2001,1,1,3,0,1,R,2,1580,5,9999,9,0,998,2,56,1,0,0,995,0,0,0,95012,9,1,2,5,5,3,2,1,1,1,4,4,0,0,5,1,0,0,1,0,11,2,15,1,1,2,4,J,68,0,0,0,0,0,0,0,0,0,0,240,115,0,0,0,1,3,37,-23,-28,130418,998,70,40,0,4,99,99,0,99,0,995,9.8,998,998,998,99.8,99.8,99.8,1046.62754289905,11,5
20263,20,94,1-20-2020-094-03,3,2,1G6AX5SS8H01,17,19,18,2017,4,1,5,0,1,F,2,1763,5,0,1,1,14,2,56,1,0,0,995,0,0,0,93908,1,9,2,5,5,1,2,1,1,1,0,3,0,0,5,1,0,0,1,0,1,4,62,1,1,1,4,J,69,0,0,0,0,0,0,0,0,0,0,115,240,0,0,0,1,3,33,-32,6,55982,998,32,27,0,4,99,99,0,99,0,995,9.8,998,998,998,99.8,99.8,99.8,1046.62754289905,11,5
20265,30,171,1-30-2020-171-02,2,1,KNAGM4AD8G50,17,63,34,2016,4,1,4,0,1,F,9,1630,5,9999,9,0,998,2,64,1,0,0,995,0,0,0,85304,9,9,2,1,5,4,2,1,1,1,3,1,0,0,3,8,1,2,9,0,1,3,51,99,1,1,2,D,24,0,0,0,0,0,0,0,0,0,0,270,270,0,0,0,1,0,999,999,999,9999999,999,999,999,9,0,9,97,0,8,0,995,9.8,998,998,998,99.8,99.8,99.8,31.2937465727445,10,5
20265,30,171,1-30-2020-171-02,2,2,5NPD84LF6HH1,17,55,35,2017,4,1,3,0,1,B,9,1275,5,9999,9,0,998,2,64,1,0,0,995,0,0,0,85029,9,9,2,1,5,4,2,1,1,1,3,1,0,0,3,8,1,2,9,0,1,3,53,99,1,1,2,D,25,0,0,0,0,0,0,0,0,0,0,270,270,0,0,0,1,0,999,999,999,9999999,999,999,999,9,0,9,97,0,8,0,995,9.8,998,998,998,99.8,99.8,99.8,31.2937465727445,10,5
20266,30,172,1-30-2020-172-02,2,1,5FNYF6H90HB0,17,37,421,2017,15,3,15,0,1,R,1,1930,5,9999,9,4,143,2,72,1,1,8,997,8,0,0,85260,9,9,2,1,4,4,2,1,1,1,1,0,0,0,1,1,1,2,9,0,11,2,15,99,1,1,4,J,68,0,0,0,0,0,0,0,0,0,0,245,125,0,0,0,1,12,999,999,999,9999999,999,999,999,6,0,9,97,0,8,0,995,9.8,998,998,998,99.8,99.8,99.8,32.1298437494082,10,5
20266,30,172,1-30-2020-172-02,2,2,5XYPK4A50GG0,17,63,402,2016,14,3,14,0,1,F,1,1800,5,9999,9,4,143,2,72,1,0,0,995,0,0,0,85259,9,9,2,1,4,3,2,1,1,1,3,1,0,0,1,1,1,2,1,0,1,4,62,2,1,1,4,J,69,0,0,0,0,0,0,0,0,0,0,125,245,0,0,0,1,12,999,999,999,9999999,999,999,999,6,0,9,97,0,8,0,995,9.8,998,998,998,99.8,99.8,99.8,32.1298437494082,10,5
20268,21,167,1-21-2020-167-01,1,1,19UUA66265A0,17,54,35,2005,4,1,3,0,1,T,3,1623,5,9999,9,5,32,2,113,1,9,1,127,3,9,1,92571,5,9,0,1,2,2,2,1,1,9,3,2,1,3,2,1,0,0,9,1,1,1,9,99,3,4,1,A,2,1,10,1,2,1,4,61,1,2,90,997,997,0,0,0,1,6,999,999,999,9999999,999,999,999,8,0,4,29,1,1,3,997,3.3,999,999,999,68.0,15.9,70.0,31.5795971995564,11,5
20269,21,168,1-21-2020-168-02,2,1,2C4RC1BG3GR1,17,6,441,2016,20,4,20,0,1,L,2,2115,5,0,1,1,38,2,113,1,0,0,995,0,0,1,85629,1,9,0,1,2,1,2,1,1,9,1,3,2,3,1,1,0,0,3,1,1,2,13,1,2,4,1,A,1,1,8,9,2,1,4,61,1,2,62,997,997,0,0,0,2,6,999,999,999,9999999,999,999,999,7,0,2,9,0,4,3,997,3.3,999,999,999,1.2,0.6,1.3,34.881400640758,11,5
20270,21,169,1-21-2020-169-02,2,1,1HGCV1F14JA2,17,37,32,2018,4,1,4,0,1,F,2,1433,5,9999,9,5,30,2,105,1,0,1,264,2,0,1,92881,1,9,1,2,5,1,2,1,1,9,1,3,0,0,1,1,0,0,9,0,1,3,51,7,1,1,2,D,24,0,0,0,0,0,0,0,0,0,0,998,998,0,0,0,2,12,999,999,999,9999999,999,999,999,7,0,5,42,1,1,0,998,0.0,999,999,999,0.0,0.0,0.0,19.0549771708371,11,5
20270,21,169,1-21-2020-169-02,2,2,5FNRL18782B0,17,37,441,2002,20,4,20,0,1,B,9,1980,5,9999,9,0,998,5,105,1,0,0,995,0,0,0,92399,9,9,1,2,5,1,2,1,1,9,1,3,0,0,1,1,0,0,9,0,1,3,53,1,1,1,2,D,25,0,0,0,0,0,0,0,0,0,0,235,205,0,0,0,1,0,999,999,999,9999999,999,999,999,9,0,95,95,95,95,0,995,9.8,998,998,998,99.8,99.8,99.8,19.0549771708371,11,5
20271,21,170,1-21-2020-170-05,5,1,5XXGM4A79DG2,17,63,34,2013,4,1,4,0,1,T,2,1454,5,0,1,1,43,2,105,1,0,9,998,8,0,9,10467,2,9,0,4,2,1,2,1,1,9,1,4,2,3,2,1,0,0,1,1,1,1,1,8,3,4,1,A,2,1,6,2,2,1,4,61,1,2,34,997,997,0,0,0,2,6,999,999,999,9999999,999,999,999,7,0,9,97,0,8,3,997,3.3,999,999,999,47.1,9.1,48.0,35.4219307683239,11,5
20272,16,126,1-16-2020-126-10,10,1,3FAHP07Z58R1,17,12,23,2008,4,1,3,0,1,R,9,1429,5,9999,9,0,998,2,89,1,0,0,995,0,0,0,45211,9,9,1,2,4,1,2,1,1,1,1,3,2,3,1,1,0,0,1,1,1,4,60,8,1,4,1,A,3,0,0,0,0,0,0,0,0,0,0,998,998,0,0,0,1,0,999,999,999,9999999,999,999,999,9,0,99,99,0,99,0,998,4.0,999,999,999,99.9,99.9,99.9,10493.6383295603,5,5
20275,22,146,1-22-2020-146-09,9,1,1GKEK13R2XJ7,17,23,431,1999,16,3,16,0,1,L,9,2419,5,9999,9,0,998,2,40,1,0,0,995,0,0,0,99125,9,9,0,4,2,1,1,1,1,1,0,0,0,0,2,1,8,2,9,0,1,8,98,99,1,1,1,C,15,0,0,0,0,0,0,0,0,0,0,998,998,0,0,0,1,0,999,999,999,9999999,999,999,999,9,0,1,2,0,4,0,998,9.8,998,998,998,99.8,99.8,99.8,65.2543183112197,12,5
20276,30,173,1-30-2020-173-03,3,1,4T1BE32K86U1,17,49,40,2006,4,1,3,0,1,R,2,1435,5,9999,9,0,998,2,64,1,0,0,995,0,0,0,85032,9,9,2,1,5,5,2,1,1,1,1,0,0,0,1,1,0,0,9,0,11,2,15,99,1,1,4,J,68,0,0,0,0,0,0,0,0,0,0,300,180,0,0,0,1,3,32,-24,-20,108070,998,79,38,0,4,0,0,0,0,0,995,9.8,998,998,998,99.8,99.8,99.8,574.374846030261,10,5
20276,30,173,1-30-2020-173-03,3,2,5NPD84LF3LH5,17,55,35,2020,4,1,3,0,1,F,2,1280,5,0,1,1,37,2,64,1,0,0,995,0,0,0,85024,9,9,2,1,5,2,2,1,1,1,1,3,0,0,1,1,0,0,9,0,1,4,62,99,1,1,4,J,69,0,0,0,0,0,0,0,0,0,0,180,300,0,0,0,1,3,34,-32,12,46583,998,69,26,0,4,99,99,0,99,0,995,9.8,998,998,998,99.8,99.8,99.8,574.374846030261,10,5
20277,17,130,1-17-2020-130-04,4,1,JM1BPBDM4L11,17,41,51,2020,4,1,3,0,1,F,1,1479,5,0,1,1,16,2,72,1,9,0,995,0,9,0,61265,9,9,2,1,6,1,1,1,1,1,1,1,0,0,3,1,1,2,9,1,10,2,12,4,2,4,1,B,7,0,0,0,0,0,0,0,0,0,0,998,998,0,0,0,1,12,999,999,999,9999999,999,999,999,6,0,0,0,0,0,0,998,0.0,999,999,999,0.0,0.0,0.0,543.763682934634,4,5
20278,77,111,1-77-2020-111-03,3,1,4S3BNAS6XK30,17,48,34,2019,4,1,3,0,1,F,1,1543,5,0,1,1,4,2,89,1,0,0,995,0,0,0,22952,2,2,1,1,3,2,2,1,2,9,3,3,0,1,2,1,0,0,1,0,14,6,87,3,1,1,1,C,13,0,0,0,0,0,0,0,0,0,0,998,998,0,0,0,1,10,999,999,999,9999999,999,-14,15,2,0,0,0,0,0,0,998,9.8,998,998,998,99.8,99.8,99.8,812.181236958681,9,5
20279,54,47,1-54-2020-047-07,7,1,1FMYU03193KA,17,12,402,2003,14,3,14,0,1,F,1,1357,5,0,1,1,7,2,48,1,0,0,995,0,0,0,35582,1,9,3,4,2,1,4,1,1,1,0,0,0,0,1,1,0,0,9,0,1,2,17,99,1,1,5,L,88,0,0,0,0,0,0,0,0,0,0,210,130,0,0,0,1,1,15,-15,-3,25613,998,21,21,0,4,0,0,0,0,0,995,9.8,998,998,998,99.8,99.8,99.8,623.019849380414,9,5
20279,54,47,1-54-2020-047-07,7,2,KMHDH4AE5FU3,17,55,35,2015,4,1,3,0,1,L,1,1305,5,0,1,1,7,2,48,1,0,0,995,0,0,0,35582,1,9,3,4,2,1,2,1,1,1,1,2,0,0,1,1,0,0,9,0,1,4,71,99,1,1,5,L,89,0,0,0,0,0,0,0,0,0,0,130,210,0,0,0,1,1,15,0,15,12829,998,-143,11,0,1,0,0,0,0,0,995,9.8,998,998,998,99.8,99.8,99.8,623.019849380414,9,5
20280,10,197,1-10-2020-197-01,1,1,1J4GL48K62W3,17,2,405,2002,14,3,14,0,1,R,3,1867,5,0,1,5,73,2,56,1,1,1,0,1,1,2,45406,1,9,0,4,2,1,2,2,1,4,1,2,0,0,2,2,0,0,9,1,1,1,6,8,4,4,1,B,7,0,0,0,0,0,0,0,0,0,0,998,998,0,0,7,1,10,999,999,999,9999999,999,999,999,8,0,6,75,1,1,0,998,0.3,999,999,120,15.0,2.0,15.0,54.2578785351681,4,5
20281,10,198,1-10-2020-198-03,3,1,3C4PDCEG2HT5,17,7,27,2017,6,1,4,0,1,F,9,1834,5,9999,9,0,998,5,56,1,0,0,995,0,0,0,45381,9,9,2,4,2,1,2,2,1,1,0,0,0,0,1,2,1,2,3,0,11,2,15,99,1,1,4,K,76,0,0,0,0,0,0,0,0,0,0,125,90,0,0,0,1,0,999,999,999,9999999,999,999,999,9,0,95,95,95,95,0,995,9.8,998,998,998,99.8,99.8,99.8,733.719498192067,4,5
20281,10,198,1-10-2020-198-03,3,2,1FTYE1ZM8HKB,17,12,462,2017,21,4,21,0,1,L,9,2268,5,9999,9,0,998,3,56,1,0,0,995,0,0,0,45320,9,9,2,4,2,1,2,2,1,1,0,2,0,0,1,2,1,2,1,0,1,4,65,99,1,1,4,K,77,0,0,0,0,0,0,0,0,0,0,90,125,0,0,0,1,0,999,999,999,9999999,999,999,999,9,0,99,99,0,0,0,995,9.8,998,998,998,99.8,99.8,99.8,733.719498192067,4,5
20283,17,131,1-17-2020-131-04,4,1,1FTEW1E59JKF,17,12,481,2018,34,5,31,0,1,F,1,2130,5,0,1,3,25,2,89,1,9,0,995,0,9,0,61241,9,9,0,4,2,1,2,4,3,1,1,2,0,0,1,4,0,0,1,1,14,1,6,4,8,4,1,B,7,0,0,0,0,0,0,0,0,0,0,998,998,0,0,0,1,12,999,999,999,9999999,999,999,999,6,0,0,0,0,0,0,998,2.0,120,36,67,0.0,0.0,0.0,1613.59614671987,4,5
20286,48,81,1-48-2020-081-06,6,1,1FADP3F2XDL2,17,12,37,2013,4,1,3,0,1,F,1,1340,5,0,1,1,10,2,40,1,0,0,995,0,0,0,84403,9,9,2,4,2,1,2,1,1,1,0,0,0,0,1,8,2,2,9,0,11,2,15,2,1,1,4,K,82,0,0,0,0,0,0,0,0,0,0,270,10,0,0,0,1,1,19,-19,3,20822,998,35,19,0,4,9,97,0,99,0,995,9.8,998,998,998,99.8,99.8,99.8,311.571869941148,12,5
20286,48,81,1-48-2020-081-06,6,2,1GCHK232X4F1,17,20,481,2004,34,5,31,0,1,R,1,2668,5,0,1,1,12,2,80,1,0,0,995,0,0,0,84067,1,2,2,5,5,1,2,1,1,1,1,3,0,0,1,8,0,0,1,0,1,4,67,1,1,1,4,K,83,0,0,0,0,0,0,0,0,0,0,10,270,0,0,0,1,1,9,-3,-9,13832,998,103,10,0,4,1,1,0,5,0,995,9.8,998,998,998,99.8,99.8,99.8,311.571869941148,12,5
20288,24,194,1-24-2020-194-04,4,1,2T1BURHE3JC0,17,49,32,2018,4,1,3,0,1,F,1,1265,5,0,1,1,17,2,80,1,0,0,995,0,0,0,08406,1,2,4,2,3,1,2,1,1,1,1,3,0,0,3,1,0,0,1,0,1,3,51,3,1,1,2,D,24,0,0,0,0,0,0,0,0,0,0,130,155,0,0,0,1,5,999,999,999,9999999,999,999,18,2,0,0,0,0,0,0,995,9.8,998,998,998,99.8,99.8,99.8,682.473154660584,1,5
20288,24,194,1-24-2020-194-04,4,2,1HTMMAAM6CJ6,17,84,884,2012,62,8,60,0,1,B,9,,,,,,,5,80,1,0,0,995,0,0,0,08401,9,9,4,2,3,1,2,1,1,1,0,3,0,0,3,1,0,0,9,0,16,3,53,1,1,1,2,D,25,,,,,,,,,,,,,,,,,,,,,,,,,,,95,95,95,95,,,9.8,998,998,998,99.8,99.8,99.8,682.473154660584,1,5
20289,24,195,1-24-2020-195-06,6,1,2G1WC58R2793,17,20,2,2007,4,1,4,0,1,F,9,1630,5,9999,9,0,998,2,40,1,0,0,995,0,0,0,08312,9,9,2,4,2,1,2,1,1,1,0,2,0,0,1,1,1,2,9,0,1,2,17,99,1,1,5,L,88,0,0,0,0,0,0,0,0,0,0,60,330,0,0,0,1,0,999,999,999,9999999,999,999,999,9,0,99,99,0,99,0,995,0.0,999,999,999,99.9,99.9,99.9,330.370412264633,1,5
20289,24,195,1-24-2020-195-06,6,2,KNDJT2A54D74,17,63,37,2013,6,1,2,0,1,L,1,1220,5,0,1,1,18,2,40,1,0,0,995,0,0,0,08401,2,2,2,3,2,1,2,1,1,9,0,1,0,0,1,1,1,2,9,0,1,4,66,99,1,1,5,L,89,0,0,0,0,0,0,0,0,0,0,330,60,0,0,0,1,12,999,999,999,9999999,999,999,999,6,0,1,2,0,4,0,995,0.0,999,999,999,0.0,0.0,0.0,330.370412264633,1,5
20293,52,205,1-52-2020-205-09,9,1,5N1ED28Y31C5,17,35,402,2001,14,3,14,0,1,L,9,1874,5,9999,9,0,998,2,40,1,0,0,995,0,0,0,59105,9,9,2,4,2,1,2,2,1,1,0,0,0,0,1,8,2,2,9,0,10,2,16,99,1,1,4,K,78,0,0,0,0,0,0,0,0,0,0,290,350,0,0,0,1,0,999,999,999,9999999,999,999,999,9,0,0,0,0,0,0,995,9.8,998,998,998,99.8,99.8,99.8,324.836574417776,12,5
20293,52,205,1-52-2020-205-09,9,2,1FMYU70E31UB,17,12,401,2001,14,3,14,0,1,F,2,1746,5,0,1,1,20,2,56,1,0,0,995,0,0,0,59105,9,9,2,5,5,1,2,1,1,1,0,3,0,0,1,8,0,0,9,0,1,4,65,99,1,1,4,K,79,0,0,0,0,0,0,0,0,0,0,350,290,0,0,0,1,12,999,999,999,9999999,999,999,999,7,0,99,99,0,8,0,995,9.8,998,998,998,99.8,99.8,99.8,324.836574417776,12,5
20294,25,137,1-25-2020-137-01,1,1,1FTNF21L92EC,17,12,481,2002,34,5,30,0,1,R,3,2657,5,0,1,5,25,2,64,1,0,1,0,3,7,1,04038,1,9,0,4,2,1,2,2,2,1,0,0,0,0,1,8,0,0,9,1,14,1,8,99,4,4,1,B,7,0,0,0,0,0,0,0,0,0,0,998,998,0,0,1,2,12,999,999,999,9999999,999,999,999,8,0,5,34,1,1,0,998,0.0,999,999,999,0.3,1.2,1.3,96.5205480797818,2,5
20296,28,98,1-28-2020-098-06,6,1,JM3TB38V8801,17,41,54,2008,6,1,4,0,1,F,2,1956,5,0,1,1,21,2,64,1,0,0,995,0,0,0,16901,9,9,2,4,2,1,2,3,1,4,0,2,0,0,1,4,2,2,1,1,1,1,5,99,2,2,3,H,54,0,0,0,0,0,0,0,0,0,0,320,100,0,0,0,1,3,33,-31,11,165369,998,75,41,0,4,9,97,0,0,0,995,9.8,998,998,998,99.8,99.8,99.8,80.5809904669415,3,5
20296,28,98,1-28-2020-098-06,6,2,1G1JC5SH7E41,17,20,28,2014,4,1,1,0,1,F,3,1245,5,9999,9,4,35,2,72,1,0,1,0,2,0,0,16947,1,2,2,4,3,1,2,3,1,2,1,2,0,0,1,4,0,0,1,0,1,4,67,99,1,1,3,H,55,0,0,0,0,0,0,0,0,0,0,100,320,0,0,0,1,3,52,-49,-18,111668,998,-63,42,0,4,3,19,1,3,0,995,9.8,998,998,998,99.8,99.8,99.8,80.5809904669415,3,5
20298,23,73,1-23-2020-073-01,1,1,JA3AJ26E47U0,17,52,46,2007,4,1,2,0,1,F,3,1335,5,0,1,1,23,2,72,1,0,8,997,8,0,3,43229,9,9,0,1,2,1,2,1,3,1,1,3,0,0,1,8,0,0,9,1,14,2,13,99,2,4,1,A,1,0,0,0,0,0,0,0,0,0,0,998,998,0,0,0,1,1,76,-76,0,332285,998,0,76,0,2,2,5,0,1,0,998,3.2,80,40,70,79.4,12.5,81.3,107.1226930888,5,5
20299,16,127,1-16-2020-127-01,1,1,5FNRL38287B0,17,37,441,2007,20,4,20,0,1,F,3,1989,5,0,1,1,15,2,40,1,1,1,166,1,0,0,45205,9,9,2,4,4,2,2,2,2,1,3,2,0,0,3,2,0,0,1,1,14,1,6,99,2,2,3,G,50,0,0,0,0,0,0,0,0,0,0,245,75,0,0,0,1,1,47,-46,8,255460,998,8,55,0,1,99,99,0,8,0,995,9.8,998,998,998,99.8,99.8,99.8,96.5185960824772,5,5
20299,16,127,1-16-2020-127-01,1,2,1G1JC5248X72,17,20,16,1999,4,1,2,0,1,F,3,1193,5,0,1,1,15,2,40,1,0,0,995,0,0,0,45211,9,9,2,4,4,2,2,2,3,1,3,2,0,0,3,2,0,0,9,0,14,4,62,99,1,1,3,G,51,0,0,0,0,0,0,0,0,0,0,75,245,0,0,0,1,1,75,-71,26,240402,998,34,66,0,1,9,97,0,1,0,995,9.8,998,998,998,99.8,99.8,99.8,96.5185960824772,5,5
20300,13,122,1-13-2020-122-07,7,1,4A3AB36F39E0,17,52,34,2009,4,1,3,0,1,R,2,1520,5,9999,9,0,998,5,72,1,8,0,995,0,7,0,76063,9,9,2,1,4,3,1,1,2,1,3,1,0,0,1,1,1,2,9,0,14,2,17,99,1,1,5,L,87,0,0,0,0,0,0,0,0,0,0,250,160,0,0,0,1,3,25,-16,-19,72995,998,84,30,0,4,95,95,95,95,0,995,9.8,998,998,998,99.8,99.8,99.8,12246.2913005751,7,5
20300,13,122,1-13-2020-122-07,7,2,1FA6P8CF4F53,17,12,3,2015,2,1,3,0,1,F,1,1681,5,0,1,1,18,2,64,1,8,0,995,0,7,0,76018,9,1,2,1,3,1,1,1,1,1,0,3,0,0,1,1,1,2,9,0,4,4,66,1,1,1,5,L,86,0,0,0,0,0,0,0,0,0,0,160,250,0,0,0,1,3,21,-16,14,31464,998,128,16,0,4,0,0,0,0,0,995,9.8,998,998,998,99.8,99.8,99.8,12246.2913005751,7,5
20301,32,196,1-32-2020-196-02,2,1,1C4NJPBA4GD5,17,2,407,2016,14,3,14,0,1,F,3,1423,5,0,1,1,15,2,113,1,0,1,0,2,0,2,75048,9,1,0,2,4,2,1,1,1,9,2,3,0,0,3,1,0,0,9,1,15,3,51,2,1,2,2,D,32,0,0,0,0,0,0,0,0,0,0,270,260,0,0,0,1,3,63,-62,-11,184088,998,-13,55,0,4,3,17,1,3,0,995,9.8,998,998,998,99.8,99.8,99.8,80.0873459651377,7,5
20301,32,196,1-32-2020-196-02,2,2,5GTDN13E2781,17,3,431,2007,16,3,16,0,1,B,3,2132,5,9999,9,0,998,2,113,1,0,0,995,0,0,0,75134,9,1,0,2,4,1,1,1,1,9,1,3,0,0,3,1,0,0,9,0,1,4,60,99,1,1,2,D,32,1,1,2,5,1,1,61,1,1,999,260,270,0,0,0,1,3,43,41,15,266899,998,-82,48,0,4,99,99,0,0,3,995,9.8,998,998,998,99.8,99.8,99.8,80.0873459651377,7,5
20302,32,197,1-32-2020-197-05,5,1,3C4PDCAB2FT5,17,7,27,2015,6,1,4,0,1,F,3,1735,5,0,1,1,18,2,72,1,0,0,995,0,0,0,75034,1,2,2,1,4,1,1,1,1,2,1,3,0,0,1,8,1,2,9,0,1,4,62,3,1,1,4,J,69,0,0,0,0,0,0,0,0,0,0,0,130,0,0,0,1,1,44,-44,8,236666,998,35,57,0,4,0,0,0,0,0,995,9.8,998,998,998,99.8,99.8,99.8,212.968678106549,7,5
20302,32,197,1-32-2020-197-05,5,2,5N1AR2MN0EC6,17,35,401,2014,14,3,14,0,1,R,2,1923,5,0,1,1,28,2,72,1,0,0,995,0,0,0,75243,3,9,2,1,4,4,1,1,1,1,1,0,0,0,1,8,1,2,9,0,11,2,15,2,1,1,4,J,68,0,0,0,0,0,0,0,0,0,0,130,0,0,0,0,1,1,38,-29,-24,30214,998,-33,19,0,4,9,97,0,8,0,995,9.8,998,998,998,99.8,99.8,99.8,212.968678106549,7,5
20304,66,89,1-66-2020-089-07,7,1,1G1AK15F8771,17,20,22,2007,2,1,2,0,1,L,2,1240,5,0,1,1,33,2,89,1,0,0,995,0,7,0,65705,9,9,2,4,2,1,1,2,2,1,1,2,0,0,1,2,2,2,2,0,11,2,15,1,1,1,4,K,82,0,0,0,0,0,0,0,0,0,0,140,260,0,0,0,1,1,38,-19,33,140613,998,-98,43,0,1,9,97,0,8,0,995,9.8,998,998,998,99.8,99.8,99.8,138.754407815887,6,5
20304,66,89,1-66-2020-089-07,7,2,KL1TG6DE2BB1,17,20,39,2011,5,1,1,0,1,F,3,1160,5,0,1,1,33,2,97,1,0,0,995,0,7,0,65605,9,9,2,4,3,2,2,2,1,1,1,2,1,1,1,2,0,0,9,0,1,4,67,2,1,1,4,K,83,0,0,0,0,0,0,0,0,0,0,260,140,0,0,0,1,1,40,-40,0,49484,998,0,32,0,1,0,0,0,0,0,995,9.8,998,998,998,99.8,99.8,99.8,138.754407815887,6,5
20305,66,90,1-66-2020-090-07,7,1,1FAHP2J80DG1,17,12,17,2013,4,1,4,0,1,R,1,1918,5,0,1,1,36,2,56,1,0,0,995,0,7,0,65605,9,9,2,4,2,1,2,2,1,1,0,0,0,0,3,2,2,2,9,0,1,4,66,7,1,1,5,L,87,0,0,0,0,0,0,0,0,0,0,180,95,0,0,0,1,12,999,999,999,9999999,999,999,6,1,0,99,99,0,99,0,995,9.8,998,998,998,99.8,99.8,99.8,138.754407815887,6,5